Workbook

Sheet DB
F1: =SUBTOTAL(9,F3:F1048576) -> 161912 | G1: =SUBTOTAL(9,G3:G1048576) -> 1209056 | H1: =SUBTOTAL(9,H3:H1048576) -> 1376934 | I1: =SUBTOTAL(9,I3:I1048576) -> 1.3344605e+10 | J1: =SUBTOTAL(9,J3:J1048576) -> 77902494000
A2: 순서 | B2: 0 | C2: 품번색상 | D2: 사이즈 | E2: 분류 | F2: 입고수량 | G2: 미입고수량 | H2: 기획수량 | I2: 원가 | J2: TAG가
A3: 1 | B3: =IF(C2=C3,B2,B2+1) -> 1 | C3: ELSSBE3801BK | D3: FRE | E3: M | F3: 500 | G3: 0 | H3: 500 | I3: 5010000 | J3: 22500000
A4: 2 | B4: =IF(C3=C4,B3,B3+1) -> 2 | C4: ELSSBE3801BL | D4: FRE | E4: M | F4: 500 | G4: 0 | H4: 500 | I4: 5010000 | J4: 22500000
A5: 3 | B5: =IF(C4=C5,B4,B4+1) -> 3 | C5: ELSSBE3802YE | D5: FRE | E5: M | F5: 500 | G5: 0 | H5: 500 | I5: 5010000 | J5: 22500000
A6: 4 | B6: =IF(C5=C6,B5,B5+1) -> 4 | C6: ELSSBE3803PK | D6: FRE | E6: M | F6: 500 | G6: 0 | H6: 500 | I6: 5010000 | J6: 22500000
A7: 5 | B7: =IF(C6=C7,B6,B6+1) -> 5 | F7: 2000 | G7: 0 | H7: 2000 | I7: 20040000 | J7: 90000000
A8: 6 | B8: =IF(C7=C8,B7,B7+1) -> 6 | C8: DAKBEE5301GY | D8: FRE | E8: B | F8: 0 | G8: 360 | H8: 360 | I8: 3436363.6 | J8: 12600000
A9: 7 | B9: =IF(C8=C9,B8,B8+1) -> 7 | C9: DAKBEE5302BK | D9: FRE | E9: B | F9: 0 | G9: 480 | H9: 480 | I9: 3796363.6 | J9: 13920000
A10: 8 | B10: =IF(C9=C10,B9,B9+1) -> 8 | C10: DAKBEE5302GY | D10: FRE | E10: B | F10: 0 | G10: 480 | H10: 480 | I10: 3796363.6 | J10: 13920000
A11: 9 | B11: =IF(C10=C11,B10,B10+1) -> 9 | C11: DAKTPE5303RE | D11: FRE | E11: B | F11: 0 | G11: 240 | H11: 240 | I11: 3861818.2 | J11: 14160000
A12: 10 | B12: =IF(C11=C12,B11,B11+1) -> 10 | C12: DAKBEE5304GY | D12: FRE | E12: B | F12: 0 | G12: 360 | H12: 360 | I12: 2454545.5 | J12: 9000000
A13: 11 | B13: =IF(C12=C13,B12,B12+1) -> 11 | C13: DAKBEE5004MT | D13: FRE | E13: B | F13: 0 | G13: 360 | H13: 360 | I13: 3829090.9 | J13: 14040000
A14: 12 | B14: =IF(C13=C14,B13,B13+1) -> 12 | C14: DAKBEE5004GR | D14: FRE | E14: B | F14: 0 | G14: 240 | H14: 240 | I14: 2552727.3 | J14: 9360000
A15: 13 | B15: =IF(C14=C15,B14,B14+1) -> 13 | C15: DAKEBE5305BK | D15: FRE | E15: B | F15: 0 | G15: 360 | H15: 360 | I15: 3829090.9 | J15: 14040000
A16: 14 | B16: =IF(C15=C16,B15,B15+1) -> 14 | C16: DAKEBE5305BG | D16: FRE | E16: B | F16: 0 | G16: 360 | H16: 360 | I16: 3829090.9 | J16: 14040000
A17: 15 | B17: =IF(C16=C17,B16,B16+1) -> 15 | C17: DAKBEE5306BW | D17: FRE | E17: B | F17: 0 | G17: 480 | H17: 480 | I17: 5105454.5 | J17: 18720000
A18: 16 | B18: =IF(C17=C18,B17,B17+1) -> 16 | C18: DAKBEE5306OR | D18: FRE | E18: B | F18: 0 | G18: 480 | H18: 480 | I18: 5105454.5 | J18: 18720000
A19: 17 | B19: =IF(C18=C19,B18,B18+1) -> 17 | C19: DAKBEE5307BU | D19: FRE | E19: B | F19: 0 | G19: 480 | H19: 480 | I19: 5105454.5 | J19: 18720000
... A24: 22 | B24: =IF(C23=C24,B23,B23+1) -> 22 | C24: DAKEBE5801OR | D24: FRE | E24: B | F24: 0 | G24: 120 | H24: 120 | I24: 1145454.5 | J24: 4200000
A25: 23 | B25: =IF(C24=C25,B24,B24+1) -> 23 | F25: 0 | G25: 5760 | H25: 5760 | I25: 60021818 | J25: 220080000
A26: 24 | B26: =IF(C25=C26,B25,B25+1) -> 24 | C26: ELSEDE5102BK | D26: FRE | E26: M | F26: 0 | G26: 500 | H26: 500 | I26: 4157605 | J26: 19500000
A27: 25 | B27: =IF(C26=C27,B26,B26+1) -> 25 | C27: ELSEDE5103GY | D27: FRE | E27: M | F27: 0 | G27: 500 | H27: 500 | I27: 4157605 | J27: 19500000
A28: 26 | B28: =IF(C27=C28,B27,B27+1) -> 26 | C28: ELSERE5104BK | D28: FRE | E28: M | F28: 0 | G28: 500 | H28: 500 | I28: 2592005 | J28: 14500000
A29: 27 | B29: =IF(C28=C29,B28,B28+1) -> 27 | C29: ELSERE5105GY | D29: FRE | E29: M | F29: 0 | G29: 500 | H29: 500 | I29: 2592005 | J29: 14500000
A30: 28 | B30: =IF(C29=C30,B29,B29+1) -> 28 | C30: ELSTPE5108BU | D30: FRE | E30: M | F30: 0 | G30: 1000 | H30: 1000 | I30: 8795510 | J30: 55000000
A31: 29 | B31: =IF(C30=C31,B30,B30+1) -> 29 | C31: ELSTPE5608BU | D31: FRE | E31: M | F31: 0 | G31: 1000 | H31: 1000 | I31: 8633510 | J31: 49000000
A32: 30 | B32: =IF(C31=C32,B31,B31+1) -> 30 | F32: 0 | G32: 4000 | H32: 4000 | I32: 30928240 | J32: 172000000
A33: 31 | B33: =IF(C32=C33,B32,B32+1) -> 31 | C33: JILBAE5022BG | D33: FRE | E33: M | F33: 0 | G33: 1000 | H33: 1000 | I33: 6186444 | J33: 39000000
A34: 32 | B34: =IF(C33=C34,B33,B33+1) -> 32 | C34: JILBAE5022PP | D34: FRE | E34: M | F34: 0 | G34: 1000 | H34: 1000 | I34: 6186444 | J34: 39000000
A35: 33 | B35: =IF(C34=C35,B34,B34+1) -> 33 | C35: JILEBE5036BK | D35: FRE | E35: M | F35: 0 | G35: 1500 | H35: 1500 | I35: 10197495 | J35: 64500000
A36: 34 | B36: =IF(C35=C36,B35,B35+1) -> 34 | C36: JILEBE5036GY | D36: FRE | E36: M | F36: 0 | G36: 1500 | H36: 1500 | I36: 10197495 | J36: 64500000
A37: 35 | B37: =IF(C36=C37,B36,B36+1) -> 35 | C37: JILEBE5036RE | D37: FRE | E37: M | F37: 0 | G37: 1000 | H37: 1000 | I37: 6798330 | J37: 43000000
A38: 36 | B38: =IF(C37=C38,B37,B37+1) -> 36 | C38: JILFAE5001GY | D38: FRE | E38: M | F38: 0 | G38: 800 | H38: 800 | I38: 6160560 | J38: 31200000
A39: 37 | B39: =IF(C38=C39,B38,B38+1) -> 37 | C39: JILTPE5021BK | D39: FRE | E39: M | F39: 0 | G39: 1000 | H39: 1000 | I39: 6752144 | J39: 65000000
A40: 38 | B40: =IF(C39=C40,B39,B39+1) -> 38 | C40: JILTPE5021RE | D40: FRE | E40: M | F40: 0 | G40: 1000 | H40: 1000 | I40: 6752144 | J40: 65000000
A41: 39 | B41: =IF(C40=C41,B40,B40+1) -> 39 | F41: 0 | G41: 8800 | H41: 8800 | I41: 59231056 | J41: 411200000
A42: 40 | B42: =IF(C41=C42,B41,B41+1) -> 40 | C42: JILBEE5042BK | D42: FRE | E42: M | F42: 0 | G42: 1000 | H42: 1000 | I42: 4783750 | J42: 39000000
A43: 41 | B43: =IF(C42=C43,B42,B42+1) -> 41 | C43: JILBEE5042KH | D43: FRE | E43: M | F43: 0 | G43: 1000 | H43: 1000 | I43: 4783750 | J43: 39000000
A44: 42 | B44: =IF(C43=C44,B43,B43+1) -> 42 | C44: JILBEE5071PK | D44: FRE | E44: M | F44: 0 | G44: 1500 | H44: 1500 | I44: 6710850 | J44: 58500000
A45: 43 | B45: =IF(C44=C45,B44,B44+1) -> 43 | C45: JILBEE5071RE | D45: FRE | E45: M | F45: 0 | G45: 1500 | H45: 1500 | I45: 6710850 | J45: 58500000
A46: 44 | B46: =IF(C45=C46,B45,B45+1) -> 44 | C46: JILEBE5041CL | D46: FRE | E46: M | F46: 0 | G46: 1000 | H46: 1000 | I46: 7216180 | J46: 45000000
A47: 45 | B47: =IF(C46=C47,B46,B46+1) -> 45 | C47: JILBEE5007GY | D47: FRE | E47: M | F47: 0 | G47: 2000 | H47: 2000 | I47: 9696240 | J47: 78000000
A48: 46 | B48: =IF(C47=C48,B47,B47+1) -> 46 | C48: JILBEE5007RE | D48: FRE | E48: M | F48: 0 | G48: 1500 | H48: 1500 | I48: 7272180 | J48: 58500000
A49: 47 | B49: =IF(C48=C49,B48,B48+1) -> 47 | C49: JILBEE5008NY | D49: FRE | E49: M | F49: 0 | G49: 1000 | H49: 1000 | I49: 3848200 | J49: 39000000
A50: 48 | B50: =IF(C49=C50,B49,B49+1) -> 48 | C50: JILVBE5150GY | D50: FRE | E50: M | F50: 0 | G50: 1000 | H50: 1000 | I50: 5200542 | J50: 43000000
A51: 49 | B51: =IF(C50=C51,B50,B50+1) -> 49 | C51: JILEDE5147BK | D51: FRE | E51: M | F51: 0 | G51: 500 | H51: 500 | I51: 2470505 | J51: 14500000
A52: 50 | B52: =IF(C51=C52,B51,B51+1) -> 50 | C52: JILEDE5147CL | D52: FRE | E52: M | F52: 0 | G52: 500 | H52: 500 | I52: 2470505 | J52: 14500000
A53: 51 | B53: =IF(C52=C53,B52,B52+1) -> 51 | F53: 0 | G53: 12500 | H53: 12500 | I53: 61163552 | J53: 487500000
A54: 52 | B54: =IF(C53=C54,B53,B53+1) -> 52 | C54: JILFAE5104BK | D54: FRE | E54: M | F54: 0 | G54: 500 | H54: 500 | I54: 3657535 | J54: 29500000
A55: 53 | B55: =IF(C54=C55,B54,B54+1) -> 53 | C55: JILFAE5604BK | D55: FRE | E55: M | F55: 0 | G55: 200 | H55: 200 | I55: 1451866 | J55: 9800000
A56: 54 | B56: =IF(C55=C56,B55,B55+1) -> 54 | F56: 0 | G56: 700 | H56: 700 | I56: 5109401 | J56: 39300000
A57: 55 | B57: =IF(C56=C57,B56,B56+1) -> 55 | C57: JOIEBE5106BW | D57: FRE | E57: M | F57: 0 | G57: 500 | H57: 500 | I57: 4095235 | J57: 29500000
A58: 56 | B58: =IF(C57=C58,B57,B57+1) -> 56 | C58: JOIEBE5111GY | D58: FRE | E58: M | F58: 0 | G58: 500 | H58: 500 | I58: 4349395 | J58: 27500000
A59: 57 | B59: =IF(C58=C59,B58,B58+1) -> 57 | C59: JOIEBE5604YE | D59: FRE | E59: M | F59: 0 | G59: 500 | H59: 500 | I59: 3752200 | J59: 26500000
A60: 58 | B60: =IF(C59=C60,B59,B59+1) -> 58 | C60: JOIEBE5606BW | D60: FRE | E60: M | F60: 0 | G60: 500 | H60: 500 | I60: 3970495 | J60: 26500000
A61: 59 | B61: =IF(C60=C61,B60,B60+1) -> 59 | F61: 0 | G61: 2000 | H61: 2000 | I61: 16167325 | J61: 110000000
A62: 60 | B62: =IF(C61=C62,B61,B61+1) -> 60 | C62: BROERE5105RE | D62: FRE | E62: M | F62: 0 | G62: 500 | H62: 500 | I62: 4970570 | J62: 29500000
A63: 61 | B63: =IF(C62=C63,B62,B62+1) -> 61 | C63: BROERE5106OR | D63: FRE | E63: M | F63: 0 | G63: 500 | H63: 500 | I63: 4699330 | J63: 29500000
A64: 62 | B64: =IF(C63=C64,B63,B63+1) -> 62 | C64: BROERE5107PK | D64: FRE | E64: M | F64: 0 | G64: 500 | H64: 500 | I64: 4919660 | J64: 29500000
A65: 63 | B65: =IF(C64=C65,B64,B64+1) -> 63 | C65: BROMIE5111KH | D65: FRE | E65: M | F65: 0 | G65: 800 | H65: 800 | I65: 6529064 | J65: 47200000
A66: 64 | B66: =IF(C65=C66,B65,B65+1) -> 64 | C66: BROERE5117KH | D66: FRE | E66: M | F66: 0 | G66: 500 | H66: 500 | I66: 5555330 | J66: 27500000
A67: 65 | B67: =IF(C66=C67,B66,B66+1) -> 65 | F67: 0 | G67: 2800 | H67: 2800 | I67: 26673954 | J67: 163200000
A68: 66 | B68: =IF(C67=C68,B67,B67+1) -> 66 | C68: WTRTPE5109BL | D68: FRE | E68: M | F68: 0 | G68: 800 | H68: 800 | I68: 12774622 | J68: 63200000
A69: 67 | B69: =IF(C68=C69,B68,B68+1) -> 67 | F69: 0 | G69: 800 | H69: 800 | I69: 12774622 | J69: 63200000
A70: 68 | B70: =IF(C69=C70,B69,B69+1) -> 68 | C70: TRUBAE3301RE | D70: FRE | E70: B | F70: 0 | G70: 168 | H70: 168 | I70: 7470096.8 | J70: 28392000
A71: 69 | B71: =IF(C70=C71,B70,B70+1) -> 69 | C71: TRUBAE3302RE | D71: FRE | E71: B | F71: 0 | G71: 168 | H71: 168 | I71: 5898372.8 | J71: 23352000
A72: 70 | B72: =IF(C71=C72,B71,B71+1) -> 70 | C72: TRUBAE3302BK | D72: FRE | E72: B | F72: 0 | G72: 144 | H72: 144 | I72: 5055748.1 | J72: 20016000
A73: 71 | B73: =IF(C72=C73,B72,B72+1) -> 71 | C73: TRUBAE3303BL | D73: FRE | E73: B | F73: 0 | G73: 108 | H73: 108 | I73: 4802205.1 | J73: 18252000
A74: 72 | B74: =IF(C73=C74,B73,B73+1) -> 72 | C74: TRUBAE3303RE | D74: FRE | E74: B | F74: 0 | G74: 168 | H74: 168 | I74: 7470096.8 | J74: 28392000
A75: 73 | B75: =IF(C74=C75,B74,B74+1) -> 73 | C75: TRUBAE3303PK | D75: FRE | E75: B | F75: 0 | G75: 108 | H75: 108 | I75: 4802205.1 | J75: 18252000
A76: 74 | B76: =IF(C75=C76,B75,B75+1) -> 74 | C76: TRUBAE3303BL | D76: FRE | E76: B | F76: 0 | G76: 108 | H76: 108 | I76: 4802205.1 | J76: 18252000
A77: 75 | B77: =IF(C76=C77,B76,B76+1) -> 75 | C77: TRUBAE3304CL | D77: FRE | E77: B | F77: 0 | G77: 108 | H77: 108 | I77: 3286614.1 | J77: 12420000
A78: 76 | B78: =IF(C77=C78,B77,B77+1) -> 76 | C78: TRUBAE3304NY | D78: FRE | E78: B | F78: 0 | G78: 144 | H78: 144 | I78: 4382152.1 | J78: 16560000
A79: 77 | B79: =IF(C78=C79,B78,B78+1) -> 77 | C79: TRUBAE3304RE | D79: FRE | E79: B | F79: 0 | G79: 168 | H79: 168 | I79: 5112510.8 | J79: 19320000
A80: 78 | B80: =IF(C79=C80,B79,B79+1) -> 78 | C80: TRUFIE3305NY | D80: FRE | E80: B | F80: 0 | G80: 96 | H80: 96 | I80: 2472370.8 | J80: 9504000
A81: 79 | B81: =IF(C80=C81,B80,B80+1) -> 79 | C81: TRUFIE3305RE | D81: FRE | E81: B | F81: 0 | G81: 96 | H81: 96 | I81: 2472370.8 | J81: 9504000
... A86: 84 | B86: =IF(C85=C86,B85,B85+1) -> 84 | C86: TRUFIE3306OR | D86: FRE | E86: B | F86: 0 | G86: 72 | H86: 72 | I86: 2191076.1 | J86: 8280000
A87: 85 | B87: =IF(C86=C87,B86,B86+1) -> 85 | F87: 0 | G87: 2016 | H87: 2016 | I87: 70387543 | J87: 269208000
A88: 86 | B88: =IF(C87=C88,B87,B87+1) -> 86 | C88: JILMIE3301BK | D88: FRE | E88: M | F88: 0 | G88: 500 | H88: 500 | I88: 3580970 | J88: 24500000
A89: 87 | B89: =IF(C88=C89,B88,B88+1) -> 87 | C89: JILMIE5303GY | D89: FRE | E89: M | F89: 0 | G89: 500 | H89: 500 | I89: 3205070 | J89: 24500000
A90: 88 | B90: =IF(C89=C90,B89,B89+1) -> 88 | C90: JILMIE5303GR | D90: FRE | E90: M | F90: 0 | G90: 500 | H90: 500 | I90: 3347245 | J90: 24500000
A91: 89 | B91: =IF(C90=C91,B90,B90+1) -> 89 | C91: JILERE5304NY | D91: FRE | E91: M | F91: 0 | G91: 500 | H91: 500 | I91: 4475250 | J91: 29500000
A92: 90 | B92: =IF(C91=C92,B91,B91+1) -> 90 | C92: JILERE5305BK | D92: FRE | E92: M | F92: 0 | G92: 500 | H92: 500 | I92: 3348510 | J92: 27500000
A93: 91 | B93: =IF(C92=C93,B92,B92+1) -> 91 | C93: JILERE5306MT | D93: FRE | E93: M | F93: 0 | G93: 700 | H93: 700 | I93: 5856582.4 | J93: 41300000
A94: 92 | B94: =IF(C93=C94,B93,B93+1) -> 92 | C94: JILERE5806MT | D94: FRE | E94: M | F94: 0 | G94: 500 | H94: 500 | I94: 4172226 | J94: 27500000
A95: 93 | B95: =IF(C94=C95,B94,B94+1) -> 93 | C95: JILERE5306YE | D95: FRE | E95: M | F95: 0 | G95: 700 | H95: 700 | I95: 5524974 | J95: 41300000
A96: 94 | B96: =IF(C95=C96,B95,B95+1) -> 94 | C96: JILERE5806YE | D96: FRE | E96: M | F96: 0 | G96: 500 | H96: 500 | I96: 4067540 | J96: 27500000
A97: 95 | B97: =IF(C96=C97,B96,B96+1) -> 95 | C97: JILHUE5307KH | D97: FRE | E97: M | F97: 0 | G97: 400 | H97: 400 | I97: 2762672 | J97: 19600000
A98: 96 | B98: =IF(C97=C98,B97,B97+1) -> 96 | C98: JILBAE5308KH | D98: FRE | E98: M | F98: 0 | G98: 700 | H98: 700 | I98: 5555862 | J98: 34300000
A99: 97 | B99: =IF(C98=C99,B98,B98+1) -> 97 | C99: JILBAE5808KH | D99: FRE | E99: M | F99: 0 | G99: 500 | H99: 500 | I99: 4106900 | J99: 22500000
A100: 98 | B100: =IF(C99=C100,B99,B99+1) -> 98 | C100: JILBAE5309BW | D100: FRE | E100: M | F100: 0 | G100: 500 | H100: 500 | I100: 3755110 | J100: 24500000
A101: 99 | B101: =IF(C100=C101,B100,B100+1) -> 99 | F101: 0 | G101: 7000 | H101: 7000 | I101: 53758911 | J101: 369000000
A102: 100 | B102: =IF(C101=C102,B101,B101+1) -> 100 | C102: JILFAE5310BU | D102: FRE | E102: M | F102: 0 | G102: 400 | H102: 400 | I102: 3135896 | J102: 23600000
A103: 101 | B103: =IF(C102=C103,B102,B102+1) -> 101 | F103: 0 | G103: 400 | H103: 400 | I103: 3135896 | J103: 23600000
A104: 102 | B104: =IF(C103=C104,B103,B103+1) -> 102 | C104: VBLERE5301OR | D104: FRE | E104: M | F104: 0 | G104: 700 | H104: 700 | I104: 11214000 | J104: 41300000
A105: 103 | B105: =IF(C104=C105,B104,B104+1) -> 103 | C105: VBLERE5801OR | D105: FRE | E105: M | F105: 0 | G105: 500 | H105: 500 | I105: 7760000 | J105: 27500000
A106: 104 | B106: =IF(C105=C106,B105,B105+1) -> 104 | F106: 0 | G106: 1200 | H106: 1200 | I106: 18974000 | J106: 68800000
A107: 105 | B107: =IF(C106=C107,B106,B106+1) -> 105 | C107: VBLBAE5302BK | D107: FRE | E107: M | F107: 0 | G107: 700 | H107: 700 | I107: 3191622 | J107: 38500000
A108: 106 | B108: =IF(C107=C108,B107,B107+1) -> 106 | C108: VBLBAE5802BK | D108: FRE | E108: M | F108: 0 | G108: 500 | H108: 500 | I108: 2312230 | J108: 24500000
...

Sheet P
D3: 데이터
A4: 0 | B4: 품번색상 | C4: 분류 | D4: 기획수량 | E4: TAG가 | F4: 원가 | G4: 배수 | H4: 입고수량 | I4: 미입고수량
A5: 1 | B5: ELSSBE3801BK | C5: M | D5: 500 | E5: 22500000 | F5: 5010000 | G5: 4.0827436 | H5: 500 | I5: 0
A6: 2 | B6: ELSSBE3801BL | C6: M | D6: 500 | E6: 22500000 | F6: 5010000 | G6: 4.0827436 | H6: 500 | I6: 0
A7: 3 | B7: ELSSBE3802YE | C7: M | D7: 500 | E7: 22500000 | F7: 5010000 | G7: 4.0827436 | H7: 500 | I7: 0
A8: 4 | B8: ELSSBE3803PK | C8: M | D8: 500 | E8: 22500000 | F8: 5010000 | G8: 4.0827436 | H8: 500 | I8: 0
A9: 6 | B9: DAKBEE5301GY | C9: B | D9: 360 | E9: 12600000 | F9: 3436363.6 | G9: 3.3333333 | H9: 0 | I9: 360
A10: 7 | B10: DAKBEE5302BK | C10: B | D10: 480 | E10: 13920000 | F10: 3796363.6 | G10: 3.3333333 | H10: 0 | I10: 480
A11: 8 | B11: DAKBEE5302GY | C11: B | D11: 480 | E11: 13920000 | F11: 3796363.6 | G11: 3.3333333 | H11: 0 | I11: 480
A12: 9 | B12: DAKTPE5303RE | C12: B | D12: 240 | E12: 14160000 | F12: 3861818.2 | G12: 3.3333333 | H12: 0 | I12: 240
A13: 10 | B13: DAKBEE5304GY | C13: B | D13: 360 | E13: 9000000 | F13: 2454545.5 | G13: 3.3333333 | H13: 0 | I13: 360
A14: 11 | B14: DAKBEE5004MT | C14: B | D14: 360 | E14: 14040000 | F14: 3829090.9 | G14: 3.3333333 | H14: 0 | I14: 360
A15: 12 | B15: DAKBEE5004GR | C15: B | D15: 240 | E15: 9360000 | F15: 2552727.3 | G15: 3.3333333 | H15: 0 | I15: 240
A16: 13 | B16: DAKEBE5305BK | C16: B | D16: 360 | E16: 14040000 | F16: 3829090.9 | G16: 3.3333333 | H16: 0 | I16: 360
... A905: 1074 | B905: ELSBAE3841RE | C905: M | D905: 1000 | E905: 53000000 | F905: 12045455 | G905: 4 | H905: 0 | I905: 1000
A906: 총합계 | D906: 688467 | E906: 38951247000 | F906: 6.6723024e+09 | G906: 5.3070473 | H906: 80956 | I906: 604528

Sheet DB2
A1: 러닝/신규 | B1: 최초/리오더 | C1: 품번(최초) | D1: 품번수(최초) | E1: 품번(리오더) | F1: 품번수(리오더) | G1: 품번색상(최초) | H1: 색상수(최초) | I1: 품번색상(리오더) | J1: 색상수(리오더) | K1: 년도시즌 | L1: 품목2 | M1: 브랜드 | N1: 품목 | O1: 브랜드품목 | P1: 품번 | Q1: 품번색상 | R1: 분류 | S1: 기획수량 | T1: TAG가 | U1: 원가(-V) | V1: 배수 | W1: 입고수량 | X1: 미입고수량
A2: =IF(OR(MID(Q2,8,1)="3",MID(Q2,8,1)="8"),"신규","러닝") -> 신규 | B2: =IF(COUNTIF(Q$1:Q1,Q2)=0,"최초","리오더") -> 최초 | C2: =IF($B2="리오더","",P2) -> ELSSBE3801 | D2: =IF(C2="",0,1/COUNTIF(C:C,C2)) -> 0.33333333 | E2: =IF($B2="리오더",P2,"") | F2: =IF(E2="",0,1/COUNTIF(E:E,E2)) -> 0 | G2: =IF($B2="리오더","",Q2) -> ELSSBE3801BK | H2: =IF(G2="",0,1/COUNTIF(G:G,G2)) -> 0.5 | I2: =IF($B2="리오더",Q2,"") | J2: =IF(I2="",0,1/COUNTIF(I:I,I2)) -> 0 | K2: =MID(Q2,6,2) -> E3 | L2: =VLOOKUP(N2,CODE!K:P,CODE!$P$1,FALSE) -> 가방 | M2: =VLOOKUP(MID(Q2,1,3),CODE!$B:$G,CODE!D$1,FALSE) -> ELS | N2: =MID(Q2,4,2) -> SB | O2: =IF(ISERROR(IF(VLOOKUP($N2,CODE!$K:$P,CODE!$O$1,FALSE)="",$M2,$M2&"-"&VLOOKUP($N2,CODE!$K:$P,CODE!$O$1,FALSE)))=TRUE,"",IF(VLOOKUP($N2,CODE!$K:$P,CODE!$O$1,FALSE)="",$M2,$M2&"-"&VLOOKUP($N2,CODE!$K:$P,CODE!$O$1,FALSE))) -> ELS-가방 | P2: =MID(Q2,1,10) -> ELSSBE3801 | Q2: ELSSBE3801BK | R2: M | S2: 500 | T2: 22500000 | U2: 5010000 | V2: 4.0827436 | W2: 500 | X2: 0
A3: =IF(OR(MID(Q3,8,1)="3",MID(Q3,8,1)="8"),"신규","러닝") -> 신규 | B3: =IF(COUNTIF(Q$1:Q2,Q3)=0,"최초","리오더") -> 최초 | C3: =IF($B3="리오더","",P3) -> ELSSBE3801 | D3: =IF(C3="",0,1/COUNTIF(C:C,C3)) -> 0.33333333 | E3: =IF($B3="리오더",P3,"") | F3: =IF(E3="",0,1/COUNTIF(E:E,E3)) -> 0 | G3: =IF($B3="리오더","",Q3) -> ELSSBE3801BL | H3: =IF(G3="",0,1/COUNTIF(G:G,G3)) -> 1 | I3: =IF($B3="리오더",Q3,"") | J3: =IF(I3="",0,1/COUNTIF(I:I,I3)) -> 0 | K3: =MID(Q3,6,2) -> E3 | L3: =VLOOKUP(N3,CODE!K:P,CODE!$P$1,FALSE) -> 가방 | M3: =VLOOKUP(MID(Q3,1,3),CODE!$B:$G,CODE!D$1,FALSE) -> ELS | N3: =MID(Q3,4,2) -> SB | O3: =IF(ISERROR(IF(VLOOKUP($N3,CODE!$K:$P,CODE!$O$1,FALSE)="",$M3,$M3&"-"&VLOOKUP($N3,CODE!$K:$P,CODE!$O$1,FALSE)))=TRUE,"",IF(VLOOKUP($N3,CODE!$K:$P,CODE!$O$1,FALSE)="",$M3,$M3&"-"&VLOOKUP($N3,CODE!$K:$P,CODE!$O$1,FALSE))) -> ELS-가방 | P3: =MID(Q3,1,10) -> ELSSBE3801 | Q3: ELSSBE3801BL | R3: M | S3: 500 | T3: 22500000 | U3: 5010000 | V3: 4.0827436 | W3: 500 | X3: 0
A4: =IF(OR(MID(Q4,8,1)="3",MID(Q4,8,1)="8"),"신규","러닝") -> 신규 | B4: =IF(COUNTIF(Q$1:Q3,Q4)=0,"최초","리오더") -> 최초 | C4: =IF($B4="리오더","",P4) -> ELSSBE3802 | D4: =IF(C4="",0,1/COUNTIF(C:C,C4)) -> 1 | E4: =IF($B4="리오더",P4,"") | F4: =IF(E4="",0,1/COUNTIF(E:E,E4)) -> 0 | G4: =IF($B4="리오더","",Q4) -> ELSSBE3802YE | H4: =IF(G4="",0,1/COUNTIF(G:G,G4)) -> 1 | I4: =IF($B4="리오더",Q4,"") | J4: =IF(I4="",0,1/COUNTIF(I:I,I4)) -> 0 | K4: =MID(Q4,6,2) -> E3 | L4: =VLOOKUP(N4,CODE!K:P,CODE!$P$1,FALSE) -> 가방 | M4: =VLOOKUP(MID(Q4,1,3),CODE!$B:$G,CODE!D$1,FALSE) -> ELS | N4: =MID(Q4,4,2) -> SB | O4: =IF(ISERROR(IF(VLOOKUP($N4,CODE!$K:$P,CODE!$O$1,FALSE)="",$M4,$M4&"-"&VLOOKUP($N4,CODE!$K:$P,CODE!$O$1,FALSE)))=TRUE,"",IF(VLOOKUP($N4,CODE!$K:$P,CODE!$O$1,FALSE)="",$M4,$M4&"-"&VLOOKUP($N4,CODE!$K:$P,CODE!$O$1,FALSE))) -> ELS-가방 | P4: =MID(Q4,1,10) -> ELSSBE3802 | Q4: ELSSBE3802YE | R4: M | S4: 500 | T4: 22500000 | U4: 5010000 | V4: 4.0827436 | W4: 500 | X4: 0
A5: =IF(OR(MID(Q5,8,1)="3",MID(Q5,8,1)="8"),"신규","러닝") -> 신규 | B5: =IF(COUNTIF(Q$1:Q4,Q5)=0,"최초","리오더") -> 최초 | C5: =IF($B5="리오더","",P5) -> ELSSBE3803 | D5: =IF(C5="",0,1/COUNTIF(C:C,C5)) -> 1 | E5: =IF($B5="리오더",P5,"") | F5: =IF(E5="",0,1/COUNTIF(E:E,E5)) -> 0 | G5: =IF($B5="리오더","",Q5) -> ELSSBE3803PK | H5: =IF(G5="",0,1/COUNTIF(G:G,G5)) -> 1 | I5: =IF($B5="리오더",Q5,"") | J5: =IF(I5="",0,1/COUNTIF(I:I,I5)) -> 0 | K5: =MID(Q5,6,2) -> E3 | L5: =VLOOKUP(N5,CODE!K:P,CODE!$P$1,FALSE) -> 가방 | M5: =VLOOKUP(MID(Q5,1,3),CODE!$B:$G,CODE!D$1,FALSE) -> ELS | N5: =MID(Q5,4,2) -> SB | O5: =IF(ISERROR(IF(VLOOKUP($N5,CODE!$K:$P,CODE!$O$1,FALSE)="",$M5,$M5&"-"&VLOOKUP($N5,CODE!$K:$P,CODE!$O$1,FALSE)))=TRUE,"",IF(VLOOKUP($N5,CODE!$K:$P,CODE!$O$1,FALSE)="",$M5,$M5&"-"&VLOOKUP($N5,CODE!$K:$P,CODE!$O$1,FALSE))) -> ELS-가방 | P5: =MID(Q5,1,10) -> ELSSBE3803 | Q5: ELSSBE3803PK | R5: M | S5: 500 | T5: 22500000 | U5: 5010000 | V5: 4.0827436 | W5: 500 | X5: 0
A6: =IF(OR(MID(Q6,8,1)="3",MID(Q6,8,1)="8"),"신규","러닝") -> 신규 | B6: =IF(COUNTIF(Q$1:Q5,Q6)=0,"최초","리오더") -> 최초 | C6: =IF($B6="리오더","",P6) -> DAKBEE5301 | D6: =IF(C6="",0,1/COUNTIF(C:C,C6)) -> 1 | E6: =IF($B6="리오더",P6,"") | F6: =IF(E6="",0,1/COUNTIF(E:E,E6)) -> 0 | G6: =IF($B6="리오더","",Q6) -> DAKBEE5301GY | H6: =IF(G6="",0,1/COUNTIF(G:G,G6)) -> 1 | I6: =IF($B6="리오더",Q6,"") | J6: =IF(I6="",0,1/COUNTIF(I:I,I6)) -> 0 | K6: =MID(Q6,6,2) -> E5 | L6: =VLOOKUP(N6,CODE!K:P,CODE!$P$1,FALSE) -> 모자 | M6: =VLOOKUP(MID(Q6,1,3),CODE!$B:$G,CODE!D$1,FALSE) -> DAK | N6: =MID(Q6,4,2) -> BE | O6: =IF(ISERROR(IF(VLOOKUP($N6,CODE!$K:$P,CODE!$O$1,FALSE)="",$M6,$M6&"-"&VLOOKUP($N6,CODE!$K:$P,CODE!$O$1,FALSE)))=TRUE,"",IF(VLOOKUP($N6,CODE!$K:$P,CODE!$O$1,FALSE)="",$M6,$M6&"-"&VLOOKUP($N6,CODE!$K:$P,CODE!$O$1,FALSE))) -> DAK | P6: =MID(Q6,1,10) -> DAKBEE5301 | Q6: DAKBEE5301GY | R6: B | S6: 360 | T6: 12600000 | U6: 3436363.6 | V6: 3.3333333 | W6: 0 | X6: 360
A7: =IF(OR(MID(Q7,8,1)="3",MID(Q7,8,1)="8"),"신규","러닝") -> 신규 | B7: =IF(COUNTIF(Q$1:Q6,Q7)=0,"최초","리오더") -> 최초 | C7: =IF($B7="리오더","",P7) -> DAKBEE5302 | D7: =IF(C7="",0,1/COUNTIF(C:C,C7)) -> 0.5 | E7: =IF($B7="리오더",P7,"") | F7: =IF(E7="",0,1/COUNTIF(E:E,E7)) -> 0 | G7: =IF($B7="리오더","",Q7) -> DAKBEE5302BK | H7: =IF(G7="",0,1/COUNTIF(G:G,G7)) -> 1 | I7: =IF($B7="리오더",Q7,"") | J7: =IF(I7="",0,1/COUNTIF(I:I,I7)) -> 0 | K7: =MID(Q7,6,2) -> E5 | L7: =VLOOKUP(N7,CODE!K:P,CODE!$P$1,FALSE) -> 모자 | M7: =VLOOKUP(MID(Q7,1,3),CODE!$B:$G,CODE!D$1,FALSE) -> DAK | N7: =MID(Q7,4,2) -> BE | O7: =IF(ISERROR(IF(VLOOKUP($N7,CODE!$K:$P,CODE!$O$1,FALSE)="",$M7,$M7&"-"&VLOOKUP($N7,CODE!$K:$P,CODE!$O$1,FALSE)))=TRUE,"",IF(VLOOKUP($N7,CODE!$K:$P,CODE!$O$1,FALSE)="",$M7,$M7&"-"&VLOOKUP($N7,CODE!$K:$P,CODE!$O$1,FALSE))) -> DAK | P7: =MID(Q7,1,10) -> DAKBEE5302 | Q7: DAKBEE5302BK | R7: B | S7: 480 | T7: 13920000 | U7: 3796363.6 | V7: 3.3333333 | W7: 0 | X7: 480
A8: =IF(OR(MID(Q8,8,1)="3",MID(Q8,8,1)="8"),"신규","러닝") -> 신규 | B8: =IF(COUNTIF(Q$1:Q7,Q8)=0,"최초","리오더") -> 최초 | C8: =IF($B8="리오더","",P8) -> DAKBEE5302 | D8: =IF(C8="",0,1/COUNTIF(C:C,C8)) -> 0.5 | E8: =IF($B8="리오더",P8,"") | F8: =IF(E8="",0,1/COUNTIF(E:E,E8)) -> 0 | G8: =IF($B8="리오더","",Q8) -> DAKBEE5302GY | H8: =IF(G8="",0,1/COUNTIF(G:G,G8)) -> 1 | I8: =IF($B8="리오더",Q8,"") | J8: =IF(I8="",0,1/COUNTIF(I:I,I8)) -> 0 | K8: =MID(Q8,6,2) -> E5 | L8: =VLOOKUP(N8,CODE!K:P,CODE!$P$1,FALSE) -> 모자 | M8: =VLOOKUP(MID(Q8,1,3),CODE!$B:$G,CODE!D$1,FALSE) -> DAK | N8: =MID(Q8,4,2) -> BE | O8: =IF(ISERROR(IF(VLOOKUP($N8,CODE!$K:$P,CODE!$O$1,FALSE)="",$M8,$M8&"-"&VLOOKUP($N8,CODE!$K:$P,CODE!$O$1,FALSE)))=TRUE,"",IF(VLOOKUP($N8,CODE!$K:$P,CODE!$O$1,FALSE)="",$M8,$M8&"-"&VLOOKUP($N8,CODE!$K:$P,CODE!$O$1,FALSE))) -> DAK | P8: =MID(Q8,1,10) -> DAKBEE5302 | Q8: DAKBEE5302GY | R8: B | S8: 480 | T8: 13920000 | U8: 3796363.6 | V8: 3.3333333 | W8: 0 | X8: 480
A9: =IF(OR(MID(Q9,8,1)="3",MID(Q9,8,1)="8"),"신규","러닝") -> 신규 | B9: =IF(COUNTIF(Q$1:Q8,Q9)=0,"최초","리오더") -> 최초 | C9: =IF($B9="리오더","",P9) -> DAKTPE5303 | D9: =IF(C9="",0,1/COUNTIF(C:C,C9)) -> 1 | E9: =IF($B9="리오더",P9,"") | F9: =IF(E9="",0,1/COUNTIF(E:E,E9)) -> 0 | G9: =IF($B9="리오더","",Q9) -> DAKTPE5303RE | H9: =IF(G9="",0,1/COUNTIF(G:G,G9)) -> 1 | I9: =IF($B9="리오더",Q9,"") | J9: =IF(I9="",0,1/COUNTIF(I:I,I9)) -> 0 | K9: =MID(Q9,6,2) -> E5 | L9: =VLOOKUP(N9,CODE!K:P,CODE!$P$1,FALSE) -> 모자 | M9: =VLOOKUP(MID(Q9,1,3),CODE!$B:$G,CODE!D$1,FALSE) -> DAK | N9: =MID(Q9,4,2) -> TP | O9: =IF(ISERROR(IF(VLOOKUP($N9,CODE!$K:$P,CODE!$O$1,FALSE)="",$M9,$M9&"-"&VLOOKUP($N9,CODE!$K:$P,CODE!$O$1,FALSE)))=TRUE,"",IF(VLOOKUP($N9,CODE!$K:$P,CODE!$O$1,FALSE)="",$M9,$M9&"-"&VLOOKUP($N9,CODE!$K:$P,CODE!$O$1,FALSE))) -> DAK | P9: =MID(Q9,1,10) -> DAKTPE5303 | Q9: DAKTPE5303RE | R9: B | S9: 240 | T9: 14160000 | U9: 3861818.2 | V9: 3.3333333 | W9: 0 | X9: 240
A10: =IF(OR(MID(Q10,8,1)="3",MID(Q10,8,1)="8"),"신규","러닝") -> 신규 | B10: =IF(COUNTIF(Q$1:Q9,Q10)=0,"최초","리오더") -> 최초 | C10: =IF($B10="리오더","",P10) -> DAKBEE5304 | D10: =IF(C10="",0,1/COUNTIF(C:C,C10)) -> 1 | E10: =IF($B10="리오더",P10,"") | F10: =IF(E10="",0,1/COUNTIF(E:E,E10)) -> 0 | G10: =IF($B10="리오더","",Q10) -> DAKBEE5304GY | H10: =IF(G10="",0,1/COUNTIF(G:G,G10)) -> 1 | I10: =IF($B10="리오더",Q10,"") | J10: =IF(I10="",0,1/COUNTIF(I:I,I10)) -> 0 | K10: =MID(Q10,6,2) -> E5 | L10: =VLOOKUP(N10,CODE!K:P,CODE!$P$1,FALSE) -> 모자 | M10: =VLOOKUP(MID(Q10,1,3),CODE!$B:$G,CODE!D$1,FALSE) -> DAK | N10: =MID(Q10,4,2) -> BE | O10: =IF(ISERROR(IF(VLOOKUP($N10,CODE!$K:$P,CODE!$O$1,FALSE)="",$M10,$M10&"-"&VLOOKUP($N10,CODE!$K:$P,CODE!$O$1,FALSE)))=TRUE,"",IF(VLOOKUP($N10,CODE!$K:$P,CODE!$O$1,FALSE)="",$M10,$M10&"-"&VLOOKUP($N10,CODE!$K:$P,CODE!$O$1,FALSE))) -> DAK | P10: =MID(Q10,1,10) -> DAKBEE5304 | Q10: DAKBEE5304GY | R10: B | S10: 360 | T10: 9000000 | U10: 2454545.5 | V10: 3.3333333 | W10: 0 | X10: 360
A11: =IF(OR(MID(Q11,8,1)="3",MID(Q11,8,1)="8"),"신규","러닝") -> 러닝 | B11: =IF(COUNTIF(Q$1:Q10,Q11)=0,"최초","리오더") -> 최초 | C11: =IF($B11="리오더","",P11) -> DAKBEE5004 | D11: =IF(C11="",0,1/COUNTIF(C:C,C11)) -> 0.5 | E11: =IF($B11="리오더",P11,"") | F11: =IF(E11="",0,1/COUNTIF(E:E,E11)) -> 0 | G11: =IF($B11="리오더","",Q11) -> DAKBEE5004MT | H11: =IF(G11="",0,1/COUNTIF(G:G,G11)) -> 1 | I11: =IF($B11="리오더",Q11,"") | J11: =IF(I11="",0,1/COUNTIF(I:I,I11)) -> 0 | K11: =MID(Q11,6,2) -> E5 | L11: =VLOOKUP(N11,CODE!K:P,CODE!$P$1,FALSE) -> 모자 | M11: =VLOOKUP(MID(Q11,1,3),CODE!$B:$G,CODE!D$1,FALSE) -> DAK | N11: =MID(Q11,4,2) -> BE | O11: =IF(ISERROR(IF(VLOOKUP($N11,CODE!$K:$P,CODE!$O$1,FALSE)="",$M11,$M11&"-"&VLOOKUP($N11,CODE!$K:$P,CODE!$O$1,FALSE)))=TRUE,"",IF(VLOOKUP($N11,CODE!$K:$P,CODE!$O$1,FALSE)="",$M11,$M11&"-"&VLOOKUP($N11,CODE!$K:$P,CODE!$O$1,FALSE))) -> DAK | P11: =MID(Q11,1,10) -> DAKBEE5004 | Q11: DAKBEE5004MT | R11: B | S11: 360 | T11: 14040000 | U11: 3829090.9 | V11: 3.3333333 | W11: 0 | X11: 360
A12: =IF(OR(MID(Q12,8,1)="3",MID(Q12,8,1)="8"),"신규","러닝") -> 러닝 | B12: =IF(COUNTIF(Q$1:Q11,Q12)=0,"최초","리오더") -> 최초 | C12: =IF($B12="리오더","",P12) -> DAKBEE5004 | D12: =IF(C12="",0,1/COUNTIF(C:C,C12)) -> 0.5 | E12: =IF($B12="리오더",P12,"") | F12: =IF(E12="",0,1/COUNTIF(E:E,E12)) -> 0 | G12: =IF($B12="리오더","",Q12) -> DAKBEE5004GR | H12: =IF(G12="",0,1/COUNTIF(G:G,G12)) -> 1 | I12: =IF($B12="리오더",Q12,"") | J12: =IF(I12="",0,1/COUNTIF(I:I,I12)) -> 0 | K12: =MID(Q12,6,2) -> E5 | L12: =VLOOKUP(N12,CODE!K:P,CODE!$P$1,FALSE) -> 모자 | M12: =VLOOKUP(MID(Q12,1,3),CODE!$B:$G,CODE!D$1,FALSE) -> DAK | N12: =MID(Q12,4,2) -> BE | O12: =IF(ISERROR(IF(VLOOKUP($N12,CODE!$K:$P,CODE!$O$1,FALSE)="",$M12,$M12&"-"&VLOOKUP($N12,CODE!$K:$P,CODE!$O$1,FALSE)))=TRUE,"",IF(VLOOKUP($N12,CODE!$K:$P,CODE!$O$1,FALSE)="",$M12,$M12&"-"&VLOOKUP($N12,CODE!$K:$P,CODE!$O$1,FALSE))) -> DAK | P12: =MID(Q12,1,10) -> DAKBEE5004 | Q12: DAKBEE5004GR | R12: B | S12: 240 | T12: 9360000 | U12: 2552727.3 | V12: 3.3333333 | W12: 0 | X12: 240
A13: =IF(OR(MID(Q13,8,1)="3",MID(Q13,8,1)="8"),"신규","러닝") -> 신규 | B13: =IF(COUNTIF(Q$1:Q12,Q13)=0,"최초","리오더") -> 최초 | C13: =IF($B13="리오더","",P13) -> DAKEBE5305 | D13: =IF(C13="",0,1/COUNTIF(C:C,C13)) -> 0.5 | E13: =IF($B13="리오더",P13,"") | F13: =IF(E13="",0,1/COUNTIF(E:E,E13)) -> 0 | G13: =IF($B13="리오더","",Q13) -> DAKEBE5305BK | H13: =IF(G13="",0,1/COUNTIF(G:G,G13)) -> 1 | I13: =IF($B13="리오더",Q13,"") | J13: =IF(I13="",0,1/COUNTIF(I:I,I13)) -> 0 | K13: =MID(Q13,6,2) -> E5 | L13: =VLOOKUP(N13,CODE!K:P,CODE!$P$1,FALSE) -> 모자 | M13: =VLOOKUP(MID(Q13,1,3),CODE!$B:$G,CODE!D$1,FALSE) -> DAK | N13: =MID(Q13,4,2) -> EB | O13: =IF(ISERROR(IF(VLOOKUP($N13,CODE!$K:$P,CODE!$O$1,FALSE)="",$M13,$M13&"-"&VLOOKUP($N13,CODE!$K:$P,CODE!$O$1,FALSE)))=TRUE,"",IF(VLOOKUP($N13,CODE!$K:$P,CODE!$O$1,FALSE)="",$M13,$M13&"-"&VLOOKUP($N13,CODE!$K:$P,CODE!$O$1,FALSE))) -> DAK | P13: =MID(Q13,1,10) -> DAKEBE5305 | Q13: DAKEBE5305BK | R13: B | S13: 360 | T13: 14040000 | U13: 3829090.9 | V13: 3.3333333 | W13: 0 | X13: 360
... A65: =IF(OR(MID(Q65,8,1)="3",MID(Q65,8,1)="8"),"신규","러닝") -> 신규 | B65: =IF(COUNTIF(Q$1:Q64,Q65)=0,"최초","리오더") -> 최초 | C65: =IF($B65="리오더","",P65) -> TRUBAE3303 | D65: =IF(C65="",0,1/COUNTIF(C:C,C65)) -> 0.25 | E65: =IF($B65="리오더",P65,"") | F65: =IF(E65="",0,1/COUNTIF(E:E,E65)) -> 0 | G65: =IF($B65="리오더","",Q65) -> TRUBAE3303PK | H65: =IF(G65="",0,1/COUNTIF(G:G,G65)) -> 1 | I65: =IF($B65="리오더",Q65,"") | J65: =IF(I65="",0,1/COUNTIF(I:I,I65)) -> 0 | K65: =MID(Q65,6,2) -> E3 | L65: =VLOOKUP(N65,CODE!K:P,CODE!$P$1,FALSE) -> 모자 | M65: =VLOOKUP(MID(Q65,1,3),CODE!$B:$G,CODE!D$1,FALSE) -> TRU | N65: =MID(Q65,4,2) -> BA | O65: =IF(ISERROR(IF(VLOOKUP($N65,CODE!$K:$P,CODE!$O$1,FALSE)="",$M65,$M65&"-"&VLOOKUP($N65,CODE!$K:$P,CODE!$O$1,FALSE)))=TRUE,"",IF(VLOOKUP($N65,CODE!$K:$P,CODE!$O$1,FALSE)="",$M65,$M65&"-"&VLOOKUP($N65,CODE!$K:$P,CODE!$O$1,FALSE))) -> TRU | P65: =MID(Q65,1,10) -> TRUBAE3303 | Q65: TRUBAE3303PK | R65: B | S65: 108 | T65: 18252000 | U65: 4802205.1 | V65: 3.4552309 | W65: 0 | X65: 108
A66: =IF(OR(MID(Q66,8,1)="3",MID(Q66,8,1)="8"),"신규","러닝") -> 신규 | B66: 최초 | C66: =IF($B66="리오더","",P66) -> TRUBAE3303 | D66: =IF(C66="",0,1/COUNTIF(C:C,C66)) -> 0.25 | E66: =IF($B66="리오더",P66,"") | F66: =IF(E66="",0,1/COUNTIF(E:E,E66)) -> 0 | G66: =IF($B66="리오더","",Q66) -> TRUBAE3303BL | H66: =IF(G66="",0,1/COUNTIF(G:G,G66)) -> 0.5 | I66: =IF($B66="리오더",Q66,"") | J66: =IF(I66="",0,1/COUNTIF(I:I,I66)) -> 0 | K66: =MID(Q66,6,2) -> E3 | L66: =VLOOKUP(N66,CODE!K:P,CODE!$P$1,FALSE) -> 모자 | M66: =VLOOKUP(MID(Q66,1,3),CODE!$B:$G,CODE!D$1,FALSE) -> TRU | N66: =MID(Q66,4,2) -> BA | O66: =IF(ISERROR(IF(VLOOKUP($N66,CODE!$K:$P,CODE!$O$1,FALSE)="",$M66,$M66&"-"&VLOOKUP($N66,CODE!$K:$P,CODE!$O$1,FALSE)))=TRUE,"",IF(VLOOKUP($N66,CODE!$K:$P,CODE!$O$1,FALSE)="",$M66,$M66&"-"&VLOOKUP($N66,CODE!$K:$P,CODE!$O$1,FALSE))) -> TRU | P66: =MID(Q66,1,10) -> TRUBAE3303 | Q66: TRUBAE3303BL | R66: B | S66: 108 | T66: 18252000 | U66: 4802205.1 | V66: 3.4552309 | W66: 0 | X66: 108
A67: =IF(OR(MID(Q67,8,1)="3",MID(Q67,8,1)="8"),"신규","러닝") -> 신규 | B67: =IF(COUNTIF(Q$1:Q66,Q67)=0,"최초","리오더") -> 최초 | C67: =IF($B67="리오더","",P67) -> TRUBAE3304 | D67: =IF(C67="",0,1/COUNTIF(C:C,C67)) -> 0.33333333 | E67: =IF($B67="리오더",P67,"") | F67: =IF(E67="",0,1/COUNTIF(E:E,E67)) -> 0 | G67: =IF($B67="리오더","",Q67) -> TRUBAE3304CL | H67: =IF(G67="",0,1/COUNTIF(G:G,G67)) -> 1 | I67: =IF($B67="리오더",Q67,"") | J67: =IF(I67="",0,1/COUNTIF(I:I,I67)) -> 0 | K67: =MID(Q67,6,2) -> E3 | L67: =VLOOKUP(N67,CODE!K:P,CODE!$P$1,FALSE) -> 모자 | M67: =VLOOKUP(MID(Q67,1,3),CODE!$B:$G,CODE!D$1,FALSE) -> TRU | N67: =MID(Q67,4,2) -> BA | O67: =IF(ISERROR(IF(VLOOKUP($N67,CODE!$K:$P,CODE!$O$1,FALSE)="",$M67,$M67&"-"&VLOOKUP($N67,CODE!$K:$P,CODE!$O$1,FALSE)))=TRUE,"",IF(VLOOKUP($N67,CODE!$K:$P,CODE!$O$1,FALSE)="",$M67,$M67&"-"&VLOOKUP($N67,CODE!$K:$P,CODE!$O$1,FALSE))) -> TRU | P67: =MID(Q67,1,10) -> TRUBAE3304 | Q67: TRUBAE3304CL | R67: B | S67: 108 | T67: 12420000 | U67: 3286614.1 | V67: 3.4354228 | W67: 0 | X67: 108
A68: =IF(OR(MID(Q68,8,1)="3",MID(Q68,8,1)="8"),"신규","러닝") -> 신규 | B68: =IF(COUNTIF(Q$1:Q67,Q68)=0,"최초","리오더") -> 최초 | C68: =IF($B68="리오더","",P68) -> TRUBAE3304 | D68: =IF(C68="",0,1/COUNTIF(C:C,C68)) -> 0.33333333 | E68: =IF($B68="리오더",P68,"") | F68: =IF(E68="",0,1/COUNTIF(E:E,E68)) -> 0 | G68: =IF($B68="리오더","",Q68) -> TRUBAE3304NY | H68: =IF(G68="",0,1/COUNTIF(G:G,G68)) -> 1 | I68: =IF($B68="리오더",Q68,"") | J68: =IF(I68="",0,1/COUNTIF(I:I,I68)) -> 0 | K68: =MID(Q68,6,2) -> E3 | L68: =VLOOKUP(N68,CODE!K:P,CODE!$P$1,FALSE) -> 모자 | M68: =VLOOKUP(MID(Q68,1,3),CODE!$B:$G,CODE!D$1,FALSE) -> TRU | N68: =MID(Q68,4,2) -> BA | O68: =IF(ISERROR(IF(VLOOKUP($N68,CODE!$K:$P,CODE!$O$1,FALSE)="",$M68,$M68&"-"&VLOOKUP($N68,CODE!$K:$P,CODE!$O$1,FALSE)))=TRUE,"",IF(VLOOKUP($N68,CODE!$K:$P,CODE!$O$1,FALSE)="",$M68,$M68&"-"&VLOOKUP($N68,CODE!$K:$P,CODE!$O$1,FALSE))) -> TRU | P68: =MID(Q68,1,10) -> TRUBAE3304 | Q68: TRUBAE3304NY | R68: B | S68: 144 | T68: 16560000 | U68: 4382152.1 | V68: 3.4354228 | W68: 0 | X68: 144
A69: =IF(OR(MID(Q69,8,1)="3",MID(Q69,8,1)="8"),"신규","러닝") -> 신규 | B69: =IF(COUNTIF(Q$1:Q68,Q69)=0,"최초","리오더") -> 최초 | C69: =IF($B69="리오더","",P69) -> TRUBAE3304 | D69: =IF(C69="",0,1/COUNTIF(C:C,C69)) -> 0.33333333 | E69: =IF($B69="리오더",P69,"") | F69: =IF(E69="",0,1/COUNTIF(E:E,E69)) -> 0 | G69: =IF($B69="리오더","",Q69) -> TRUBAE3304RE | H69: =IF(G69="",0,1/COUNTIF(G:G,G69)) -> 1 | I69: =IF($B69="리오더",Q69,"") | J69: =IF(I69="",0,1/COUNTIF(I:I,I69)) -> 0 | K69: =MID(Q69,6,2) -> E3 | L69: =VLOOKUP(N69,CODE!K:P,CODE!$P$1,FALSE) -> 모자 | M69: =VLOOKUP(MID(Q69,1,3),CODE!$B:$G,CODE!D$1,FALSE) -> TRU | N69: =MID(Q69,4,2) -> BA | O69: =IF(ISERROR(IF(VLOOKUP($N69,CODE!$K:$P,CODE!$O$1,FALSE)="",$M69,$M69&"-"&VLOOKUP($N69,CODE!$K:$P,CODE!$O$1,FALSE)))=TRUE,"",IF(VLOOKUP($N69,CODE!$K:$P,CODE!$O$1,FALSE)="",$M69,$M69&"-"&VLOOKUP($N69,CODE!$K:$P,CODE!$O$1,FALSE))) -> TRU | P69: =MID(Q69,1,10) -> TRUBAE3304 | Q69: TRUBAE3304RE | R69: B | S69: 168 | T69: 19320000 | U69: 5112510.8 | V69: 3.4354228 | W69: 0 | X69: 168
A70: =IF(OR(MID(Q70,8,1)="3",MID(Q70,8,1)="8"),"신규","러닝") -> 신규 | B70: =IF(COUNTIF(Q$1:Q69,Q70)=0,"최초","리오더") -> 최초 | C70: =IF($B70="리오더","",P70) -> TRUFIE3305 | D70: =IF(C70="",0,1/COUNTIF(C:C,C70)) -> 0.25 | E70: =IF($B70="리오더",P70,"") | F70: =IF(E70="",0,1/COUNTIF(E:E,E70)) -> 0 | G70: =IF($B70="리오더","",Q70) -> TRUFIE3305NY | H70: =IF(G70="",0,1/COUNTIF(G:G,G70)) -> 1 | I70: =IF($B70="리오더",Q70,"") | J70: =IF(I70="",0,1/COUNTIF(I:I,I70)) -> 0 | K70: =MID(Q70,6,2) -> E3 | L70: =VLOOKUP(N70,CODE!K:P,CODE!$P$1,FALSE) -> 모자 | M70: =VLOOKUP(MID(Q70,1,3),CODE!$B:$G,CODE!D$1,FALSE) -> TRU | N70: =MID(Q70,4,2) -> FI | O70: =IF(ISERROR(IF(VLOOKUP($N70,CODE!$K:$P,CODE!$O$1,FALSE)="",$M70,$M70&"-"&VLOOKUP($N70,CODE!$K:$P,CODE!$O$1,FALSE)))=TRUE,"",IF(VLOOKUP($N70,CODE!$K:$P,CODE!$O$1,FALSE)="",$M70,$M70&"-"&VLOOKUP($N70,CODE!$K:$P,CODE!$O$1,FALSE))) -> TRU | P70: =MID(Q70,1,10) -> TRUFIE3305 | Q70: TRUFIE3305NY | R70: B | S70: 96 | T70: 9504000 | U70: 2472370.8 | V70: 3.4946215 | W70: 0 | X70: 96
A71: =IF(OR(MID(Q71,8,1)="3",MID(Q71,8,1)="8"),"신규","러닝") -> 신규 | B71: =IF(COUNTIF(Q$1:Q70,Q71)=0,"최초","리오더") -> 최초 | C71: =IF($B71="리오더","",P71) -> TRUFIE3305 | D71: =IF(C71="",0,1/COUNTIF(C:C,C71)) -> 0.25 | E71: =IF($B71="리오더",P71,"") | F71: =IF(E71="",0,1/COUNTIF(E:E,E71)) -> 0 | G71: =IF($B71="리오더","",Q71) -> TRUFIE3305RE | H71: =IF(G71="",0,1/COUNTIF(G:G,G71)) -> 1 | I71: =IF($B71="리오더",Q71,"") | J71: =IF(I71="",0,1/COUNTIF(I:I,I71)) -> 0 | K71: =MID(Q71,6,2) -> E3 | L71: =VLOOKUP(N71,CODE!K:P,CODE!$P$1,FALSE) -> 모자 | M71: =VLOOKUP(MID(Q71,1,3),CODE!$B:$G,CODE!D$1,FALSE) -> TRU | N71: =MID(Q71,4,2) -> FI | O71: =IF(ISERROR(IF(VLOOKUP($N71,CODE!$K:$P,CODE!$O$1,FALSE)="",$M71,$M71&"-"&VLOOKUP($N71,CODE!$K:$P,CODE!$O$1,FALSE)))=TRUE,"",IF(VLOOKUP($N71,CODE!$K:$P,CODE!$O$1,FALSE)="",$M71,$M71&"-"&VLOOKUP($N71,CODE!$K:$P,CODE!$O$1,FALSE))) -> TRU | P71: =MID(Q71,1,10) -> TRUFIE3305 | Q71: TRUFIE3305RE | R71: B | S71: 96 | T71: 9504000 | U71: 2472370.8 | V71: 3.4946215 | W71: 0 | X71: 96
A72: =IF(OR(MID(Q72,8,1)="3",MID(Q72,8,1)="8"),"신규","러닝") -> 신규 | B72: =IF(COUNTIF(Q$1:Q71,Q72)=0,"최초","리오더") -> 최초 | C72: =IF($B72="리오더","",P72) -> TRUFIE3305 | D72: =IF(C72="",0,1/COUNTIF(C:C,C72)) -> 0.25 | E72: =IF($B72="리오더",P72,"") | F72: =IF(E72="",0,1/COUNTIF(E:E,E72)) -> 0 | G72: =IF($B72="리오더","",Q72) -> TRUFIE3305YE | H72: =IF(G72="",0,1/COUNTIF(G:G,G72)) -> 1 | I72: =IF($B72="리오더",Q72,"") | J72: =IF(I72="",0,1/COUNTIF(I:I,I72)) -> 0 | K72: =MID(Q72,6,2) -> E3 | L72: =VLOOKUP(N72,CODE!K:P,CODE!$P$1,FALSE) -> 모자 | M72: =VLOOKUP(MID(Q72,1,3),CODE!$B:$G,CODE!D$1,FALSE) -> TRU | N72: =MID(Q72,4,2) -> FI | O72: =IF(ISERROR(IF(VLOOKUP($N72,CODE!$K:$P,CODE!$O$1,FALSE)="",$M72,$M72&"-"&VLOOKUP($N72,CODE!$K:$P,CODE!$O$1,FALSE)))=TRUE,"",IF(VLOOKUP($N72,CODE!$K:$P,CODE!$O$1,FALSE)="",$M72,$M72&"-"&VLOOKUP($N72,CODE!$K:$P,CODE!$O$1,FALSE))) -> TRU | P72: =MID(Q72,1,10) -> TRUFIE3305 | Q72: TRUFIE3305YE | R72: B | S72: 72 | T72: 7128000 | U72: 1854278.1 | V72: 3.4946215 | W72: 0 | X72: 72
A73: =IF(OR(MID(Q73,8,1)="3",MID(Q73,8,1)="8"),"신규","러닝") -> 신규 | B73: =IF(COUNTIF(Q$1:Q72,Q73)=0,"최초","리오더") -> 최초 | C73: =IF($B73="리오더","",P73) -> TRUFIE3305 | D73: =IF(C73="",0,1/COUNTIF(C:C,C73)) -> 0.25 | E73: =IF($B73="리오더",P73,"") | F73: =IF(E73="",0,1/COUNTIF(E:E,E73)) -> 0 | G73: =IF($B73="리오더","",Q73) -> TRUFIE3305BK | H73: =IF(G73="",0,1/COUNTIF(G:G,G73)) -> 1 | I73: =IF($B73="리오더",Q73,"") | J73: =IF(I73="",0,1/COUNTIF(I:I,I73)) -> 0 | K73: =MID(Q73,6,2) -> E3 | L73: =VLOOKUP(N73,CODE!K:P,CODE!$P$1,FALSE) -> 모자 | M73: =VLOOKUP(MID(Q73,1,3),CODE!$B:$G,CODE!D$1,FALSE) -> TRU | N73: =MID(Q73,4,2) -> FI | O73: =IF(ISERROR(IF(VLOOKUP($N73,CODE!$K:$P,CODE!$O$1,FALSE)="",$M73,$M73&"-"&VLOOKUP($N73,CODE!$K:$P,CODE!$O$1,FALSE)))=TRUE,"",IF(VLOOKUP($N73,CODE!$K:$P,CODE!$O$1,FALSE)="",$M73,$M73&"-"&VLOOKUP($N73,CODE!$K:$P,CODE!$O$1,FALSE))) -> TRU | P73: =MID(Q73,1,10) -> TRUFIE3305 | Q73: TRUFIE3305BK | R73: B | S73: 96 | T73: 9504000 | U73: 2472370.8 | V73: 3.4946215 | W73: 0 | X73: 96
A74: =IF(OR(MID(Q74,8,1)="3",MID(Q74,8,1)="8"),"신규","러닝") -> 신규 | B74: =IF(COUNTIF(Q$1:Q73,Q74)=0,"최초","리오더") -> 최초 | C74: =IF($B74="리오더","",P74) -> TRUFIE3306 | D74: =IF(C74="",0,1/COUNTIF(C:C,C74)) -> 0.33333333 | E74: =IF($B74="리오더",P74,"") | F74: =IF(E74="",0,1/COUNTIF(E:E,E74)) -> 0 | G74: =IF($B74="리오더","",Q74) -> TRUFIE3306NY | H74: =IF(G74="",0,1/COUNTIF(G:G,G74)) -> 1 | I74: =IF($B74="리오더",Q74,"") | J74: =IF(I74="",0,1/COUNTIF(I:I,I74)) -> 0 | K74: =MID(Q74,6,2) -> E3 | L74: =VLOOKUP(N74,CODE!K:P,CODE!$P$1,FALSE) -> 모자 | M74: =VLOOKUP(MID(Q74,1,3),CODE!$B:$G,CODE!D$1,FALSE) -> TRU | N74: =MID(Q74,4,2) -> FI | O74: =IF(ISERROR(IF(VLOOKUP($N74,CODE!$K:$P,CODE!$O$1,FALSE)="",$M74,$M74&"-"&VLOOKUP($N74,CODE!$K:$P,CODE!$O$1,FALSE)))=TRUE,"",IF(VLOOKUP($N74,CODE!$K:$P,CODE!$O$1,FALSE)="",$M74,$M74&"-"&VLOOKUP($N74,CODE!$K:$P,CODE!$O$1,FALSE))) -> TRU | P74: =MID(Q74,1,10) -> TRUFIE3306 | Q74: TRUFIE3306NY | R74: B | S74: 96 | T74: 11040000 | U74: 2921434.8 | V74: 3.4354228 | W74: 0 | X74: 96
A75: =IF(OR(MID(Q75,8,1)="3",MID(Q75,8,1)="8"),"신규","러닝") -> 신규 | B75: =IF(COUNTIF(Q$1:Q74,Q75)=0,"최초","리오더") -> 최초 | C75: =IF($B75="리오더","",P75) -> TRUFIE3306 | D75: =IF(C75="",0,1/COUNTIF(C:C,C75)) -> 0.33333333 | E75: =IF($B75="리오더",P75,"") | F75: =IF(E75="",0,1/COUNTIF(E:E,E75)) -> 0 | G75: =IF($B75="리오더","",Q75) -> TRUFIE3306RE | H75: =IF(G75="",0,1/COUNTIF(G:G,G75)) -> 1 | I75: =IF($B75="리오더",Q75,"") | J75: =IF(I75="",0,1/COUNTIF(I:I,I75)) -> 0 | K75: =MID(Q75,6,2) -> E3 | L75: =VLOOKUP(N75,CODE!K:P,CODE!$P$1,FALSE) -> 모자 | M75: =VLOOKUP(MID(Q75,1,3),CODE!$B:$G,CODE!D$1,FALSE) -> TRU | N75: =MID(Q75,4,2) -> FI | O75: =IF(ISERROR(IF(VLOOKUP($N75,CODE!$K:$P,CODE!$O$1,FALSE)="",$M75,$M75&"-"&VLOOKUP($N75,CODE!$K:$P,CODE!$O$1,FALSE)))=TRUE,"",IF(VLOOKUP($N75,CODE!$K:$P,CODE!$O$1,FALSE)="",$M75,$M75&"-"&VLOOKUP($N75,CODE!$K:$P,CODE!$O$1,FALSE))) -> TRU | P75: =MID(Q75,1,10) -> TRUFIE3306 | Q75: TRUFIE3306RE | R75: B | S75: 96 | T75: 11040000 | U75: 2921434.8 | V75: 3.4354228 | W75: 0 | X75: 96
A76: =IF(OR(MID(Q76,8,1)="3",MID(Q76,8,1)="8"),"신규","러닝") -> 신규 | B76: =IF(COUNTIF(Q$1:Q75,Q76)=0,"최초","리오더") -> 최초 | C76: =IF($B76="리오더","",P76) -> TRUFIE3306 | D76: =IF(C76="",0,1/COUNTIF(C:C,C76)) -> 0.33333333 | E76: =IF($B76="리오더",P76,"") | F76: =IF(E76="",0,1/COUNTIF(E:E,E76)) -> 0 | G76: =IF($B76="리오더","",Q76) -> TRUFIE3306OR | H76: =IF(G76="",0,1/COUNTIF(G:G,G76)) -> 1 | I76: =IF($B76="리오더",Q76,"") | J76: =IF(I76="",0,1/COUNTIF(I:I,I76)) -> 0 | K76: =MID(Q76,6,2) -> E3 | L76: =VLOOKUP(N76,CODE!K:P,CODE!$P$1,FALSE) -> 모자 | M76: =VLOOKUP(MID(Q76,1,3),CODE!$B:$G,CODE!D$1,FALSE) -> TRU | N76: =MID(Q76,4,2) -> FI | O76: =IF(ISERROR(IF(VLOOKUP($N76,CODE!$K:$P,CODE!$O$1,FALSE)="",$M76,$M76&"-"&VLOOKUP($N76,CODE!$K:$P,CODE!$O$1,FALSE)))=TRUE,"",IF(VLOOKUP($N76,CODE!$K:$P,CODE!$O$1,FALSE)="",$M76,$M76&"-"&VLOOKUP($N76,CODE!$K:$P,CODE!$O$1,FALSE))) -> TRU | P76: =MID(Q76,1,10) -> TRUFIE3306 | Q76: TRUFIE3306OR | R76: B | S76: 72 | T76: 8280000 | U76: 2191076.1 | V76: 3.4354228 | W76: 0 | X76: 72
A77: =IF(OR(MID(Q77,8,1)="3",MID(Q77,8,1)="8"),"신규","러닝") -> 신규 | B77: =IF(COUNTIF(Q$1:Q76,Q77)=0,"최초","리오더") -> 최초 | C77: =IF($B77="리오더","",P77) -> JILMIE3301 | D77: =IF(C77="",0,1/COUNTIF(C:C,C77)) -> 1 | E77: =IF($B77="리오더",P77,"") | F77: =IF(E77="",0,1/COUNTIF(E:E,E77)) -> 0 | G77: =IF($B77="리오더","",Q77) -> JILMIE3301BK | H77: =IF(G77="",0,1/COUNTIF(G:G,G77)) -> 1 | I77: =IF($B77="리오더",Q77,"") | J77: =IF(I77="",0,1/COUNTIF(I:I,I77)) -> 0 | K77: =MID(Q77,6,2) -> E3 | L77: =VLOOKUP(N77,CODE!K:P,CODE!$P$1,FALSE) -> 모자 | M77: =VLOOKUP(MID(Q77,1,3),CODE!$B:$G,CODE!D$1,FALSE) -> JIL | N77: =MID(Q77,4,2) -> MI | O77: =IF(ISERROR(IF(VLOOKUP($N77,CODE!$K:$P,CODE!$O$1,FALSE)="",$M77,$M77&"-"&VLOOKUP($N77,CODE!$K:$P,CODE!$O$1,FALSE)))=TRUE,"",IF(VLOOKUP($N77,CODE!$K:$P,CODE!$O$1,FALSE)="",$M77,$M77&"-"&VLOOKUP($N77,CODE!$K:$P,CODE!$O$1,FALSE))) -> JIL | P77: =MID(Q77,1,10) -> JILMIE3301 | Q77: JILMIE3301BK | R77: M | S77: 500 | T77: 24500000 | U77: 3580970 | V77: 6.219747 | W77: 0 | X77: 500
A78: =IF(OR(MID(Q78,8,1)="3",MID(Q78,8,1)="8"),"신규","러닝") -> 신규 | B78: =IF(COUNTIF(Q$1:Q77,Q78)=0,"최초","리오더") -> 최초 | C78: =IF($B78="리오더","",P78) -> JILMIE5303 | D78: =IF(C78="",0,1/COUNTIF(C:C,C78)) -> 0.5 | E78: =IF($B78="리오더",P78,"") | F78: =IF(E78="",0,1/COUNTIF(E:E,E78)) -> 0 | G78: =IF($B78="리오더","",Q78) -> JILMIE5303GY | H78: =IF(G78="",0,1/COUNTIF(G:G,G78)) -> 1 | I78: =IF($B78="리오더",Q78,"") | J78: =IF(I78="",0,1/COUNTIF(I:I,I78)) -> 0 | K78: =MID(Q78,6,2) -> E5 | L78: =VLOOKUP(N78,CODE!K:P,CODE!$P$1,FALSE) -> 모자 | M78: =VLOOKUP(MID(Q78,1,3),CODE!$B:$G,CODE!D$1,FALSE) -> JIL | N78: =MID(Q78,4,2) -> MI | O78: =IF(ISERROR(IF(VLOOKUP($N78,CODE!$K:$P,CODE!$O$1,FALSE)="",$M78,$M78&"-"&VLOOKUP($N78,CODE!$K:$P,CODE!$O$1,FALSE)))=TRUE,"",IF(VLOOKUP($N78,CODE!$K:$P,CODE!$O$1,FALSE)="",$M78,$M78&"-"&VLOOKUP($N78,CODE!$K:$P,CODE!$O$1,FALSE))) -> JIL | P78: =MID(Q78,1,10) -> JILMIE5303 | Q78: JILMIE5303GY | R78: M | S78: 500 | T78: 24500000 | U78: 3205070 | V78: 6.9492171 | W78: 0 | X78: 500
... A343: =IF(OR(MID(Q343,8,1)="3",MID(Q343,8,1)="8"),"신규","러닝") -> 러닝 | B343: =IF(COUNTIF(Q$1:Q342,Q343)=0,"최초","리오더") -> 최초 | C343: =IF($B343="리오더","",P343) -> ELSBPE3613 | D343: =IF(C343="",0,1/COUNTIF(C:C,C343)) -> 1 | E343: =IF($B343="리오더",P343,"") | F343: =IF(E343="",0,1/COUNTIF(E:E,E343)) -> 0 | G343: =IF($B343="리오더","",Q343) -> ELSBPE3613GR | H343: =IF(G343="",0,1/COUNTIF(G:G,G343)) -> 1 | I343: =IF($B343="리오더",Q343,"") | J343: =IF(I343="",0,1/COUNTIF(I:I,I343)) -> 0 | K343: =MID(Q343,6,2) -> E3 | L343: =VLOOKUP(N343,CODE!K:P,CODE!$P$1,FALSE) -> 가방 | M343: =VLOOKUP(MID(Q343,1,3),CODE!$B:$G,CODE!D$1,FALSE) -> ELS | N343: =MID(Q343,4,2) -> BP | O343: =IF(ISERROR(IF(VLOOKUP($N343,CODE!$K:$P,CODE!$O$1,FALSE)="",$M343,$M343&"-"&VLOOKUP($N343,CODE!$K:$P,CODE!$O$1,FALSE)))=TRUE,"",IF(VLOOKUP($N343,CODE!$K:$P,CODE!$O$1,FALSE)="",$M343,$M343&"-"&VLOOKUP($N343,CODE!$K:$P,CODE!$O$1,FALSE))) -> ELS-가방 | P343: =MID(Q343,1,10) -> ELSBPE3613 | Q343: ELSBPE3613GR | R343: M | S343: 500 | T343: 49500000 | U343: 10460000 | V343: 4.3021033 | W343: 500 | X343: 0
A344: =IF(OR(MID(Q344,8,1)="3",MID(Q344,8,1)="8"),"신규","러닝") -> 신규 | B344: 최초 | C344: =IF($B344="리오더","",P344) -> ELSSBE3801 | D344: =IF(C344="",0,1/COUNTIF(C:C,C344)) -> 0.33333333 | E344: =IF($B344="리오더",P344,"") | F344: =IF(E344="",0,1/COUNTIF(E:E,E344)) -> 0 | G344: =IF($B344="리오더","",Q344) -> ELSSBE3801BK | H344: =IF(G344="",0,1/COUNTIF(G:G,G344)) -> 0.5 | I344: =IF($B344="리오더",Q344,"") | J344: =IF(I344="",0,1/COUNTIF(I:I,I344)) -> 0 | K344: =MID(Q344,6,2) -> E3 | L344: =VLOOKUP(N344,CODE!K:P,CODE!$P$1,FALSE) -> 가방 | M344: =VLOOKUP(MID(Q344,1,3),CODE!$B:$G,CODE!D$1,FALSE) -> ELS | N344: =MID(Q344,4,2) -> SB | O344: =IF(ISERROR(IF(VLOOKUP($N344,CODE!$K:$P,CODE!$O$1,FALSE)="",$M344,$M344&"-"&VLOOKUP($N344,CODE!$K:$P,CODE!$O$1,FALSE)))=TRUE,"",IF(VLOOKUP($N344,CODE!$K:$P,CODE!$O$1,FALSE)="",$M344,$M344&"-"&VLOOKUP($N344,CODE!$K:$P,CODE!$O$1,FALSE))) -> ELS-가방 | P344: =MID(Q344,1,10) -> ELSSBE3801 | Q344: ELSSBE3801BK | R344: M | S344: 500 | T344: 22500000 | U344: 5010000 | V344: 4.0827436 | W344: 500 | X344: 0
A345: =IF(OR(MID(Q345,8,1)="3",MID(Q345,8,1)="8"),"신규","러닝") -> 러닝 | B345: =IF(COUNTIF(Q$1:Q344,Q345)=0,"최초","리오더") -> 리오더 | C345: =IF($B345="리오더","",P345) | D345: =IF(C345="",0,1/COUNTIF(C:C,C345)) -> 0 | E345: =IF($B345="리오더",P345,"") -> VBLBAE3216 | F345: =IF(E345="",0,1/COUNTIF(E:E,E345)) -> 0.25 | G345: =IF($B345="리오더","",Q345) | H345: =IF(G345="",0,1/COUNTIF(G:G,G345)) -> 0 | I345: =IF($B345="리오더",Q345,"") -> VBLBAE3216BK | J345: =IF(I345="",0,1/COUNTIF(I:I,I345)) -> 0.5 | K345: =MID(Q345,6,2) -> E3 | L345: =VLOOKUP(N345,CODE!K:P,CODE!$P$1,FALSE) -> 모자 | M345: =VLOOKUP(MID(Q345,1,3),CODE!$B:$G,CODE!D$1,FALSE) -> VBL | N345: =MID(Q345,4,2) -> BA | O345: =IF(ISERROR(IF(VLOOKUP($N345,CODE!$K:$P,CODE!$O$1,FALSE)="",$M345,$M345&"-"&VLOOKUP($N345,CODE!$K:$P,CODE!$O$1,FALSE)))=TRUE,"",IF(VLOOKUP($N345,CODE!$K:$P,CODE!$O$1,FALSE)="",$M345,$M345&"-"&VLOOKUP($N345,CODE!$K:$P,CODE!$O$1,FALSE))) -> VBL | P345: =MID(Q345,1,10) -> VBLBAE3216 | Q345: VBLBAE3216BK | R345: M | S345: 3000 | T345: 147000000 | U345: 25560000 | V345: 5.2283397 | W345: 3000 | X345: 0
A346: =IF(OR(MID(Q346,8,1)="3",MID(Q346,8,1)="8"),"신규","러닝") -> 러닝 | B346: =IF(COUNTIF(Q$1:Q345,Q346)=0,"최초","리오더") -> 최초 | C346: =IF($B346="리오더","",P346) -> BMDBAE3202 | D346: =IF(C346="",0,1/COUNTIF(C:C,C346)) -> 0.25 | E346: =IF($B346="리오더",P346,"") | F346: =IF(E346="",0,1/COUNTIF(E:E,E346)) -> 0 | G346: =IF($B346="리오더","",Q346) -> BMDBAE3202BK | H346: =IF(G346="",0,1/COUNTIF(G:G,G346)) -> 1 | I346: =IF($B346="리오더",Q346,"") | J346: =IF(I346="",0,1/COUNTIF(I:I,I346)) -> 0 | K346: =MID(Q346,6,2) -> E3 | L346: =VLOOKUP(N346,CODE!K:P,CODE!$P$1,FALSE) -> 모자 | M346: =VLOOKUP(MID(Q346,1,3),CODE!$B:$G,CODE!D$1,FALSE) -> BMD | N346: =MID(Q346,4,2) -> BA | O346: =IF(ISERROR(IF(VLOOKUP($N346,CODE!$K:$P,CODE!$O$1,FALSE)="",$M346,$M346&"-"&VLOOKUP($N346,CODE!$K:$P,CODE!$O$1,FALSE)))=TRUE,"",IF(VLOOKUP($N346,CODE!$K:$P,CODE!$O$1,FALSE)="",$M346,$M346&"-"&VLOOKUP($N346,CODE!$K:$P,CODE!$O$1,FALSE))) -> BMD | P346: =MID(Q346,1,10) -> BMDBAE3202 | Q346: BMDBAE3202BK | R346: M | S346: 1000 | T346: 55000000 | U346: 9020000 | V346: 5.5432373 | W346: 497 | X346: 503
A347: =IF(OR(MID(Q347,8,1)="3",MID(Q347,8,1)="8"),"신규","러닝") -> 러닝 | B347: =IF(COUNTIF(Q$1:Q346,Q347)=0,"최초","리오더") -> 최초 | C347: =IF($B347="리오더","",P347) -> BMDBAE3202 | D347: =IF(C347="",0,1/COUNTIF(C:C,C347)) -> 0.25 | E347: =IF($B347="리오더",P347,"") | F347: =IF(E347="",0,1/COUNTIF(E:E,E347)) -> 0 | G347: =IF($B347="리오더","",Q347) -> BMDBAE3202PK | H347: =IF(G347="",0,1/COUNTIF(G:G,G347)) -> 1 | I347: =IF($B347="리오더",Q347,"") | J347: =IF(I347="",0,1/COUNTIF(I:I,I347)) -> 0 | K347: =MID(Q347,6,2) -> E3 | L347: =VLOOKUP(N347,CODE!K:P,CODE!$P$1,FALSE) -> 모자 | M347: =VLOOKUP(MID(Q347,1,3),CODE!$B:$G,CODE!D$1,FALSE) -> BMD | N347: =MID(Q347,4,2) -> BA | O347: =IF(ISERROR(IF(VLOOKUP($N347,CODE!$K:$P,CODE!$O$1,FALSE)="",$M347,$M347&"-"&VLOOKUP($N347,CODE!$K:$P,CODE!$O$1,FALSE)))=TRUE,"",IF(VLOOKUP($N347,CODE!$K:$P,CODE!$O$1,FALSE)="",$M347,$M347&"-"&VLOOKUP($N347,CODE!$K:$P,CODE!$O$1,FALSE))) -> BMD | P347: =MID(Q347,1,10) -> BMDBAE3202 | Q347: BMDBAE3202PK | R347: M | S347: 1000 | T347: 55000000 | U347: 9020000 | V347: 5.5432373 | W347: 499 | X347: 501
A348: =IF(OR(MID(Q348,8,1)="3",MID(Q348,8,1)="8"),"신규","러닝") -> 신규 | B348: =IF(COUNTIF(Q$1:Q347,Q348)=0,"최초","리오더") -> 최초 | C348: =IF($B348="리오더","",P348) -> HCUMIE3304 | D348: =IF(C348="",0,1/COUNTIF(C:C,C348)) -> 1 | E348: =IF($B348="리오더",P348,"") | F348: =IF(E348="",0,1/COUNTIF(E:E,E348)) -> 0 | G348: =IF($B348="리오더","",Q348) -> HCUMIE3304BK | H348: =IF(G348="",0,1/COUNTIF(G:G,G348)) -> 1 | I348: =IF($B348="리오더",Q348,"") | J348: =IF(I348="",0,1/COUNTIF(I:I,I348)) -> 0 | K348: =MID(Q348,6,2) -> E3 | L348: =VLOOKUP(N348,CODE!K:P,CODE!$P$1,FALSE) -> 모자 | M348: =VLOOKUP(MID(Q348,1,3),CODE!$B:$G,CODE!D$1,FALSE) -> HCU | N348: =MID(Q348,4,2) -> MI | O348: =IF(ISERROR(IF(VLOOKUP($N348,CODE!$K:$P,CODE!$O$1,FALSE)="",$M348,$M348&"-"&VLOOKUP($N348,CODE!$K:$P,CODE!$O$1,FALSE)))=TRUE,"",IF(VLOOKUP($N348,CODE!$K:$P,CODE!$O$1,FALSE)="",$M348,$M348&"-"&VLOOKUP($N348,CODE!$K:$P,CODE!$O$1,FALSE))) -> HCU | P348: =MID(Q348,1,10) -> HCUMIE3304 | Q348: HCUMIE3304BK | R348: M | S348: 1000 | T348: 49000000 | U348: 5938470 | V348: 7.5011669 | W348: 0 | X348: 1000
A349: =IF(OR(MID(Q349,8,1)="3",MID(Q349,8,1)="8"),"신규","러닝") -> 신규 | B349: =IF(COUNTIF(Q$1:Q348,Q349)=0,"최초","리오더") -> 최초 | C349: =IF($B349="리오더","",P349) -> HCUMIE3305 | D349: =IF(C349="",0,1/COUNTIF(C:C,C349)) -> 1 | E349: =IF($B349="리오더",P349,"") | F349: =IF(E349="",0,1/COUNTIF(E:E,E349)) -> 0 | G349: =IF($B349="리오더","",Q349) -> HCUMIE3305NY | H349: =IF(G349="",0,1/COUNTIF(G:G,G349)) -> 1 | I349: =IF($B349="리오더",Q349,"") | J349: =IF(I349="",0,1/COUNTIF(I:I,I349)) -> 0 | K349: =MID(Q349,6,2) -> E3 | L349: =VLOOKUP(N349,CODE!K:P,CODE!$P$1,FALSE) -> 모자 | M349: =VLOOKUP(MID(Q349,1,3),CODE!$B:$G,CODE!D$1,FALSE) -> HCU | N349: =MID(Q349,4,2) -> MI | O349: =IF(ISERROR(IF(VLOOKUP($N349,CODE!$K:$P,CODE!$O$1,FALSE)="",$M349,$M349&"-"&VLOOKUP($N349,CODE!$K:$P,CODE!$O$1,FALSE)))=TRUE,"",IF(VLOOKUP($N349,CODE!$K:$P,CODE!$O$1,FALSE)="",$M349,$M349&"-"&VLOOKUP($N349,CODE!$K:$P,CODE!$O$1,FALSE))) -> HCU | P349: =MID(Q349,1,10) -> HCUMIE3305 | Q349: HCUMIE3305NY | R349: M | S349: 800 | T349: 44000000 | U349: 7126060 | V349: 5.6132 | W349: 0 | X349: 800
A350: =IF(OR(MID(Q350,8,1)="3",MID(Q350,8,1)="8"),"신규","러닝") -> 신규 | B350: =IF(COUNTIF(Q$1:Q349,Q350)=0,"최초","리오더") -> 최초 | C350: =IF($B350="리오더","",P350) -> HCUMIE3306 | D350: =IF(C350="",0,1/COUNTIF(C:C,C350)) -> 0.5 | E350: =IF($B350="리오더",P350,"") | F350: =IF(E350="",0,1/COUNTIF(E:E,E350)) -> 0 | G350: =IF($B350="리오더","",Q350) -> HCUMIE3306KH | H350: =IF(G350="",0,1/COUNTIF(G:G,G350)) -> 1 | I350: =IF($B350="리오더",Q350,"") | J350: =IF(I350="",0,1/COUNTIF(I:I,I350)) -> 0 | K350: =MID(Q350,6,2) -> E3 | L350: =VLOOKUP(N350,CODE!K:P,CODE!$P$1,FALSE) -> 모자 | M350: =VLOOKUP(MID(Q350,1,3),CODE!$B:$G,CODE!D$1,FALSE) -> HCU | N350: =MID(Q350,4,2) -> MI | O350: =IF(ISERROR(IF(VLOOKUP($N350,CODE!$K:$P,CODE!$O$1,FALSE)="",$M350,$M350&"-"&VLOOKUP($N350,CODE!$K:$P,CODE!$O$1,FALSE)))=TRUE,"",IF(VLOOKUP($N350,CODE!$K:$P,CODE!$O$1,FALSE)="",$M350,$M350&"-"&VLOOKUP($N350,CODE!$K:$P,CODE!$O$1,FALSE))) -> HCU | P350: =MID(Q350,1,10) -> HCUMIE3306 | Q350: HCUMIE3306KH | R350: M | S350: 800 | T350: 44000000 | U350: 7517256 | V350: 5.3210906 | W350: 0 | X350: 800
A351: =IF(OR(MID(Q351,8,1)="3",MID(Q351,8,1)="8"),"신규","러닝") -> 신규 | B351: =IF(COUNTIF(Q$1:Q350,Q351)=0,"최초","리오더") -> 최초 | C351: =IF($B351="리오더","",P351) -> HCUMIE3306 | D351: =IF(C351="",0,1/COUNTIF(C:C,C351)) -> 0.5 | E351: =IF($B351="리오더",P351,"") | F351: =IF(E351="",0,1/COUNTIF(E:E,E351)) -> 0 | G351: =IF($B351="리오더","",Q351) -> HCUMIE3306BK | H351: =IF(G351="",0,1/COUNTIF(G:G,G351)) -> 1 | I351: =IF($B351="리오더",Q351,"") | J351: =IF(I351="",0,1/COUNTIF(I:I,I351)) -> 0 | K351: =MID(Q351,6,2) -> E3 | L351: =VLOOKUP(N351,CODE!K:P,CODE!$P$1,FALSE) -> 모자 | M351: =VLOOKUP(MID(Q351,1,3),CODE!$B:$G,CODE!D$1,FALSE) -> HCU | N351: =MID(Q351,4,2) -> MI | O351: =IF(ISERROR(IF(VLOOKUP($N351,CODE!$K:$P,CODE!$O$1,FALSE)="",$M351,$M351&"-"&VLOOKUP($N351,CODE!$K:$P,CODE!$O$1,FALSE)))=TRUE,"",IF(VLOOKUP($N351,CODE!$K:$P,CODE!$O$1,FALSE)="",$M351,$M351&"-"&VLOOKUP($N351,CODE!$K:$P,CODE!$O$1,FALSE))) -> HCU | P351: =MID(Q351,1,10) -> HCUMIE3306 | Q351: HCUMIE3306BK | R351: M | S351: 800 | T351: 44000000 | U351: 7517256 | V351: 5.3210906 | W351: 0 | X351: 800
A352: =IF(OR(MID(Q352,8,1)="3",MID(Q352,8,1)="8"),"신규","러닝") -> 신규 | B352: =IF(COUNTIF(Q$1:Q351,Q352)=0,"최초","리오더") -> 최초 | C352: =IF($B352="리오더","",P352) -> HCUMIE3307 | D352: =IF(C352="",0,1/COUNTIF(C:C,C352)) -> 1 | E352: =IF($B352="리오더",P352,"") | F352: =IF(E352="",0,1/COUNTIF(E:E,E352)) -> 0 | G352: =IF($B352="리오더","",Q352) -> HCUMIE3307GY | H352: =IF(G352="",0,1/COUNTIF(G:G,G352)) -> 1 | I352: =IF($B352="리오더",Q352,"") | J352: =IF(I352="",0,1/COUNTIF(I:I,I352)) -> 0 | K352: =MID(Q352,6,2) -> E3 | L352: =VLOOKUP(N352,CODE!K:P,CODE!$P$1,FALSE) -> 모자 | M352: =VLOOKUP(MID(Q352,1,3),CODE!$B:$G,CODE!D$1,FALSE) -> HCU | N352: =MID(Q352,4,2) -> MI | O352: =IF(ISERROR(IF(VLOOKUP($N352,CODE!$K:$P,CODE!$O$1,FALSE)="",$M352,$M352&"-"&VLOOKUP($N352,CODE!$K:$P,CODE!$O$1,FALSE)))=TRUE,"",IF(VLOOKUP($N352,CODE!$K:$P,CODE!$O$1,FALSE)="",$M352,$M352&"-"&VLOOKUP($N352,CODE!$K:$P,CODE!$O$1,FALSE))) -> HCU | P352: =MID(Q352,1,10) -> HCUMIE3307 | Q352: HCUMIE3307GY | R352: M | S352: 800 | T352: 44000000 | U352: 7236176 | V352: 5.5277815 | W352: 0 | X352: 800
A353: =IF(OR(MID(Q353,8,1)="3",MID(Q353,8,1)="8"),"신규","러닝") -> 신규 | B353: =IF(COUNTIF(Q$1:Q352,Q353)=0,"최초","리오더") -> 최초 | C353: =IF($B353="리오더","",P353) -> HCUERE5308 | D353: =IF(C353="",0,1/COUNTIF(C:C,C353)) -> 0.5 | E353: =IF($B353="리오더",P353,"") | F353: =IF(E353="",0,1/COUNTIF(E:E,E353)) -> 0 | G353: =IF($B353="리오더","",Q353) -> HCUERE5308KH | H353: =IF(G353="",0,1/COUNTIF(G:G,G353)) -> 1 | I353: =IF($B353="리오더",Q353,"") | J353: =IF(I353="",0,1/COUNTIF(I:I,I353)) -> 0 | K353: =MID(Q353,6,2) -> E5 | L353: =VLOOKUP(N353,CODE!K:P,CODE!$P$1,FALSE) -> 모자 | M353: =VLOOKUP(MID(Q353,1,3),CODE!$B:$G,CODE!D$1,FALSE) -> HCU | N353: =MID(Q353,4,2) -> ER | O353: =IF(ISERROR(IF(VLOOKUP($N353,CODE!$K:$P,CODE!$O$1,FALSE)="",$M353,$M353&"-"&VLOOKUP($N353,CODE!$K:$P,CODE!$O$1,FALSE)))=TRUE,"",IF(VLOOKUP($N353,CODE!$K:$P,CODE!$O$1,FALSE)="",$M353,$M353&"-"&VLOOKUP($N353,CODE!$K:$P,CODE!$O$1,FALSE))) -> HCU | P353: =MID(Q353,1,10) -> HCUERE5308 | Q353: HCUERE5308KH | R353: M | S353: 800 | T353: 47200000 | U353: 6631792 | V353: 6.4702106 | W353: 0 | X353: 800
A354: =IF(OR(MID(Q354,8,1)="3",MID(Q354,8,1)="8"),"신규","러닝") -> 신규 | B354: =IF(COUNTIF(Q$1:Q353,Q354)=0,"최초","리오더") -> 최초 | C354: =IF($B354="리오더","",P354) -> HCUERE5308 | D354: =IF(C354="",0,1/COUNTIF(C:C,C354)) -> 0.5 | E354: =IF($B354="리오더",P354,"") | F354: =IF(E354="",0,1/COUNTIF(E:E,E354)) -> 0 | G354: =IF($B354="리오더","",Q354) -> HCUERE5308BK | H354: =IF(G354="",0,1/COUNTIF(G:G,G354)) -> 1 | I354: =IF($B354="리오더",Q354,"") | J354: =IF(I354="",0,1/COUNTIF(I:I,I354)) -> 0 | K354: =MID(Q354,6,2) -> E5 | L354: =VLOOKUP(N354,CODE!K:P,CODE!$P$1,FALSE) -> 모자 | M354: =VLOOKUP(MID(Q354,1,3),CODE!$B:$G,CODE!D$1,FALSE) -> HCU | N354: =MID(Q354,4,2) -> ER | O354: =IF(ISERROR(IF(VLOOKUP($N354,CODE!$K:$P,CODE!$O$1,FALSE)="",$M354,$M354&"-"&VLOOKUP($N354,CODE!$K:$P,CODE!$O$1,FALSE)))=TRUE,"",IF(VLOOKUP($N354,CODE!$K:$P,CODE!$O$1,FALSE)="",$M354,$M354&"-"&VLOOKUP($N354,CODE!$K:$P,CODE!$O$1,FALSE))) -> HCU | P354: =MID(Q354,1,10) -> HCUERE5308 | Q354: HCUERE5308BK | R354: M | S354: 800 | T354: 47200000 | U354: 6813792 | V354: 6.2973878 | W354: 0 | X354: 800
A355: =IF(OR(MID(Q355,8,1)="3",MID(Q355,8,1)="8"),"신규","러닝") -> 신규 | B355: =IF(COUNTIF(Q$1:Q354,Q355)=0,"최초","리오더") -> 최초 | C355: =IF($B355="리오더","",P355) -> PLAUME3301 | D355: =IF(C355="",0,1/COUNTIF(C:C,C355)) -> 1 | E355: =IF($B355="리오더",P355,"") | F355: =IF(E355="",0,1/COUNTIF(E:E,E355)) -> 0 | G355: =IF($B355="리오더","",Q355) -> PLAUME3301BL | H355: =IF(G355="",0,1/COUNTIF(G:G,G355)) -> 1 | I355: =IF($B355="리오더",Q355,"") | J355: =IF(I355="",0,1/COUNTIF(I:I,I355)) -> 0 | K355: =MID(Q355,6,2) -> E3 | L355: =VLOOKUP(N355,CODE!K:P,CODE!$P$1,FALSE) -> 모자 | M355: =VLOOKUP(MID(Q355,1,3),CODE!$B:$G,CODE!D$1,FALSE) -> PLA | N355: =MID(Q355,4,2) -> UM | O355: =IF(ISERROR(IF(VLOOKUP($N355,CODE!$K:$P,CODE!$O$1,FALSE)="",$M355,$M355&"-"&VLOOKUP($N355,CODE!$K:$P,CODE!$O$1,FALSE)))=TRUE,"",IF(VLOOKUP($N355,CODE!$K:$P,CODE!$O$1,FALSE)="",$M355,$M355&"-"&VLOOKUP($N355,CODE!$K:$P,CODE!$O$1,FALSE))) -> PLA | P355: =MID(Q355,1,10) -> PLAUME3301 | Q355: PLAUME3301BL | R355: M | S355: 700 | T355: 45500000 | U355: 6112260 | V355: 6.7673228 | W355: 0 | X355: 700
A356: =IF(OR(MID(Q356,8,1)="3",MID(Q356,8,1)="8"),"신규","러닝") -> 신규 | B356: =IF(COUNTIF(Q$1:Q355,Q356)=0,"최초","리오더") -> 최초 | C356: =IF($B356="리오더","",P356) -> PLAUME3302 | D356: =IF(C356="",0,1/COUNTIF(C:C,C356)) -> 1 | E356: =IF($B356="리오더",P356,"") | F356: =IF(E356="",0,1/COUNTIF(E:E,E356)) -> 0 | G356: =IF($B356="리오더","",Q356) -> PLAUME3302PK | H356: =IF(G356="",0,1/COUNTIF(G:G,G356)) -> 1 | I356: =IF($B356="리오더",Q356,"") | J356: =IF(I356="",0,1/COUNTIF(I:I,I356)) -> 0 | K356: =MID(Q356,6,2) -> E3 | L356: =VLOOKUP(N356,CODE!K:P,CODE!$P$1,FALSE) -> 모자 | M356: =VLOOKUP(MID(Q356,1,3),CODE!$B:$G,CODE!D$1,FALSE) -> PLA | N356: =MID(Q356,4,2) -> UM | O356: =IF(ISERROR(IF(VLOOKUP($N356,CODE!$K:$P,CODE!$O$1,FALSE)="",$M356,$M356&"-"&VLOOKUP($N356,CODE!$K:$P,CODE!$O$1,FALSE)))=TRUE,"",IF(VLOOKUP($N356,CODE!$K:$P,CODE!$O$1,FALSE)="",$M356,$M356&"-"&VLOOKUP($N356,CODE!$K:$P,CODE!$O$1,FALSE))) -> PLA | P356: =MID(Q356,1,10) -> PLAUME3302 | Q356: PLAUME3302PK | R356: M | S356: 700 | T356: 45500000 | U356: 6112260 | V356: 6.7673228 | W356: 0 | X356: 700
... A563: =IF(OR(MID(Q563,8,1)="3",MID(Q563,8,1)="8"),"신규","러닝") -> 러닝 | B563: =IF(COUNTIF(Q$1:Q562,Q563)=0,"최초","리오더") -> 최초 | C563: =IF($B563="리오더","",P563) -> ELSERE5645 | D563: =IF(C563="",0,1/COUNTIF(C:C,C563)) -> 1 | E563: =IF($B563="리오더",P563,"") | F563: =IF(E563="",0,1/COUNTIF(E:E,E563)) -> 0 | G563: =IF($B563="리오더","",Q563) -> ELSERE5645BK | H563: =IF(G563="",0,1/COUNTIF(G:G,G563)) -> 1 | I563: =IF($B563="리오더",Q563,"") | J563: =IF(I563="",0,1/COUNTIF(I:I,I563)) -> 0 | K563: =MID(Q563,6,2) -> E5 | L563: =VLOOKUP(N563,CODE!K:P,CODE!$P$1,FALSE) -> 모자 | M563: =VLOOKUP(MID(Q563,1,3),CODE!$B:$G,CODE!D$1,FALSE) -> ELS | N563: =MID(Q563,4,2) -> ER | O563: =IF(ISERROR(IF(VLOOKUP($N563,CODE!$K:$P,CODE!$O$1,FALSE)="",$M563,$M563&"-"&VLOOKUP($N563,CODE!$K:$P,CODE!$O$1,FALSE)))=TRUE,"",IF(VLOOKUP($N563,CODE!$K:$P,CODE!$O$1,FALSE)="",$M563,$M563&"-"&VLOOKUP($N563,CODE!$K:$P,CODE!$O$1,FALSE))) -> ELS | P563: =MID(Q563,1,10) -> ELSERE5645 | Q563: ELSERE5645BK | R563: M | S563: 1200 | T563: 75600000 | U563: 12037034 | V563: 5.7096518 | W563: 0 | X563: 1200
A564: =IF(OR(MID(Q564,8,1)="3",MID(Q564,8,1)="8"),"신규","러닝") -> 신규 | B564: 최초 | C564: =IF($B564="리오더","",P564) -> ELSTPE5301 | D564: =IF(C564="",0,1/COUNTIF(C:C,C564)) -> 0.5 | E564: =IF($B564="리오더",P564,"") | F564: =IF(E564="",0,1/COUNTIF(E:E,E564)) -> 0 | G564: =IF($B564="리오더","",Q564) -> ELSTPE5301NY | H564: =IF(G564="",0,1/COUNTIF(G:G,G564)) -> 0.5 | I564: =IF($B564="리오더",Q564,"") | J564: =IF(I564="",0,1/COUNTIF(I:I,I564)) -> 0 | K564: =MID(Q564,6,2) -> E5 | L564: =VLOOKUP(N564,CODE!K:P,CODE!$P$1,FALSE) -> 모자 | M564: =VLOOKUP(MID(Q564,1,3),CODE!$B:$G,CODE!D$1,FALSE) -> ELS | N564: =MID(Q564,4,2) -> TP | O564: =IF(ISERROR(IF(VLOOKUP($N564,CODE!$K:$P,CODE!$O$1,FALSE)="",$M564,$M564&"-"&VLOOKUP($N564,CODE!$K:$P,CODE!$O$1,FALSE)))=TRUE,"",IF(VLOOKUP($N564,CODE!$K:$P,CODE!$O$1,FALSE)="",$M564,$M564&"-"&VLOOKUP($N564,CODE!$K:$P,CODE!$O$1,FALSE))) -> ELS | P564: =MID(Q564,1,10) -> ELSTPE5301 | Q564: ELSTPE5301NY | R564: M | S564: 200 | T564: 11800000 | U564: 1970896 | V564: 5.4428406 | W564: 0 | X564: 200
A565: =IF(OR(MID(Q565,8,1)="3",MID(Q565,8,1)="8"),"신규","러닝") -> 신규 | B565: 최초 | C565: =IF($B565="리오더","",P565) -> ELSTPE5801 | D565: =IF(C565="",0,1/COUNTIF(C:C,C565)) -> 0.5 | E565: =IF($B565="리오더",P565,"") | F565: =IF(E565="",0,1/COUNTIF(E:E,E565)) -> 0 | G565: =IF($B565="리오더","",Q565) -> ELSTPE5801NY | H565: =IF(G565="",0,1/COUNTIF(G:G,G565)) -> 0.5 | I565: =IF($B565="리오더",Q565,"") | J565: =IF(I565="",0,1/COUNTIF(I:I,I565)) -> 0 | K565: =MID(Q565,6,2) -> E5 | L565: =VLOOKUP(N565,CODE!K:P,CODE!$P$1,FALSE) -> 모자 | M565: =VLOOKUP(MID(Q565,1,3),CODE!$B:$G,CODE!D$1,FALSE) -> ELS | N565: =MID(Q565,4,2) -> TP | O565: =IF(ISERROR(IF(VLOOKUP($N565,CODE!$K:$P,CODE!$O$1,FALSE)="",$M565,$M565&"-"&VLOOKUP($N565,CODE!$K:$P,CODE!$O$1,FALSE)))=TRUE,"",IF(VLOOKUP($N565,CODE!$K:$P,CODE!$O$1,FALSE)="",$M565,$M565&"-"&VLOOKUP($N565,CODE!$K:$P,CODE!$O$1,FALSE))) -> ELS | P565: =MID(Q565,1,10) -> ELSTPE5801 | Q565: ELSTPE5801NY | R565: M | S565: 200 | T565: 11000000 | U565: 1958896 | V565: 5.1049162 | W565: 0 | X565: 200
A566: =IF(OR(MID(Q566,8,1)="3",MID(Q566,8,1)="8"),"신규","러닝") -> 신규 | B566: 최초 | C566: =IF($B566="리오더","",P566) -> ELSBAE3311 | D566: =IF(C566="",0,1/COUNTIF(C:C,C566)) -> 0.25 | E566: =IF($B566="리오더",P566,"") | F566: =IF(E566="",0,1/COUNTIF(E:E,E566)) -> 0 | G566: =IF($B566="리오더","",Q566) -> ELSBAE3311LI | H566: =IF(G566="",0,1/COUNTIF(G:G,G566)) -> 0.5 | I566: =IF($B566="리오더",Q566,"") | J566: =IF(I566="",0,1/COUNTIF(I:I,I566)) -> 0 | K566: =MID(Q566,6,2) -> E3 | L566: =VLOOKUP(N566,CODE!K:P,CODE!$P$1,FALSE) -> 모자 | M566: =VLOOKUP(MID(Q566,1,3),CODE!$B:$G,CODE!D$1,FALSE) -> ELS | N566: =MID(Q566,4,2) -> BA | O566: =IF(ISERROR(IF(VLOOKUP($N566,CODE!$K:$P,CODE!$O$1,FALSE)="",$M566,$M566&"-"&VLOOKUP($N566,CODE!$K:$P,CODE!$O$1,FALSE)))=TRUE,"",IF(VLOOKUP($N566,CODE!$K:$P,CODE!$O$1,FALSE)="",$M566,$M566&"-"&VLOOKUP($N566,CODE!$K:$P,CODE!$O$1,FALSE))) -> ELS | P566: =MID(Q566,1,10) -> ELSBAE3311 | Q566: ELSBAE3311LI | R566: M | S566: 400 | T566: 19600000 | U566: 3051656 | V566: 5.8388566 | W566: 0 | X566: 400
A567: =IF(OR(MID(Q567,8,1)="3",MID(Q567,8,1)="8"),"신규","러닝") -> 신규 | B567: 최초 | C567: =IF($B567="리오더","",P567) -> ELSBAE3811 | D567: =IF(C567="",0,1/COUNTIF(C:C,C567)) -> 0.25 | E567: =IF($B567="리오더",P567,"") | F567: =IF(E567="",0,1/COUNTIF(E:E,E567)) -> 0 | G567: =IF($B567="리오더","",Q567) -> ELSBAE3811LI | H567: =IF(G567="",0,1/COUNTIF(G:G,G567)) -> 0.5 | I567: =IF($B567="리오더",Q567,"") | J567: =IF(I567="",0,1/COUNTIF(I:I,I567)) -> 0 | K567: =MID(Q567,6,2) -> E3 | L567: =VLOOKUP(N567,CODE!K:P,CODE!$P$1,FALSE) -> 모자 | M567: =VLOOKUP(MID(Q567,1,3),CODE!$B:$G,CODE!D$1,FALSE) -> ELS | N567: =MID(Q567,4,2) -> BA | O567: =IF(ISERROR(IF(VLOOKUP($N567,CODE!$K:$P,CODE!$O$1,FALSE)="",$M567,$M567&"-"&VLOOKUP($N567,CODE!$K:$P,CODE!$O$1,FALSE)))=TRUE,"",IF(VLOOKUP($N567,CODE!$K:$P,CODE!$O$1,FALSE)="",$M567,$M567&"-"&VLOOKUP($N567,CODE!$K:$P,CODE!$O$1,FALSE))) -> ELS | P567: =MID(Q567,1,10) -> ELSBAE3811 | Q567: ELSBAE3811LI | R567: M | S567: 400 | T567: 17200000 | U567: 3001760 | V567: 5.2090652 | W567: 0 | X567: 400
A568: =IF(OR(MID(Q568,8,1)="3",MID(Q568,8,1)="8"),"신규","러닝") -> 신규 | B568: 최초 | C568: =IF($B568="리오더","",P568) -> ELSBAE3311 | D568: =IF(C568="",0,1/COUNTIF(C:C,C568)) -> 0.25 | E568: =IF($B568="리오더",P568,"") | F568: =IF(E568="",0,1/COUNTIF(E:E,E568)) -> 0 | G568: =IF($B568="리오더","",Q568) -> ELSBAE3311PK | H568: =IF(G568="",0,1/COUNTIF(G:G,G568)) -> 0.5 | I568: =IF($B568="리오더",Q568,"") | J568: =IF(I568="",0,1/COUNTIF(I:I,I568)) -> 0 | K568: =MID(Q568,6,2) -> E3 | L568: =VLOOKUP(N568,CODE!K:P,CODE!$P$1,FALSE) -> 모자 | M568: =VLOOKUP(MID(Q568,1,3),CODE!$B:$G,CODE!D$1,FALSE) -> ELS | N568: =MID(Q568,4,2) -> BA | O568: =IF(ISERROR(IF(VLOOKUP($N568,CODE!$K:$P,CODE!$O$1,FALSE)="",$M568,$M568&"-"&VLOOKUP($N568,CODE!$K:$P,CODE!$O$1,FALSE)))=TRUE,"",IF(VLOOKUP($N568,CODE!$K:$P,CODE!$O$1,FALSE)="",$M568,$M568&"-"&VLOOKUP($N568,CODE!$K:$P,CODE!$O$1,FALSE))) -> ELS | P568: =MID(Q568,1,10) -> ELSBAE3311 | Q568: ELSBAE3311PK | R568: M | S568: 400 | T568: 19600000 | U568: 3051656 | V568: 5.8388566 | W568: 0 | X568: 400
A569: =IF(OR(MID(Q569,8,1)="3",MID(Q569,8,1)="8"),"신규","러닝") -> 신규 | B569: 최초 | C569: =IF($B569="리오더","",P569) -> ELSBAE3811 | D569: =IF(C569="",0,1/COUNTIF(C:C,C569)) -> 0.25 | E569: =IF($B569="리오더",P569,"") | F569: =IF(E569="",0,1/COUNTIF(E:E,E569)) -> 0 | G569: =IF($B569="리오더","",Q569) -> ELSBAE3811PK | H569: =IF(G569="",0,1/COUNTIF(G:G,G569)) -> 0.5 | I569: =IF($B569="리오더",Q569,"") | J569: =IF(I569="",0,1/COUNTIF(I:I,I569)) -> 0 | K569: =MID(Q569,6,2) -> E3 | L569: =VLOOKUP(N569,CODE!K:P,CODE!$P$1,FALSE) -> 모자 | M569: =VLOOKUP(MID(Q569,1,3),CODE!$B:$G,CODE!D$1,FALSE) -> ELS | N569: =MID(Q569,4,2) -> BA | O569: =IF(ISERROR(IF(VLOOKUP($N569,CODE!$K:$P,CODE!$O$1,FALSE)="",$M569,$M569&"-"&VLOOKUP($N569,CODE!$K:$P,CODE!$O$1,FALSE)))=TRUE,"",IF(VLOOKUP($N569,CODE!$K:$P,CODE!$O$1,FALSE)="",$M569,$M569&"-"&VLOOKUP($N569,CODE!$K:$P,CODE!$O$1,FALSE))) -> ELS | P569: =MID(Q569,1,10) -> ELSBAE3811 | Q569: ELSBAE3811PK | R569: M | S569: 400 | T569: 17200000 | U569: 3001760 | V569: 5.2090652 | W569: 0 | X569: 400
A570: =IF(OR(MID(Q570,8,1)="3",MID(Q570,8,1)="8"),"신규","러닝") -> 신규 | B570: 최초 | C570: =IF($B570="리오더","",P570) -> ELSBAE3312 | D570: =IF(C570="",0,1/COUNTIF(C:C,C570)) -> 0.5 | E570: =IF($B570="리오더",P570,"") | F570: =IF(E570="",0,1/COUNTIF(E:E,E570)) -> 0 | G570: =IF($B570="리오더","",Q570) -> ELSBAE3312NY | H570: =IF(G570="",0,1/COUNTIF(G:G,G570)) -> 0.5 | I570: =IF($B570="리오더",Q570,"") | J570: =IF(I570="",0,1/COUNTIF(I:I,I570)) -> 0 | K570: =MID(Q570,6,2) -> E3 | L570: =VLOOKUP(N570,CODE!K:P,CODE!$P$1,FALSE) -> 모자 | M570: =VLOOKUP(MID(Q570,1,3),CODE!$B:$G,CODE!D$1,FALSE) -> ELS | N570: =MID(Q570,4,2) -> BA | O570: =IF(ISERROR(IF(VLOOKUP($N570,CODE!$K:$P,CODE!$O$1,FALSE)="",$M570,$M570&"-"&VLOOKUP($N570,CODE!$K:$P,CODE!$O$1,FALSE)))=TRUE,"",IF(VLOOKUP($N570,CODE!$K:$P,CODE!$O$1,FALSE)="",$M570,$M570&"-"&VLOOKUP($N570,CODE!$K:$P,CODE!$O$1,FALSE))) -> ELS | P570: =MID(Q570,1,10) -> ELSBAE3312 | Q570: ELSBAE3312NY | R570: M | S570: 400 | T570: 19600000 | U570: 3151448 | V570: 5.6539666 | W570: 0 | X570: 400
A571: =IF(OR(MID(Q571,8,1)="3",MID(Q571,8,1)="8"),"신규","러닝") -> 신규 | B571: 최초 | C571: =IF($B571="리오더","",P571) -> ELSBAE3812 | D571: =IF(C571="",0,1/COUNTIF(C:C,C571)) -> 0.5 | E571: =IF($B571="리오더",P571,"") | F571: =IF(E571="",0,1/COUNTIF(E:E,E571)) -> 0 | G571: =IF($B571="리오더","",Q571) -> ELSBAE3812NY | H571: =IF(G571="",0,1/COUNTIF(G:G,G571)) -> 0.5 | I571: =IF($B571="리오더",Q571,"") | J571: =IF(I571="",0,1/COUNTIF(I:I,I571)) -> 0 | K571: =MID(Q571,6,2) -> E3 | L571: =VLOOKUP(N571,CODE!K:P,CODE!$P$1,FALSE) -> 모자 | M571: =VLOOKUP(MID(Q571,1,3),CODE!$B:$G,CODE!D$1,FALSE) -> ELS | N571: =MID(Q571,4,2) -> BA | O571: =IF(ISERROR(IF(VLOOKUP($N571,CODE!$K:$P,CODE!$O$1,FALSE)="",$M571,$M571&"-"&VLOOKUP($N571,CODE!$K:$P,CODE!$O$1,FALSE)))=TRUE,"",IF(VLOOKUP($N571,CODE!$K:$P,CODE!$O$1,FALSE)="",$M571,$M571&"-"&VLOOKUP($N571,CODE!$K:$P,CODE!$O$1,FALSE))) -> ELS | P571: =MID(Q571,1,10) -> ELSBAE3812 | Q571: ELSBAE3812NY | R571: M | S571: 400 | T571: 17200000 | U571: 3101552 | V571: 5.0414643 | W571: 0 | X571: 400
A572: =IF(OR(MID(Q572,8,1)="3",MID(Q572,8,1)="8"),"신규","러닝") -> 신규 | B572: 최초 | C572: =IF($B572="리오더","",P572) -> ELSBAE3307 | D572: =IF(C572="",0,1/COUNTIF(C:C,C572)) -> 0.5 | E572: =IF($B572="리오더",P572,"") | F572: =IF(E572="",0,1/COUNTIF(E:E,E572)) -> 0 | G572: =IF($B572="리오더","",Q572) -> ELSBAE3307OR | H572: =IF(G572="",0,1/COUNTIF(G:G,G572)) -> 0.5 | I572: =IF($B572="리오더",Q572,"") | J572: =IF(I572="",0,1/COUNTIF(I:I,I572)) -> 0 | K572: =MID(Q572,6,2) -> E3 | L572: =VLOOKUP(N572,CODE!K:P,CODE!$P$1,FALSE) -> 모자 | M572: =VLOOKUP(MID(Q572,1,3),CODE!$B:$G,CODE!D$1,FALSE) -> ELS | N572: =MID(Q572,4,2) -> BA | O572: =IF(ISERROR(IF(VLOOKUP($N572,CODE!$K:$P,CODE!$O$1,FALSE)="",$M572,$M572&"-"&VLOOKUP($N572,CODE!$K:$P,CODE!$O$1,FALSE)))=TRUE,"",IF(VLOOKUP($N572,CODE!$K:$P,CODE!$O$1,FALSE)="",$M572,$M572&"-"&VLOOKUP($N572,CODE!$K:$P,CODE!$O$1,FALSE))) -> ELS | P572: =MID(Q572,1,10) -> ELSBAE3307 | Q572: ELSBAE3307OR | R572: M | S572: 200 | T572: 9800000 | U572: 1900048 | V572: 4.6888768 | W572: 0 | X572: 200
A573: =IF(OR(MID(Q573,8,1)="3",MID(Q573,8,1)="8"),"신규","러닝") -> 신규 | B573: 최초 | C573: =IF($B573="리오더","",P573) -> VBLBAE3312 | D573: =IF(C573="",0,1/COUNTIF(C:C,C573)) -> 0.5 | E573: =IF($B573="리오더",P573,"") | F573: =IF(E573="",0,1/COUNTIF(E:E,E573)) -> 0 | G573: =IF($B573="리오더","",Q573) -> VBLBAE3312BK | H573: =IF(G573="",0,1/COUNTIF(G:G,G573)) -> 0.5 | I573: =IF($B573="리오더",Q573,"") | J573: =IF(I573="",0,1/COUNTIF(I:I,I573)) -> 0 | K573: =MID(Q573,6,2) -> E3 | L573: =VLOOKUP(N573,CODE!K:P,CODE!$P$1,FALSE) -> 모자 | M573: =VLOOKUP(MID(Q573,1,3),CODE!$B:$G,CODE!D$1,FALSE) -> VBL | N573: =MID(Q573,4,2) -> BA | O573: =IF(ISERROR(IF(VLOOKUP($N573,CODE!$K:$P,CODE!$O$1,FALSE)="",$M573,$M573&"-"&VLOOKUP($N573,CODE!$K:$P,CODE!$O$1,FALSE)))=TRUE,"",IF(VLOOKUP($N573,CODE!$K:$P,CODE!$O$1,FALSE)="",$M573,$M573&"-"&VLOOKUP($N573,CODE!$K:$P,CODE!$O$1,FALSE))) -> VBL | P573: =MID(Q573,1,10) -> VBLBAE3312 | Q573: VBLBAE3312BK | R573: M | S573: 500 | T573: 27500000 | U573: 4166666.7 | V573: 6 | W573: 0 | X573: 500
A574: =IF(OR(MID(Q574,8,1)="3",MID(Q574,8,1)="8"),"신규","러닝") -> 신규 | B574: 최초 | C574: =IF($B574="리오더","",P574) -> VBLBAE3812 | D574: =IF(C574="",0,1/COUNTIF(C:C,C574)) -> 0.5 | E574: =IF($B574="리오더",P574,"") | F574: =IF(E574="",0,1/COUNTIF(E:E,E574)) -> 0 | G574: =IF($B574="리오더","",Q574) -> VBLBAE3812BK | H574: =IF(G574="",0,1/COUNTIF(G:G,G574)) -> 0.5 | I574: =IF($B574="리오더",Q574,"") | J574: =IF(I574="",0,1/COUNTIF(I:I,I574)) -> 0 | K574: =MID(Q574,6,2) -> E3 | L574: =VLOOKUP(N574,CODE!K:P,CODE!$P$1,FALSE) -> 모자 | M574: =VLOOKUP(MID(Q574,1,3),CODE!$B:$G,CODE!D$1,FALSE) -> VBL | N574: =MID(Q574,4,2) -> BA | O574: =IF(ISERROR(IF(VLOOKUP($N574,CODE!$K:$P,CODE!$O$1,FALSE)="",$M574,$M574&"-"&VLOOKUP($N574,CODE!$K:$P,CODE!$O$1,FALSE)))=TRUE,"",IF(VLOOKUP($N574,CODE!$K:$P,CODE!$O$1,FALSE)="",$M574,$M574&"-"&VLOOKUP($N574,CODE!$K:$P,CODE!$O$1,FALSE))) -> VBL | P574: =MID(Q574,1,10) -> VBLBAE3812 | Q574: VBLBAE3812BK | R574: M | S574: 300 | T574: 15900000 | U574: 2409090.9 | V574: 6 | W574: 0 | X574: 300
A575: =IF(OR(MID(Q575,8,1)="3",MID(Q575,8,1)="8"),"신규","러닝") -> 신규 | B575: 최초 | C575: =IF($B575="리오더","",P575) -> VBLERE5315 | D575: =IF(C575="",0,1/COUNTIF(C:C,C575)) -> 0.5 | E575: =IF($B575="리오더",P575,"") | F575: =IF(E575="",0,1/COUNTIF(E:E,E575)) -> 0 | G575: =IF($B575="리오더","",Q575) -> VBLERE5315GY | H575: =IF(G575="",0,1/COUNTIF(G:G,G575)) -> 0.5 | I575: =IF($B575="리오더",Q575,"") | J575: =IF(I575="",0,1/COUNTIF(I:I,I575)) -> 0 | K575: =MID(Q575,6,2) -> E5 | L575: =VLOOKUP(N575,CODE!K:P,CODE!$P$1,FALSE) -> 모자 | M575: =VLOOKUP(MID(Q575,1,3),CODE!$B:$G,CODE!D$1,FALSE) -> VBL | N575: =MID(Q575,4,2) -> ER | O575: =IF(ISERROR(IF(VLOOKUP($N575,CODE!$K:$P,CODE!$O$1,FALSE)="",$M575,$M575&"-"&VLOOKUP($N575,CODE!$K:$P,CODE!$O$1,FALSE)))=TRUE,"",IF(VLOOKUP($N575,CODE!$K:$P,CODE!$O$1,FALSE)="",$M575,$M575&"-"&VLOOKUP($N575,CODE!$K:$P,CODE!$O$1,FALSE))) -> VBL | P575: =MID(Q575,1,10) -> VBLERE5315 | Q575: VBLERE5315GY | R575: M | S575: 300 | T575: 19500000 | U575: 2954545.5 | V575: 6 | W575: 0 | X575: 300
... A579: =IF(OR(MID(Q579,8,1)="3",MID(Q579,8,1)="8"),"신규","러닝") -> 러닝 | B579: 최초 | C579: =IF($B579="리오더","",P579) -> JILEBE5036 | D579: =IF(C579="",0,1/COUNTIF(C:C,C579)) -> 0.2 | E579: =IF($B579="리오더",P579,"") | F579: =IF(E579="",0,1/COUNTIF(E:E,E579)) -> 0 | G579: =IF($B579="리오더","",Q579) -> JILEBE5036RE | H579: =IF(G579="",0,1/COUNTIF(G:G,G579)) -> 0.5 | I579: =IF($B579="리오더",Q579,"") | J579: =IF(I579="",0,1/COUNTIF(I:I,I579)) -> 0 | K579: =MID(Q579,6,2) -> E5 | L579: =VLOOKUP(N579,CODE!K:P,CODE!$P$1,FALSE) -> 모자 | M579: =VLOOKUP(MID(Q579,1,3),CODE!$B:$G,CODE!D$1,FALSE) -> JIL | N579: =MID(Q579,4,2) -> EB | O579: =IF(ISERROR(IF(VLOOKUP($N579,CODE!$K:$P,CODE!$O$1,FALSE)="",$M579,$M579&"-"&VLOOKUP($N579,CODE!$K:$P,CODE!$O$1,FALSE)))=TRUE,"",IF(VLOOKUP($N579,CODE!$K:$P,CODE!$O$1,FALSE)="",$M579,$M579&"-"&VLOOKUP($N579,CODE!$K:$P,CODE!$O$1,FALSE))) -> JIL | P579: =MID(Q579,1,10) -> JILEBE5036 | Q579: JILEBE5036RE | R579: M | S579: 500 | T579: 21500000 | U579: 3399165 | V579: 5.7500753 | W579: 0 | X579: 500
A580: =IF(OR(MID(Q580,8,1)="3",MID(Q580,8,1)="8"),"신규","러닝") -> 러닝 | B580: =IF(COUNTIF(Q$1:Q579,Q580)=0,"최초","리오더") -> 최초 | C580: =IF($B580="리오더","",P580) -> JILMIE3215 | D580: =IF(C580="",0,1/COUNTIF(C:C,C580)) -> 1 | E580: =IF($B580="리오더",P580,"") | F580: =IF(E580="",0,1/COUNTIF(E:E,E580)) -> 0 | G580: =IF($B580="리오더","",Q580) -> JILMIE3215NY | H580: =IF(G580="",0,1/COUNTIF(G:G,G580)) -> 1 | I580: =IF($B580="리오더",Q580,"") | J580: =IF(I580="",0,1/COUNTIF(I:I,I580)) -> 0 | K580: =MID(Q580,6,2) -> E3 | L580: =VLOOKUP(N580,CODE!K:P,CODE!$P$1,FALSE) -> 모자 | M580: =VLOOKUP(MID(Q580,1,3),CODE!$B:$G,CODE!D$1,FALSE) -> JIL | N580: =MID(Q580,4,2) -> MI | O580: =IF(ISERROR(IF(VLOOKUP($N580,CODE!$K:$P,CODE!$O$1,FALSE)="",$M580,$M580&"-"&VLOOKUP($N580,CODE!$K:$P,CODE!$O$1,FALSE)))=TRUE,"",IF(VLOOKUP($N580,CODE!$K:$P,CODE!$O$1,FALSE)="",$M580,$M580&"-"&VLOOKUP($N580,CODE!$K:$P,CODE!$O$1,FALSE))) -> JIL | P580: =MID(Q580,1,10) -> JILMIE3215 | Q580: JILMIE3215NY | R580: M | S580: 700 | T580: 30100000 | U580: 4307799 | V580: 6.3521154 | W580: 0 | X580: 700
A581: =IF(OR(MID(Q581,8,1)="3",MID(Q581,8,1)="8"),"신규","러닝") -> 러닝 | B581: =IF(COUNTIF(Q$1:Q580,Q581)=0,"최초","리오더") -> 최초 | C581: =IF($B581="리오더","",P581) -> JILMIE3218 | D581: =IF(C581="",0,1/COUNTIF(C:C,C581)) -> 1 | E581: =IF($B581="리오더",P581,"") | F581: =IF(E581="",0,1/COUNTIF(E:E,E581)) -> 0 | G581: =IF($B581="리오더","",Q581) -> JILMIE3218BW | H581: =IF(G581="",0,1/COUNTIF(G:G,G581)) -> 1 | I581: =IF($B581="리오더",Q581,"") | J581: =IF(I581="",0,1/COUNTIF(I:I,I581)) -> 0 | K581: =MID(Q581,6,2) -> E3 | L581: =VLOOKUP(N581,CODE!K:P,CODE!$P$1,FALSE) -> 모자 | M581: =VLOOKUP(MID(Q581,1,3),CODE!$B:$G,CODE!D$1,FALSE) -> JIL | N581: =MID(Q581,4,2) -> MI | O581: =IF(ISERROR(IF(VLOOKUP($N581,CODE!$K:$P,CODE!$O$1,FALSE)="",$M581,$M581&"-"&VLOOKUP($N581,CODE!$K:$P,CODE!$O$1,FALSE)))=TRUE,"",IF(VLOOKUP($N581,CODE!$K:$P,CODE!$O$1,FALSE)="",$M581,$M581&"-"&VLOOKUP($N581,CODE!$K:$P,CODE!$O$1,FALSE))) -> JIL | P581: =MID(Q581,1,10) -> JILMIE3218 | Q581: JILMIE3218BW | R581: M | S581: 700 | T581: 30100000 | U581: 3723799 | V581: 7.3483119 | W581: 0 | X581: 700
A582: =IF(OR(MID(Q582,8,1)="3",MID(Q582,8,1)="8"),"신규","러닝") -> 러닝 | B582: =IF(COUNTIF(Q$1:Q581,Q582)=0,"최초","리오더") -> 최초 | C582: =IF($B582="리오더","",P582) -> JILMIE3219 | D582: =IF(C582="",0,1/COUNTIF(C:C,C582)) -> 1 | E582: =IF($B582="리오더",P582,"") | F582: =IF(E582="",0,1/COUNTIF(E:E,E582)) -> 0 | G582: =IF($B582="리오더","",Q582) -> JILMIE3219IV | H582: =IF(G582="",0,1/COUNTIF(G:G,G582)) -> 1 | I582: =IF($B582="리오더",Q582,"") | J582: =IF(I582="",0,1/COUNTIF(I:I,I582)) -> 0 | K582: =MID(Q582,6,2) -> E3 | L582: =VLOOKUP(N582,CODE!K:P,CODE!$P$1,FALSE) -> 모자 | M582: =VLOOKUP(MID(Q582,1,3),CODE!$B:$G,CODE!D$1,FALSE) -> JIL | N582: =MID(Q582,4,2) -> MI | O582: =IF(ISERROR(IF(VLOOKUP($N582,CODE!$K:$P,CODE!$O$1,FALSE)="",$M582,$M582&"-"&VLOOKUP($N582,CODE!$K:$P,CODE!$O$1,FALSE)))=TRUE,"",IF(VLOOKUP($N582,CODE!$K:$P,CODE!$O$1,FALSE)="",$M582,$M582&"-"&VLOOKUP($N582,CODE!$K:$P,CODE!$O$1,FALSE))) -> JIL | P582: =MID(Q582,1,10) -> JILMIE3219 | Q582: JILMIE3219IV | R582: M | S582: 500 | T582: 22500000 | U582: 3234915 | V582: 6.323055 | W582: 0 | X582: 500
A583: =IF(OR(MID(Q583,8,1)="3",MID(Q583,8,1)="8"),"신규","러닝") -> 신규 | B583: =IF(COUNTIF(Q$1:Q582,Q583)=0,"최초","리오더") -> 최초 | C583: =IF($B583="리오더","",P583) -> ELSTPE5831 | D583: =IF(C583="",0,1/COUNTIF(C:C,C583)) -> 0.5 | E583: =IF($B583="리오더",P583,"") | F583: =IF(E583="",0,1/COUNTIF(E:E,E583)) -> 0 | G583: =IF($B583="리오더","",Q583) -> ELSTPE5831NY | H583: =IF(G583="",0,1/COUNTIF(G:G,G583)) -> 1 | I583: =IF($B583="리오더",Q583,"") | J583: =IF(I583="",0,1/COUNTIF(I:I,I583)) -> 0 | K583: =MID(Q583,6,2) -> E5 | L583: =VLOOKUP(N583,CODE!K:P,CODE!$P$1,FALSE) -> 모자 | M583: =VLOOKUP(MID(Q583,1,3),CODE!$B:$G,CODE!D$1,FALSE) -> ELS | N583: =MID(Q583,4,2) -> TP | O583: =IF(ISERROR(IF(VLOOKUP($N583,CODE!$K:$P,CODE!$O$1,FALSE)="",$M583,$M583&"-"&VLOOKUP($N583,CODE!$K:$P,CODE!$O$1,FALSE)))=TRUE,"",IF(VLOOKUP($N583,CODE!$K:$P,CODE!$O$1,FALSE)="",$M583,$M583&"-"&VLOOKUP($N583,CODE!$K:$P,CODE!$O$1,FALSE))) -> ELS | P583: =MID(Q583,1,10) -> ELSTPE5831 | Q583: ELSTPE5831NY | R583: M | S583: 800 | T583: 39200000 | U583: 6381588 | V583: 5.584247 | W583: 0 | X583: 800
A584: =IF(OR(MID(Q584,8,1)="3",MID(Q584,8,1)="8"),"신규","러닝") -> 신규 | B584: =IF(COUNTIF(Q$1:Q583,Q584)=0,"최초","리오더") -> 최초 | C584: =IF($B584="리오더","",P584) -> ELSTPE5831 | D584: =IF(C584="",0,1/COUNTIF(C:C,C584)) -> 0.5 | E584: =IF($B584="리오더",P584,"") | F584: =IF(E584="",0,1/COUNTIF(E:E,E584)) -> 0 | G584: =IF($B584="리오더","",Q584) -> ELSTPE5831OR | H584: =IF(G584="",0,1/COUNTIF(G:G,G584)) -> 1 | I584: =IF($B584="리오더",Q584,"") | J584: =IF(I584="",0,1/COUNTIF(I:I,I584)) -> 0 | K584: =MID(Q584,6,2) -> E5 | L584: =VLOOKUP(N584,CODE!K:P,CODE!$P$1,FALSE) -> 모자 | M584: =VLOOKUP(MID(Q584,1,3),CODE!$B:$G,CODE!D$1,FALSE) -> ELS | N584: =MID(Q584,4,2) -> TP | O584: =IF(ISERROR(IF(VLOOKUP($N584,CODE!$K:$P,CODE!$O$1,FALSE)="",$M584,$M584&"-"&VLOOKUP($N584,CODE!$K:$P,CODE!$O$1,FALSE)))=TRUE,"",IF(VLOOKUP($N584,CODE!$K:$P,CODE!$O$1,FALSE)="",$M584,$M584&"-"&VLOOKUP($N584,CODE!$K:$P,CODE!$O$1,FALSE))) -> ELS | P584: =MID(Q584,1,10) -> ELSTPE5831 | Q584: ELSTPE5831OR | R584: M | S584: 800 | T584: 39200000 | U584: 6380188 | V584: 5.5854723 | W584: 0 | X584: 800
A585: =IF(OR(MID(Q585,8,1)="3",MID(Q585,8,1)="8"),"신규","러닝") -> 신규 | B585: =IF(COUNTIF(Q$1:Q584,Q585)=0,"최초","리오더") -> 최초 | C585: =IF($B585="리오더","",P585) -> ELSERE5332 | D585: =IF(C585="",0,1/COUNTIF(C:C,C585)) -> 1 | E585: =IF($B585="리오더",P585,"") | F585: =IF(E585="",0,1/COUNTIF(E:E,E585)) -> 0 | G585: =IF($B585="리오더","",Q585) -> ELSERE5332GY | H585: =IF(G585="",0,1/COUNTIF(G:G,G585)) -> 1 | I585: =IF($B585="리오더",Q585,"") | J585: =IF(I585="",0,1/COUNTIF(I:I,I585)) -> 0 | K585: =MID(Q585,6,2) -> E5 | L585: =VLOOKUP(N585,CODE!K:P,CODE!$P$1,FALSE) -> 모자 | M585: =VLOOKUP(MID(Q585,1,3),CODE!$B:$G,CODE!D$1,FALSE) -> ELS | N585: =MID(Q585,4,2) -> ER | O585: =IF(ISERROR(IF(VLOOKUP($N585,CODE!$K:$P,CODE!$O$1,FALSE)="",$M585,$M585&"-"&VLOOKUP($N585,CODE!$K:$P,CODE!$O$1,FALSE)))=TRUE,"",IF(VLOOKUP($N585,CODE!$K:$P,CODE!$O$1,FALSE)="",$M585,$M585&"-"&VLOOKUP($N585,CODE!$K:$P,CODE!$O$1,FALSE))) -> ELS | P585: =MID(Q585,1,10) -> ELSERE5332 | Q585: ELSERE5332GY | R585: M | S585: 1000 | T585: 69000000 | U585: 11598260 | V585: 5.4083348 | W585: 0 | X585: 1000
A586: =IF(OR(MID(Q586,8,1)="3",MID(Q586,8,1)="8"),"신규","러닝") -> 신규 | B586: =IF(COUNTIF(Q$1:Q585,Q586)=0,"최초","리오더") -> 최초 | C586: =IF($B586="리오더","",P586) -> ELSERE5832 | D586: =IF(C586="",0,1/COUNTIF(C:C,C586)) -> 1 | E586: =IF($B586="리오더",P586,"") | F586: =IF(E586="",0,1/COUNTIF(E:E,E586)) -> 0 | G586: =IF($B586="리오더","",Q586) -> ELSERE5832GY | H586: =IF(G586="",0,1/COUNTIF(G:G,G586)) -> 1 | I586: =IF($B586="리오더",Q586,"") | J586: =IF(I586="",0,1/COUNTIF(I:I,I586)) -> 0 | K586: =MID(Q586,6,2) -> E5 | L586: =VLOOKUP(N586,CODE!K:P,CODE!$P$1,FALSE) -> 모자 | M586: =VLOOKUP(MID(Q586,1,3),CODE!$B:$G,CODE!D$1,FALSE) -> ELS | N586: =MID(Q586,4,2) -> ER | O586: =IF(ISERROR(IF(VLOOKUP($N586,CODE!$K:$P,CODE!$O$1,FALSE)="",$M586,$M586&"-"&VLOOKUP($N586,CODE!$K:$P,CODE!$O$1,FALSE)))=TRUE,"",IF(VLOOKUP($N586,CODE!$K:$P,CODE!$O$1,FALSE)="",$M586,$M586&"-"&VLOOKUP($N586,CODE!$K:$P,CODE!$O$1,FALSE))) -> ELS | P586: =MID(Q586,1,10) -> ELSERE5832 | Q586: ELSERE5832GY | R586: M | S586: 1000 | T586: 65000000 | U586: 11182780 | V586: 5.2840983 | W586: 0 | X586: 1000
A587: =IF(OR(MID(Q587,8,1)="3",MID(Q587,8,1)="8"),"신규","러닝") -> 신규 | B587: =IF(COUNTIF(Q$1:Q586,Q587)=0,"최초","리오더") -> 최초 | C587: =IF($B587="리오더","",P587) -> ELSERE5333 | D587: =IF(C587="",0,1/COUNTIF(C:C,C587)) -> 1 | E587: =IF($B587="리오더",P587,"") | F587: =IF(E587="",0,1/COUNTIF(E:E,E587)) -> 0 | G587: =IF($B587="리오더","",Q587) -> ELSERE5333NY | H587: =IF(G587="",0,1/COUNTIF(G:G,G587)) -> 1 | I587: =IF($B587="리오더",Q587,"") | J587: =IF(I587="",0,1/COUNTIF(I:I,I587)) -> 0 | K587: =MID(Q587,6,2) -> E5 | L587: =VLOOKUP(N587,CODE!K:P,CODE!$P$1,FALSE) -> 모자 | M587: =VLOOKUP(MID(Q587,1,3),CODE!$B:$G,CODE!D$1,FALSE) -> ELS | N587: =MID(Q587,4,2) -> ER | O587: =IF(ISERROR(IF(VLOOKUP($N587,CODE!$K:$P,CODE!$O$1,FALSE)="",$M587,$M587&"-"&VLOOKUP($N587,CODE!$K:$P,CODE!$O$1,FALSE)))=TRUE,"",IF(VLOOKUP($N587,CODE!$K:$P,CODE!$O$1,FALSE)="",$M587,$M587&"-"&VLOOKUP($N587,CODE!$K:$P,CODE!$O$1,FALSE))) -> ELS | P587: =MID(Q587,1,10) -> ELSERE5333 | Q587: ELSERE5333NY | R587: M | S587: 1500 | T587: 88500000 | U587: 16401170 | V587: 4.905415 | W587: 0 | X587: 1500
A588: =IF(OR(MID(Q588,8,1)="3",MID(Q588,8,1)="8"),"신규","러닝") -> 신규 | B588: =IF(COUNTIF(Q$1:Q587,Q588)=0,"최초","리오더") -> 최초 | C588: =IF($B588="리오더","",P588) -> ELSERE5833 | D588: =IF(C588="",0,1/COUNTIF(C:C,C588)) -> 1 | E588: =IF($B588="리오더",P588,"") | F588: =IF(E588="",0,1/COUNTIF(E:E,E588)) -> 0 | G588: =IF($B588="리오더","",Q588) -> ELSERE5833NY | H588: =IF(G588="",0,1/COUNTIF(G:G,G588)) -> 1 | I588: =IF($B588="리오더",Q588,"") | J588: =IF(I588="",0,1/COUNTIF(I:I,I588)) -> 0 | K588: =MID(Q588,6,2) -> E5 | L588: =VLOOKUP(N588,CODE!K:P,CODE!$P$1,FALSE) -> 모자 | M588: =VLOOKUP(MID(Q588,1,3),CODE!$B:$G,CODE!D$1,FALSE) -> ELS | N588: =MID(Q588,4,2) -> ER | O588: =IF(ISERROR(IF(VLOOKUP($N588,CODE!$K:$P,CODE!$O$1,FALSE)="",$M588,$M588&"-"&VLOOKUP($N588,CODE!$K:$P,CODE!$O$1,FALSE)))=TRUE,"",IF(VLOOKUP($N588,CODE!$K:$P,CODE!$O$1,FALSE)="",$M588,$M588&"-"&VLOOKUP($N588,CODE!$K:$P,CODE!$O$1,FALSE))) -> ELS | P588: =MID(Q588,1,10) -> ELSERE5833 | Q588: ELSERE5833NY | R588: M | S588: 1500 | T588: 82500000 | U588: 15473140 | V588: 4.8471092 | W588: 0 | X588: 1500
A589: =IF(OR(MID(Q589,8,1)="3",MID(Q589,8,1)="8"),"신규","러닝") -> 신규 | B589: =IF(COUNTIF(Q$1:Q588,Q589)=0,"최초","리오더") -> 최초 | C589: =IF($B589="리오더","",P589) -> ELSERE5334 | D589: =IF(C589="",0,1/COUNTIF(C:C,C589)) -> 1 | E589: =IF($B589="리오더",P589,"") | F589: =IF(E589="",0,1/COUNTIF(E:E,E589)) -> 0 | G589: =IF($B589="리오더","",Q589) -> ELSERE5334YE | H589: =IF(G589="",0,1/COUNTIF(G:G,G589)) -> 1 | I589: =IF($B589="리오더",Q589,"") | J589: =IF(I589="",0,1/COUNTIF(I:I,I589)) -> 0 | K589: =MID(Q589,6,2) -> E5 | L589: =VLOOKUP(N589,CODE!K:P,CODE!$P$1,FALSE) -> 모자 | M589: =VLOOKUP(MID(Q589,1,3),CODE!$B:$G,CODE!D$1,FALSE) -> ELS | N589: =MID(Q589,4,2) -> ER | O589: =IF(ISERROR(IF(VLOOKUP($N589,CODE!$K:$P,CODE!$O$1,FALSE)="",$M589,$M589&"-"&VLOOKUP($N589,CODE!$K:$P,CODE!$O$1,FALSE)))=TRUE,"",IF(VLOOKUP($N589,CODE!$K:$P,CODE!$O$1,FALSE)="",$M589,$M589&"-"&VLOOKUP($N589,CODE!$K:$P,CODE!$O$1,FALSE))) -> ELS | P589: =MID(Q589,1,10) -> ELSERE5334 | Q589: ELSERE5334YE | R589: M | S589: 800 | T589: 47200000 | U589: 8870646 | V589: 4.8372002 | W589: 0 | X589: 800
A590: =IF(OR(MID(Q590,8,1)="3",MID(Q590,8,1)="8"),"신규","러닝") -> 신규 | B590: =IF(COUNTIF(Q$1:Q589,Q590)=0,"최초","리오더") -> 최초 | C590: =IF($B590="리오더","",P590) -> ELSERE5834 | D590: =IF(C590="",0,1/COUNTIF(C:C,C590)) -> 1 | E590: =IF($B590="리오더",P590,"") | F590: =IF(E590="",0,1/COUNTIF(E:E,E590)) -> 0 | G590: =IF($B590="리오더","",Q590) -> ELSERE5834YE | H590: =IF(G590="",0,1/COUNTIF(G:G,G590)) -> 1 | I590: =IF($B590="리오더",Q590,"") | J590: =IF(I590="",0,1/COUNTIF(I:I,I590)) -> 0 | K590: =MID(Q590,6,2) -> E5 | L590: =VLOOKUP(N590,CODE!K:P,CODE!$P$1,FALSE) -> 모자 | M590: =VLOOKUP(MID(Q590,1,3),CODE!$B:$G,CODE!D$1,FALSE) -> ELS | N590: =MID(Q590,4,2) -> ER | O590: =IF(ISERROR(IF(VLOOKUP($N590,CODE!$K:$P,CODE!$O$1,FALSE)="",$M590,$M590&"-"&VLOOKUP($N590,CODE!$K:$P,CODE!$O$1,FALSE)))=TRUE,"",IF(VLOOKUP($N590,CODE!$K:$P,CODE!$O$1,FALSE)="",$M590,$M590&"-"&VLOOKUP($N590,CODE!$K:$P,CODE!$O$1,FALSE))) -> ELS | P590: =MID(Q590,1,10) -> ELSERE5834 | Q590: ELSERE5834YE | R590: M | S590: 800 | T590: 44000000 | U590: 8440758 | V590: 4.7389109 | W590: 0 | X590: 800
A591: =IF(OR(MID(Q591,8,1)="3",MID(Q591,8,1)="8"),"신규","러닝") -> 신규 | B591: =IF(COUNTIF(Q$1:Q590,Q591)=0,"최초","리오더") -> 최초 | C591: =IF($B591="리오더","",P591) -> ELSFIE3335 | D591: =IF(C591="",0,1/COUNTIF(C:C,C591)) -> 1 | E591: =IF($B591="리오더",P591,"") | F591: =IF(E591="",0,1/COUNTIF(E:E,E591)) -> 0 | G591: =IF($B591="리오더","",Q591) -> ELSFIE3335BL | H591: =IF(G591="",0,1/COUNTIF(G:G,G591)) -> 1 | I591: =IF($B591="리오더",Q591,"") | J591: =IF(I591="",0,1/COUNTIF(I:I,I591)) -> 0 | K591: =MID(Q591,6,2) -> E3 | L591: =VLOOKUP(N591,CODE!K:P,CODE!$P$1,FALSE) -> 모자 | M591: =VLOOKUP(MID(Q591,1,3),CODE!$B:$G,CODE!D$1,FALSE) -> ELS | N591: =MID(Q591,4,2) -> FI | O591: =IF(ISERROR(IF(VLOOKUP($N591,CODE!$K:$P,CODE!$O$1,FALSE)="",$M591,$M591&"-"&VLOOKUP($N591,CODE!$K:$P,CODE!$O$1,FALSE)))=TRUE,"",IF(VLOOKUP($N591,CODE!$K:$P,CODE!$O$1,FALSE)="",$M591,$M591&"-"&VLOOKUP($N591,CODE!$K:$P,CODE!$O$1,FALSE))) -> ELS | P591: =MID(Q591,1,10) -> ELSFIE3335 | Q591: ELSFIE3335BL | R591: M | S591: 1000 | T591: 49000000 | U591: 9001280 | V591: 4.9487911 | W591: 0 | X591: 1000
... A762: =IF(OR(MID(Q762,8,1)="3",MID(Q762,8,1)="8"),"신규","러닝") -> 러닝 | B762: =IF(COUNTIF(Q$1:Q761,Q762)=0,"최초","리오더") -> 최초 | C762: =IF($B762="리오더","",P762) -> JILMIE3011 | D762: =IF(C762="",0,1/COUNTIF(C:C,C762)) -> 1 | E762: =IF($B762="리오더",P762,"") | F762: =IF(E762="",0,1/COUNTIF(E:E,E762)) -> 0 | G762: =IF($B762="리오더","",Q762) -> JILMIE3011BK | H762: =IF(G762="",0,1/COUNTIF(G:G,G762)) -> 1 | I762: =IF($B762="리오더",Q762,"") | J762: =IF(I762="",0,1/COUNTIF(I:I,I762)) -> 0 | K762: =MID(Q762,6,2) -> E3 | L762: =VLOOKUP(N762,CODE!K:P,CODE!$P$1,FALSE) -> 모자 | M762: =VLOOKUP(MID(Q762,1,3),CODE!$B:$G,CODE!D$1,FALSE) -> JIL | N762: =MID(Q762,4,2) -> MI | O762: =IF(ISERROR(IF(VLOOKUP($N762,CODE!$K:$P,CODE!$O$1,FALSE)="",$M762,$M762&"-"&VLOOKUP($N762,CODE!$K:$P,CODE!$O$1,FALSE)))=TRUE,"",IF(VLOOKUP($N762,CODE!$K:$P,CODE!$O$1,FALSE)="",$M762,$M762&"-"&VLOOKUP($N762,CODE!$K:$P,CODE!$O$1,FALSE))) -> JIL | P762: =MID(Q762,1,10) -> JILMIE3011 | Q762: JILMIE3011BK | R762: M | S762: 1000 | T762: 45000000 | U762: 5955670 | V762: 6.8689318 | W762: 0 | X762: 1000
A763: =IF(OR(MID(Q763,8,1)="3",MID(Q763,8,1)="8"),"신규","러닝") -> 러닝 | B763: 최초 | C763: =IF($B763="리오더","",P763) -> JILMIE3152 | D763: =IF(C763="",0,1/COUNTIF(C:C,C763)) -> 0.2 | E763: =IF($B763="리오더",P763,"") | F763: =IF(E763="",0,1/COUNTIF(E:E,E763)) -> 0 | G763: =IF($B763="리오더","",Q763) -> JILMIE3152BK | H763: =IF(G763="",0,1/COUNTIF(G:G,G763)) -> 0.5 | I763: =IF($B763="리오더",Q763,"") | J763: =IF(I763="",0,1/COUNTIF(I:I,I763)) -> 0 | K763: =MID(Q763,6,2) -> E3 | L763: =VLOOKUP(N763,CODE!K:P,CODE!$P$1,FALSE) -> 모자 | M763: =VLOOKUP(MID(Q763,1,3),CODE!$B:$G,CODE!D$1,FALSE) -> JIL | N763: =MID(Q763,4,2) -> MI | O763: =IF(ISERROR(IF(VLOOKUP($N763,CODE!$K:$P,CODE!$O$1,FALSE)="",$M763,$M763&"-"&VLOOKUP($N763,CODE!$K:$P,CODE!$O$1,FALSE)))=TRUE,"",IF(VLOOKUP($N763,CODE!$K:$P,CODE!$O$1,FALSE)="",$M763,$M763&"-"&VLOOKUP($N763,CODE!$K:$P,CODE!$O$1,FALSE))) -> JIL | P763: =MID(Q763,1,10) -> JILMIE3152 | Q763: JILMIE3152BK | R763: M | S763: 1000 | T763: 45000000 | U763: 6673590 | V763: 6.1299976 | W763: 0 | X763: 1000
A764: =IF(OR(MID(Q764,8,1)="3",MID(Q764,8,1)="8"),"신규","러닝") -> 러닝 | B764: =IF(COUNTIF(Q$1:Q763,Q764)=0,"최초","리오더") -> 최초 | C764: =IF($B764="리오더","",P764) -> PLAUME3004 | D764: =IF(C764="",0,1/COUNTIF(C:C,C764)) -> 1 | E764: =IF($B764="리오더",P764,"") | F764: =IF(E764="",0,1/COUNTIF(E:E,E764)) -> 0 | G764: =IF($B764="리오더","",Q764) -> PLAUME3004BL | H764: =IF(G764="",0,1/COUNTIF(G:G,G764)) -> 1 | I764: =IF($B764="리오더",Q764,"") | J764: =IF(I764="",0,1/COUNTIF(I:I,I764)) -> 0 | K764: =MID(Q764,6,2) -> E3 | L764: =VLOOKUP(N764,CODE!K:P,CODE!$P$1,FALSE) -> 모자 | M764: =VLOOKUP(MID(Q764,1,3),CODE!$B:$G,CODE!D$1,FALSE) -> PLA | N764: =MID(Q764,4,2) -> UM | O764: =IF(ISERROR(IF(VLOOKUP($N764,CODE!$K:$P,CODE!$O$1,FALSE)="",$M764,$M764&"-"&VLOOKUP($N764,CODE!$K:$P,CODE!$O$1,FALSE)))=TRUE,"",IF(VLOOKUP($N764,CODE!$K:$P,CODE!$O$1,FALSE)="",$M764,$M764&"-"&VLOOKUP($N764,CODE!$K:$P,CODE!$O$1,FALSE))) -> PLA | P764: =MID(Q764,1,10) -> PLAUME3004 | Q764: PLAUME3004BL | R764: M | S764: 500 | T764: 29500000 | U764: 3829518 | V764: 7.0030176 | W764: 0 | X764: 500
A765: =IF(OR(MID(Q765,8,1)="3",MID(Q765,8,1)="8"),"신규","러닝") -> 신규 | B765: =IF(COUNTIF(Q$1:Q764,Q765)=0,"최초","리오더") -> 최초 | C765: =IF($B765="리오더","",P765) -> JOIMUE5316 | D765: =IF(C765="",0,1/COUNTIF(C:C,C765)) -> 1 | E765: =IF($B765="리오더",P765,"") | F765: =IF(E765="",0,1/COUNTIF(E:E,E765)) -> 0 | G765: =IF($B765="리오더","",Q765) -> JOIMUE5316MT | H765: =IF(G765="",0,1/COUNTIF(G:G,G765)) -> 1 | I765: =IF($B765="리오더",Q765,"") | J765: =IF(I765="",0,1/COUNTIF(I:I,I765)) -> 0 | K765: =MID(Q765,6,2) -> E5 | L765: =VLOOKUP(N765,CODE!K:P,CODE!$P$1,FALSE) -> ACC | M765: =VLOOKUP(MID(Q765,1,3),CODE!$B:$G,CODE!D$1,FALSE) -> JOI | N765: =MID(Q765,4,2) -> MU | O765: =IF(ISERROR(IF(VLOOKUP($N765,CODE!$K:$P,CODE!$O$1,FALSE)="",$M765,$M765&"-"&VLOOKUP($N765,CODE!$K:$P,CODE!$O$1,FALSE)))=TRUE,"",IF(VLOOKUP($N765,CODE!$K:$P,CODE!$O$1,FALSE)="",$M765,$M765&"-"&VLOOKUP($N765,CODE!$K:$P,CODE!$O$1,FALSE))) -> JOI-ACC | P765: =MID(Q765,1,10) -> JOIMUE5316 | Q765: JOIMUE5316MT | R765: M | S765: 300 | T765: 17700000 | U765: 3037182 | V765: 5.2979733 | W765: 0 | X765: 300
A766: =IF(OR(MID(Q766,8,1)="3",MID(Q766,8,1)="8"),"신규","러닝") -> 신규 | B766: =IF(COUNTIF(Q$1:Q765,Q766)=0,"최초","리오더") -> 최초 | C766: =IF($B766="리오더","",P766) -> JOIMUE5816 | D766: =IF(C766="",0,1/COUNTIF(C:C,C766)) -> 1 | E766: =IF($B766="리오더",P766,"") | F766: =IF(E766="",0,1/COUNTIF(E:E,E766)) -> 0 | G766: =IF($B766="리오더","",Q766) -> JOIMUE5816MT | H766: =IF(G766="",0,1/COUNTIF(G:G,G766)) -> 1 | I766: =IF($B766="리오더",Q766,"") | J766: =IF(I766="",0,1/COUNTIF(I:I,I766)) -> 0 | K766: =MID(Q766,6,2) -> E5 | L766: =VLOOKUP(N766,CODE!K:P,CODE!$P$1,FALSE) -> ACC | M766: =VLOOKUP(MID(Q766,1,3),CODE!$B:$G,CODE!D$1,FALSE) -> JOI | N766: =MID(Q766,4,2) -> MU | O766: =IF(ISERROR(IF(VLOOKUP($N766,CODE!$K:$P,CODE!$O$1,FALSE)="",$M766,$M766&"-"&VLOOKUP($N766,CODE!$K:$P,CODE!$O$1,FALSE)))=TRUE,"",IF(VLOOKUP($N766,CODE!$K:$P,CODE!$O$1,FALSE)="",$M766,$M766&"-"&VLOOKUP($N766,CODE!$K:$P,CODE!$O$1,FALSE))) -> JOI-ACC | P766: =MID(Q766,1,10) -> JOIMUE5816 | Q766: JOIMUE5816MT | R766: M | S766: 300 | T766: 16500000 | U766: 2625540 | V766: 5.7131104 | W766: 0 | X766: 300
A767: =IF(OR(MID(Q767,8,1)="3",MID(Q767,8,1)="8"),"신규","러닝") -> 신규 | B767: =IF(COUNTIF(Q$1:Q766,Q767)=0,"최초","리오더") -> 최초 | C767: =IF($B767="리오더","",P767) -> JOIEBE5317 | D767: =IF(C767="",0,1/COUNTIF(C:C,C767)) -> 1 | E767: =IF($B767="리오더",P767,"") | F767: =IF(E767="",0,1/COUNTIF(E:E,E767)) -> 0 | G767: =IF($B767="리오더","",Q767) -> JOIEBE5317MT | H767: =IF(G767="",0,1/COUNTIF(G:G,G767)) -> 1 | I767: =IF($B767="리오더",Q767,"") | J767: =IF(I767="",0,1/COUNTIF(I:I,I767)) -> 0 | K767: =MID(Q767,6,2) -> E5 | L767: =VLOOKUP(N767,CODE!K:P,CODE!$P$1,FALSE) -> 모자 | M767: =VLOOKUP(MID(Q767,1,3),CODE!$B:$G,CODE!D$1,FALSE) -> JOI | N767: =MID(Q767,4,2) -> EB | O767: =IF(ISERROR(IF(VLOOKUP($N767,CODE!$K:$P,CODE!$O$1,FALSE)="",$M767,$M767&"-"&VLOOKUP($N767,CODE!$K:$P,CODE!$O$1,FALSE)))=TRUE,"",IF(VLOOKUP($N767,CODE!$K:$P,CODE!$O$1,FALSE)="",$M767,$M767&"-"&VLOOKUP($N767,CODE!$K:$P,CODE!$O$1,FALSE))) -> JOI | P767: =MID(Q767,1,10) -> JOIEBE5317 | Q767: JOIEBE5317MT | R767: M | S767: 400 | T767: 23600000 | U767: 3500720 | V767: 6.1286094 | W767: 0 | X767: 400
A768: =IF(OR(MID(Q768,8,1)="3",MID(Q768,8,1)="8"),"신규","러닝") -> 신규 | B768: =IF(COUNTIF(Q$1:Q767,Q768)=0,"최초","리오더") -> 최초 | C768: =IF($B768="리오더","",P768) -> JOIEBE5817 | D768: =IF(C768="",0,1/COUNTIF(C:C,C768)) -> 1 | E768: =IF($B768="리오더",P768,"") | F768: =IF(E768="",0,1/COUNTIF(E:E,E768)) -> 0 | G768: =IF($B768="리오더","",Q768) -> JOIEBE5817MT | H768: =IF(G768="",0,1/COUNTIF(G:G,G768)) -> 1 | I768: =IF($B768="리오더",Q768,"") | J768: =IF(I768="",0,1/COUNTIF(I:I,I768)) -> 0 | K768: =MID(Q768,6,2) -> E5 | L768: =VLOOKUP(N768,CODE!K:P,CODE!$P$1,FALSE) -> 모자 | M768: =VLOOKUP(MID(Q768,1,3),CODE!$B:$G,CODE!D$1,FALSE) -> JOI | N768: =MID(Q768,4,2) -> EB | O768: =IF(ISERROR(IF(VLOOKUP($N768,CODE!$K:$P,CODE!$O$1,FALSE)="",$M768,$M768&"-"&VLOOKUP($N768,CODE!$K:$P,CODE!$O$1,FALSE)))=TRUE,"",IF(VLOOKUP($N768,CODE!$K:$P,CODE!$O$1,FALSE)="",$M768,$M768&"-"&VLOOKUP($N768,CODE!$K:$P,CODE!$O$1,FALSE))) -> JOI | P768: =MID(Q768,1,10) -> JOIEBE5817 | Q768: JOIEBE5817MT | R768: M | S768: 400 | T768: 22000000 | U768: 3333333.3 | V768: 6 | W768: 0 | X768: 400
A769: =IF(OR(MID(Q769,8,1)="3",MID(Q769,8,1)="8"),"신규","러닝") -> 신규 | B769: =IF(COUNTIF(Q$1:Q768,Q769)=0,"최초","리오더") -> 최초 | C769: =IF($B769="리오더","",P769) -> JOIMUE5818 | D769: =IF(C769="",0,1/COUNTIF(C:C,C769)) -> 1 | E769: =IF($B769="리오더",P769,"") | F769: =IF(E769="",0,1/COUNTIF(E:E,E769)) -> 0 | G769: =IF($B769="리오더","",Q769) -> JOIMUE5818BL | H769: =IF(G769="",0,1/COUNTIF(G:G,G769)) -> 1 | I769: =IF($B769="리오더",Q769,"") | J769: =IF(I769="",0,1/COUNTIF(I:I,I769)) -> 0 | K769: =MID(Q769,6,2) -> E5 | L769: =VLOOKUP(N769,CODE!K:P,CODE!$P$1,FALSE) -> ACC | M769: =VLOOKUP(MID(Q769,1,3),CODE!$B:$G,CODE!D$1,FALSE) -> JOI | N769: =MID(Q769,4,2) -> MU | O769: =IF(ISERROR(IF(VLOOKUP($N769,CODE!$K:$P,CODE!$O$1,FALSE)="",$M769,$M769&"-"&VLOOKUP($N769,CODE!$K:$P,CODE!$O$1,FALSE)))=TRUE,"",IF(VLOOKUP($N769,CODE!$K:$P,CODE!$O$1,FALSE)="",$M769,$M769&"-"&VLOOKUP($N769,CODE!$K:$P,CODE!$O$1,FALSE))) -> JOI-ACC | P769: =MID(Q769,1,10) -> JOIMUE5818 | Q769: JOIMUE5818BL | R769: M | S769: 300 | T769: 14700000 | U769: 3299136 | V769: 4.0506473 | W769: 0 | X769: 300
A770: =IF(OR(MID(Q770,8,1)="3",MID(Q770,8,1)="8"),"신규","러닝") -> 러닝 | B770: =IF(COUNTIF(Q$1:Q769,Q770)=0,"최초","리오더") -> 리오더 | C770: =IF($B770="리오더","",P770) | D770: =IF(C770="",0,1/COUNTIF(C:C,C770)) -> 0 | E770: =IF($B770="리오더",P770,"") -> FFTFIE3208 | F770: =IF(E770="",0,1/COUNTIF(E:E,E770)) -> 0.25 | G770: =IF($B770="리오더","",Q770) | H770: =IF(G770="",0,1/COUNTIF(G:G,G770)) -> 0 | I770: =IF($B770="리오더",Q770,"") -> FFTFIE3208BK | J770: =IF(I770="",0,1/COUNTIF(I:I,I770)) -> 0.5 | K770: =MID(Q770,6,2) -> E3 | L770: =VLOOKUP(N770,CODE!K:P,CODE!$P$1,FALSE) -> 모자 | M770: =VLOOKUP(MID(Q770,1,3),CODE!$B:$G,CODE!D$1,FALSE) -> FFT | N770: =MID(Q770,4,2) -> FI | O770: =IF(ISERROR(IF(VLOOKUP($N770,CODE!$K:$P,CODE!$O$1,FALSE)="",$M770,$M770&"-"&VLOOKUP($N770,CODE!$K:$P,CODE!$O$1,FALSE)))=TRUE,"",IF(VLOOKUP($N770,CODE!$K:$P,CODE!$O$1,FALSE)="",$M770,$M770&"-"&VLOOKUP($N770,CODE!$K:$P,CODE!$O$1,FALSE))) -> FFT | P770: =MID(Q770,1,10) -> FFTFIE3208 | Q770: FFTFIE3208BK | R770: B | S770: 70 | T770: 3430000 | U770: 1403181.8 | V770: 2.2222222 | W770: 70 | X770: 0
A771: =IF(OR(MID(Q771,8,1)="3",MID(Q771,8,1)="8"),"신규","러닝") -> 러닝 | B771: =IF(COUNTIF(Q$1:Q770,Q771)=0,"최초","리오더") -> 리오더 | C771: =IF($B771="리오더","",P771) | D771: =IF(C771="",0,1/COUNTIF(C:C,C771)) -> 0 | E771: =IF($B771="리오더",P771,"") -> FFTFIE3208 | F771: =IF(E771="",0,1/COUNTIF(E:E,E771)) -> 0.25 | G771: =IF($B771="리오더","",Q771) | H771: =IF(G771="",0,1/COUNTIF(G:G,G771)) -> 0 | I771: =IF($B771="리오더",Q771,"") -> FFTFIE3208KH | J771: =IF(I771="",0,1/COUNTIF(I:I,I771)) -> 1 | K771: =MID(Q771,6,2) -> E3 | L771: =VLOOKUP(N771,CODE!K:P,CODE!$P$1,FALSE) -> 모자 | M771: =VLOOKUP(MID(Q771,1,3),CODE!$B:$G,CODE!D$1,FALSE) -> FFT | N771: =MID(Q771,4,2) -> FI | O771: =IF(ISERROR(IF(VLOOKUP($N771,CODE!$K:$P,CODE!$O$1,FALSE)="",$M771,$M771&"-"&VLOOKUP($N771,CODE!$K:$P,CODE!$O$1,FALSE)))=TRUE,"",IF(VLOOKUP($N771,CODE!$K:$P,CODE!$O$1,FALSE)="",$M771,$M771&"-"&VLOOKUP($N771,CODE!$K:$P,CODE!$O$1,FALSE))) -> FFT | P771: =MID(Q771,1,10) -> FFTFIE3208 | Q771: FFTFIE3208KH | R771: B | S771: 35 | T771: 1715000 | U771: 701590.91 | V771: 2.2222222 | W771: 35 | X771: 0
A772: =IF(OR(MID(Q772,8,1)="3",MID(Q772,8,1)="8"),"신규","러닝") -> 러닝 | B772: =IF(COUNTIF(Q$1:Q771,Q772)=0,"최초","리오더") -> 최초 | C772: =IF($B772="리오더","",P772) -> FFTFIE3210 | D772: =IF(C772="",0,1/COUNTIF(C:C,C772)) -> 1 | E772: =IF($B772="리오더",P772,"") | F772: =IF(E772="",0,1/COUNTIF(E:E,E772)) -> 0 | G772: =IF($B772="리오더","",Q772) -> FFTFIE3210BK | H772: =IF(G772="",0,1/COUNTIF(G:G,G772)) -> 1 | I772: =IF($B772="리오더",Q772,"") | J772: =IF(I772="",0,1/COUNTIF(I:I,I772)) -> 0 | K772: =MID(Q772,6,2) -> E3 | L772: =VLOOKUP(N772,CODE!K:P,CODE!$P$1,FALSE) -> 모자 | M772: =VLOOKUP(MID(Q772,1,3),CODE!$B:$G,CODE!D$1,FALSE) -> FFT | N772: =MID(Q772,4,2) -> FI | O772: =IF(ISERROR(IF(VLOOKUP($N772,CODE!$K:$P,CODE!$O$1,FALSE)="",$M772,$M772&"-"&VLOOKUP($N772,CODE!$K:$P,CODE!$O$1,FALSE)))=TRUE,"",IF(VLOOKUP($N772,CODE!$K:$P,CODE!$O$1,FALSE)="",$M772,$M772&"-"&VLOOKUP($N772,CODE!$K:$P,CODE!$O$1,FALSE))) -> FFT | P772: =MID(Q772,1,10) -> FFTFIE3210 | Q772: FFTFIE3210BK | R772: B | S772: 70 | T772: 3430000 | U772: 1403181.8 | V772: 2.2222222 | W772: 70 | X772: 0
A773: =IF(OR(MID(Q773,8,1)="3",MID(Q773,8,1)="8"),"신규","러닝") -> 러닝 | B773: =IF(COUNTIF(Q$1:Q772,Q773)=0,"최초","리오더") -> 최초 | C773: =IF($B773="리오더","",P773) -> FFTFIE3239 | D773: =IF(C773="",0,1/COUNTIF(C:C,C773)) -> 1 | E773: =IF($B773="리오더",P773,"") | F773: =IF(E773="",0,1/COUNTIF(E:E,E773)) -> 0 | G773: =IF($B773="리오더","",Q773) -> FFTFIE3239RE | H773: =IF(G773="",0,1/COUNTIF(G:G,G773)) -> 1 | I773: =IF($B773="리오더",Q773,"") | J773: =IF(I773="",0,1/COUNTIF(I:I,I773)) -> 0 | K773: =MID(Q773,6,2) -> E3 | L773: =VLOOKUP(N773,CODE!K:P,CODE!$P$1,FALSE) -> 모자 | M773: =VLOOKUP(MID(Q773,1,3),CODE!$B:$G,CODE!D$1,FALSE) -> FFT | N773: =MID(Q773,4,2) -> FI | O773: =IF(ISERROR(IF(VLOOKUP($N773,CODE!$K:$P,CODE!$O$1,FALSE)="",$M773,$M773&"-"&VLOOKUP($N773,CODE!$K:$P,CODE!$O$1,FALSE)))=TRUE,"",IF(VLOOKUP($N773,CODE!$K:$P,CODE!$O$1,FALSE)="",$M773,$M773&"-"&VLOOKUP($N773,CODE!$K:$P,CODE!$O$1,FALSE))) -> FFT | P773: =MID(Q773,1,10) -> FFTFIE3239 | Q773: FFTFIE3239RE | R773: B | S773: 35 | T773: 1715000 | U773: 701590.91 | V773: 2.2222222 | W773: 35 | X773: 0
A774: =IF(OR(MID(Q774,8,1)="3",MID(Q774,8,1)="8"),"신규","러닝") -> 러닝 | B774: =IF(COUNTIF(Q$1:Q773,Q774)=0,"최초","리오더") -> 최초 | C774: =IF($B774="리오더","",P774) -> FFTFIE3225 | D774: =IF(C774="",0,1/COUNTIF(C:C,C774)) -> 1 | E774: =IF($B774="리오더",P774,"") | F774: =IF(E774="",0,1/COUNTIF(E:E,E774)) -> 0 | G774: =IF($B774="리오더","",Q774) -> FFTFIE3225AR | H774: =IF(G774="",0,1/COUNTIF(G:G,G774)) -> 1 | I774: =IF($B774="리오더",Q774,"") | J774: =IF(I774="",0,1/COUNTIF(I:I,I774)) -> 0 | K774: =MID(Q774,6,2) -> E3 | L774: =VLOOKUP(N774,CODE!K:P,CODE!$P$1,FALSE) -> 모자 | M774: =VLOOKUP(MID(Q774,1,3),CODE!$B:$G,CODE!D$1,FALSE) -> FFT | N774: =MID(Q774,4,2) -> FI | O774: =IF(ISERROR(IF(VLOOKUP($N774,CODE!$K:$P,CODE!$O$1,FALSE)="",$M774,$M774&"-"&VLOOKUP($N774,CODE!$K:$P,CODE!$O$1,FALSE)))=TRUE,"",IF(VLOOKUP($N774,CODE!$K:$P,CODE!$O$1,FALSE)="",$M774,$M774&"-"&VLOOKUP($N774,CODE!$K:$P,CODE!$O$1,FALSE))) -> FFT | P774: =MID(Q774,1,10) -> FFTFIE3225 | Q774: FFTFIE3225AR | R774: B | S774: 80 | T774: 3920000 | U774: 1603636.4 | V774: 2.2222222 | W774: 80 | X774: 0
A775: =IF(OR(MID(Q775,8,1)="3",MID(Q775,8,1)="8"),"신규","러닝") -> 러닝 | B775: =IF(COUNTIF(Q$1:Q774,Q775)=0,"최초","리오더") -> 리오더 | C775: =IF($B775="리오더","",P775) | D775: =IF(C775="",0,1/COUNTIF(C:C,C775)) -> 0 | E775: =IF($B775="리오더",P775,"") -> FFTFIE3211 | F775: =IF(E775="",0,1/COUNTIF(E:E,E775)) -> 0.5 | G775: =IF($B775="리오더","",Q775) | H775: =IF(G775="",0,1/COUNTIF(G:G,G775)) -> 0 | I775: =IF($B775="리오더",Q775,"") -> FFTFIE3211RE | J775: =IF(I775="",0,1/COUNTIF(I:I,I775)) -> 0.5 | K775: =MID(Q775,6,2) -> E3 | L775: =VLOOKUP(N775,CODE!K:P,CODE!$P$1,FALSE) -> 모자 | M775: =VLOOKUP(MID(Q775,1,3),CODE!$B:$G,CODE!D$1,FALSE) -> FFT | N775: =MID(Q775,4,2) -> FI | O775: =IF(ISERROR(IF(VLOOKUP($N775,CODE!$K:$P,CODE!$O$1,FALSE)="",$M775,$M775&"-"&VLOOKUP($N775,CODE!$K:$P,CODE!$O$1,FALSE)))=TRUE,"",IF(VLOOKUP($N775,CODE!$K:$P,CODE!$O$1,FALSE)="",$M775,$M775&"-"&VLOOKUP($N775,CODE!$K:$P,CODE!$O$1,FALSE))) -> FFT | P775: =MID(Q775,1,10) -> FFTFIE3211 | Q775: FFTFIE3211RE | R775: B | S775: 35 | T775: 1715000 | U775: 701590.91 | V775: 2.2222222 | W775: 35 | X775: 0
... A902: =IF(OR(MID(Q902,8,1)="3",MID(Q902,8,1)="8"),"신규","러닝") -> 신규 | B902: =IF(COUNTIF(Q$1:Q901,Q902)=0,"최초","리오더") -> 최초 | C902: =IF($B902="리오더","",P902) -> ELSBAE3841 | D902: =IF(C902="",0,1/COUNTIF(C:C,C902)) -> 0.5 | E902: =IF($B902="리오더",P902,"") | F902: =IF(E902="",0,1/COUNTIF(E:E,E902)) -> 0 | G902: =IF($B902="리오더","",Q902) -> ELSBAE3841RE | H902: =IF(G902="",0,1/COUNTIF(G:G,G902)) -> 1 | I902: =IF($B902="리오더",Q902,"") | J902: =IF(I902="",0,1/COUNTIF(I:I,I902)) -> 0 | K902: =MID(Q902,6,2) -> E3 | L902: =VLOOKUP(N902,CODE!K:P,CODE!$P$1,FALSE) -> 모자 | M902: =VLOOKUP(MID(Q902,1,3),CODE!$B:$G,CODE!D$1,FALSE) -> ELS | N902: =MID(Q902,4,2) -> BA | O902: =IF(ISERROR(IF(VLOOKUP($N902,CODE!$K:$P,CODE!$O$1,FALSE)="",$M902,$M902&"-"&VLOOKUP($N902,CODE!$K:$P,CODE!$O$1,FALSE)))=TRUE,"",IF(VLOOKUP($N902,CODE!$K:$P,CODE!$O$1,FALSE)="",$M902,$M902&"-"&VLOOKUP($N902,CODE!$K:$P,CODE!$O$1,FALSE))) -> ELS | P902: =MID(Q902,1,10) -> ELSBAE3841 | Q902: ELSBAE3841RE | R902: M | S902: 1000 | T902: 53000000 | U902: 12045455 | V902: 4 | W902: 0 | X902: 1000

Sheet P (2)
B1: 2013 FW 기획진행현황 (HATS ON) 2
P2: 41470
B3: 분류 | C3: 브랜드품목 | D3: 러닝/신규 | E3: 최초/리오더 | F3: 품번수 | G3: 품번수(리오더) | H3: 색상수 | I3: 색상수(리오더) | J3: 기획수량 | K3: LOT | L3: TAG가 | M3: 원가(-V) | N3: 배수 | O3: 입고수량 | P3: 미입고수량
F6: 데이터
B7: 분류 | C7: 브랜드품목 | D7: 러닝/신규 | E7: 최초/리오더 | F7: 품번수 | G7: 품번수(리오더) | H7: 색상수 | I7: 색상수(리오더) | J7: 기획수량 | K7: LOT | L7: TAG가 | M7: 원가(-V) | N7: 배수 | O7: 입고수량 | P7: 미입고수량
B8: M | C8: ELS | D8: 신규 | E8: 최초 | F8: 63 | G8: 0 | H8: 84 | I8: 0 | J8: 66800 | K8: 795.2381 | L8: 3149920000 | M8: 5.3018883e+08 | N8: 5.401026 | O8: 0 | P8: 66800
D9: 러닝 | E9: 최초 | F9: 37 | G9: 0 | H9: 47 | I9: 0 | J9: 80800 | K9: 1719.1489 | L9: 4096800000 | M9: 5.4282717e+08 | N9: 6.8610487 | O9: 4000 | P9: 76500
E10: 리오더 | F10: 0 | G10: 2 | H10: 0 | I10: 2 | J10: 3200 | K10: 1600 | L10: 164000000 | M10: 20373280 | N10: 7.317963 | O10: 0 | P10: 3200
C11: ELS-가방 | D11: 신규 | E11: 최초 | F11: 6 | G11: 0 | H11: 7 | I11: 0 | J11: 4000 | K11: 571.42857 | L11: 271000000 | M11: 58830000 | N11: 4.1877212 | O11: 2500 | P11: 1500
E12: 리오더 | F12: 0 | G12: 2 | H12: 0 | I12: 2 | J12: 1000 | K12: 500 | L12: 45000000 | M12: 10020000 | N12: 4.0827436 | O12: 0 | P12: 1000
D13: 러닝 | E13: 최초 | F13: 10 | G13: 0 | H13: 14 | I13: 0 | J13: 8000 | K13: 571.42857 | L13: 877000000 | M13: 181110000 | N13: 4.4021464 | O13: 3500 | P13: 4500
E14: 리오더 | F14: 0 | G14: 2 | H14: 0 | I14: 2 | J14: 1700 | K14: 850 | L14: 185300000 | M14: 38964000 | N14: 4.3233381 | O14: 0 | P14: 1700
C15: ELS-의류 | D15: 신규 | E15: 최초 | F15: 51 | G15: 0 | H15: 65 | I15: 0 | J15: 77100 | K15: 1186.1538 | L15: 7748900000 | M15: 1.677303e+09 | N15: 4.1998701 | O15: 0 | P15: 77100
C16: SMB | D16: 신규 | E16: 최초 | F16: 42 | G16: 0 | H16: 43 | I16: 0 | J16: 30600 | K16: 711.62791 | L16: 1464400000 | M16: 2.115326e+08 | N16: 6.2934636 | O16: 0 | P16: 30600
D17: 러닝 | E17: 최초 | F17: 33 | G17: 0 | H17: 34 | I17: 0 | J17: 32100 | K17: 944.11765 | L17: 1528900000 | M17: 2.1537471e+08 | N17: 6.4534461 | O17: 5399 | P17: 26700
E18: 리오더 | F18: 0 | G18: 6 | H18: 0 | I18: 6 | J18: 12300 | K18: 2050 | L18: 662700000 | M18: 86064935 | N18: 7 | O18: 0 | P18: 12300
C19: NAA | D19: 신규 | E19: 최초 | F19: 18 | G19: 0 | H19: 18 | I19: 0 | J19: 11600 | K19: 644.44444 | L19: 538600000 | M19: 82074300 | N19: 5.9657696 | O19: 0 | P19: 11600
C20: NOV | D20: 신규 | E20: 최초 | F20: 27 | G20: 0 | H20: 34 | I20: 0 | J20: 17400 | K20: 511.76471 | L20: 953600000 | M20: 117210570 | N20: 7.3961682 | O20: 4445 | P20: 12900
D21: 러닝 | E21: 최초 | F21: 5 | G21: 0 | H21: 7 | I21: 0 | J21: 5100 | K21: 728.57143 | L21: 257900000 | M21: 33221489 | N21: 7.057316 | O21: 0 | P21: 5100
C22: VBL | D22: 신규 | E22: 최초 | F22: 22 | G22: 0 | H22: 22 | I22: 0 | J22: 14850 | K22: 675 | L22: 812350000 | M22: 1.0393502e+08 | N22: 7.1054011 | O22: 0 | P22: 14850
D23: 러닝 | E23: 최초 | F23: 8 | G23: 0 | H23: 13 | I23: 0 | J23: 20200 | K23: 1553.8462 | L23: 1044600000 | M23: 156693295 | N23: 6.0604786 | O23: 15343 | P23: 4500
E24: 리오더 | F24: 0 | G24: 4 | H24: 0 | I24: 7 | J24: 20700 | K24: 2957.1429 | L24: 1052100000 | M24: 1.5622644e+08 | N24: 6.1222321 | O24: 3700 | P24: 17000
C25: PLA | D25: 신규 | E25: 최초 | F25: 6 | G25: 0 | H25: 7 | I25: 0 | J25: 5100 | K25: 728.57143 | L25: 309300000 | M25: 40839876 | N25: 6.8849822 | O25: 0 | P25: 5100
D26: 러닝 | E26: 최초 | F26: 5 | G26: 0 | H26: 5 | I26: 0 | J26: 4700 | K26: 940 | L26: 277300000 | M26: 36611190 | N26: 6.8856246 | O26: 2200 | P26: 2500
E27: 리오더 | F27: 0 | G27: 1 | H27: 0 | I27: 1 | J27: 3000 | K27: 3000 | L27: 177000000 | M27: 24324300 | N27: 6.6151581 | O27: 0 | P27: 3000
C28: JIL | D28: 신규 | E28: 최초 | F28: 73 | G28: 0 | H28: 118 | I28: 0 | J28: 94400 | K28: 800 | L28: 3814000000 | M28: 5.3899017e+08 | N28: 6.4329053 | O28: 19078 | P28: 75400
E29: 리오더 | F29: 0 | G29: 3 | H29: 0 | I29: 4 | J29: 14500 | K29: 3625 | L29: 420500000 | M29: 75032701 | N29: 5.0947483 | O29: 0 | P29: 14500
D30: 러닝 | E30: 최초 | F30: 18 | G30: 0 | H30: 28 | I30: 0 | J30: 32100 | K30: 1146.4286 | L30: 1400700000 | M30: 189346650 | N30: 6.7250392 | O30: 2000 | P30: 30100
C31: HCU | D31: 신규 | E31: 최초 | F31: 8 | G31: 0 | H31: 13 | I31: 0 | J31: 19800 | K31: 1523.0769 | L31: 859400000 | M31: 144054432 | N31: 5.423455 | O31: 11697 | P31: 5800
E32: 리오더 | F32: 0 | G32: 1 | H32: 0 | I32: 1 | J32: 2000 | K32: 2000 | L32: 70000000 | M32: 10606061 | N32: 6 | O32: 0 | P32: 2000
D33: 러닝 | E33: 최초 | F33: 6 | G33: 0 | H33: 7 | I33: 0 | J33: 6500 | K33: 928.57143 | L33: 319700000 | M33: 50390431 | N33: 5.7676896 | O33: 0 | P33: 6500
C34: BRO | D34: 러닝 | E34: 최초 | F34: 5 | G34: 0 | H34: 5 | I34: 0 | J34: 2800 | K34: 560 | L34: 163200000 | M34: 26673954 | N34: 5.5621164 | O34: 0 | P34: 2800
C35: BMD | D35: 신규 | E35: 최초 | F35: 3 | G35: 0 | H35: 9 | I35: 0 | J35: 5700 | K35: 633.33333 | L35: 320900000 | M35: 54958652 | N35: 5.3081228 | O35: 0 | P35: 5700
D36: 러닝 | E36: 최초 | F36: 2 | G36: 0 | H36: 6 | I36: 0 | J36: 4500 | K36: 750 | L36: 241500000 | M36: 41390000 | N36: 5.3043115 | O36: 996 | P36: 3504
E37: 리오더 | F37: 0 | G37: 1 | H37: 0 | I37: 3 | J37: 4000 | K37: 1333.3333 | L37: 220000000 | M37: 36000000 | N37: 5.5555556 | O37: 0 | P37: 4000
C38: WTR | D38: 신규 | E38: 최초 | F38: 12 | G38: 0 | H38: 12 | I38: 0 | J38: 6900 | K38: 575 | L38: 424700000 | M38: 81895064 | N38: 4.7144588 | O38: 0 | P38: 6900
D39: 러닝 | E39: 최초 | F39: 5 | G39: 0 | H39: 5 | I39: 0 | J39: 2800 | K39: 560 | L39: 166600000 | M39: 35896077 | N39: 4.2192506 | O39: 0 | P39: 2800
C40: JOI | D40: 신규 | E40: 최초 | F40: 15 | G40: 0 | H40: 17 | I40: 0 | J40: 7300 | K40: 429.41176 | L40: 409100000 | M40: 66711087 | N40: 5.5749217 | O40: 0 | P40: 7300
D41: 러닝 | E41: 최초 | F41: 4 | G41: 0 | H41: 4 | I41: 0 | J41: 2000 | K41: 500 | L41: 110000000 | M41: 16167325 | N41: 6.1853151 | O41: 0 | P41: 2000
C42: ELS-ACC | D42: 신규 | E42: 최초 | F42: 2 | G42: 0 | H42: 2 | I42: 0 | J42: 1000 | K42: 500 | L42: 43000000 | M42: 8003360 | N42: 4.8843122 | O42: 0 | P42: 1000
D43: 러닝 | E43: 최초 | F43: 2 | G43: 0 | H43: 2 | I43: 0 | J43: 1000 | K43: 500 | L43: 39000000 | M43: 8315210 | N43: 4.2638184 | O43: 0 | P43: 1000
C44: JIL-ACC | D44: 신규 | E44: 최초 | F44: 4 | G44: 0 | H44: 5 | I44: 0 | J44: 2100 | K44: 420 | L44: 117500000 | M44: 20195858 | N44: 5.2891132 | O44: 0 | P44: 2100
D45: 러닝 | E45: 최초 | F45: 1 | G45: 0 | H45: 2 | I45: 0 | J45: 1000 | K45: 500 | L45: 29000000 | M45: 4941010 | N45: 5.3356776 | O45: 0 | P45: 1000
C46: PLA-의류 | D46: 신규 | E46: 최초 | F46: 12 | G46: 0 | H46: 12 | I46: 0 | J46: 12400 | K46: 1033.3333 | L46: 1601600000 | M46: 344932900 | N46: 4.2211108 | O46: 0 | P46: 12400
C47: JOI-ACC | D47: 신규 | E47: 최초 | F47: 6 | G47: 0 | H47: 6 | I47: 0 | J47: 2200 | K47: 366.66667 | L47: 108600000 | M47: 18515081 | N47: 5.3322625 | O47: 0 | P47: 2200
D48: 러닝 | E48: 최초 | F48: 2 | G48: 0 | H48: 2 | I48: 0 | J48: 1000 | K48: 500 | L48: 39000000 | M48: 7940990 | N48: 4.4647513 | O48: 0 | P48: 1000
C49: PLA-가방 | D49: 신규 | E49: 최초 | F49: 4 | G49: 0 | H49: 4 | I49: 0 | J49: 2000 | K49: 500 | L49: 238000000 | M49: 48000000 | N49: 4.5075758 | O49: 0 | P49: 2000
C50: URB | D50: 신규 | E50: 최초 | F50: 22 | G50: 0 | H50: 25 | I50: 0 | J50: 14400 | K50: 576 | L50: 690400000 | M50: 83020328 | N50: 7.5600323 | O50: 0 | P50: 14400
B51: M 요약 | F51: 539 | G51: 22 | H51: 684 | I51: 28 | J51: 662650 | K51: 930.6882 | L51: 37463070000 | M51: 6.2357023e+09 | N51: 5.4616681 | O51: 74858 | P51: 584854
B52: B | C52: FFT | D52: 신규 | E52: 최초 | F52: 31 | G52: 0 | H52: 31 | I52: 0 | J52: 1751 | K52: 56.483871 | L52: 85799000 | M52: 35099591 | N52: 2.2222222 | O52: 1746 | P52: 0
E53: 리오더 | F53: 0 | G53: 2 | H53: 0 | I53: 2 | J53: 250 | K53: 125 | L53: 12250000 | M53: 5011363.6 | N53: 2.2222222 | O53: 250 | P53: 0
D54: 러닝 | E54: 최초 | F54: 23 | G54: 0 | H54: 26 | I54: 0 | J54: 1982 | K54: 76.230769 | L54: 97098000 | M54: 39721909 | N54: 2.2222222 | O54: 1972 | P54: 0
E55: 리오더 | F55: 0 | G55: 14 | H55: 0 | I55: 17 | J55: 2160 | K55: 127.05882 | L55: 107140000 | M55: 43830000 | N55: 2.2222222 | O55: 2130 | P55: 0
C56: GOO | D56: 신규 | E56: 최초 | F56: 9 | G56: 0 | H56: 14 | I56: 0 | J56: 2928 | K56: 209.14286 | L56: 169632000 | M56: 42836364 | N56: 3.6 | O56: 0 | P56: 2928
D57: 러닝 | E57: 최초 | F57: 1 | G57: 0 | H57: 4 | I57: 0 | J57: 1320 | K57: 330 | L57: 64680000 | M57: 16333333 | N57: 3.6 | O57: 0 | P57: 1320
C58: GRA | D58: 신규 | E58: 최초 | F58: 13 | G58: 0 | H58: 28 | I58: 0 | J58: 4750 | K58: 169.64286 | L58: 355790000 | M58: 84630874 | N58: 3.8218376 | O58: 0 | P58: 4750
C59: NIX | D59: 신규 | E59: 최초 | F59: 5 | G59: 0 | H59: 8 | I59: 0 | J59: 2900 | K59: 362.5 | L59: 106500000 | M59: 38727273 | N59: 2.5 | O59: 0 | P59: 2900
C60: TRU | D60: 신규 | E60: 최초 | F60: 6 | G60: 0 | H60: 16 | I60: 0 | J60: 2016 | K60: 126 | L60: 269208000 | M60: 70387543 | N60: 3.4769582 | O60: 0 | P60: 2016
C61: DAK | D61: 신규 | E61: 최초 | F61: 9 | G61: 0 | H61: 15 | I61: 0 | J61: 5160 | K61: 344 | L61: 196680000 | M61: 53640000 | N61: 3.3333333 | O61: 0 | P61: 5160
D62: 러닝 | E62: 최초 | F62: 1 | G62: 0 | H62: 2 | I62: 0 | J62: 600 | K62: 300 | L62: 23400000 | M62: 6381818.2 | N62: 3.3333333 | O62: 0 | P62: 600
B63: B 요약 | F63: 98 | G63: 16 | H63: 144 | I63: 19 | J63: 25817 | K63: 158.3865 | L63: 1488177000 | M63: 4.3660007e+08 | N63: 3.0986898 | O63: 6098 | P63: 19674
B64: 총합계 | F64: 637 | G64: 38 | H64: 828 | I64: 47 | J64: 688467 | K64: 786.81943 | L64: 38951247000 | M64: 6.6723024e+09 | N64: 5.3070473 | O64: 80956 | P64: 604528

Sheet CODE
C1: 2 | D1: 3 | E1: 4 | F1: 5 | G1: 6 | L1: 2 | M1: 3 | N1: 4 | O1: 5 | P1: 6 | S1: 2 | T1: 3 | X1: 2 | Y1: 3 | AE1: 2 | AF1: 3 | AJ1: 2 | AK1: 3 | AL1: 4 | AO1: 2 | AP1: 3 | AS1: 2 | AT1: 3 | AW1: 2 | AX1: 3
A2: BRAND (3자리) | I2: ITEM (2자리) | R2: YEAR (2자리) | V2: SEASON (1자리) | AA2: STNO (3자리) | AC2: COLOR (2자리) | AH2: SIZE (3자리) | AN2: 분류 | AR2: 성별 | AV2: 원산지
A3: 구코드 | B3: 코드 | C3: 코드명 | D3: 그룹 | E3: 코드 | F3: 구분 | G3: B/M/C | I3: 구코드 | J3: 구코드명 | K3: 코드 | L3: 코드명 | M3: 코드 | N3: 구분 | O3: 구분 | P3: 구분 | R3: 코드 | S3: 코드명 | T3: 코드 | V3: 구코드 | W3: 코드 | X3: 코드명 | Y3: 코드 | AA3: 코드 | AC3: 구코드 | AD3: 코드 | AE3: 코드명 | AF3: 코드 | AH3: 구코드 | AI3: 코드 | AJ3: 코드명 | AK3: TYPE | AL3: 코드 | AN3: 코드 | AO3: 코드명 | AP3: 코드 | AR3: 코드 | AS3: 코드명 | AT3: 코드 | AV3: 코드 | AW3: 코드명 | AX3: 코드
A4: BZ | C4: COP CARDINALS | D4: =B4 -> 0 | E4: =B4 -> 0 | F4: SPORTS | G4: B | I4: CA | J4: BASIC CAP (핀치히터) | K4: BA | L4: BASIC CAP | M4: =K4 -> BA | N4: 의류외 | P4: 모자 | R4: A | S4: 2009 | T4: =R4 -> A | V4: 0 | W4: 0 | X4: SS | Y4: =W4 -> 0 | AA4: 001 | AC4: B0 | AD4: BK | AE4: Black | AF4: =AD4 -> BK | AH4: A | AI4: FRE | AJ4: OSFA(ADJUST CAP) | AK4: 1 | AL4: =AI4 -> FRE | AN4: B | AO4: 사입 | AP4: =AN4 -> B | AR4: M | AS4: 남자 | AT4: =AR4 -> M | AV4: CN | AW4: 중국 | AX4: =AV4 -> CN
A5: BH | C5: COP INDIANS | D5: =B5 -> 0 | E5: =B5 -> 0 | F5: SPORTS | G5: B | I5: CS | J5: VISOR CAP | K5: BA | L5: BASIC CAP | M5: =K5 -> BA | N5: 의류외 | P5: 모자 | R5: B | S5: 2010 | T5: =R5 -> B | V5: 1 | W5: 0 | X5: SS | Y5: =W5 -> 0 | AA5: 002 | AC5: B1 | AE5: Black Camo | AF5: =AD5 -> 0 | AH5: N | AI5: OXS | AJ5: XS | AK5: 1 | AL5: =AI5 -> OXS | AN5: C | AO5: 위탁 | AP5: =AN5 -> C | AR5: W | AS5: 여자 | AT5: =AR5 -> W | AV5: JP | AW5: 일본 | AX5: =AV5 -> JP
A6: BR | C6: COP METS | D6: =B6 -> 0 | E6: =B6 -> 0 | F6: SPORTS | G6: B | I6: CC | J6: FLEX CAP (3930) | K6: FL | L6: FLEX CAP | M6: =K6 -> FL | N6: 의류외 | P6: 모자 | R6: C | S6: 2011 | T6: =R6 -> C | V6: 2 | W6: 0 | X6: SS | Y6: =W6 -> 0 | AA6: 003 | AC6: B2 | AE6: Black Leopard | AF6: =AD6 -> 0 | AI6: OSS | AJ6: S | AK6: 1 | AL6: =AI6 -> OSS | AN6: M | AO6: 제조 | AP6: =AN6 -> M | AR6: U | AS6: UNISEX | AT6: =AR6 -> U | AV6: KR | AW6: 한국 | AX6: =AV6 -> KR
A7: BC | C7: COP ORIOLES | D7: =B7 -> 0 | E7: =B7 -> 0 | F7: SPORTS | G7: B | I7: CD | J7: NORMAL FITTED CAP (커브) | K7: FL | L7: FLEX CAP | M7: =K7 -> FL | N7: 의류외 | P7: 모자 | R7: D | S7: 2012 | T7: =R7 -> D | V7: 3 | W7: 0 | X7: SS | Y7: =W7 -> 0 | AA7: 004 | AC7: B3 | AE7: Black/White | AF7: =AD7 -> 0 | AI7: OMM | AJ7: M | AK7: 1 | AL7: =AI7 -> OMM | AR7: K | AS7: KIDS | AT7: =AR7 -> K | AV7: US | AW7: 미국 | AX7: =AV7 -> US
A8: BJ | C8: COP TIGERS | D8: =B8 -> 0 | E8: =B8 -> 0 | F8: SPORTS | G8: B | I8: CE | J8: FLAT BILL FITTED CAP(5950) | K8: FI | L8: FITTED CAP | M8: =K8 -> FI | N8: 의류외 | P8: 모자 | R8: E | S8: 2013 | T8: =R8 -> E | V8: 4 | W8: 0 | X8: SS | Y8: =W8 -> 0 | AA8: 005 | AC8: B4 | AE8: Black/Flann | AF8: =AD8 -> 0 | AI8: OLL | AJ8: L | AK8: 1 | AL8: =AI8 -> OLL | AR8: N | AS8: NEWERA | AT8: =AR8 -> N | AV8: IN | AW8: 인도네시아 | AX8: =AV8 -> IN
A9: KC | B9: KDO | C9: DOOSAN BEARS | D9: KBO | E9: =B9 -> KDO | F9: SPORTS | G9: B | I9: CU | J9: FLAT BILL FLEX CAP(일자) | K9: FI | L9: FITTED CAP | M9: =K9 -> FI | N9: 의류외 | P9: 모자 | R9: F | S9: 2014 | T9: =R9 -> F | V9: 5 | W9: 3 | X9: FW | Y9: =W9 -> 3 | AA9: 006 | AC9: B5 | AE9: Dark Flann | AF9: =AD9 -> 0 | AI9: OXL | AJ9: XL | AK9: 1 | AL9: =AI9 -> OXL | AR9: A | AS9: AUTHENTIC | AT9: =AR9 -> A | AV9: BG | AW9: 방글라데시 | AX9: =AV9 -> BG
A10: CD | B10: ZCD | C10: EUR BARCELONA | D10: =B10 -> ZCD | E10: =B10 -> ZCD | F10: SPORTS | G10: B | I10: DA | J10: FLAT BILL FITTED BASIC (BLANK 5950) | K10: FI | L10: FITTED CAP | M10: =K10 -> FI | N10: 의류외 | P10: 모자 | R10: G | S10: 2015 | T10: =R10 -> G | V10: 6 | W10: 3 | X10: FW | Y10: =W10 -> 3 | AA10: 007 | AC10: B6 | AE10: Loden | AF10: =AD10 -> 0 | AH10: O | AI10: OSM | AJ10: S~M | AK10: 1 | AL10: =AI10 -> OSM | AV10: DE | AW10: 독일 | AX10: =AV10 -> DE
A11: CA | B11: ZCA | C11: EUR MUCHESTER | D11: =B11 -> ZCA | E11: =B11 -> ZCA | F11: SPORTS | G11: B | I11: CB | J11: WASHED CAP (워싱캡) | K11: WC | L11: WASHED CAP | M11: =K11 -> WC | N11: 의류외 | P11: 모자 | R11: H | S11: 2016 | T11: =R11 -> H | V11: 7 | W11: 3 | X11: FW | Y11: =W11 -> 3 | AA11: 008 | AC11: B7 | AE11: Pine X | AF11: =AD11 -> 0 | AH11: P | AI11: OML | AJ11: M~L | AK11: 1 | AL11: =AI11 -> OML | AV11: AT | AW11: 오스트리아 | AX11: =AV11 -> AT
A12: KH | B12: KHA | C12: HANWHA EAGLES | D12: KBO | E12: =B12 -> KHA | F12: SPORTS | G12: B | I12: CF | J12: TRUCKER CAP | K12: TR | L12: TRUCKER CAP | M12: =K12 -> TR | N12: 의류외 | P12: 모자 | R12: I | S12: 2017 | T12: =R12 -> I | V12: 8 | W12: 3 | X12: FW | Y12: =W12 -> 3 | AA12: 009 | AC12: B8 | AE12: Block | AF12: =AD12 -> 0 | AH12: Q | AI12: LXL | AJ12: L~XL | AK12: 1 | AL12: =AI12 -> LXL | AV12: BE | AW12: 벨기에 | AX12: =AV12 -> BE
A13: KA | B13: KKI | C13: KIA TIGERS | D13: KBO | E13: =B13 -> KKI | F13: SPORTS | G13: B | I13: CV | J13: MESH CAP(커브) | K13: TR | L13: TRUCKER CAP | M13: =K13 -> TR | N13: 의류외 | P13: 모자 | R13: J | S13: 2018 | T13: =R13 -> J | V13: 9 | W13: 3 | X13: FW | Y13: =W13 -> 3 | AA13: 010 | AC13: B9 | AD13: BU | AE13: Burgundy | AF13: =AD13 -> BU | AV13: CH | AW13: 스위스 | AX13: =AV13 -> CH
A14: KG | B14: KLG | C14: LG TWINS | D14: KBO | E14: =B14 -> KLG | F14: SPORTS | G14: B | I14: CW | J14: FLAT BILL MESH CAP(일자) | K14: TR | L14: TRUCKER CAP | M14: =K14 -> TR | N14: 의류외 | P14: 모자 | AC14: BA | AE14: PLAID BLACK | AF14: =AD14 -> 0 | AH14: E | AI14: 700 | AJ14: 7(56CM) | AK14: 2 | AL14: =AI14 -> 700 | AV14: ES | AW14: 스페인 | AX14: =AV14 -> ES
A15: KD | B15: KLO | C15: LOTTE GIANTS | D15: KBO | E15: =B15 -> KLO | F15: SPORTS | G15: B | I15: DB | J15: FLAT BILL TRUCKER CAP | K15: TR | L15: TRUCKER CAP | M15: =K15 -> TR | N15: 의류외 | P15: 모자 | AC15: BB | AE15: Black/Red | AF15: =AD15 -> 0 | AH15: F | AI15: 718 | AJ15: 71/8(57CM) | AK15: 2 | AL15: =AI15 -> 718 | AV15: FR | AW15: 프랑스 | AX15: =AV15 -> FR
A16: AO | B16: NAN | C16: MLB ANGELS | D16: MLB | E16: =B16 -> NAN | F16: SPORTS | G16: B | I16: CZ | J16: UMPIRE | K16: UM | L16: UMPIRE | M16: =K16 -> UM | N16: 의류외 | P16: 모자 | AC16: C1 | AD16: BG | AE16: Beige | AF16: =AD16 -> BG | AH16: G | AI16: 714 | AJ16: 71/4(58CM) | AK16: 2 | AL16: =AI16 -> 714 | AV16: GR | AW16: 영국 | AX16: =AV16 -> GR
A17: AU | B17: NAS | C17: MLB A'S | D17: MLB | E17: =B17 -> NAS | F17: SPORTS | G17: B | I17: CG | J17: PERFORMANCE CAP(기능성) | K17: PE | L17: PERFORMANCE CAP | M17: =K17 -> PE | N17: 의류외 | P17: 모자 | AC17: C2 | AE17: Putty | AF17: =AD17 -> 0 | AH17: H | AI17: 738 | AJ17: 73/8(59CM) | AK17: 2 | AL17: =AI17 -> 738 | AV17: IT | AW17: 이탈리아 | AX17: =AV17 -> IT
A18: AM | B18: NAT | C18: MLB ASTROS | D18: MLB | E18: =B18 -> NAT | F18: SPORTS | G18: B | I18: CI | J18: MILITARY CAP | K18: MI | L18: MILITARY CAP | M18: =K18 -> MI | N18: 의류외 | P18: 모자 | AC18: C3 | AE18: Sand | AF18: =AD18 -> 0 | AH18: I | AI18: 712 | AJ18: 71/2(60CM) | AK18: 2 | AL18: =AI18 -> 712 | AV18: PI | AW18: 필리핀 | AX18: =AV18 -> PI
A19: A4 | B19: NBL | C19: MLB BLUEJAYS | D19: MLB | E19: =B19 -> NBL | F19: SPORTS | G19: B | I19: CK | J19: FEDORA | K19: FE | L19: FEDORA | M19: =K19 -> FE | N19: 의류외 | P19: 모자 | AC19: C4 | AD19: KH | AE19: Khaki | AF19: =AD19 -> KH | AH19: J | AI19: 758 | AJ19: 75/8(61CM) | AK19: 2 | AL19: =AI19 -> 758 | AV19: PT | AW19: 포르투갈 | AX19: =AV19 -> PT
A20: AC | B20: NBR | C20: MLB BRAVES | D20: MLB | E20: =B20 -> NBR | F20: SPORTS | G20: B | I20: CL | J20: HUNTING CAP | K20: HU | L20: HUNTING CAP | M20: =K20 -> HU | N20: 의류외 | P20: 모자 | AC20: C5 | AE20: Café | AF20: =AD20 -> 0 | AH20: K | AI20: 734 | AJ20: 73/4(62CM) | AK20: 2 | AL20: =AI20 -> 734 | AV20: TW | AW20: 대만 | AX20: =AV20 -> TW
A21: AQ | B21: NBE | C21: MLB BREWERS | D21: MLB | E21: =B21 -> NBE | F21: SPORTS | G21: B | I21: CT | J21: CASQUETTE | K21: CT | L21: CASQUETTE | M21: =K21 -> CT | N21: 의류외 | P21: 모자 | AC21: C6 | AD21: BW | AE21: Brown | AF21: =AD21 -> BW | AH21: L | AI21: 778 | AJ21: 77/8(63CM) | AK21: 2 | AL21: =AI21 -> 778
A22: A1 | B22: NCA | C22: MLB CARDINALS | D22: MLB | E22: =B22 -> NCA | F22: SPORTS | G22: B | I22: CM | J22: BERET | K22: CM | L22: BERET | M22: =K22 -> CM | N22: 의류외 | P22: 모자 | AC22: C7 | AE22: Dk.Brown | AF22: =AD22 -> 0 | AH22: M | AI22: 800 | AJ22: 8(64CM) | AK22: 2 | AL22: =AI22 -> 800
A23: AF | B23: NCU | C23: MLB CUBS | D23: MLB | E23: =B23 -> NCU | F23: SPORTS | G23: B | I23: CJ | J23: FASHION HAT | K23: FA | L23: FASHION HAT | M23: =K23 -> FA | N23: 의류외 | P23: 모자 | AC23: C8 | AE23: Light.Brown | AF23: =AD23 -> 0
A24: AB | B24: NDB | C24: MLB D'BACKS | D24: MLB | E24: =B24 -> NDB | F24: SPORTS | G24: B | I24: CX | J24: PAPER 소재로 된 것. | K24: FA | L24: FASHION HAT | M24: =K24 -> FA | N24: 의류외 | P24: 모자 | AC24: C9 | AD24: BR | AE24: Metalic Bronze | AF24: =AD24 -> BR | AI24: 600 | AJ24: 6(48CM) | AK24: 3 | AL24: =AI24 -> 600
A25: A2 | B25: NDE | C25: MLB DEVILSRAYS | D25: MLB | E25: =B25 -> NDE | F25: SPORTS | G25: B | I25: CY | J25: Trim이 길고 펄럭임 | K25: FA | L25: FASHION HAT | M25: =K25 -> FA | N25: 의류외 | P25: 모자 | AC25: CA | AE25: Brown Leopard | AF25: =AD25 -> 0 | AI25: 618 | AJ25: 61/8(49CM) | AK25: 3 | AL25: =AI25 -> 618
A26: AP | B26: NDO | C26: MLB DODGERS | D26: MLB | E26: =B26 -> NDO | F26: SPORTS | G26: B | I26: CH | J26: BUCKET | K26: FA | L26: FASHION HAT | M26: =K26 -> FA | N26: 의류외 | P26: 모자 | AC26: CB | AE26: Dk.Khaki | AF26: =AD26 -> 0 | AI26: 614 | AJ26: 61/4(50CM) | AK26: 3 | AL26: =AI26 -> 614
A27: AY | B27: NGI | C27: MLB GIANTS | D27: MLB | E27: =B27 -> NGI | F27: SPORTS | G27: B | I27: CN | J27: NORMAL BEANIE | K27: BE | L27: BEANIE | M27: =K27 -> BE | N27: 의류외 | P27: 모자 | AC27: CC | AD27: CH | AE27: Chocolate | AF27: =AD27 -> CH | AH27: H | AI27: 638 | AJ27: 63/8(51CM) | AK27: 3 | AL27: =AI27 -> 638
A28: AI | B28: NIN | C28: MLB INDIANS | D28: MLB | E28: =B28 -> NIN | F28: SPORTS | G28: B | I28: CO | J28: REVERSABLE BEANIE | K28: BE | L28: BEANIE | M28: =K28 -> BE | N28: 의류외 | P28: 모자 | AC28: CD | AE28: Walnut | AF28: =AD28 -> 0 | AH28: I | AI28: 612 | AJ28: 61/2(52CM) | AK28: 3 | AL28: =AI28 -> 612
A29: AZ | B29: NMR | C29: MLB MARINERS | D29: MLB | E29: =B29 -> NMR | F29: SPORTS | G29: B | I29: CR | J29: CUFF KNIT BEANIE | K29: BE | L29: BEANIE | M29: =K29 -> BE | N29: 의류외 | P29: 모자 | AC29: CE | AD29: CL | AE29: CAMEL | AF29: =AD29 -> CL | AH29: J | AI29: 658 | AJ29: 65/8(53CM) | AK29: 3 | AL29: =AI29 -> 658
A30: AL | B30: NMA | C30: MLB MARLINS | D30: MLB | E30: =B30 -> NMA | F30: SPORTS | G30: B | I30: CP | J30: VISOR BEANIE (챙비니) | K30: VB | L30: VISOR BEANIE | M30: =K30 -> VB | N30: 의류외 | P30: 모자 | AC30: CF | AE30: PLAID BROWN | AF30: =AD30 -> 0 | AH30: K | AI30: 634 | AJ30: 63/4(54CM) | AK30: 3 | AL30: =AI30 -> 634
A31: AS | B31: NME | C31: MLB METS | D31: MLB | E31: =B31 -> NME | F31: SPORTS | G31: B | I31: CQ | J31: EARFLAP BEANIE | K31: EB | L31: EARFLAP BEANIE | M31: =K31 -> EB | N31: 의류외 | P31: 모자 | AC31: E0 | AD31: GY | AE31: Grey | AF31: =AD31 -> GY | AH31: D | AI31: 678 | AJ31: 67/8(55CM) | AK31: 3 | AL31: =AI31 -> 678
A32: A5 | B32: NNA | C32: MLB NATIONALS | D32: MLB | E32: =B32 -> NNA | F32: SPORTS | G32: B | J32: EARCAP | K32: ER | L32: EARCAP | M32: =K32 -> ER | N32: 의류외 | P32: 모자 | AC32: E1 | AE32: Light Grey | AF32: =AD32 -> 0
A33: AD | B33: NOR | C33: MLB ORIOLES | D33: MLB | E33: =B33 -> NOR | F33: SPORTS | G33: B | J33: TROOPER | K33: TP | L33: TROOPER | M33: =K33 -> TP | N33: 의류외 | P33: 모자 | AC33: E2 | AE33: Dk.Grey | AF33: =AD33 -> 0 | AH33: 4 | AI33: 240 | AJ33: 240 | AK33: 4 | AL33: =AI33 -> 240
A34: AX | B34: NPA | C34: MLB PADRES | D34: MLB | E34: =B34 -> NPA | F34: SPORTS | G34: B | I34: EA | J34: KNIT MUFFLER | K34: MU | L34: MUFFLER | M34: =K34 -> MU | N34: 의류외 | O34: ACC | P34: ACC | AC34: E3 | AE34: C.Coal Grey | AF34: =AD34 -> 0 | AH34: 5 | AI34: 250 | AJ34: 250 | AK34: 4 | AL34: =AI34 -> 250
A35: AV | B35: NPH | C35: MLB PHILLIES | D35: MLB | E35: =B35 -> NPH | F35: SPORTS | G35: B | I35: EB | J35: HOOD MUFFLER | K35: MU | L35: MUFFLER | M35: =K35 -> MU | N35: 의류외 | P35: ACC | AC35: E4 | AE35: Gunmetal | AF35: =AD35 -> 0 | AH35: 7 | AI35: 270 | AJ35: 270 | AK35: 4 | AL35: =AI35 -> 270
A36: AW | B36: NPI | C36: MLB PIRATES | D36: MLB | E36: =B36 -> NPI | F36: SPORTS | G36: B | I36: EC | J36: SCARF | K36: MU | L36: MUFFLER | M36: =K36 -> MU | N36: 의류외 | P36: ACC | AC36: E5 | AE36: PLAID GREY | AF36: =AD36 -> 0 | AH36: 8 | AI36: 280 | AJ36: 280 | AK36: 4 | AL36: =AI36 -> 280
A37: A3 | B37: NRA | C37: MLB RANGERS | D37: MLB | E37: =B37 -> NRA | F37: SPORTS | G37: B | J37: WARMER | K37: WA | L37: WARMER | M37: =K37 -> WA | N37: 의류외 | O37: ACC | P37: ACC | AC37: E6 | AE37: Light Beige | AF37: =AD37 -> 0
A38: AH | B38: NRD | C38: MLB REDS | D38: MLB | E38: =B38 -> NRD | F38: SPORTS | G38: B | I38: ED | J38: MITTEN(장갑) | K38: ED | L38: MITTEN | M38: =K38 -> ED | N38: 의류외 | O38: ACC | P38: ACC | AC38: G0 | AD38: MT | AE38: Mint | AF38: =AD38 -> MT
A39: AE | B39: NRE | C39: MLB REDSOX | D39: MLB | E39: =B39 -> NRE | F39: SPORTS | G39: B | I39: FA | J39: CAP CARRIER(모자 휴대가방) | K39: CC | L39: CAP CARRIER | M39: =K39 -> CC | N39: 의류외 | O39: ACC | P39: ACC | AC39: G1 | AD39: GR | AE39: Green | AF39: =AD39 -> GR
A40: AJ | B40: NRO | C40: MLB ROCKIES | D40: MLB | E40: =B40 -> NRO | F40: SPORTS | G40: B | I40: FB | J40: CAP SPRAY(모자 세정액) | K40: CS | L40: CAP SPRAY | M40: =K40 -> CS | N40: 의류외 | O40: ACC | P40: ACC | AC40: G2 | AE40: Olive | AF40: =AD40 -> 0
A41: AN | B41: NRY | C41: MLB ROYALS | D41: MLB | E41: =B41 -> NRY | F41: SPORTS | G41: B | I41: FC | J41: DP cap (빅모자) | K41: DC | L41: DP cap | M41: =K41 -> DC | N41: 의류외 | O41: ACC | P41: ACC | AC41: G3 | AE41: New Olive | AF41: =AD41 -> 0
A42: AK | B42: NTI | C42: MLB TIGERS | D42: MLB | E42: =B42 -> NTI | F42: SPORTS | G42: B | J42: 액서사리 | K42: AC | L42: ACC | M42: =K42 -> AC | N42: 의류외 | P42: ACC | AC42: G4 | AE42: Light Olive | AF42: =AD42 -> 0
A43: AR | B43: NTW | C43: MLB TWINS | D43: MLB | E43: =B43 -> NTW | F43: SPORTS | G43: B | I43: AN | J43: 반팔 | K43: TS | L43: SHOT SLEEVES | M43: =K43 -> TS | N43: 의류 | O43: 의류 | P43: 의류 | AC43: G5 | AE43: P.Green | AF43: =AD43 -> 0
A44: AG | B44: NWS | C44: MLB W'SOX | D44: MLB | E44: =B44 -> NWS | F44: SPORTS | G44: B | J44: 긴팔 | K44: TL | L44: LONG SLEEVES | M44: =K44 -> TL | N44: 의류 | O44: 의류 | P44: 의류 | AC44: G6 | AE44: R.Green | AF44: =AD44 -> 0
A45: AT | B45: NYA | C45: MLB YANKEES | D45: MLB | E45: =B45 -> NYA | F45: SPORTS | G45: B | J45: 후드티 | K45: TH | L45: HOODED T-SHIRTS | M45: =K45 -> TH | N45: 의류 | O45: 의류 | P45: 의류 | AC45: G7 | AE45: Deep Green | AF45: =AD45 -> 0
A46: AA | B46: NEW | C46: NEW ERA | D46: MLB | E46: =B46 -> NEW | F46: SPORTS | G46: B | K46: HP | L46: HOODED JUMPER | M46: =K46 -> HP | N46: 의류 | O46: 의류 | P46: 의류 | AC46: G8 | AE46: Green Checker | AF46: =AD46 -> 0
A47: KF | B47: KNE | C47: NEXEN HEROES | D47: KBO | E47: =B47 -> KNE | F47: SPORTS | G47: B | J47: 야구점퍼 | K47: JP | L47: JUMPER | M47: =K47 -> JP | N47: 의류 | O47: 의류 | P47: 의류 | AC47: G9 | AE47: Dk. Green | AF47: =AD47 -> 0
A48: KE | B48: KSA | C48: SAMSUNG LIONS | D48: KBO | E48: =B48 -> KSA | F48: SPORTS | G48: B | I48: FF | J48: 쪼리 | K48: FF | L48: 쪼리 | M48: =K48 -> FF | N48: 의류외 | O48: 신발 | P48: 신발 | AC48: GA | AE48: Olive Camo | AF48: =AD48 -> 0
A49: KB | B49: KSK | C49: SK WYVERNS | D49: KBO | E49: =B49 -> KSK | F49: SPORTS | G49: B | I49: BP | J49: 백팩 | K49: BP | L49: BACK PACK | M49: =K49 -> BP | N49: 의류외 | O49: 가방 | P49: 가방 | AC49: GB | AD49: AR | AE49: Army | AF49: =AD49 -> AR
B50: BBC | C50: NBA BOSTON CELTICS | D50: NBA | E50: =B50 -> BBC | F50: SPORTS | G50: B | K50: JS | L50: JUMPSUIT | M50: =K50 -> JS | N50: 의류 | O50: 의류 | P50: 의류 | AC50: GC | AE50: Spruce | AF50: =AD50 -> 0
B51: BCB | C51: NBA CHICAGO BULLS | D51: NBA | E51: =B51 -> BCB | F51: SPORTS | G51: B | K51: SB | L51: SHOULDER BAG | M51: SB | N51: 의류외 | O51: 가방 | P51: 가방 | AC51: N0 | AD51: NY | AE51: Navy | AF51: =AD51 -> NY
A52: FA | B52: VOL | C52: VOLCOM | D52: =B52 -> VOL | E52: =B52 -> VOL | F52: SPORTS | G52: B | K52: PT | L52: PANTS | M52: PT | N52: 의류 | O52: 의류 | P52: 의류 | AC52: N1 | AE52: Dk.Navy | AF52: =AD52 -> 0
A53: FB | B53: BIL | C53: BILLABONG | D53: =B53 -> BIL | E53: =B53 -> BIL | F53: STREET | G53: B | AC53: N2 | AD53: PP | AE53: Purple | AF53: =AD53 -> PP
A54: FC | B54: QSV | C54: QUIKSILVER | D54: =B54 -> QSV | E54: =B54 -> QSV | F54: STREET | G54: B | AC54: N3 | AE54: Dk.Purple | AF54: =AD54 -> 0
A55: FD | B55: ROX | C55: ROXY | D55: =B55 -> ROX | E55: =B55 -> ROX | F55: STREET | G55: B | AC55: N4 | AE55: VIOLET | AF55: =AD55 -> 0
A56: FE | B56: GRA | C56: GRACEHAT | D56: =B56 -> GRA | E56: =B56 -> GRA | F56: F-HAT | G56: B | AC56: N5 | AE56: Magenta Checker | AF56: =AD56 -> 0
B57: GRL | C57: GRACEHAT(LUI MARCHE) | D57: =B57 -> GRL | E57: =B57 -> GRL | F57: F-HAT | G57: B | AC57: N6 | AE57: Navy Checker | AF57: =AD57 -> 0
B58: GRH | C58: GRACEHAT(DISTRIBUTION) | D58: =B58 -> GRH | E58: =B58 -> GRH | F58: F-HAT | G58: B | AC58: N7 | AE58: Light Purple | AF58: =AD58 -> 0
A59: FF | B59: BUT | C59: BURTON | D59: =B59 -> BUT | E59: =B59 -> BUT | F59: STREET | G59: B | AC59: N8 | AE59: Navy Stripe | AF59: =AD59 -> 0
A60: FG | B60: ZZZ | C60: FOX RACING | D60: =B60 -> ZZZ | E60: =B60 -> ZZZ | G60: B | AC60: N9 | AE60: Marine | AF60: =AD60 -> 0
A61: FH | B61: ZZZ | C61: HURLEY | D61: =B61 -> ZZZ | E61: =B61 -> ZZZ | G61: B | AC61: NA | AE61: Mage | AF61: =AD61 -> 0
A62: FI | B62: STU | C62: STUSSY | D62: =B62 -> STU | E62: =B62 -> STU | F62: STREET | G62: B | AC62: NB | AE62: MULTI | AF62: =AD62 -> 0
A63: FJ | B63: NIX | C63: NIXON | D63: =B63 -> NIX | E63: =B63 -> NIX | F63: STREET | G63: B | AC63: R0 | AD63: RE | AE63: Red | AF63: =AD63 -> RE
A64: FK | B64: ZZZ | C64: D.C | D64: =B64 -> ZZZ | E64: =B64 -> ZZZ | G64: B | AC64: R1 | AE64: Maroon | AF64: =AD64 -> 0
A65: FL | B65: ANA | C65: ANALOG | D65: =B65 -> ANA | E65: =B65 -> ANA | F65: STREET | G65: B | AC65: R2 | AE65: Wine | AF65: =AD65 -> 0
A66: FM | B66: ADA | C66: ADIDAS | D66: =B66 -> ADA | E66: =B66 -> ADA | F66: STREET | G66: B | AC66: R3 | AD66: PK | AE66: Pink | AF66: =AD66 -> PK
A67: FN | B67: NKE | C67: NIKE | D67: =B67 -> NKE | E67: =B67 -> NKE | G67: B | AC67: R4 | AE67: Light Pink | AF67: =AD67 -> 0
A68: FO | B68: PUM | C68: PUMA | D68: =B68 -> PUM | E68: =B68 -> PUM | G68: B | AC68: R5 | AE68: Hot Pink | AF68: =AD68 -> 0
A69: FP | B69: ZZZ | C69: 7 UNION | D69: =B69 -> ZZZ | E69: =B69 -> ZZZ | G69: B | AC69: R6 | AE69: Metalic Pink | AF69: =AD69 -> 0
A70: FQ | B70: ZZZ | C70: SUPRA | D70: =B70 -> ZZZ | E70: =B70 -> ZZZ | G70: B | AC70: R7 | AE70: Pink Leopard | AF70: =AD70 -> 0
A71: FR | B71: ZZZ | C71: KR3W | D71: =B71 -> ZZZ | E71: =B71 -> ZZZ | G71: B | AC71: R8 | AE71: Pearl Pink | AF71: =AD71 -> 0
A72: FS | B72: ZZZ | C72: C1RCA | D72: =B72 -> ZZZ | E72: =B72 -> ZZZ | G72: B | AC72: R9 | AE72: Fuchsia Pink | AF72: =AD72 -> 0
A73: FY | B73: ZZZ | C73: RIP CURL | D73: =B73 -> ZZZ | E73: =B73 -> ZZZ | G73: B | AC73: RA | AE73: Lava | AF73: =AD73 -> 0
A74: FZ | B74: ZZZ | C74: ES | D74: =B74 -> ZZZ | E74: =B74 -> ZZZ | G74: B | AC74: RB | AE74: PLAID RED | AF74: =AD74 -> 0
A75: F0 | B75: DRA | C75: DRAGON | D75: =B75 -> DRA | E75: =B75 -> DRA | F75: STREET | G75: B | AC75: U0 | AD75: BL | AE75: Blue | AF75: =AD75 -> BL
A76: F1 | B76: HUF | C76: HUF | D76: =B76 -> HUF | E76: =B76 -> HUF | F76: STREET | G76: B | AC76: U1 | AE76: Light.Blue | AF76: =AD76 -> 0
A77: F2 | B77: HUN | C77: HUNDREDS | D77: =B77 -> HUN | E77: =B77 -> HUN | F77: STREET | G77: B | AC77: U2 | AE77: Deep.Blue | AF77: =AD77 -> 0
A78: F3 | B78: ZZZ | C78: TROPICAL SOUND | D78: =B78 -> ZZZ | E78: =B78 -> ZZZ | G78: B | AC78: U3 | AE78: Sky Blue | AF78: =AD78 -> 0
A79: F4 | B79: GOO | C79: GOORIN BROTHERS | D79: =B79 -> GOO | E79: =B79 -> GOO | F79: F-HAT | G79: B | AC79: U4 | AE79: Indigo | AF79: =AD79 -> 0
B80: GOL | C80: GOORIN BROTHERS(LUI MARCHE) | D80: =B80 -> GOL | E80: =B80 -> GOL | F80: F-HAT | G80: B | AC80: U5 | AE80: Royal | AF80: =AD80 -> 0
B81: GOD | C81: GOORIN BROTHERS(DISTRIBUTION) | D81: =B81 -> GOD | E81: =B81 -> GOD | F81: F-HAT | G81: B | AC81: U6 | AE81: Dk Blue | AF81: =AD81 -> 0
A82: F5 | B82: CRO | C82: CROOKS & CASTLE | D82: =B82 -> CRO | E82: =B82 -> CRO | F82: STREET | G82: B | AC82: U7 | AE82: Royal Blue | AF82: =AD82 -> 0
A83: F6 | B83: ZZZ | C83: ELECTRIC | D83: =B83 -> ZZZ | E83: =B83 -> ZZZ | G83: B | AC83: U8 | AE83: Teal | AF83: =AD83 -> 0
A84: F7 | B84: ZZZ | C84: GRAVIS | D84: =B84 -> ZZZ | E84: =B84 -> ZZZ | G84: B | AC84: U9 | AE84: CYPRESS | AF84: =AD84 -> 0
A85: F8 | B85: ZZZ | C85: OFFICIAL | D85: =B85 -> ZZZ | E85: =B85 -> ZZZ | G85: B | AC85: W0 | AD85: WH | AE85: White | AF85: =AD85 -> WH
A86: GA | B86: ZZZ | C86: SHIFT | D86: =B86 -> ZZZ | E86: =B86 -> ZZZ | G86: B | AC86: W1 | AD86: SL | AE86: Silver | AF86: =AD86 -> SL
A87: GB | B87: TRU | C87: TRUE RELIGION | D87: =B87 -> TRU | E87: =B87 -> TRU | F87: F-CAP | G87: B | AC87: W2 | AE87: Metalic Silver | AF87: =AD87 -> 0
B88: TRL | C88: TRUE RELIGION(LUI MARCHE) | D88: =B88 -> TRL | E88: =B88 -> TRL | F88: F-CAP | G88: B | AC88: W3 | AD88: IV | AE88: Ivory | AF88: =AD88 -> IV
A89: GC | B89: DAK | C89: DAKINE | D89: =B89 -> DAK | E89: =B89 -> DAK | F89: STREET | G89: B | AC89: W4 | AE89: White/Grey | AF89: =AD89 -> 0
A90: GD | B90: ZZZ | C90: OAKLEY | D90: =B90 -> ZZZ | E90: =B90 -> ZZZ | G90: B | AC90: W5 | AE90: White/DK.Grey | AF90: =AD90 -> 0
A91: GE | B91: EDH | C91: ED HARDY | D91: =B91 -> EDH | E91: =B91 -> EDH | F91: F-CAP | G91: B | AC91: Y0 | AD91: YE | AE91: Yellow | AF91: =AD91 -> YE
A92: GF | B92: ZZZ | C92: ITALY | D92: =B92 -> ZZZ | E92: =B92 -> ZZZ | G92: B | AC92: Y1 | AE92: Ab.Yellow | AF92: =AD92 -> 0
A93: GG | B93: ZZZ | C93: UNDER AMOUR | D93: =B93 -> ZZZ | E93: =B93 -> ZZZ | G93: B | AC93: Y2 | AD93: GD | AE93: Gold | AF93: =AD93 -> GD
A94: GH | B94: ZZZ | C94: NEW BALANCE | D94: =B94 -> ZZZ | E94: =B94 -> ZZZ | G94: B | AC94: Y3 | AE94: Old Gold | AF94: =AD94 -> 0
A95: GI | B95: ZZZ | C95: O'NEILL | D95: =B95 -> ZZZ | E95: =B95 -> ZZZ | G95: B | AC95: Y4 | AE95: Pumpkin | AF95: =AD95 -> 0
A96: GJ | B96: KAN | C96: KANGOL | D96: =B96 -> KAN | E96: =B96 -> KAN | F96: F-HAT | G96: B | AC96: Y5 | AD96: OR | AE96: Orange | AF96: =AD96 -> OR
A97: GK | B97: ZZZ | C97: A.KURTZ | D97: =B97 -> ZZZ | E97: =B97 -> ZZZ | G97: B | AC97: Y6 | AE97: BT Orange | AF97: =AD97 -> 0
A98: GL | B98: ZZZ | C98: THE NORTH FACE | D98: =B98 -> ZZZ | E98: =B98 -> ZZZ | G98: B | AC98: Y7 | AE98: Mustard | AF98: =AD98 -> 0
A99: GM | B99: ZZZ | C99: OBEY | D99: =B99 -> ZZZ | E99: =B99 -> ZZZ | G99: B
A100: GR | B100: WES | C100: WESC | D100: =B100 -> WES | E100: =B100 -> WES | F100: STREET | G100: B
...

Sheet P (3)
B3: 기획수량
B4: 분류 | C4: 러닝/신규 | D4: 품번색상 | E4: 요약
B5: M | C5: 러닝 | D5: BMDBAE3202BK | E5: 2000
D6: BMDBAE3202OR | E6: 500
D7: BMDBAE3202PK | E7: 3000
D8: BMDBAE3202RE | E8: 2000
D9: BMDMIE3201BK | E9: 500
D10: BMDMIE3201BL | E10: 500
D11: BROERE5105RE | E11: 500
D12: BROERE5106OR | E12: 500
D13: BROERE5107PK | E13: 500
D14: BROERE5117KH | E14: 500
D15: BROMIE5111KH | E15: 800
D16: ELSBAE3007PK | E16: 2700
D17: ELSBAE3008BK | E17: 5000
... D185: SMBFIE3709PK | E185: 700
B186: M 요약 | E186: 249500
B187: 총합계 | E187: 249500
