Workbook

Sheet 14FW판매DB
A1: 이월 판매 | B1: 러닝 판매 | C1: 판매/입고예정 | D1: 입고예정
A2: 13FW | B2: 14SS | C2: 14FW | D2: 15SS
A3: 러닝품번색상 오름차순 | C3: 2 | D3: =C3+1 -> 3 | E3: =D3+1 -> 4 | F3: =E3+1 -> 5 | G3: =F3+1 -> 6 | H3: =G3+1 -> 7 | I3: =H3+1 -> 8 | J3: =I3+1 -> 9 | K3: =J3+1 -> 10 | ... AF3: =AE3+1 -> 31
A4: 42463 | AD4: =SUBTOTAL(9,AD6:AD1048576) -> 98
A5: 브랜드품목 | B5: 품번색상 | C5: 러닝품번색상 | D5: 년도시즌 | E5: 품번 | F5: 품번명 | G5: 색상 | H5: 사이즈 | I5: 원가 | J5: TAG가 | K5: 판매가 | L5: 발주 | M5: 최초입고일 | N5: 입고수량 | O5: 입고금액 | P5: 최초출고일 | Q5: 매장출고 | R5: 타계정 | S5: 출고금액 | T5: 최초판매일 | U5: 판매수량 | V5: 판매금액 | W5: 판매율(입,수) | X5: 판매율(입,금) | Y5: 판매율(출,수) | Z5: 판매율(출,금) | AA5: 창고재고수량 | AB5: 매장재고수량 | AC5: 주간판매수량 | AD5: 기간판매수량 | AE5: 기간판매금액 | AF5: 기간판매금액비
A6: =IF(VLOOKUP(MID($B6,4,2),CODE!K:P,CODE!$O$1,FALSE)="",VLOOKUP(MID($B6,1,3),CODE!$B:$G,CODE!$D$1,FALSE),VLOOKUP(MID($B6,1,3),CODE!$B:$G,CODE!$D$1,FALSE)&"-"&VLOOKUP(MID($B6,4,2),CODE!K:P,CODE!$O$1,FALSE)) -> BLH | B6: =IF(ISERROR(VLOOKUP(E6&G6,품번정리!$D:$E,2,FALSE))=TRUE,E6&G6,VLOOKUP(E6&G6,품번정리!$D:$E,2,FALSE)) -> BLHFEF5003BK | C6: =IF(ISERROR(VLOOKUP(MID(B6,1,5)&MID(B6,8,5),품번정리!$A:$B,2,FALSE))=TRUE,MID(B6,1,5)&MID(B6,8,5),VLOOKUP(MID(B6,1,5)&MID(B6,8,5),품번정리!$A:$B,2,FALSE)) -> BLHFE003BK | D6: =MID(E6,6,2) -> F5 | E6: BLHFEF5003 | F6: BLLFEF5003BKFRE | G6: BK | I6: 8358 | J6: 69000 | K6: 69000 | L6: 5 | M6: 2014-12-02 | P6: 2014-12-02
A7: =IF(VLOOKUP(MID($B7,4,2),CODE!K:P,CODE!$O$1,FALSE)="",VLOOKUP(MID($B7,1,3),CODE!$B:$G,CODE!$D$1,FALSE),VLOOKUP(MID($B7,1,3),CODE!$B:$G,CODE!$D$1,FALSE)&"-"&VLOOKUP(MID($B7,4,2),CODE!K:P,CODE!$O$1,FALSE)) -> BRH | B7: =IF(ISERROR(VLOOKUP(E7&G7,품번정리!$D:$E,2,FALSE))=TRUE,E7&G7,VLOOKUP(E7&G7,품번정리!$D:$E,2,FALSE)) -> BRHERF5504WH | C7: =IF(ISERROR(VLOOKUP(MID(B7,1,5)&MID(B7,8,5),품번정리!$A:$B,2,FALSE))=TRUE,MID(B7,1,5)&MID(B7,8,5),VLOOKUP(MID(B7,1,5)&MID(B7,8,5),품번정리!$A:$B,2,FALSE)) -> BRHER504WH | D7: =MID(E7,6,2) -> F5 | E7: BRHERF5504 | F7: BROERF5504WHOSM | G7: WH | I7: 8833 | J7: 55000 | K7: 29000 | L7: 250 | M7: 2014-12-02 | N7: 190 | O7: 10450000 | P7: 2014-12-03 | Q7: 187 | S7: 10285000 | T7: 2014-12-05 | U7: 164 | V7: 5438500 | W7: 86.3 | X7: 52 | Y7: 87.7 | Z7: 52.9 | AA7: 3 | AB7: 23
A8: =IF(VLOOKUP(MID($B8,4,2),CODE!K:P,CODE!$O$1,FALSE)="",VLOOKUP(MID($B8,1,3),CODE!$B:$G,CODE!$D$1,FALSE),VLOOKUP(MID($B8,1,3),CODE!$B:$G,CODE!$D$1,FALSE)&"-"&VLOOKUP(MID($B8,4,2),CODE!K:P,CODE!$O$1,FALSE)) -> BRK | B8: =IF(ISERROR(VLOOKUP(E8&G8,품번정리!$D:$E,2,FALSE))=TRUE,E8&G8,VLOOKUP(E8&G8,품번정리!$D:$E,2,FALSE)) -> BRKBAF5501GY | C8: =IF(ISERROR(VLOOKUP(MID(B8,1,5)&MID(B8,8,5),품번정리!$A:$B,2,FALSE))=TRUE,MID(B8,1,5)&MID(B8,8,5),VLOOKUP(MID(B8,1,5)&MID(B8,8,5),품번정리!$A:$B,2,FALSE)) -> BRKBA501GY | D8: =MID(E8,6,2) -> F5 | E8: BRKBAF5501 | F8: 14FW BROWN_SQURE_CAP-01-GY_KIDS | G8: GY | I8: 7449 | J8: 45000 | K8: 25000 | L8: 640 | M8: 2014-08-08 | N8: 560 | O8: 25200000 | P8: 2014-08-14 | Q8: 192 | S8: 8640000 | T8: 2014-08-23 | U8: 75 | V8: 2927500 | W8: 13.4 | X8: 11.6 | Y8: 39.1 | Z8: 33.9 | AA8: 368 | AB8: 117
A9: =IF(VLOOKUP(MID($B9,4,2),CODE!K:P,CODE!$O$1,FALSE)="",VLOOKUP(MID($B9,1,3),CODE!$B:$G,CODE!$D$1,FALSE),VLOOKUP(MID($B9,1,3),CODE!$B:$G,CODE!$D$1,FALSE)&"-"&VLOOKUP(MID($B9,4,2),CODE!K:P,CODE!$O$1,FALSE)) -> BRK | B9: =IF(ISERROR(VLOOKUP(E9&G9,품번정리!$D:$E,2,FALSE))=TRUE,E9&G9,VLOOKUP(E9&G9,품번정리!$D:$E,2,FALSE)) -> BRKBAF5501PK | C9: =IF(ISERROR(VLOOKUP(MID(B9,1,5)&MID(B9,8,5),품번정리!$A:$B,2,FALSE))=TRUE,MID(B9,1,5)&MID(B9,8,5),VLOOKUP(MID(B9,1,5)&MID(B9,8,5),품번정리!$A:$B,2,FALSE)) -> BRKBA501PK | D9: =MID(E9,6,2) -> F5 | E9: BRKBAF5501 | F9: 14FW BROWN_SQURE_CAP-01-GY_KIDS | G9: PK | I9: 7449 | J9: 45000 | K9: 25000 | L9: 623 | M9: 2014-08-08 | N9: 562 | O9: 25290000 | P9: 2014-08-14 | Q9: 177 | S9: 7965000 | T9: 2014-08-20 | U9: 87 | V9: 3562500 | W9: 15.5 | X9: 14.1 | Y9: 49.2 | Z9: 44.7 | AA9: 385 | AB9: 90
A10: =IF(VLOOKUP(MID($B10,4,2),CODE!K:P,CODE!$O$1,FALSE)="",VLOOKUP(MID($B10,1,3),CODE!$B:$G,CODE!$D$1,FALSE),VLOOKUP(MID($B10,1,3),CODE!$B:$G,CODE!$D$1,FALSE)&"-"&VLOOKUP(MID($B10,4,2),CODE!K:P,CODE!$O$1,FALSE)) -> BRK | B10: =IF(ISERROR(VLOOKUP(E10&G10,품번정리!$D:$E,2,FALSE))=TRUE,E10&G10,VLOOKUP(E10&G10,품번정리!$D:$E,2,FALSE)) -> BRKERF5504WH | C10: =IF(ISERROR(VLOOKUP(MID(B10,1,5)&MID(B10,8,5),품번정리!$A:$B,2,FALSE))=TRUE,MID(B10,1,5)&MID(B10,8,5),VLOOKUP(MID(B10,1,5)&MID(B10,8,5),품번정리!$A:$B,2,FALSE)) -> BRKER504WH | D10: =MID(E10,6,2) -> F5 | E10: BRKERF5504 | F10: 14FW BROWN_SQURE_CAP-06-WH_KIDS | G10: WH | I10: 8691 | J10: 55000 | K10: 29000 | L10: 445 | M10: 2014-09-30 | N10: 355 | O10: 19525000 | P10: 2014-09-30 | Q10: 289 | R10: 2 | S10: 15895000 | T10: 2014-10-02 | U10: 217 | V10: 10643000 | W10: 61.1 | X10: 54.5 | Y10: 75.1 | Z10: 67 | AA10: 64 | AB10: 72
A11: =IF(VLOOKUP(MID($B11,4,2),CODE!K:P,CODE!$O$1,FALSE)="",VLOOKUP(MID($B11,1,3),CODE!$B:$G,CODE!$D$1,FALSE),VLOOKUP(MID($B11,1,3),CODE!$B:$G,CODE!$D$1,FALSE)&"-"&VLOOKUP(MID($B11,4,2),CODE!K:P,CODE!$O$1,FALSE)) -> BRK | B11: =IF(ISERROR(VLOOKUP(E11&G11,품번정리!$D:$E,2,FALSE))=TRUE,E11&G11,VLOOKUP(E11&G11,품번정리!$D:$E,2,FALSE)) -> BRKERF5505RE | C11: =IF(ISERROR(VLOOKUP(MID(B11,1,5)&MID(B11,8,5),품번정리!$A:$B,2,FALSE))=TRUE,MID(B11,1,5)&MID(B11,8,5),VLOOKUP(MID(B11,1,5)&MID(B11,8,5),품번정리!$A:$B,2,FALSE)) -> BRKER505RE | D11: =MID(E11,6,2) -> F5 | E11: BRKERF5505 | F11: 14FW BROWN_SQURE_CAP-08-RD_KIDS | G11: RE | I11: 8092 | J11: 55000 | K11: 29000 | L11: 387 | M11: 2014-09-05 | N11: 385 | O11: 21175000 | P11: 2014-09-12 | Q11: 317 | S11: 17435000 | T11: 2014-10-01 | U11: 238 | V11: 8282000 | W11: 61.8 | X11: 39.1 | Y11: 75.1 | Z11: 47.5 | AA11: 68 | AB11: 79
A12: =IF(VLOOKUP(MID($B12,4,2),CODE!K:P,CODE!$O$1,FALSE)="",VLOOKUP(MID($B12,1,3),CODE!$B:$G,CODE!$D$1,FALSE),VLOOKUP(MID($B12,1,3),CODE!$B:$G,CODE!$D$1,FALSE)&"-"&VLOOKUP(MID($B12,4,2),CODE!K:P,CODE!$O$1,FALSE)) -> BRK | B12: =IF(ISERROR(VLOOKUP(E12&G12,품번정리!$D:$E,2,FALSE))=TRUE,E12&G12,VLOOKUP(E12&G12,품번정리!$D:$E,2,FALSE)) -> BRKERF5506BK | C12: =IF(ISERROR(VLOOKUP(MID(B12,1,5)&MID(B12,8,5),품번정리!$A:$B,2,FALSE))=TRUE,MID(B12,1,5)&MID(B12,8,5),VLOOKUP(MID(B12,1,5)&MID(B12,8,5),품번정리!$A:$B,2,FALSE)) -> BRKER506BK | D12: =MID(E12,6,2) -> F5 | E12: BRKERF5506 | F12: 14FW BROWN_SQURE_CAP-09-BK_KIDS | G12: BK | I12: 8627 | J12: 55000 | K12: 29000 | L12: 278 | M12: 2014-09-05 | N12: 357 | O12: 19635000 | P12: 2014-09-12 | Q12: 338 | S12: 18590000 | T12: 2014-09-25 | U12: 242 | V12: 9690500 | W12: 67.8 | X12: 49.4 | Y12: 71.6 | Z12: 52.1 | AA12: 19 | AB12: 96
A13: =IF(VLOOKUP(MID($B13,4,2),CODE!K:P,CODE!$O$1,FALSE)="",VLOOKUP(MID($B13,1,3),CODE!$B:$G,CODE!$D$1,FALSE),VLOOKUP(MID($B13,1,3),CODE!$B:$G,CODE!$D$1,FALSE)&"-"&VLOOKUP(MID($B13,4,2),CODE!K:P,CODE!$O$1,FALSE)) -> DPH | B13: =IF(ISERROR(VLOOKUP(E13&G13,품번정리!$D:$E,2,FALSE))=TRUE,E13&G13,VLOOKUP(E13&G13,품번정리!$D:$E,2,FALSE)) -> DPHEBF5508PK | C13: =IF(ISERROR(VLOOKUP(MID(B13,1,5)&MID(B13,8,5),품번정리!$A:$B,2,FALSE))=TRUE,MID(B13,1,5)&MID(B13,8,5),VLOOKUP(MID(B13,1,5)&MID(B13,8,5),품번정리!$A:$B,2,FALSE)) -> DPHEB508PK | D13: =MID(E13,6,2) -> F5 | E13: DPHEBF5508 | F13: 14FW DPS 04_SNAP_PK_KIDS | G13: PK | I13: 6750 | J13: 49000 | K13: 25000 | L13: 250 | M13: 2015-09-09 | N13: 150 | O13: 7350000 | P13: 2015-10-13 | Q13: 84 | S13: 4116000 | T13: 2015-10-17 | U13: 19 | V13: 475000 | W13: 12.7 | X13: 6.5 | Y13: 22.6 | Z13: 11.5 | AA13: 66 | AB13: 65
A14: =IF(VLOOKUP(MID($B14,4,2),CODE!K:P,CODE!$O$1,FALSE)="",VLOOKUP(MID($B14,1,3),CODE!$B:$G,CODE!$D$1,FALSE),VLOOKUP(MID($B14,1,3),CODE!$B:$G,CODE!$D$1,FALSE)&"-"&VLOOKUP(MID($B14,4,2),CODE!K:P,CODE!$O$1,FALSE)) -> DPH | B14: =IF(ISERROR(VLOOKUP(E14&G14,품번정리!$D:$E,2,FALSE))=TRUE,E14&G14,VLOOKUP(E14&G14,품번정리!$D:$E,2,FALSE)) -> DPHERF5509PK | C14: =IF(ISERROR(VLOOKUP(MID(B14,1,5)&MID(B14,8,5),품번정리!$A:$B,2,FALSE))=TRUE,MID(B14,1,5)&MID(B14,8,5),VLOOKUP(MID(B14,1,5)&MID(B14,8,5),품번정리!$A:$B,2,FALSE)) -> DPHER509PK | D14: =MID(E14,6,2) -> F5 | E14: DPHERF5509 | F14: 14FW DPS SNAP_03_PK_KIDS | G14: PK | I14: 5579 | J14: 49000 | K14: 25000 | L14: 300 | M14: 2015-09-09 | N14: 200 | O14: 9800000 | P14: 2015-10-13 | Q14: 161 | S14: 7889000 | T14: 2015-10-16 | U14: 83 | V14: 2075000 | W14: 41.5 | X14: 21.2 | Y14: 51.6 | Z14: 26.3 | AA14: 39 | AB14: 78
A15: =IF(VLOOKUP(MID($B15,4,2),CODE!K:P,CODE!$O$1,FALSE)="",VLOOKUP(MID($B15,1,3),CODE!$B:$G,CODE!$D$1,FALSE),VLOOKUP(MID($B15,1,3),CODE!$B:$G,CODE!$D$1,FALSE)&"-"&VLOOKUP(MID($B15,4,2),CODE!K:P,CODE!$O$1,FALSE)) -> DPH | B15: =IF(ISERROR(VLOOKUP(E15&G15,품번정리!$D:$E,2,FALSE))=TRUE,E15&G15,VLOOKUP(E15&G15,품번정리!$D:$E,2,FALSE)) -> DPHSNF3501PK | C15: =IF(ISERROR(VLOOKUP(MID(B15,1,5)&MID(B15,8,5),품번정리!$A:$B,2,FALSE))=TRUE,MID(B15,1,5)&MID(B15,8,5),VLOOKUP(MID(B15,1,5)&MID(B15,8,5),품번정리!$A:$B,2,FALSE)) -> DPHSN501PK | D15: =MID(E15,6,2) -> F3 | E15: DPHSNF3501 | F15: DPSSNF3501PKOSM | G15: PK | I15: 11700 | J15: 45000 | K15: 45000 | L15: 170 | M15: 2014-09-02 | N15: 172 | O15: 7740000 | P15: 2014-09-04 | Q15: 117 | R15: 3 | S15: 5265000 | T15: 2014-09-05 | U15: 67 | V15: 3015000 | W15: 39 | X15: 39 | Y15: 57.3 | Z15: 57.3 | AA15: 52 | AB15: 50
A16: =IF(VLOOKUP(MID($B16,4,2),CODE!K:P,CODE!$O$1,FALSE)="",VLOOKUP(MID($B16,1,3),CODE!$B:$G,CODE!$D$1,FALSE),VLOOKUP(MID($B16,1,3),CODE!$B:$G,CODE!$D$1,FALSE)&"-"&VLOOKUP(MID($B16,4,2),CODE!K:P,CODE!$O$1,FALSE)) -> DPK-가방 | B16: =IF(ISERROR(VLOOKUP(E16&G16,품번정리!$D:$E,2,FALSE))=TRUE,E16&G16,VLOOKUP(E16&G16,품번정리!$D:$E,2,FALSE)) -> DPKBPF3501PK | C16: =IF(ISERROR(VLOOKUP(MID(B16,1,5)&MID(B16,8,5),품번정리!$A:$B,2,FALSE))=TRUE,MID(B16,1,5)&MID(B16,8,5),VLOOKUP(MID(B16,1,5)&MID(B16,8,5),품번정리!$A:$B,2,FALSE)) -> DPKBP501PK | D16: =MID(E16,6,2) -> F3 | E16: DPKBPF3501 | F16: 14FW DISNEY_BP_07_PK_KIDS | G16: PK | I16: 34000 | J16: 129000 | K16: 69000 | L16: 100 | M16: 2014-08-28 | N16: 100 | O16: 12900000 | P16: 2014-08-28 | Q16: 91 | S16: 11739000 | T16: 2014-09-04 | U16: 52 | V16: 5670000 | W16: 52 | X16: 44 | Y16: 57.1 | Z16: 48.3 | AA16: 9 | AB16: 39
A17: =IF(VLOOKUP(MID($B17,4,2),CODE!K:P,CODE!$O$1,FALSE)="",VLOOKUP(MID($B17,1,3),CODE!$B:$G,CODE!$D$1,FALSE),VLOOKUP(MID($B17,1,3),CODE!$B:$G,CODE!$D$1,FALSE)&"-"&VLOOKUP(MID($B17,4,2),CODE!K:P,CODE!$O$1,FALSE)) -> DPK-가방 | B17: =IF(ISERROR(VLOOKUP(E17&G17,품번정리!$D:$E,2,FALSE))=TRUE,E17&G17,VLOOKUP(E17&G17,품번정리!$D:$E,2,FALSE)) -> DPKBPF3502PK | C17: =IF(ISERROR(VLOOKUP(MID(B17,1,5)&MID(B17,8,5),품번정리!$A:$B,2,FALSE))=TRUE,MID(B17,1,5)&MID(B17,8,5),VLOOKUP(MID(B17,1,5)&MID(B17,8,5),품번정리!$A:$B,2,FALSE)) -> DPKBP502PK | D17: =MID(E17,6,2) -> F3 | E17: DPKBPF3502 | F17: 14FW DISNEY_BP_08_PK_KIDS | G17: PK | I17: 34500 | J17: 129000 | K17: 69000 | L17: 100 | M17: 2014-08-28 | N17: 100 | O17: 12900000 | P17: 2014-08-28 | Q17: 86 | S17: 11094000 | T17: 2014-09-03 | U17: 40 | V17: 4255500 | W17: 40 | X17: 33 | Y17: 46.5 | Z17: 38.4 | AA17: 14 | AB17: 46 | AC17: 1 | AD17: 1 | AE17: 69000 | AF17: 1
A18: =IF(VLOOKUP(MID($B18,4,2),CODE!K:P,CODE!$O$1,FALSE)="",VLOOKUP(MID($B18,1,3),CODE!$B:$G,CODE!$D$1,FALSE),VLOOKUP(MID($B18,1,3),CODE!$B:$G,CODE!$D$1,FALSE)&"-"&VLOOKUP(MID($B18,4,2),CODE!K:P,CODE!$O$1,FALSE)) -> DPK-가방 | B18: =IF(ISERROR(VLOOKUP(E18&G18,품번정리!$D:$E,2,FALSE))=TRUE,E18&G18,VLOOKUP(E18&G18,품번정리!$D:$E,2,FALSE)) -> DPKBPF3503NY | C18: =IF(ISERROR(VLOOKUP(MID(B18,1,5)&MID(B18,8,5),품번정리!$A:$B,2,FALSE))=TRUE,MID(B18,1,5)&MID(B18,8,5),VLOOKUP(MID(B18,1,5)&MID(B18,8,5),품번정리!$A:$B,2,FALSE)) -> DPKBP503NY | D18: =MID(E18,6,2) -> F3 | E18: DPKBPF3503 | F18: 14FW DISNEY_BP_09_NV_KIDS | G18: NY | I18: 34000 | J18: 129000 | K18: 69000 | L18: 100 | M18: 2014-08-28 | N18: 100 | O18: 12900000 | P18: 2014-08-28 | Q18: 95 | S18: 12255000 | T18: 2014-09-03 | U18: 67 | V18: 7974000 | W18: 67 | X18: 61.8 | Y18: 70.5 | Z18: 65.1 | AA18: 5 | AB18: 28
A19: =IF(VLOOKUP(MID($B19,4,2),CODE!K:P,CODE!$O$1,FALSE)="",VLOOKUP(MID($B19,1,3),CODE!$B:$G,CODE!$D$1,FALSE),VLOOKUP(MID($B19,1,3),CODE!$B:$G,CODE!$D$1,FALSE)&"-"&VLOOKUP(MID($B19,4,2),CODE!K:P,CODE!$O$1,FALSE)) -> DPK | B19: =IF(ISERROR(VLOOKUP(E19&G19,품번정리!$D:$E,2,FALSE))=TRUE,E19&G19,VLOOKUP(E19&G19,품번정리!$D:$E,2,FALSE)) -> DPKEBF5508PK | C19: =IF(ISERROR(VLOOKUP(MID(B19,1,5)&MID(B19,8,5),품번정리!$A:$B,2,FALSE))=TRUE,MID(B19,1,5)&MID(B19,8,5),VLOOKUP(MID(B19,1,5)&MID(B19,8,5),품번정리!$A:$B,2,FALSE)) -> DPKEB508PK | D19: =MID(E19,6,2) -> F5 | E19: DPKEBF5508 | F19: 14FW DISNEY 04_SNAP_PK_KIDS | G19: PK | I19: 6744 | J19: 49000 | K19: 25000 | L19: 120 | M19: 2014-09-24 | N19: 120 | O19: 5880000 | P19: 2014-10-08 | Q19: 38 | S19: 1862000 | T19: 2014-10-10 | U19: 37 | V19: 1813000 | W19: 30.8 | X19: 30.8 | Y19: 97.4 | Z19: 97.4 | AA19: 82 | AB19: 1
A20: =IF(VLOOKUP(MID($B20,4,2),CODE!K:P,CODE!$O$1,FALSE)="",VLOOKUP(MID($B20,1,3),CODE!$B:$G,CODE!$D$1,FALSE),VLOOKUP(MID($B20,1,3),CODE!$B:$G,CODE!$D$1,FALSE)&"-"&VLOOKUP(MID($B20,4,2),CODE!K:P,CODE!$O$1,FALSE)) -> DPK | B20: =IF(ISERROR(VLOOKUP(E20&G20,품번정리!$D:$E,2,FALSE))=TRUE,E20&G20,VLOOKUP(E20&G20,품번정리!$D:$E,2,FALSE)) -> DPKERF5509PK | C20: =IF(ISERROR(VLOOKUP(MID(B20,1,5)&MID(B20,8,5),품번정리!$A:$B,2,FALSE))=TRUE,MID(B20,1,5)&MID(B20,8,5),VLOOKUP(MID(B20,1,5)&MID(B20,8,5),품번정리!$A:$B,2,FALSE)) -> DPKER509PK | D20: =MID(E20,6,2) -> F5 | E20: DPKERF5509 | F20: 14FW FROZEN SNAP_03_PK_KIDS | G20: PK | I20: 5556 | J20: 49000 | K20: 25000 | L20: 200 | M20: 2014-11-13 | N20: 200 | O20: 9800000 | P20: 2014-11-13 | Q20: 49 | R20: -1 | S20: 2401000 | T20: 2014-11-15 | U20: 47 | V20: 2156000 | W20: 23.5 | X20: 22 | Y20: 95.9 | Z20: 89.8 | AA20: 152 | AB20: 2
A21: =IF(VLOOKUP(MID($B21,4,2),CODE!K:P,CODE!$O$1,FALSE)="",VLOOKUP(MID($B21,1,3),CODE!$B:$G,CODE!$D$1,FALSE),VLOOKUP(MID($B21,1,3),CODE!$B:$G,CODE!$D$1,FALSE)&"-"&VLOOKUP(MID($B21,4,2),CODE!K:P,CODE!$O$1,FALSE)) -> DPK | B21: =IF(ISERROR(VLOOKUP(E21&G21,품번정리!$D:$E,2,FALSE))=TRUE,E21&G21,VLOOKUP(E21&G21,품번정리!$D:$E,2,FALSE)) -> DPKSNF3501PK | C21: =IF(ISERROR(VLOOKUP(MID(B21,1,5)&MID(B21,8,5),품번정리!$A:$B,2,FALSE))=TRUE,MID(B21,1,5)&MID(B21,8,5),VLOOKUP(MID(B21,1,5)&MID(B21,8,5),품번정리!$A:$B,2,FALSE)) -> DPKSN501PK | D21: =MID(E21,6,2) -> F3 | E21: DPKSNF3501 | F21: 14SS FROZEN SNAP_01_PK_KIDS | G21: PK | I21: 11700 | J21: 45000 | K21: 19000 | L21: 120 | M21: 2014-05-16 | N21: 118 | O21: 5310000 | P21: 2014-05-16 | Q21: 87 | R21: -4 | S21: 3915000 | T21: 2014-05-18 | U21: 87 | V21: 3767300 | W21: 73.7 | X21: 70.9 | Y21: 100 | Z21: 96.2 | AA21: 35
A22: =IF(VLOOKUP(MID($B22,4,2),CODE!K:P,CODE!$O$1,FALSE)="",VLOOKUP(MID($B22,1,3),CODE!$B:$G,CODE!$D$1,FALSE),VLOOKUP(MID($B22,1,3),CODE!$B:$G,CODE!$D$1,FALSE)&"-"&VLOOKUP(MID($B22,4,2),CODE!K:P,CODE!$O$1,FALSE)) -> DPK | B22: =IF(ISERROR(VLOOKUP(E22&G22,품번정리!$D:$E,2,FALSE))=TRUE,E22&G22,VLOOKUP(E22&G22,품번정리!$D:$E,2,FALSE)) -> DPKSNF3502BL | C22: =IF(ISERROR(VLOOKUP(MID(B22,1,5)&MID(B22,8,5),품번정리!$A:$B,2,FALSE))=TRUE,MID(B22,1,5)&MID(B22,8,5),VLOOKUP(MID(B22,1,5)&MID(B22,8,5),품번정리!$A:$B,2,FALSE)) -> DPKSN502BL | D22: =MID(E22,6,2) -> F3 | E22: DPKSNF3502 | F22: 14SS FROZEN SNAP_02_BL_KIDS | G22: BL | I22: 12500 | J22: 45000 | K22: 19000 | L22: 120 | M22: 2014-05-16 | N22: 119 | O22: 5355000 | P22: 2014-05-16 | Q22: 64 | S22: 2880000 | T22: 2014-05-20 | U22: 64 | V22: 2848300 | W22: 53.8 | X22: 53.2 | Y22: 100 | Z22: 98.9 | AA22: 55 | AC22: -1
A23: =IF(VLOOKUP(MID($B23,4,2),CODE!K:P,CODE!$O$1,FALSE)="",VLOOKUP(MID($B23,1,3),CODE!$B:$G,CODE!$D$1,FALSE),VLOOKUP(MID($B23,1,3),CODE!$B:$G,CODE!$D$1,FALSE)&"-"&VLOOKUP(MID($B23,4,2),CODE!K:P,CODE!$O$1,FALSE)) -> DPK | B23: =IF(ISERROR(VLOOKUP(E23&G23,품번정리!$D:$E,2,FALSE))=TRUE,E23&G23,VLOOKUP(E23&G23,품번정리!$D:$E,2,FALSE)) -> DPKSNF3503PP | C23: =IF(ISERROR(VLOOKUP(MID(B23,1,5)&MID(B23,8,5),품번정리!$A:$B,2,FALSE))=TRUE,MID(B23,1,5)&MID(B23,8,5),VLOOKUP(MID(B23,1,5)&MID(B23,8,5),품번정리!$A:$B,2,FALSE)) -> DPKSN503PP | D23: =MID(E23,6,2) -> F3 | E23: DPKSNF3503 | F23: 14SS FROZEN SNAP_04_PP_KIDS | G23: PP | I23: 10600 | J23: 43000 | K23: 19000 | L23: 120 | M23: 2014-06-19 | N23: 120 | O23: 5160000 | P23: 2014-06-20 | Q23: 63 | S23: 2709000 | T23: 2014-07-02 | U23: 63 | V23: 2591500 | W23: 52.5 | X23: 50.2 | Y23: 100 | Z23: 95.7 | AA23: 57
A24: =IF(VLOOKUP(MID($B24,4,2),CODE!K:P,CODE!$O$1,FALSE)="",VLOOKUP(MID($B24,1,3),CODE!$B:$G,CODE!$D$1,FALSE),VLOOKUP(MID($B24,1,3),CODE!$B:$G,CODE!$D$1,FALSE)&"-"&VLOOKUP(MID($B24,4,2),CODE!K:P,CODE!$O$1,FALSE)) -> DPK | B24: =IF(ISERROR(VLOOKUP(E24&G24,품번정리!$D:$E,2,FALSE))=TRUE,E24&G24,VLOOKUP(E24&G24,품번정리!$D:$E,2,FALSE)) -> DPKSNF3504MT | C24: =IF(ISERROR(VLOOKUP(MID(B24,1,5)&MID(B24,8,5),품번정리!$A:$B,2,FALSE))=TRUE,MID(B24,1,5)&MID(B24,8,5),VLOOKUP(MID(B24,1,5)&MID(B24,8,5),품번정리!$A:$B,2,FALSE)) -> DPKSN504MT | D24: =MID(E24,6,2) -> F3 | E24: DPKSNF3504 | F24: 14SS FROZEN SNAP_05_MT_KIDS | G24: MT | I24: 7543 | J24: 43000 | K24: 29000 | L24: 240 | M24: 2014-06-19 | N24: 240 | O24: 10320000 | P24: 2014-06-20 | Q24: 223 | R24: 1 | S24: 9589000 | T24: 2014-06-21 | U24: 223 | V24: 9517000 | W24: 92.9 | X24: 92.2 | Y24: 100 | Z24: 99.2 | AA24: 16
A25: =IF(VLOOKUP(MID($B25,4,2),CODE!K:P,CODE!$O$1,FALSE)="",VLOOKUP(MID($B25,1,3),CODE!$B:$G,CODE!$D$1,FALSE),VLOOKUP(MID($B25,1,3),CODE!$B:$G,CODE!$D$1,FALSE)&"-"&VLOOKUP(MID($B25,4,2),CODE!K:P,CODE!$O$1,FALSE)) -> ELH | B25: =IF(ISERROR(VLOOKUP(E25&G25,품번정리!$D:$E,2,FALSE))=TRUE,E25&G25,VLOOKUP(E25&G25,품번정리!$D:$E,2,FALSE)) -> ELHBAF3649KH | C25: =IF(ISERROR(VLOOKUP(MID(B25,1,5)&MID(B25,8,5),품번정리!$A:$B,2,FALSE))=TRUE,MID(B25,1,5)&MID(B25,8,5),VLOOKUP(MID(B25,1,5)&MID(B25,8,5),품번정리!$A:$B,2,FALSE)) -> ELHBA649KH | D25: =MID(E25,6,2) -> F3 | E25: ELHBAF3649 | F25: ELSBAD3649KHFRE | G25: KH | I25: 6313 | J25: 43000 | K25: 25000 | L25: 676 | M25: 2014-08-11 | N25: 117 | O25: 5031000 | P25: 2014-08-14 | Q25: 113 | S25: 4859000 | T25: 2014-08-16 | U25: 87 | V25: 2022640 | W25: 74.4 | X25: 40.2 | Y25: 77 | Z25: 41.6 | AA25: 4 | AB25: 26
A26: =IF(VLOOKUP(MID($B26,4,2),CODE!K:P,CODE!$O$1,FALSE)="",VLOOKUP(MID($B26,1,3),CODE!$B:$G,CODE!$D$1,FALSE),VLOOKUP(MID($B26,1,3),CODE!$B:$G,CODE!$D$1,FALSE)&"-"&VLOOKUP(MID($B26,4,2),CODE!K:P,CODE!$O$1,FALSE)) -> ELH | B26: =IF(ISERROR(VLOOKUP(E26&G26,품번정리!$D:$E,2,FALSE))=TRUE,E26&G26,VLOOKUP(E26&G26,품번정리!$D:$E,2,FALSE)) -> ELHBAF3649PK | C26: =IF(ISERROR(VLOOKUP(MID(B26,1,5)&MID(B26,8,5),품번정리!$A:$B,2,FALSE))=TRUE,MID(B26,1,5)&MID(B26,8,5),VLOOKUP(MID(B26,1,5)&MID(B26,8,5),품번정리!$A:$B,2,FALSE)) -> ELHBA649PK | D26: =MID(E26,6,2) -> F3 | E26: ELHBAF3649 | F26: ELSBAD3649KHFRE | G26: PK | I26: 6313 | J26: 43000 | K26: 25000 | L26: 1888 | M26: 2014-08-11 | N26: 499 | O26: 21457000 | P26: 2014-08-14 | Q26: 300 | S26: 12900000 | T26: 2014-08-16 | U26: 110 | V26: 2229840 | W26: 22 | X26: 10.4 | Y26: 36.7 | Z26: 17.3 | AA26: 199 | AB26: 190 | AC26: -2 | AD26: -2 | AE26: -50000 | AF26: -0.4
A27: =IF(VLOOKUP(MID($B27,4,2),CODE!K:P,CODE!$O$1,FALSE)="",VLOOKUP(MID($B27,1,3),CODE!$B:$G,CODE!$D$1,FALSE),VLOOKUP(MID($B27,1,3),CODE!$B:$G,CODE!$D$1,FALSE)&"-"&VLOOKUP(MID($B27,4,2),CODE!K:P,CODE!$O$1,FALSE)) -> ELH | B27: =IF(ISERROR(VLOOKUP(E27&G27,품번정리!$D:$E,2,FALSE))=TRUE,E27&G27,VLOOKUP(E27&G27,품번정리!$D:$E,2,FALSE)) -> ELHBAF3811LI | C27: =IF(ISERROR(VLOOKUP(MID(B27,1,5)&MID(B27,8,5),품번정리!$A:$B,2,FALSE))=TRUE,MID(B27,1,5)&MID(B27,8,5),VLOOKUP(MID(B27,1,5)&MID(B27,8,5),품번정리!$A:$B,2,FALSE)) -> ELHBA811LI | D27: =MID(E27,6,2) -> F3 | E27: ELHBAF3811 | F27: ELSBAE3811LIFRE | G27: LI | I27: 7787 | J27: 43000 | K27: 15000 | L27: 670 | M27: 2014-08-11 | N27: 300 | O27: 12900000 | P27: 2014-08-14 | Q27: 284 | S27: 12212000 | T27: 2014-08-15 | U27: 237 | V27: 5320000 | W27: 79 | X27: 41.2 | Y27: 83.5 | Z27: 43.6 | AA27: 16 | AB27: 47
A28: =IF(VLOOKUP(MID($B28,4,2),CODE!K:P,CODE!$O$1,FALSE)="",VLOOKUP(MID($B28,1,3),CODE!$B:$G,CODE!$D$1,FALSE),VLOOKUP(MID($B28,1,3),CODE!$B:$G,CODE!$D$1,FALSE)&"-"&VLOOKUP(MID($B28,4,2),CODE!K:P,CODE!$O$1,FALSE)) -> ELH | B28: =IF(ISERROR(VLOOKUP(E28&G28,품번정리!$D:$E,2,FALSE))=TRUE,E28&G28,VLOOKUP(E28&G28,품번정리!$D:$E,2,FALSE)) -> ELHBAF3811PK | C28: =IF(ISERROR(VLOOKUP(MID(B28,1,5)&MID(B28,8,5),품번정리!$A:$B,2,FALSE))=TRUE,MID(B28,1,5)&MID(B28,8,5),VLOOKUP(MID(B28,1,5)&MID(B28,8,5),품번정리!$A:$B,2,FALSE)) -> ELHBA811PK | D28: =MID(E28,6,2) -> F3 | E28: ELHBAF3811 | F28: ELSBAE3811LIFRE | G28: PK | I28: 7787 | J28: 43000 | K28: 15000 | L28: 1876 | M28: 2014-08-11 | N28: 500 | O28: 21500000 | P28: 2014-08-14 | Q28: 481 | S28: 20683000 | T28: 2014-08-15 | U28: 466 | V28: 10624000 | W28: 93.2 | X28: 49.4 | Y28: 96.9 | Z28: 51.4 | AA28: 19 | AB28: 15 | AC28: 8 | AD28: 10 | AE28: 150000 | AF28: 2
A29: =IF(VLOOKUP(MID($B29,4,2),CODE!K:P,CODE!$O$1,FALSE)="",VLOOKUP(MID($B29,1,3),CODE!$B:$G,CODE!$D$1,FALSE),VLOOKUP(MID($B29,1,3),CODE!$B:$G,CODE!$D$1,FALSE)&"-"&VLOOKUP(MID($B29,4,2),CODE!K:P,CODE!$O$1,FALSE)) -> ELH | B29: =IF(ISERROR(VLOOKUP(E29&G29,품번정리!$D:$E,2,FALSE))=TRUE,E29&G29,VLOOKUP(E29&G29,품번정리!$D:$E,2,FALSE)) -> ELHBAF3812NY | C29: =IF(ISERROR(VLOOKUP(MID(B29,1,5)&MID(B29,8,5),품번정리!$A:$B,2,FALSE))=TRUE,MID(B29,1,5)&MID(B29,8,5),VLOOKUP(MID(B29,1,5)&MID(B29,8,5),품번정리!$A:$B,2,FALSE)) -> ELHBA812NY | D29: =MID(E29,6,2) -> F3 | E29: ELHBAF3812 | F29: ELSBAE3812NYFRE | G29: NY | I29: 7287 | J29: 43000 | K29: 15000 | L29: 788 | M29: 2014-08-11 | N29: 300 | O29: 12900000 | P29: 2014-08-14 | Q29: 298 | S29: 12814000 | T29: 2014-08-15 | U29: 238 | V29: 5493000 | W29: 79.3 | X29: 42.6 | Y29: 79.9 | Z29: 42.9 | AA29: 2 | AB29: 60
A30: =IF(VLOOKUP(MID($B30,4,2),CODE!K:P,CODE!$O$1,FALSE)="",VLOOKUP(MID($B30,1,3),CODE!$B:$G,CODE!$D$1,FALSE),VLOOKUP(MID($B30,1,3),CODE!$B:$G,CODE!$D$1,FALSE)&"-"&VLOOKUP(MID($B30,4,2),CODE!K:P,CODE!$O$1,FALSE)) -> ELH | B30: =IF(ISERROR(VLOOKUP(E30&G30,품번정리!$D:$E,2,FALSE))=TRUE,E30&G30,VLOOKUP(E30&G30,품번정리!$D:$E,2,FALSE)) -> ELHBAF5506GR | C30: =IF(ISERROR(VLOOKUP(MID(B30,1,5)&MID(B30,8,5),품번정리!$A:$B,2,FALSE))=TRUE,MID(B30,1,5)&MID(B30,8,5),VLOOKUP(MID(B30,1,5)&MID(B30,8,5),품번정리!$A:$B,2,FALSE)) -> ELHBA506GR | D30: =MID(E30,6,2) -> F5 | E30: ELHBAF5506 | F30: 14FW ELS_53_SNAP_GR_KIDS | G30: GR | I30: 6792 | J30: 45000 | K30: 25000 | L30: 582 | M30: 2015-09-09 | N30: 372 | O30: 16740000 | P30: 2015-10-13 | Q30: 267 | S30: 12015000 | T30: 2015-10-14 | U30: 172 | V30: 4307500 | W30: 46.2 | X30: 25.7 | Y30: 64.4 | Z30: 35.9 | AA30: 105 | AB30: 95 | AC30: 2 | AD30: 2 | AE30: 50000 | AF30: 0.5
A31: =IF(VLOOKUP(MID($B31,4,2),CODE!K:P,CODE!$O$1,FALSE)="",VLOOKUP(MID($B31,1,3),CODE!$B:$G,CODE!$D$1,FALSE),VLOOKUP(MID($B31,1,3),CODE!$B:$G,CODE!$D$1,FALSE)&"-"&VLOOKUP(MID($B31,4,2),CODE!K:P,CODE!$O$1,FALSE)) -> ELH | B31: =IF(ISERROR(VLOOKUP(E31&G31,품번정리!$D:$E,2,FALSE))=TRUE,E31&G31,VLOOKUP(E31&G31,품번정리!$D:$E,2,FALSE)) -> ELHBAF5507RE | C31: =IF(ISERROR(VLOOKUP(MID(B31,1,5)&MID(B31,8,5),품번정리!$A:$B,2,FALSE))=TRUE,MID(B31,1,5)&MID(B31,8,5),VLOOKUP(MID(B31,1,5)&MID(B31,8,5),품번정리!$A:$B,2,FALSE)) -> ELHBA507RE | D31: =MID(E31,6,2) -> F5 | E31: ELHBAF5507 | F31: 14FW ELS_52_SNAP_RD_KIDS | G31: RE | I31: 6939 | J31: 45000 | K31: 25000 | L31: 450 | M31: 2015-09-09 | N31: 450 | O31: 20250000 | P31: 2015-10-06 | Q31: 145 | S31: 6525000 | T31: 2015-10-24 | U31: 51 | V31: 1275000 | W31: 11.3 | X31: 6.3 | Y31: 35.2 | Z31: 19.5 | AA31: 305 | AB31: 94 | AC31: -2 | AD31: -2 | AE31: -50000 | AF31: -0.4
A32: =IF(VLOOKUP(MID($B32,4,2),CODE!K:P,CODE!$O$1,FALSE)="",VLOOKUP(MID($B32,1,3),CODE!$B:$G,CODE!$D$1,FALSE),VLOOKUP(MID($B32,1,3),CODE!$B:$G,CODE!$D$1,FALSE)&"-"&VLOOKUP(MID($B32,4,2),CODE!K:P,CODE!$O$1,FALSE)) -> ELH | B32: =IF(ISERROR(VLOOKUP(E32&G32,품번정리!$D:$E,2,FALSE))=TRUE,E32&G32,VLOOKUP(E32&G32,품번정리!$D:$E,2,FALSE)) -> ELHBAF5508PK | C32: =IF(ISERROR(VLOOKUP(MID(B32,1,5)&MID(B32,8,5),품번정리!$A:$B,2,FALSE))=TRUE,MID(B32,1,5)&MID(B32,8,5),VLOOKUP(MID(B32,1,5)&MID(B32,8,5),품번정리!$A:$B,2,FALSE)) -> ELHBA508PK | D32: =MID(E32,6,2) -> F5 | E32: ELHBAF5508 | F32: 14FW ELS_52_SNAP_PK_KIDS | G32: PK | I32: 6731 | J32: 45000 | K32: 25000 | L32: 500 | M32: 2015-09-09 | N32: 390 | O32: 17550000 | P32: 2015-10-06 | Q32: 87 | S32: 3915000 | T32: 2015-10-15 | U32: 20 | V32: 500000 | W32: 5.1 | X32: 2.8 | Y32: 23 | Z32: 12.8 | AA32: 303 | AB32: 67 | AC32: 2 | AD32: 2 | AE32: 50000 | AF32: 0.5
A33: =IF(VLOOKUP(MID($B33,4,2),CODE!K:P,CODE!$O$1,FALSE)="",VLOOKUP(MID($B33,1,3),CODE!$B:$G,CODE!$D$1,FALSE),VLOOKUP(MID($B33,1,3),CODE!$B:$G,CODE!$D$1,FALSE)&"-"&VLOOKUP(MID($B33,4,2),CODE!K:P,CODE!$O$1,FALSE)) -> ELH | B33: =IF(ISERROR(VLOOKUP(E33&G33,품번정리!$D:$E,2,FALSE))=TRUE,E33&G33,VLOOKUP(E33&G33,품번정리!$D:$E,2,FALSE)) -> ELHBAF5518PP | C33: =IF(ISERROR(VLOOKUP(MID(B33,1,5)&MID(B33,8,5),품번정리!$A:$B,2,FALSE))=TRUE,MID(B33,1,5)&MID(B33,8,5),VLOOKUP(MID(B33,1,5)&MID(B33,8,5),품번정리!$A:$B,2,FALSE)) -> ELHBA518PP | D33: =MID(E33,6,2) -> F5 | E33: ELHBAF5518 | F33: 14FW ELS_47_SNAP_PP_KIDS | G33: PP | I33: 9482 | J33: 55000 | K33: 29000 | L33: 420 | M33: 2015-09-09 | N33: 68 | O33: 3740000 | P33: 2015-10-16 | Q33: 62 | S33: 3410000 | T33: 2015-11-21 | U33: 7 | V33: 203000 | W33: 10.3 | X33: 5.4 | Y33: 11.3 | Z33: 6 | AA33: 6 | AB33: 55
A34: =IF(VLOOKUP(MID($B34,4,2),CODE!K:P,CODE!$O$1,FALSE)="",VLOOKUP(MID($B34,1,3),CODE!$B:$G,CODE!$D$1,FALSE),VLOOKUP(MID($B34,1,3),CODE!$B:$G,CODE!$D$1,FALSE)&"-"&VLOOKUP(MID($B34,4,2),CODE!K:P,CODE!$O$1,FALSE)) -> ELH | B34: =IF(ISERROR(VLOOKUP(E34&G34,품번정리!$D:$E,2,FALSE))=TRUE,E34&G34,VLOOKUP(E34&G34,품번정리!$D:$E,2,FALSE)) -> ELHBEF5802GR | C34: =IF(ISERROR(VLOOKUP(MID(B34,1,5)&MID(B34,8,5),품번정리!$A:$B,2,FALSE))=TRUE,MID(B34,1,5)&MID(B34,8,5),VLOOKUP(MID(B34,1,5)&MID(B34,8,5),품번정리!$A:$B,2,FALSE)) -> ELHBE802GR | D34: =MID(E34,6,2) -> F5 | E34: ELHBEF5802 | F34: ELSBEE5802GRFRE | G34: GR | I34: 5786 | J34: 45000 | K34: 15000 | L34: 368 | M34: 2014-10-10 | N34: 368 | O34: 16560000 | P34: 2014-10-14 | Q34: 357 | R34: 7 | S34: 16065000 | T34: 2014-11-05 | U34: 286 | V34: 4511500 | W34: 77.7 | X34: 27.2 | Y34: 80.1 | Z34: 28.1 | AA34: 4 | AB34: 71
A35: =IF(VLOOKUP(MID($B35,4,2),CODE!K:P,CODE!$O$1,FALSE)="",VLOOKUP(MID($B35,1,3),CODE!$B:$G,CODE!$D$1,FALSE),VLOOKUP(MID($B35,1,3),CODE!$B:$G,CODE!$D$1,FALSE)&"-"&VLOOKUP(MID($B35,4,2),CODE!K:P,CODE!$O$1,FALSE)) -> ELH | B35: =IF(ISERROR(VLOOKUP(E35&G35,품번정리!$D:$E,2,FALSE))=TRUE,E35&G35,VLOOKUP(E35&G35,품번정리!$D:$E,2,FALSE)) -> ELHBEF5803BL | C35: =IF(ISERROR(VLOOKUP(MID(B35,1,5)&MID(B35,8,5),품번정리!$A:$B,2,FALSE))=TRUE,MID(B35,1,5)&MID(B35,8,5),VLOOKUP(MID(B35,1,5)&MID(B35,8,5),품번정리!$A:$B,2,FALSE)) -> ELHBE803BL | D35: =MID(E35,6,2) -> F5 | E35: ELHBEF5803 | F35: ELSBEE5803BLFRE | G35: BL | I35: 5808 | J35: 45000 | K35: 15000 | L35: 414 | M35: 2014-10-10 | N35: 413 | O35: 18585000 | P35: 2014-10-14 | Q35: 349 | R35: -3 | S35: 15705000 | T35: 2014-10-20 | U35: 293 | V35: 4880000 | W35: 70.9 | X35: 26.3 | Y35: 84 | Z35: 31.1 | AA35: 67 | AB35: 56
A36: =IF(VLOOKUP(MID($B36,4,2),CODE!K:P,CODE!$O$1,FALSE)="",VLOOKUP(MID($B36,1,3),CODE!$B:$G,CODE!$D$1,FALSE),VLOOKUP(MID($B36,1,3),CODE!$B:$G,CODE!$D$1,FALSE)&"-"&VLOOKUP(MID($B36,4,2),CODE!K:P,CODE!$O$1,FALSE)) -> ELH | B36: =IF(ISERROR(VLOOKUP(E36&G36,품번정리!$D:$E,2,FALSE))=TRUE,E36&G36,VLOOKUP(E36&G36,품번정리!$D:$E,2,FALSE)) -> ELHBEF5804BK | C36: =IF(ISERROR(VLOOKUP(MID(B36,1,5)&MID(B36,8,5),품번정리!$A:$B,2,FALSE))=TRUE,MID(B36,1,5)&MID(B36,8,5),VLOOKUP(MID(B36,1,5)&MID(B36,8,5),품번정리!$A:$B,2,FALSE)) -> ELHBE804BK | D36: =MID(E36,6,2) -> F5 | E36: ELHBEF5804 | F36: ELSBEE5804BKFRE | G36: BK | I36: 6081 | J36: 35000 | K36: 15000 | L36: 358 | M36: 2014-10-10 | N36: 358 | O36: 12530000 | P36: 2014-10-14 | Q36: 332 | R36: 7 | S36: 11620000 | T36: 2014-10-17 | U36: 299 | V36: 4960500 | W36: 83.5 | X36: 39.6 | Y36: 90.1 | Z36: 42.7 | AA36: 19 | AB36: 33
A37: =IF(VLOOKUP(MID($B37,4,2),CODE!K:P,CODE!$O$1,FALSE)="",VLOOKUP(MID($B37,1,3),CODE!$B:$G,CODE!$D$1,FALSE),VLOOKUP(MID($B37,1,3),CODE!$B:$G,CODE!$D$1,FALSE)&"-"&VLOOKUP(MID($B37,4,2),CODE!K:P,CODE!$O$1,FALSE)) -> ELH | B37: =IF(ISERROR(VLOOKUP(E37&G37,품번정리!$D:$E,2,FALSE))=TRUE,E37&G37,VLOOKUP(E37&G37,품번정리!$D:$E,2,FALSE)) -> ELHBEF5804GR | C37: =IF(ISERROR(VLOOKUP(MID(B37,1,5)&MID(B37,8,5),품번정리!$A:$B,2,FALSE))=TRUE,MID(B37,1,5)&MID(B37,8,5),VLOOKUP(MID(B37,1,5)&MID(B37,8,5),품번정리!$A:$B,2,FALSE)) -> ELHBE804GR | D37: =MID(E37,6,2) -> F5 | E37: ELHBEF5804 | F37: ELSBEE5804BKFRE | G37: GR | I37: 6081 | J37: 35000 | K37: 15000 | L37: 406 | M37: 2014-10-10 | N37: 406 | O37: 14210000 | P37: 2014-10-14 | Q37: 218 | R37: 2 | S37: 7630000 | T37: 2014-10-17 | U37: 120 | V37: 1971000 | W37: 29.6 | X37: 13.9 | Y37: 55 | Z37: 25.8 | AA37: 186 | AB37: 98 | AC37: -1 | AD37: -1 | AE37: -15000 | AF37: -0.2
A38: =IF(VLOOKUP(MID($B38,4,2),CODE!K:P,CODE!$O$1,FALSE)="",VLOOKUP(MID($B38,1,3),CODE!$B:$G,CODE!$D$1,FALSE),VLOOKUP(MID($B38,1,3),CODE!$B:$G,CODE!$D$1,FALSE)&"-"&VLOOKUP(MID($B38,4,2),CODE!K:P,CODE!$O$1,FALSE)) -> ELH | B38: =IF(ISERROR(VLOOKUP(E38&G38,품번정리!$D:$E,2,FALSE))=TRUE,E38&G38,VLOOKUP(E38&G38,품번정리!$D:$E,2,FALSE)) -> ELHBEF5804PK | C38: =IF(ISERROR(VLOOKUP(MID(B38,1,5)&MID(B38,8,5),품번정리!$A:$B,2,FALSE))=TRUE,MID(B38,1,5)&MID(B38,8,5),VLOOKUP(MID(B38,1,5)&MID(B38,8,5),품번정리!$A:$B,2,FALSE)) -> ELHBE804PK | D38: =MID(E38,6,2) -> F5 | E38: ELHBEF5804 | F38: ELSBEE5804BKFRE | G38: PK | I38: 6081 | J38: 35000 | K38: 15000 | L38: 361 | M38: 2014-10-10 | N38: 361 | O38: 12635000 | P38: 2014-10-14 | Q38: 259 | R38: 1 | S38: 9065000 | T38: 2014-11-05 | U38: 200 | V38: 3276000 | W38: 55.4 | X38: 25.9 | Y38: 77.2 | Z38: 36.1 | AA38: 101 | AB38: 59
A39: =IF(VLOOKUP(MID($B39,4,2),CODE!K:P,CODE!$O$1,FALSE)="",VLOOKUP(MID($B39,1,3),CODE!$B:$G,CODE!$D$1,FALSE),VLOOKUP(MID($B39,1,3),CODE!$B:$G,CODE!$D$1,FALSE)&"-"&VLOOKUP(MID($B39,4,2),CODE!K:P,CODE!$O$1,FALSE)) -> ELH | B39: =IF(ISERROR(VLOOKUP(E39&G39,품번정리!$D:$E,2,FALSE))=TRUE,E39&G39,VLOOKUP(E39&G39,품번정리!$D:$E,2,FALSE)) -> ELHBEF5838MT | C39: =IF(ISERROR(VLOOKUP(MID(B39,1,5)&MID(B39,8,5),품번정리!$A:$B,2,FALSE))=TRUE,MID(B39,1,5)&MID(B39,8,5),VLOOKUP(MID(B39,1,5)&MID(B39,8,5),품번정리!$A:$B,2,FALSE)) -> ELHBE838MT | D39: =MID(E39,6,2) -> F5 | E39: ELHBEF5838 | F39: ELSBEE5838MTFRE | G39: MT | I39: 6558 | J39: 45000 | K39: 15000 | L39: 414 | M39: 2014-10-10 | N39: 414 | O39: 18630000 | P39: 2014-10-14 | Q39: 414 | S39: 18630000 | T39: 2014-10-21 | U39: 408 | V39: 7865500 | W39: 98.6 | X39: 42.2 | Y39: 98.6 | Z39: 42.2 | AB39: 6
A40: =IF(VLOOKUP(MID($B40,4,2),CODE!K:P,CODE!$O$1,FALSE)="",VLOOKUP(MID($B40,1,3),CODE!$B:$G,CODE!$D$1,FALSE),VLOOKUP(MID($B40,1,3),CODE!$B:$G,CODE!$D$1,FALSE)&"-"&VLOOKUP(MID($B40,4,2),CODE!K:P,CODE!$O$1,FALSE)) -> ELH | B40: =IF(ISERROR(VLOOKUP(E40&G40,품번정리!$D:$E,2,FALSE))=TRUE,E40&G40,VLOOKUP(E40&G40,품번정리!$D:$E,2,FALSE)) -> ELHBEF5839BL | C40: =IF(ISERROR(VLOOKUP(MID(B40,1,5)&MID(B40,8,5),품번정리!$A:$B,2,FALSE))=TRUE,MID(B40,1,5)&MID(B40,8,5),VLOOKUP(MID(B40,1,5)&MID(B40,8,5),품번정리!$A:$B,2,FALSE)) -> ELHBE839BL | D40: =MID(E40,6,2) -> F5 | E40: ELHBEF5839 | F40: ELSBEE5839BLFRE | G40: BL | I40: 6436 | J40: 45000 | K40: 15000 | L40: 415 | M40: 2014-10-10 | N40: 415 | O40: 18675000 | P40: 2014-11-04 | Q40: 284 | R40: 3 | S40: 12780000 | T40: 2014-11-05 | U40: 233 | V40: 3995000 | W40: 56.1 | X40: 21.4 | Y40: 82 | Z40: 31.3 | AA40: 128 | AB40: 51 | AC40: 1 | AD40: 1 | AE40: 15000 | AF40: 0.2
A41: =IF(VLOOKUP(MID($B41,4,2),CODE!K:P,CODE!$O$1,FALSE)="",VLOOKUP(MID($B41,1,3),CODE!$B:$G,CODE!$D$1,FALSE),VLOOKUP(MID($B41,1,3),CODE!$B:$G,CODE!$D$1,FALSE)&"-"&VLOOKUP(MID($B41,4,2),CODE!K:P,CODE!$O$1,FALSE)) -> ELH | B41: =IF(ISERROR(VLOOKUP(E41&G41,품번정리!$D:$E,2,FALSE))=TRUE,E41&G41,VLOOKUP(E41&G41,품번정리!$D:$E,2,FALSE)) -> ELHBEF5839BU | C41: =IF(ISERROR(VLOOKUP(MID(B41,1,5)&MID(B41,8,5),품번정리!$A:$B,2,FALSE))=TRUE,MID(B41,1,5)&MID(B41,8,5),VLOOKUP(MID(B41,1,5)&MID(B41,8,5),품번정리!$A:$B,2,FALSE)) -> ELHBE839BU | D41: =MID(E41,6,2) -> F5 | E41: ELHBEF5839 | F41: ELSBEE5839BLFRE | G41: BU | I41: 6436 | J41: 45000 | K41: 15000 | L41: 50
A42: =IF(VLOOKUP(MID($B42,4,2),CODE!K:P,CODE!$O$1,FALSE)="",VLOOKUP(MID($B42,1,3),CODE!$B:$G,CODE!$D$1,FALSE),VLOOKUP(MID($B42,1,3),CODE!$B:$G,CODE!$D$1,FALSE)&"-"&VLOOKUP(MID($B42,4,2),CODE!K:P,CODE!$O$1,FALSE)) -> ELH-가방 | B42: =IF(ISERROR(VLOOKUP(E42&G42,품번정리!$D:$E,2,FALSE))=TRUE,E42&G42,VLOOKUP(E42&G42,품번정리!$D:$E,2,FALSE)) -> ELHBPF3601BK | C42: =IF(ISERROR(VLOOKUP(MID(B42,1,5)&MID(B42,8,5),품번정리!$A:$B,2,FALSE))=TRUE,MID(B42,1,5)&MID(B42,8,5),VLOOKUP(MID(B42,1,5)&MID(B42,8,5),품번정리!$A:$B,2,FALSE)) -> ELHBP601BK | D42: =MID(E42,6,2) -> F3 | E42: ELHBPF3601 | F42: ELSBPF0601BKOMM | G42: BK | I42: 21000 | J42: 109000 | K42: 109000 | L42: 20 | M42: 2014-09-02 | N42: 20 | O42: 2180000 | P42: 2014-09-04 | Q42: 20 | S42: 2180000 | T42: 2014-10-05 | U42: 20 | V42: 1853000 | W42: 100 | X42: 85 | Y42: 100 | Z42: 85
A43: =IF(VLOOKUP(MID($B43,4,2),CODE!K:P,CODE!$O$1,FALSE)="",VLOOKUP(MID($B43,1,3),CODE!$B:$G,CODE!$D$1,FALSE),VLOOKUP(MID($B43,1,3),CODE!$B:$G,CODE!$D$1,FALSE)&"-"&VLOOKUP(MID($B43,4,2),CODE!K:P,CODE!$O$1,FALSE)) -> ELH-가방 | B43: =IF(ISERROR(VLOOKUP(E43&G43,품번정리!$D:$E,2,FALSE))=TRUE,E43&G43,VLOOKUP(E43&G43,품번정리!$D:$E,2,FALSE)) -> ELHBPF3915BK | C43: =IF(ISERROR(VLOOKUP(MID(B43,1,5)&MID(B43,8,5),품번정리!$A:$B,2,FALSE))=TRUE,MID(B43,1,5)&MID(B43,8,5),VLOOKUP(MID(B43,1,5)&MID(B43,8,5),품번정리!$A:$B,2,FALSE)) -> ELHBP915BK | D43: =MID(E43,6,2) -> F3 | E43: ELHBPF3915 | F43: ELSBPF0915BKOSS | G43: BK | I43: 15000 | J43: 75000 | K43: 29000 | L43: 30 | M43: 2014-09-02 | N43: 30 | O43: 2250000 | P43: 2014-09-04 | Q43: 30 | S43: 2250000 | T43: 2014-09-06 | U43: 29 | V43: 1071000 | W43: 96.7 | X43: 47.6 | Y43: 96.7 | Z43: 47.6 | AB43: 1
A44: =IF(VLOOKUP(MID($B44,4,2),CODE!K:P,CODE!$O$1,FALSE)="",VLOOKUP(MID($B44,1,3),CODE!$B:$G,CODE!$D$1,FALSE),VLOOKUP(MID($B44,1,3),CODE!$B:$G,CODE!$D$1,FALSE)&"-"&VLOOKUP(MID($B44,4,2),CODE!K:P,CODE!$O$1,FALSE)) -> ELH-가방 | B44: =IF(ISERROR(VLOOKUP(E44&G44,품번정리!$D:$E,2,FALSE))=TRUE,E44&G44,VLOOKUP(E44&G44,품번정리!$D:$E,2,FALSE)) -> ELHBPF3916YE | C44: =IF(ISERROR(VLOOKUP(MID(B44,1,5)&MID(B44,8,5),품번정리!$A:$B,2,FALSE))=TRUE,MID(B44,1,5)&MID(B44,8,5),VLOOKUP(MID(B44,1,5)&MID(B44,8,5),품번정리!$A:$B,2,FALSE)) -> ELHBP916YE | D44: =MID(E44,6,2) -> F3 | E44: ELHBPF3916 | F44: ELSBPF0916YEOSS | G44: YE | I44: 15000 | J44: 75000 | K44: 29000 | L44: 20 | M44: 2014-09-02 | N44: 20 | O44: 1500000 | P44: 2014-09-04 | Q44: 20 | S44: 1500000 | T44: 2014-11-13 | U44: 20 | V44: 580000 | W44: 100 | X44: 38.7 | Y44: 100 | Z44: 38.7
A45: =IF(VLOOKUP(MID($B45,4,2),CODE!K:P,CODE!$O$1,FALSE)="",VLOOKUP(MID($B45,1,3),CODE!$B:$G,CODE!$D$1,FALSE),VLOOKUP(MID($B45,1,3),CODE!$B:$G,CODE!$D$1,FALSE)&"-"&VLOOKUP(MID($B45,4,2),CODE!K:P,CODE!$O$1,FALSE)) -> ELH-가방 | B45: =IF(ISERROR(VLOOKUP(E45&G45,품번정리!$D:$E,2,FALSE))=TRUE,E45&G45,VLOOKUP(E45&G45,품번정리!$D:$E,2,FALSE)) -> ELHCRF3901YE | C45: =IF(ISERROR(VLOOKUP(MID(B45,1,5)&MID(B45,8,5),품번정리!$A:$B,2,FALSE))=TRUE,MID(B45,1,5)&MID(B45,8,5),VLOOKUP(MID(B45,1,5)&MID(B45,8,5),품번정리!$A:$B,2,FALSE)) -> ELHCR901YE | D45: =MID(E45,6,2) -> F3 | E45: ELHCRF3901 | F45: ELSCRF0901YEFRE | G45: YE | I45: 31550 | J45: 149000 | K45: 74500 | L45: 100 | M45: 2014-08-21 | N45: 100 | O45: 14900000 | P45: 2014-08-21 | Q45: 100 | S45: 14900000 | T45: 2014-08-26 | U45: 99 | V45: 8120500 | W45: 99 | X45: 54.5 | Y45: 99 | Z45: 54.5 | AB45: 1
A46: =IF(VLOOKUP(MID($B46,4,2),CODE!K:P,CODE!$O$1,FALSE)="",VLOOKUP(MID($B46,1,3),CODE!$B:$G,CODE!$D$1,FALSE),VLOOKUP(MID($B46,1,3),CODE!$B:$G,CODE!$D$1,FALSE)&"-"&VLOOKUP(MID($B46,4,2),CODE!K:P,CODE!$O$1,FALSE)) -> ELH-가방 | B46: =IF(ISERROR(VLOOKUP(E46&G46,품번정리!$D:$E,2,FALSE))=TRUE,E46&G46,VLOOKUP(E46&G46,품번정리!$D:$E,2,FALSE)) -> ELHCRF3902BK | C46: =IF(ISERROR(VLOOKUP(MID(B46,1,5)&MID(B46,8,5),품번정리!$A:$B,2,FALSE))=TRUE,MID(B46,1,5)&MID(B46,8,5),VLOOKUP(MID(B46,1,5)&MID(B46,8,5),품번정리!$A:$B,2,FALSE)) -> ELHCR902BK | D46: =MID(E46,6,2) -> F3 | E46: ELHCRF3902 | F46: ELSCRF0902BKFRE | G46: BK | I46: 31550 | J46: 149000 | K46: 74500 | L46: 110 | M46: 2014-08-21 | N46: 50 | O46: 7450000 | P46: 2014-08-21 | Q46: 48 | R46: 1 | S46: 7152000 | T46: 2014-08-23 | U46: 47 | V46: 3572593 | W46: 94 | X46: 48 | Y46: 97.9 | Z46: 50 | AA46: 1 | AB46: 1
A47: =IF(VLOOKUP(MID($B47,4,2),CODE!K:P,CODE!$O$1,FALSE)="",VLOOKUP(MID($B47,1,3),CODE!$B:$G,CODE!$D$1,FALSE),VLOOKUP(MID($B47,1,3),CODE!$B:$G,CODE!$D$1,FALSE)&"-"&VLOOKUP(MID($B47,4,2),CODE!K:P,CODE!$O$1,FALSE)) -> ELH-가방 | B47: =IF(ISERROR(VLOOKUP(E47&G47,품번정리!$D:$E,2,FALSE))=TRUE,E47&G47,VLOOKUP(E47&G47,품번정리!$D:$E,2,FALSE)) -> ELHCRF3903BK | C47: =IF(ISERROR(VLOOKUP(MID(B47,1,5)&MID(B47,8,5),품번정리!$A:$B,2,FALSE))=TRUE,MID(B47,1,5)&MID(B47,8,5),VLOOKUP(MID(B47,1,5)&MID(B47,8,5),품번정리!$A:$B,2,FALSE)) -> ELHCR903BK | D47: =MID(E47,6,2) -> F3 | E47: ELHCRF3903 | F47: ELSCRF0903BKFRE | G47: BK | I47: 26020 | J47: 119000 | K47: 59000 | L47: 50 | M47: 2014-09-02 | N47: 50 | O47: 5950000 | P47: 2014-09-04 | Q47: 49 | S47: 5831000 | T47: 2014-10-12 | U47: 49 | V47: 5292000 | W47: 98 | X47: 88.9 | Y47: 100 | Z47: 90.8 | AA47: 1
A48: =IF(VLOOKUP(MID($B48,4,2),CODE!K:P,CODE!$O$1,FALSE)="",VLOOKUP(MID($B48,1,3),CODE!$B:$G,CODE!$D$1,FALSE),VLOOKUP(MID($B48,1,3),CODE!$B:$G,CODE!$D$1,FALSE)&"-"&VLOOKUP(MID($B48,4,2),CODE!K:P,CODE!$O$1,FALSE)) -> ELH-가방 | B48: =IF(ISERROR(VLOOKUP(E48&G48,품번정리!$D:$E,2,FALSE))=TRUE,E48&G48,VLOOKUP(E48&G48,품번정리!$D:$E,2,FALSE)) -> ELHCRF3904YE | C48: =IF(ISERROR(VLOOKUP(MID(B48,1,5)&MID(B48,8,5),품번정리!$A:$B,2,FALSE))=TRUE,MID(B48,1,5)&MID(B48,8,5),VLOOKUP(MID(B48,1,5)&MID(B48,8,5),품번정리!$A:$B,2,FALSE)) -> ELHCR904YE | D48: =MID(E48,6,2) -> F3 | E48: ELHCRF3904 | F48: ELSCRF0904YEFRE | G48: YE | I48: 26020 | J48: 119000 | K48: 59000 | L48: 20 | M48: 2014-09-02 | N48: 20 | O48: 2380000 | P48: 2014-09-04 | Q48: 20 | S48: 2380000 | T48: 2014-10-12 | U48: 14 | V48: 1150300 | W48: 70 | X48: 48.3 | Y48: 70 | Z48: 48.3 | AB48: 6
A49: =IF(VLOOKUP(MID($B49,4,2),CODE!K:P,CODE!$O$1,FALSE)="",VLOOKUP(MID($B49,1,3),CODE!$B:$G,CODE!$D$1,FALSE),VLOOKUP(MID($B49,1,3),CODE!$B:$G,CODE!$D$1,FALSE)&"-"&VLOOKUP(MID($B49,4,2),CODE!K:P,CODE!$O$1,FALSE)) -> ELH-가방 | B49: =IF(ISERROR(VLOOKUP(E49&G49,품번정리!$D:$E,2,FALSE))=TRUE,E49&G49,VLOOKUP(E49&G49,품번정리!$D:$E,2,FALSE)) -> ELHCRF3905PK | C49: =IF(ISERROR(VLOOKUP(MID(B49,1,5)&MID(B49,8,5),품번정리!$A:$B,2,FALSE))=TRUE,MID(B49,1,5)&MID(B49,8,5),VLOOKUP(MID(B49,1,5)&MID(B49,8,5),품번정리!$A:$B,2,FALSE)) -> ELHCR905PK | D49: =MID(E49,6,2) -> F3 | E49: ELHCRF3905 | F49: ELSCRF0905PKFRE | G49: PK | I49: 26020 | J49: 119000 | K49: 59000 | L49: 30 | M49: 2014-09-02 | N49: 30 | O49: 3570000 | P49: 2014-09-04 | Q49: 30 | S49: 3570000 | T49: 2014-09-28 | U49: 28 | V49: 3212000 | W49: 93.3 | X49: 90 | Y49: 93.3 | Z49: 90 | AB49: 2
A50: =IF(VLOOKUP(MID($B50,4,2),CODE!K:P,CODE!$O$1,FALSE)="",VLOOKUP(MID($B50,1,3),CODE!$B:$G,CODE!$D$1,FALSE),VLOOKUP(MID($B50,1,3),CODE!$B:$G,CODE!$D$1,FALSE)&"-"&VLOOKUP(MID($B50,4,2),CODE!K:P,CODE!$O$1,FALSE)) -> ELH-가방 | B50: =IF(ISERROR(VLOOKUP(E50&G50,품번정리!$D:$E,2,FALSE))=TRUE,E50&G50,VLOOKUP(E50&G50,품번정리!$D:$E,2,FALSE)) -> ELHCRF3913PK | C50: =IF(ISERROR(VLOOKUP(MID(B50,1,5)&MID(B50,8,5),품번정리!$A:$B,2,FALSE))=TRUE,MID(B50,1,5)&MID(B50,8,5),VLOOKUP(MID(B50,1,5)&MID(B50,8,5),품번정리!$A:$B,2,FALSE)) -> ELHCR913PK | D50: =MID(E50,6,2) -> F3 | E50: ELHCRF3913 | F50: ELSCRF0913PKFRE | G50: PK | I50: 31550 | J50: 149000 | K50: 74500 | L50: 160 | M50: 2014-08-21 | N50: 69 | O50: 10281000 | P50: 2014-08-21 | Q50: 59 | R50: 9 | S50: 8791000 | T50: 2014-08-26 | U50: 57 | V50: 4172000 | W50: 82.6 | X50: 40.6 | Y50: 96.6 | Z50: 47.5 | AA50: 1 | AB50: 2
A51: =IF(VLOOKUP(MID($B51,4,2),CODE!K:P,CODE!$O$1,FALSE)="",VLOOKUP(MID($B51,1,3),CODE!$B:$G,CODE!$D$1,FALSE),VLOOKUP(MID($B51,1,3),CODE!$B:$G,CODE!$D$1,FALSE)&"-"&VLOOKUP(MID($B51,4,2),CODE!K:P,CODE!$O$1,FALSE)) -> ELH | B51: =IF(ISERROR(VLOOKUP(E51&G51,품번정리!$D:$E,2,FALSE))=TRUE,E51&G51,VLOOKUP(E51&G51,품번정리!$D:$E,2,FALSE)) -> ELHEBF5828GY | C51: =IF(ISERROR(VLOOKUP(MID(B51,1,5)&MID(B51,8,5),품번정리!$A:$B,2,FALSE))=TRUE,MID(B51,1,5)&MID(B51,8,5),VLOOKUP(MID(B51,1,5)&MID(B51,8,5),품번정리!$A:$B,2,FALSE)) -> ELHEB828GY | D51: =MID(E51,6,2) -> F5 | E51: ELHEBF5828 | F51: ELSEBE5828GYFRE | G51: GY | I51: 7593 | J51: 45000 | K51: 15000 | L51: 400 | M51: 2014-10-10 | N51: 400 | O51: 18000000 | P51: 2014-10-14 | Q51: 200 | S51: 9000000 | T51: 2014-10-22 | U51: 187 | V51: 2934000 | W51: 46.8 | X51: 16.3 | Y51: 93.5 | Z51: 32.6 | AA51: 200 | AB51: 13
A52: =IF(VLOOKUP(MID($B52,4,2),CODE!K:P,CODE!$O$1,FALSE)="",VLOOKUP(MID($B52,1,3),CODE!$B:$G,CODE!$D$1,FALSE),VLOOKUP(MID($B52,1,3),CODE!$B:$G,CODE!$D$1,FALSE)&"-"&VLOOKUP(MID($B52,4,2),CODE!K:P,CODE!$O$1,FALSE)) -> ELH | B52: =IF(ISERROR(VLOOKUP(E52&G52,품번정리!$D:$E,2,FALSE))=TRUE,E52&G52,VLOOKUP(E52&G52,품번정리!$D:$E,2,FALSE)) -> ELHEBF5828MT | C52: =IF(ISERROR(VLOOKUP(MID(B52,1,5)&MID(B52,8,5),품번정리!$A:$B,2,FALSE))=TRUE,MID(B52,1,5)&MID(B52,8,5),VLOOKUP(MID(B52,1,5)&MID(B52,8,5),품번정리!$A:$B,2,FALSE)) -> ELHEB828MT | D52: =MID(E52,6,2) -> F5 | E52: ELHEBF5828 | F52: ELSEBE5828GYFRE | G52: MT | I52: 7593 | J52: 45000 | K52: 15000 | L52: 400 | M52: 2014-10-10 | N52: 400 | O52: 18000000 | P52: 2014-10-14 | Q52: 347 | S52: 15615000 | T52: 2014-10-20 | U52: 341 | V52: 6041500 | W52: 85.3 | X52: 33.6 | Y52: 98.3 | Z52: 38.7 | AA52: 53 | AB52: 6
A53: =IF(VLOOKUP(MID($B53,4,2),CODE!K:P,CODE!$O$1,FALSE)="",VLOOKUP(MID($B53,1,3),CODE!$B:$G,CODE!$D$1,FALSE),VLOOKUP(MID($B53,1,3),CODE!$B:$G,CODE!$D$1,FALSE)&"-"&VLOOKUP(MID($B53,4,2),CODE!K:P,CODE!$O$1,FALSE)) -> ELH | B53: =IF(ISERROR(VLOOKUP(E53&G53,품번정리!$D:$E,2,FALSE))=TRUE,E53&G53,VLOOKUP(E53&G53,품번정리!$D:$E,2,FALSE)) -> ELHEBF5829BL | C53: =IF(ISERROR(VLOOKUP(MID(B53,1,5)&MID(B53,8,5),품번정리!$A:$B,2,FALSE))=TRUE,MID(B53,1,5)&MID(B53,8,5),VLOOKUP(MID(B53,1,5)&MID(B53,8,5),품번정리!$A:$B,2,FALSE)) -> ELHEB829BL | D53: =MID(E53,6,2) -> F5 | E53: ELHEBF5829 | F53: ELSEBE5829BLFRE | G53: BL | I53: 6034 | J53: 43000 | K53: 15000 | L53: 295 | M53: 2014-10-10 | N53: 295 | O53: 12685000 | P53: 2014-10-14 | Q53: 221 | R53: 2 | S53: 9503000 | T53: 2014-10-29 | U53: 181 | V53: 3337200 | W53: 61.4 | X53: 26.3 | Y53: 81.9 | Z53: 35.1 | AA53: 72 | AB53: 40
A54: =IF(VLOOKUP(MID($B54,4,2),CODE!K:P,CODE!$O$1,FALSE)="",VLOOKUP(MID($B54,1,3),CODE!$B:$G,CODE!$D$1,FALSE),VLOOKUP(MID($B54,1,3),CODE!$B:$G,CODE!$D$1,FALSE)&"-"&VLOOKUP(MID($B54,4,2),CODE!K:P,CODE!$O$1,FALSE)) -> ELH | B54: =IF(ISERROR(VLOOKUP(E54&G54,품번정리!$D:$E,2,FALSE))=TRUE,E54&G54,VLOOKUP(E54&G54,품번정리!$D:$E,2,FALSE)) -> ELHEBF5829MT | C54: =IF(ISERROR(VLOOKUP(MID(B54,1,5)&MID(B54,8,5),품번정리!$A:$B,2,FALSE))=TRUE,MID(B54,1,5)&MID(B54,8,5),VLOOKUP(MID(B54,1,5)&MID(B54,8,5),품번정리!$A:$B,2,FALSE)) -> ELHEB829MT | D54: =MID(E54,6,2) -> F5 | E54: ELHEBF5829 | F54: ELSEBE5829BLFRE | G54: MT | I54: 6034 | J54: 43000 | K54: 15000 | L54: 117 | M54: 2014-10-10 | N54: 117 | O54: 5031000 | P54: 2014-10-14 | Q54: 118 | R54: -1 | S54: 5074000 | T54: 2014-10-29 | U54: 113 | V54: 2150500 | W54: 96.6 | X54: 42.7 | Y54: 95.8 | Z54: 42.4 | AB54: 5
A55: =IF(VLOOKUP(MID($B55,4,2),CODE!K:P,CODE!$O$1,FALSE)="",VLOOKUP(MID($B55,1,3),CODE!$B:$G,CODE!$D$1,FALSE),VLOOKUP(MID($B55,1,3),CODE!$B:$G,CODE!$D$1,FALSE)&"-"&VLOOKUP(MID($B55,4,2),CODE!K:P,CODE!$O$1,FALSE)) -> ELH | B55: =IF(ISERROR(VLOOKUP(E55&G55,품번정리!$D:$E,2,FALSE))=TRUE,E55&G55,VLOOKUP(E55&G55,품번정리!$D:$E,2,FALSE)) -> ELHEBF5829NY | C55: =IF(ISERROR(VLOOKUP(MID(B55,1,5)&MID(B55,8,5),품번정리!$A:$B,2,FALSE))=TRUE,MID(B55,1,5)&MID(B55,8,5),VLOOKUP(MID(B55,1,5)&MID(B55,8,5),품번정리!$A:$B,2,FALSE)) -> ELHEB829NY | D55: =MID(E55,6,2) -> F5 | E55: ELHEBF5829 | F55: ELSEBE5829BLFRE | G55: NY | I55: 6034 | J55: 43000 | K55: 15000 | L55: 136 | M55: 2014-10-10 | N55: 136 | O55: 5848000 | P55: 2014-10-14 | Q55: 136 | S55: 5848000 | T55: 2014-10-18 | U55: 136 | V55: 2599500 | W55: 100 | X55: 44.5 | Y55: 100 | Z55: 44.5
A56: =IF(VLOOKUP(MID($B56,4,2),CODE!K:P,CODE!$O$1,FALSE)="",VLOOKUP(MID($B56,1,3),CODE!$B:$G,CODE!$D$1,FALSE),VLOOKUP(MID($B56,1,3),CODE!$B:$G,CODE!$D$1,FALSE)&"-"&VLOOKUP(MID($B56,4,2),CODE!K:P,CODE!$O$1,FALSE)) -> ELH | B56: =IF(ISERROR(VLOOKUP(E56&G56,품번정리!$D:$E,2,FALSE))=TRUE,E56&G56,VLOOKUP(E56&G56,품번정리!$D:$E,2,FALSE)) -> ELHEBF5830BL | C56: =IF(ISERROR(VLOOKUP(MID(B56,1,5)&MID(B56,8,5),품번정리!$A:$B,2,FALSE))=TRUE,MID(B56,1,5)&MID(B56,8,5),VLOOKUP(MID(B56,1,5)&MID(B56,8,5),품번정리!$A:$B,2,FALSE)) -> ELHEB830BL | D56: =MID(E56,6,2) -> F5 | E56: ELHEBF5830 | F56: ELSEBE5830BLFRE | G56: BL | I56: 7594 | J56: 45000 | K56: 15000 | L56: 534 | M56: 2014-10-10 | N56: 534 | O56: 24030000 | P56: 2014-10-14 | Q56: 487 | S56: 21915000 | T56: 2014-10-21 | U56: 464 | V56: 8125500 | W56: 86.9 | X56: 33.8 | Y56: 95.3 | Z56: 37.1 | AA56: 47 | AB56: 23
A57: =IF(VLOOKUP(MID($B57,4,2),CODE!K:P,CODE!$O$1,FALSE)="",VLOOKUP(MID($B57,1,3),CODE!$B:$G,CODE!$D$1,FALSE),VLOOKUP(MID($B57,1,3),CODE!$B:$G,CODE!$D$1,FALSE)&"-"&VLOOKUP(MID($B57,4,2),CODE!K:P,CODE!$O$1,FALSE)) -> ELH | B57: =IF(ISERROR(VLOOKUP(E57&G57,품번정리!$D:$E,2,FALSE))=TRUE,E57&G57,VLOOKUP(E57&G57,품번정리!$D:$E,2,FALSE)) -> ELHEBF5840PK | C57: =IF(ISERROR(VLOOKUP(MID(B57,1,5)&MID(B57,8,5),품번정리!$A:$B,2,FALSE))=TRUE,MID(B57,1,5)&MID(B57,8,5),VLOOKUP(MID(B57,1,5)&MID(B57,8,5),품번정리!$A:$B,2,FALSE)) -> ELHEB840PK | D57: =MID(E57,6,2) -> F5 | E57: ELHEBF5840 | F57: ELSEBE5840PKFRE | G57: PK | I57: 7792 | J57: 45000 | K57: 15000 | L57: 195 | M57: 2014-10-10 | N57: 195 | O57: 8775000 | P57: 2014-10-14 | Q57: 195 | S57: 8775000 | T57: 2014-10-21 | U57: 191 | V57: 3664000 | W57: 97.9 | X57: 41.8 | Y57: 97.9 | Z57: 41.8 | AB57: 4
A58: =IF(VLOOKUP(MID($B58,4,2),CODE!K:P,CODE!$O$1,FALSE)="",VLOOKUP(MID($B58,1,3),CODE!$B:$G,CODE!$D$1,FALSE),VLOOKUP(MID($B58,1,3),CODE!$B:$G,CODE!$D$1,FALSE)&"-"&VLOOKUP(MID($B58,4,2),CODE!K:P,CODE!$O$1,FALSE)) -> ELH-ACC | B58: =IF(ISERROR(VLOOKUP(E58&G58,품번정리!$D:$E,2,FALSE))=TRUE,E58&G58,VLOOKUP(E58&G58,품번정리!$D:$E,2,FALSE)) -> ELHEDF5522YE | C58: =IF(ISERROR(VLOOKUP(MID(B58,1,5)&MID(B58,8,5),품번정리!$A:$B,2,FALSE))=TRUE,MID(B58,1,5)&MID(B58,8,5),VLOOKUP(MID(B58,1,5)&MID(B58,8,5),품번정리!$A:$B,2,FALSE)) -> ELHED522YE | D58: =MID(E58,6,2) -> F5 | E58: ELHEDF5522 | F58: 14FW ELS_32_ED_YE_KIDS | G58: YE | I58: 8392 | J58: 45000 | K58: 25000 | L58: 200 | M58: 2015-09-09 | N58: 200 | O58: 9000000 | P58: 2015-10-31 | Q58: 153 | S58: 6885000 | T58: 2015-12-10 | U58: 64 | V58: 1600000 | W58: 32 | X58: 17.8 | Y58: 41.8 | Z58: 23.2 | AA58: 47 | AB58: 89
A59: =IF(VLOOKUP(MID($B59,4,2),CODE!K:P,CODE!$O$1,FALSE)="",VLOOKUP(MID($B59,1,3),CODE!$B:$G,CODE!$D$1,FALSE),VLOOKUP(MID($B59,1,3),CODE!$B:$G,CODE!$D$1,FALSE)&"-"&VLOOKUP(MID($B59,4,2),CODE!K:P,CODE!$O$1,FALSE)) -> ELH-ACC | B59: =IF(ISERROR(VLOOKUP(E59&G59,품번정리!$D:$E,2,FALSE))=TRUE,E59&G59,VLOOKUP(E59&G59,품번정리!$D:$E,2,FALSE)) -> ELHEDF5523BK | C59: =IF(ISERROR(VLOOKUP(MID(B59,1,5)&MID(B59,8,5),품번정리!$A:$B,2,FALSE))=TRUE,MID(B59,1,5)&MID(B59,8,5),VLOOKUP(MID(B59,1,5)&MID(B59,8,5),품번정리!$A:$B,2,FALSE)) -> ELHED523BK | D59: =MID(E59,6,2) -> F5 | E59: ELHEDF5523 | F59: 14FW ELS_33_ED_BK_KIDS | G59: BK | I59: 8364 | J59: 45000 | K59: 25000 | L59: 190 | M59: 2015-09-09 | N59: 190 | O59: 8550000 | P59: 2015-11-30 | Q59: 147 | S59: 6615000 | T59: 2015-12-09 | U59: 113 | V59: 2825000 | W59: 59.5 | X59: 33 | Y59: 76.9 | Z59: 42.7 | AA59: 43 | AB59: 34
A60: =IF(VLOOKUP(MID($B60,4,2),CODE!K:P,CODE!$O$1,FALSE)="",VLOOKUP(MID($B60,1,3),CODE!$B:$G,CODE!$D$1,FALSE),VLOOKUP(MID($B60,1,3),CODE!$B:$G,CODE!$D$1,FALSE)&"-"&VLOOKUP(MID($B60,4,2),CODE!K:P,CODE!$O$1,FALSE)) -> ELH-ACC | B60: =IF(ISERROR(VLOOKUP(E60&G60,품번정리!$D:$E,2,FALSE))=TRUE,E60&G60,VLOOKUP(E60&G60,품번정리!$D:$E,2,FALSE)) -> ELHEDF5524PK | C60: =IF(ISERROR(VLOOKUP(MID(B60,1,5)&MID(B60,8,5),품번정리!$A:$B,2,FALSE))=TRUE,MID(B60,1,5)&MID(B60,8,5),VLOOKUP(MID(B60,1,5)&MID(B60,8,5),품번정리!$A:$B,2,FALSE)) -> ELHED524PK | D60: =MID(E60,6,2) -> F5 | E60: ELHEDF5524 | F60: 14FW ELS_72_ED_PK_KIDS | G60: PK | I60: 8309 | J60: 45000 | K60: 25000 | L60: 200 | M60: 2015-09-09 | N60: 200 | O60: 9000000 | P60: 2015-11-30 | Q60: 165 | S60: 7425000 | T60: 2015-12-09 | U60: 103 | V60: 2575000 | W60: 51.5 | X60: 28.6 | Y60: 62.4 | Z60: 34.7 | AA60: 35 | AB60: 62
A61: =IF(VLOOKUP(MID($B61,4,2),CODE!K:P,CODE!$O$1,FALSE)="",VLOOKUP(MID($B61,1,3),CODE!$B:$G,CODE!$D$1,FALSE),VLOOKUP(MID($B61,1,3),CODE!$B:$G,CODE!$D$1,FALSE)&"-"&VLOOKUP(MID($B61,4,2),CODE!K:P,CODE!$O$1,FALSE)) -> ELH | B61: =IF(ISERROR(VLOOKUP(E61&G61,품번정리!$D:$E,2,FALSE))=TRUE,E61&G61,VLOOKUP(E61&G61,품번정리!$D:$E,2,FALSE)) -> ELHERF5511GR | C61: =IF(ISERROR(VLOOKUP(MID(B61,1,5)&MID(B61,8,5),품번정리!$A:$B,2,FALSE))=TRUE,MID(B61,1,5)&MID(B61,8,5),VLOOKUP(MID(B61,1,5)&MID(B61,8,5),품번정리!$A:$B,2,FALSE)) -> ELHER511GR | D61: =MID(E61,6,2) -> F5 | E61: ELHERF5511 | F61: ELSERF5511GROSM | G61: GR | I61: 8316 | J61: 55000 | K61: 38500 | L61: 50 | M61: 2014-12-02 | N61: 50 | O61: 2750000 | P61: 2014-12-03 | Q61: 47 | S61: 2585000 | T61: 2014-12-04 | U61: 46 | V61: 1540000 | W61: 92 | X61: 56 | Y61: 97.9 | Z61: 59.6 | AA61: 3 | AB61: 1
A62: =IF(VLOOKUP(MID($B62,4,2),CODE!K:P,CODE!$O$1,FALSE)="",VLOOKUP(MID($B62,1,3),CODE!$B:$G,CODE!$D$1,FALSE),VLOOKUP(MID($B62,1,3),CODE!$B:$G,CODE!$D$1,FALSE)&"-"&VLOOKUP(MID($B62,4,2),CODE!K:P,CODE!$O$1,FALSE)) -> ELH | B62: =IF(ISERROR(VLOOKUP(E62&G62,품번정리!$D:$E,2,FALSE))=TRUE,E62&G62,VLOOKUP(E62&G62,품번정리!$D:$E,2,FALSE)) -> ELHERF5512RE | C62: =IF(ISERROR(VLOOKUP(MID(B62,1,5)&MID(B62,8,5),품번정리!$A:$B,2,FALSE))=TRUE,MID(B62,1,5)&MID(B62,8,5),VLOOKUP(MID(B62,1,5)&MID(B62,8,5),품번정리!$A:$B,2,FALSE)) -> ELHER512RE | D62: =MID(E62,6,2) -> F5 | E62: ELHERF5512 | F62: ELSERF5512REOSM | G62: RE | I62: 8457 | J62: 55000 | K62: 27500 | L62: 50 | M62: 2014-12-02 | N62: 50 | O62: 2750000 | P62: 2014-12-03 | Q62: 48 | S62: 2640000 | T62: 2014-12-05 | U62: 47 | V62: 1787500 | W62: 94 | X62: 65 | Y62: 97.9 | Z62: 67.7 | AA62: 2 | AB62: 1
A63: =IF(VLOOKUP(MID($B63,4,2),CODE!K:P,CODE!$O$1,FALSE)="",VLOOKUP(MID($B63,1,3),CODE!$B:$G,CODE!$D$1,FALSE),VLOOKUP(MID($B63,1,3),CODE!$B:$G,CODE!$D$1,FALSE)&"-"&VLOOKUP(MID($B63,4,2),CODE!K:P,CODE!$O$1,FALSE)) -> ELH | B63: =IF(ISERROR(VLOOKUP(E63&G63,품번정리!$D:$E,2,FALSE))=TRUE,E63&G63,VLOOKUP(E63&G63,품번정리!$D:$E,2,FALSE)) -> ELHERF5513PK | C63: =IF(ISERROR(VLOOKUP(MID(B63,1,5)&MID(B63,8,5),품번정리!$A:$B,2,FALSE))=TRUE,MID(B63,1,5)&MID(B63,8,5),VLOOKUP(MID(B63,1,5)&MID(B63,8,5),품번정리!$A:$B,2,FALSE)) -> ELHER513PK | D63: =MID(E63,6,2) -> F5 | E63: ELHERF5513 | F63: ELSERF5513PKOML | G63: PK | I63: 8533 | J63: 55000 | K63: 29000 | L63: 420 | M63: 2014-12-02 | N63: 260 | O63: 14300000 | P63: 2014-12-03 | Q63: 209 | S63: 11495000 | T63: 2014-12-06 | U63: 78 | V63: 2624500 | W63: 30 | X63: 18.4 | Y63: 37.3 | Z63: 22.8 | AA63: 51 | AB63: 131
A64: =IF(VLOOKUP(MID($B64,4,2),CODE!K:P,CODE!$O$1,FALSE)="",VLOOKUP(MID($B64,1,3),CODE!$B:$G,CODE!$D$1,FALSE),VLOOKUP(MID($B64,1,3),CODE!$B:$G,CODE!$D$1,FALSE)&"-"&VLOOKUP(MID($B64,4,2),CODE!K:P,CODE!$O$1,FALSE)) -> ELH | B64: =IF(ISERROR(VLOOKUP(E64&G64,품번정리!$D:$E,2,FALSE))=TRUE,E64&G64,VLOOKUP(E64&G64,품번정리!$D:$E,2,FALSE)) -> ELHERF5516OR | C64: =IF(ISERROR(VLOOKUP(MID(B64,1,5)&MID(B64,8,5),품번정리!$A:$B,2,FALSE))=TRUE,MID(B64,1,5)&MID(B64,8,5),VLOOKUP(MID(B64,1,5)&MID(B64,8,5),품번정리!$A:$B,2,FALSE)) -> ELHER516OR | D64: =MID(E64,6,2) -> F5 | E64: ELHERF5516 | F64: ELSERF5516OROSM | G64: OR | I64: 6302 | J64: 45000 | K64: 25000 | L64: 492 | M64: 2014-12-02 | N64: 242 | O64: 10890000 | P64: 2014-12-09 | Q64: 171 | S64: 7695000 | T64: 2015-01-22 | U64: 85 | V64: 2165000 | W64: 35.1 | X64: 19.9 | Y64: 49.7 | Z64: 28.1 | AA64: 71 | AB64: 86
A65: =IF(VLOOKUP(MID($B65,4,2),CODE!K:P,CODE!$O$1,FALSE)="",VLOOKUP(MID($B65,1,3),CODE!$B:$G,CODE!$D$1,FALSE),VLOOKUP(MID($B65,1,3),CODE!$B:$G,CODE!$D$1,FALSE)&"-"&VLOOKUP(MID($B65,4,2),CODE!K:P,CODE!$O$1,FALSE)) -> ELH | B65: =IF(ISERROR(VLOOKUP(E65&G65,품번정리!$D:$E,2,FALSE))=TRUE,E65&G65,VLOOKUP(E65&G65,품번정리!$D:$E,2,FALSE)) -> ELHERF5519RE | C65: =IF(ISERROR(VLOOKUP(MID(B65,1,5)&MID(B65,8,5),품번정리!$A:$B,2,FALSE))=TRUE,MID(B65,1,5)&MID(B65,8,5),VLOOKUP(MID(B65,1,5)&MID(B65,8,5),품번정리!$A:$B,2,FALSE)) -> ELHER519RE | D65: =MID(E65,6,2) -> F5 | E65: ELHERF5519 | F65: ELSERF5519REOSM | G65: RE | I65: 8108 | J65: 55000 | K65: 29000 | L65: 381 | M65: 2014-12-02 | N65: 258 | O65: 14190000 | P65: 2014-12-03 | Q65: 226 | S65: 12430000 | T65: 2014-12-05 | U65: 108 | V65: 3831000 | W65: 41.9 | X65: 27 | Y65: 47.8 | Z65: 30.8 | AA65: 32 | AB65: 118
A66: =IF(VLOOKUP(MID($B66,4,2),CODE!K:P,CODE!$O$1,FALSE)="",VLOOKUP(MID($B66,1,3),CODE!$B:$G,CODE!$D$1,FALSE),VLOOKUP(MID($B66,1,3),CODE!$B:$G,CODE!$D$1,FALSE)&"-"&VLOOKUP(MID($B66,4,2),CODE!K:P,CODE!$O$1,FALSE)) -> ELH | B66: =IF(ISERROR(VLOOKUP(E66&G66,품번정리!$D:$E,2,FALSE))=TRUE,E66&G66,VLOOKUP(E66&G66,품번정리!$D:$E,2,FALSE)) -> ELHERF5520BL | C66: =IF(ISERROR(VLOOKUP(MID(B66,1,5)&MID(B66,8,5),품번정리!$A:$B,2,FALSE))=TRUE,MID(B66,1,5)&MID(B66,8,5),VLOOKUP(MID(B66,1,5)&MID(B66,8,5),품번정리!$A:$B,2,FALSE)) -> ELHER520BL | D66: =MID(E66,6,2) -> F5 | E66: ELHERF5520 | F66: 14FW ELS 41_SNAP_BL_KIDS | G66: BL | I66: 8028 | J66: 55000 | K66: 29000 | L66: 298 | M66: 2015-09-09 | N66: 228 | O66: 12540000 | P66: 2015-10-16 | Q66: 223 | S66: 12265000 | T66: 2015-10-21 | U66: 187 | V66: 5423000 | W66: 82 | X66: 43.2 | Y66: 83.9 | Z66: 44.2 | AA66: 5 | AB66: 36
A67: =IF(VLOOKUP(MID($B67,4,2),CODE!K:P,CODE!$O$1,FALSE)="",VLOOKUP(MID($B67,1,3),CODE!$B:$G,CODE!$D$1,FALSE),VLOOKUP(MID($B67,1,3),CODE!$B:$G,CODE!$D$1,FALSE)&"-"&VLOOKUP(MID($B67,4,2),CODE!K:P,CODE!$O$1,FALSE)) -> ELH | B67: =IF(ISERROR(VLOOKUP(E67&G67,품번정리!$D:$E,2,FALSE))=TRUE,E67&G67,VLOOKUP(E67&G67,품번정리!$D:$E,2,FALSE)) -> ELHERF5521GY | C67: =IF(ISERROR(VLOOKUP(MID(B67,1,5)&MID(B67,8,5),품번정리!$A:$B,2,FALSE))=TRUE,MID(B67,1,5)&MID(B67,8,5),VLOOKUP(MID(B67,1,5)&MID(B67,8,5),품번정리!$A:$B,2,FALSE)) -> ELHER521GY | D67: =MID(E67,6,2) -> F5 | E67: ELHERF5521 | F67: 14FW ELS 42_SNAP_GY_KIDS | G67: GY | I67: 10064 | J67: 55000 | K67: 29000 | L67: 531 | M67: 2015-09-09 | N67: 380 | O67: 20900000 | P67: 2015-10-16 | Q67: 373 | S67: 20515000 | T67: 2015-10-21 | U67: 342 | V67: 9918000 | W67: 90 | X67: 47.5 | Y67: 91.7 | Z67: 48.3 | AA67: 7 | AB67: 31
A68: =IF(VLOOKUP(MID($B68,4,2),CODE!K:P,CODE!$O$1,FALSE)="",VLOOKUP(MID($B68,1,3),CODE!$B:$G,CODE!$D$1,FALSE),VLOOKUP(MID($B68,1,3),CODE!$B:$G,CODE!$D$1,FALSE)&"-"&VLOOKUP(MID($B68,4,2),CODE!K:P,CODE!$O$1,FALSE)) -> ELH | B68: =IF(ISERROR(VLOOKUP(E68&G68,품번정리!$D:$E,2,FALSE))=TRUE,E68&G68,VLOOKUP(E68&G68,품번정리!$D:$E,2,FALSE)) -> ELHERF5532PK | C68: =IF(ISERROR(VLOOKUP(MID(B68,1,5)&MID(B68,8,5),품번정리!$A:$B,2,FALSE))=TRUE,MID(B68,1,5)&MID(B68,8,5),VLOOKUP(MID(B68,1,5)&MID(B68,8,5),품번정리!$A:$B,2,FALSE)) -> ELHER532PK | D68: =MID(E68,6,2) -> F5 | E68: ELHERF5532 | F68: 14FW ELS_62_CURVED PK_KIDS | G68: PK | I68: 8456 | J68: 55000 | K68: 29000 | L68: 200 | M68: 2015-09-09 | N68: 140 | O68: 7700000 | P68: 2015-10-23 | Q68: 134 | S68: 7370000 | T68: 2015-11-03 | U68: 74 | V68: 2146000 | W68: 52.9 | X68: 27.9 | Y68: 55.2 | Z68: 29.1 | AA68: 6 | AB68: 60
A69: =IF(VLOOKUP(MID($B69,4,2),CODE!K:P,CODE!$O$1,FALSE)="",VLOOKUP(MID($B69,1,3),CODE!$B:$G,CODE!$D$1,FALSE),VLOOKUP(MID($B69,1,3),CODE!$B:$G,CODE!$D$1,FALSE)&"-"&VLOOKUP(MID($B69,4,2),CODE!K:P,CODE!$O$1,FALSE)) -> ELH | B69: =IF(ISERROR(VLOOKUP(E69&G69,품번정리!$D:$E,2,FALSE))=TRUE,E69&G69,VLOOKUP(E69&G69,품번정리!$D:$E,2,FALSE)) -> ELHERF5643GR | C69: =IF(ISERROR(VLOOKUP(MID(B69,1,5)&MID(B69,8,5),품번정리!$A:$B,2,FALSE))=TRUE,MID(B69,1,5)&MID(B69,8,5),VLOOKUP(MID(B69,1,5)&MID(B69,8,5),품번정리!$A:$B,2,FALSE)) -> ELHER643GR | D69: =MID(E69,6,2) -> F5 | E69: ELHERF5643 | F69: ELSERD3643GRFRE | G69: GR | I69: 15500 | J69: 63000 | K69: 15000 | L69: 120 | M69: 2014-10-10 | N69: 120 | O69: 7560000 | P69: 2014-10-10 | Q69: 120 | S69: 7560000 | T69: 2014-10-11 | U69: 119 | V69: 1785000 | W69: 99.2 | X69: 23.6 | Y69: 99.2 | Z69: 23.6 | AB69: 1
A70: =IF(VLOOKUP(MID($B70,4,2),CODE!K:P,CODE!$O$1,FALSE)="",VLOOKUP(MID($B70,1,3),CODE!$B:$G,CODE!$D$1,FALSE),VLOOKUP(MID($B70,1,3),CODE!$B:$G,CODE!$D$1,FALSE)&"-"&VLOOKUP(MID($B70,4,2),CODE!K:P,CODE!$O$1,FALSE)) -> ELH | B70: =IF(ISERROR(VLOOKUP(E70&G70,품번정리!$D:$E,2,FALSE))=TRUE,E70&G70,VLOOKUP(E70&G70,품번정리!$D:$E,2,FALSE)) -> ELHERF5644RE | C70: =IF(ISERROR(VLOOKUP(MID(B70,1,5)&MID(B70,8,5),품번정리!$A:$B,2,FALSE))=TRUE,MID(B70,1,5)&MID(B70,8,5),VLOOKUP(MID(B70,1,5)&MID(B70,8,5),품번정리!$A:$B,2,FALSE)) -> ELHER644RE | D70: =MID(E70,6,2) -> F5 | E70: ELHERF5644 | F70: ELSERE5644REFRE | G70: RE | I70: 9616 | J70: 63000 | K70: 15000 | L70: 8 | M70: 2014-10-10 | N70: 7 | O70: 441000 | P70: 2014-10-15 | Q70: 7 | S70: 441000 | T70: 2014-10-28 | U70: 7 | V70: 134100 | W70: 100 | X70: 30.4 | Y70: 100 | Z70: 30.4
A71: =IF(VLOOKUP(MID($B71,4,2),CODE!K:P,CODE!$O$1,FALSE)="",VLOOKUP(MID($B71,1,3),CODE!$B:$G,CODE!$D$1,FALSE),VLOOKUP(MID($B71,1,3),CODE!$B:$G,CODE!$D$1,FALSE)&"-"&VLOOKUP(MID($B71,4,2),CODE!K:P,CODE!$O$1,FALSE)) -> ELH | B71: =IF(ISERROR(VLOOKUP(E71&G71,품번정리!$D:$E,2,FALSE))=TRUE,E71&G71,VLOOKUP(E71&G71,품번정리!$D:$E,2,FALSE)) -> ELHERF5645BK | C71: =IF(ISERROR(VLOOKUP(MID(B71,1,5)&MID(B71,8,5),품번정리!$A:$B,2,FALSE))=TRUE,MID(B71,1,5)&MID(B71,8,5),VLOOKUP(MID(B71,1,5)&MID(B71,8,5),품번정리!$A:$B,2,FALSE)) -> ELHER645BK | D71: =MID(E71,6,2) -> F5 | E71: ELHERF5645 | F71: ELSERE5645BKFRE | G71: BK | I71: 9688 | J71: 63000 | K71: 15000 | L71: 134 | M71: 2014-10-10 | N71: 132 | O71: 8316000 | P71: 2014-10-14 | Q71: 131 | S71: 8253000 | T71: 2014-10-26 | U71: 131 | V71: 1994100 | W71: 99.2 | X71: 24 | Y71: 100 | Z71: 24.2 | AA71: 1
A72: =IF(VLOOKUP(MID($B72,4,2),CODE!K:P,CODE!$O$1,FALSE)="",VLOOKUP(MID($B72,1,3),CODE!$B:$G,CODE!$D$1,FALSE),VLOOKUP(MID($B72,1,3),CODE!$B:$G,CODE!$D$1,FALSE)&"-"&VLOOKUP(MID($B72,4,2),CODE!K:P,CODE!$O$1,FALSE)) -> ELH | B72: =IF(ISERROR(VLOOKUP(E72&G72,품번정리!$D:$E,2,FALSE))=TRUE,E72&G72,VLOOKUP(E72&G72,품번정리!$D:$E,2,FALSE)) -> ELHERF5652GY | C72: =IF(ISERROR(VLOOKUP(MID(B72,1,5)&MID(B72,8,5),품번정리!$A:$B,2,FALSE))=TRUE,MID(B72,1,5)&MID(B72,8,5),VLOOKUP(MID(B72,1,5)&MID(B72,8,5),품번정리!$A:$B,2,FALSE)) -> ELHER652GY | D72: =MID(E72,6,2) -> F5 | E72: ELHERF5652 | F72: ELSERD3652GYFRE | G72: GY | I72: 15500 | J72: 63000 | K72: 15000 | L72: 161 | M72: 2014-10-10 | N72: 161 | O72: 10143000 | P72: 2014-10-10 | Q72: 160 | R72: 1 | S72: 10080000 | T72: 2014-10-12 | U72: 158 | V72: 2370000 | W72: 98.1 | X72: 23.4 | Y72: 98.8 | Z72: 23.5 | AB72: 2
A73: =IF(VLOOKUP(MID($B73,4,2),CODE!K:P,CODE!$O$1,FALSE)="",VLOOKUP(MID($B73,1,3),CODE!$B:$G,CODE!$D$1,FALSE),VLOOKUP(MID($B73,1,3),CODE!$B:$G,CODE!$D$1,FALSE)&"-"&VLOOKUP(MID($B73,4,2),CODE!K:P,CODE!$O$1,FALSE)) -> ELH | B73: =IF(ISERROR(VLOOKUP(E73&G73,품번정리!$D:$E,2,FALSE))=TRUE,E73&G73,VLOOKUP(E73&G73,품번정리!$D:$E,2,FALSE)) -> ELHERF5664PK | C73: =IF(ISERROR(VLOOKUP(MID(B73,1,5)&MID(B73,8,5),품번정리!$A:$B,2,FALSE))=TRUE,MID(B73,1,5)&MID(B73,8,5),VLOOKUP(MID(B73,1,5)&MID(B73,8,5),품번정리!$A:$B,2,FALSE)) -> ELHER664PK | D73: =MID(E73,6,2) -> F5 | E73: ELHERF5664 | F73: ELSERD3664PKFRE | G73: PK | I73: 15000 | J73: 59000 | K73: 15000 | L73: 148 | M73: 2014-10-10 | N73: 148 | O73: 8732000 | P73: 2014-10-10 | Q73: 148 | S73: 8732000 | T73: 2014-10-12 | U73: 148 | V73: 2220000 | W73: 100 | X73: 25.4 | Y73: 100 | Z73: 25.4
A74: =IF(VLOOKUP(MID($B74,4,2),CODE!K:P,CODE!$O$1,FALSE)="",VLOOKUP(MID($B74,1,3),CODE!$B:$G,CODE!$D$1,FALSE),VLOOKUP(MID($B74,1,3),CODE!$B:$G,CODE!$D$1,FALSE)&"-"&VLOOKUP(MID($B74,4,2),CODE!K:P,CODE!$O$1,FALSE)) -> ELH | B74: =IF(ISERROR(VLOOKUP(E74&G74,품번정리!$D:$E,2,FALSE))=TRUE,E74&G74,VLOOKUP(E74&G74,품번정리!$D:$E,2,FALSE)) -> ELHERF5665MT | C74: =IF(ISERROR(VLOOKUP(MID(B74,1,5)&MID(B74,8,5),품번정리!$A:$B,2,FALSE))=TRUE,MID(B74,1,5)&MID(B74,8,5),VLOOKUP(MID(B74,1,5)&MID(B74,8,5),품번정리!$A:$B,2,FALSE)) -> ELHER665MT | D74: =MID(E74,6,2) -> F5 | E74: ELHERF5665 | F74: ELSERD3665MTFRE | G74: MT | I74: 15000 | J74: 59000 | K74: 15000 | L74: 87 | M74: 2014-10-10 | N74: 87 | O74: 5133000 | P74: 2014-10-10 | Q74: 89 | R74: -2 | S74: 5251000 | T74: 2014-10-11 | U74: 88 | V74: 1320000 | W74: 101.1 | X74: 25.7 | Y74: 98.9 | Z74: 25.1 | AB74: 1
A75: =IF(VLOOKUP(MID($B75,4,2),CODE!K:P,CODE!$O$1,FALSE)="",VLOOKUP(MID($B75,1,3),CODE!$B:$G,CODE!$D$1,FALSE),VLOOKUP(MID($B75,1,3),CODE!$B:$G,CODE!$D$1,FALSE)&"-"&VLOOKUP(MID($B75,4,2),CODE!K:P,CODE!$O$1,FALSE)) -> ELH | B75: =IF(ISERROR(VLOOKUP(E75&G75,품번정리!$D:$E,2,FALSE))=TRUE,E75&G75,VLOOKUP(E75&G75,품번정리!$D:$E,2,FALSE)) -> ELHERF5810PK | C75: =IF(ISERROR(VLOOKUP(MID(B75,1,5)&MID(B75,8,5),품번정리!$A:$B,2,FALSE))=TRUE,MID(B75,1,5)&MID(B75,8,5),VLOOKUP(MID(B75,1,5)&MID(B75,8,5),품번정리!$A:$B,2,FALSE)) -> ELHER810PK | D75: =MID(E75,6,2) -> F5 | E75: ELHERF5810 | F75: ELSERE5810PKFRE | G75: PK | I75: 8452 | J75: 55000 | K75: 15000 | L75: 62 | M75: 2014-10-10 | N75: 62 | O75: 3410000 | P75: 2014-10-16 | Q75: 63 | R75: -1 | S75: 3465000 | T75: 2014-10-22 | U75: 63 | V75: 1832000 | W75: 101.6 | X75: 53.7 | Y75: 100 | Z75: 52.9
A76: =IF(VLOOKUP(MID($B76,4,2),CODE!K:P,CODE!$O$1,FALSE)="",VLOOKUP(MID($B76,1,3),CODE!$B:$G,CODE!$D$1,FALSE),VLOOKUP(MID($B76,1,3),CODE!$B:$G,CODE!$D$1,FALSE)&"-"&VLOOKUP(MID($B76,4,2),CODE!K:P,CODE!$O$1,FALSE)) -> ELH | B76: =IF(ISERROR(VLOOKUP(E76&G76,품번정리!$D:$E,2,FALSE))=TRUE,E76&G76,VLOOKUP(E76&G76,품번정리!$D:$E,2,FALSE)) -> ELHERF5810YE | C76: =IF(ISERROR(VLOOKUP(MID(B76,1,5)&MID(B76,8,5),품번정리!$A:$B,2,FALSE))=TRUE,MID(B76,1,5)&MID(B76,8,5),VLOOKUP(MID(B76,1,5)&MID(B76,8,5),품번정리!$A:$B,2,FALSE)) -> ELHER810YE | D76: =MID(E76,6,2) -> F5 | E76: ELHERF5810 | F76: ELSERE5810PKFRE | G76: YE | I76: 8452 | J76: 55000 | K76: 15000 | L76: 378 | M76: 2014-10-10 | N76: 358 | O76: 19690000 | P76: 2014-10-16 | Q76: 366 | R76: -10 | S76: 20130000 | T76: 2014-10-23 | U76: 366 | V76: 9938000 | W76: 102.2 | X76: 50.5 | Y76: 100 | Z76: 49.4 | AA76: 2
A77: =IF(VLOOKUP(MID($B77,4,2),CODE!K:P,CODE!$O$1,FALSE)="",VLOOKUP(MID($B77,1,3),CODE!$B:$G,CODE!$D$1,FALSE),VLOOKUP(MID($B77,1,3),CODE!$B:$G,CODE!$D$1,FALSE)&"-"&VLOOKUP(MID($B77,4,2),CODE!K:P,CODE!$O$1,FALSE)) -> ELH | B77: =IF(ISERROR(VLOOKUP(E77&G77,품번정리!$D:$E,2,FALSE))=TRUE,E77&G77,VLOOKUP(E77&G77,품번정리!$D:$E,2,FALSE)) -> ELHERF5816BL | C77: =IF(ISERROR(VLOOKUP(MID(B77,1,5)&MID(B77,8,5),품번정리!$A:$B,2,FALSE))=TRUE,MID(B77,1,5)&MID(B77,8,5),VLOOKUP(MID(B77,1,5)&MID(B77,8,5),품번정리!$A:$B,2,FALSE)) -> ELHER816BL | D77: =MID(E77,6,2) -> F5 | E77: ELHERF5816 | F77: ELSERE5816BLFRE | G77: BL | I77: 15000 | J77: 65000 | K77: 15000 | L77: 666 | M77: 2014-10-10 | N77: 645 | O77: 41925000 | P77: 2014-10-14 | Q77: 537 | R77: -9 | S77: 34905000 | T77: 2014-10-25 | U77: 423 | V77: 7929500 | W77: 65.6 | X77: 18.9 | Y77: 78.8 | Z77: 22.7 | AA77: 117 | AB77: 114
A78: =IF(VLOOKUP(MID($B78,4,2),CODE!K:P,CODE!$O$1,FALSE)="",VLOOKUP(MID($B78,1,3),CODE!$B:$G,CODE!$D$1,FALSE),VLOOKUP(MID($B78,1,3),CODE!$B:$G,CODE!$D$1,FALSE)&"-"&VLOOKUP(MID($B78,4,2),CODE!K:P,CODE!$O$1,FALSE)) -> ELH | B78: =IF(ISERROR(VLOOKUP(E78&G78,품번정리!$D:$E,2,FALSE))=TRUE,E78&G78,VLOOKUP(E78&G78,품번정리!$D:$E,2,FALSE)) -> ELHERF5832GY | C78: =IF(ISERROR(VLOOKUP(MID(B78,1,5)&MID(B78,8,5),품번정리!$A:$B,2,FALSE))=TRUE,MID(B78,1,5)&MID(B78,8,5),VLOOKUP(MID(B78,1,5)&MID(B78,8,5),품번정리!$A:$B,2,FALSE)) -> ELHER832GY | D78: =MID(E78,6,2) -> F5 | E78: ELHERF5832 | F78: ELSERE5832GYFRE | G78: GY | I78: 10813 | J78: 65000 | K78: 15000 | L78: 56 | M78: 2014-10-10 | N78: 56 | O78: 3640000 | P78: 2014-10-14 | Q78: 56 | S78: 3640000 | T78: 2014-10-24 | U78: 56 | V78: 1690000 | W78: 100 | X78: 46.4 | Y78: 100 | Z78: 46.4
A79: =IF(VLOOKUP(MID($B79,4,2),CODE!K:P,CODE!$O$1,FALSE)="",VLOOKUP(MID($B79,1,3),CODE!$B:$G,CODE!$D$1,FALSE),VLOOKUP(MID($B79,1,3),CODE!$B:$G,CODE!$D$1,FALSE)&"-"&VLOOKUP(MID($B79,4,2),CODE!K:P,CODE!$O$1,FALSE)) -> ELH | B79: =IF(ISERROR(VLOOKUP(E79&G79,품번정리!$D:$E,2,FALSE))=TRUE,E79&G79,VLOOKUP(E79&G79,품번정리!$D:$E,2,FALSE)) -> ELHERF5833NY | C79: =IF(ISERROR(VLOOKUP(MID(B79,1,5)&MID(B79,8,5),품번정리!$A:$B,2,FALSE))=TRUE,MID(B79,1,5)&MID(B79,8,5),VLOOKUP(MID(B79,1,5)&MID(B79,8,5),품번정리!$A:$B,2,FALSE)) -> ELHER833NY | D79: =MID(E79,6,2) -> F5 | E79: ELHERF5833 | F79: ELSERE5833NYFRE | G79: NY | I79: 9828 | J79: 55000 | K79: 15000 | L79: 314 | M79: 2014-10-10 | N79: 294 | O79: 16170000 | P79: 2014-10-14 | Q79: 296 | R79: -2 | S79: 16280000 | T79: 2014-10-18 | U79: 296 | V79: 8497000 | W79: 100.7 | X79: 52.5 | Y79: 100 | Z79: 52.2
A80: =IF(VLOOKUP(MID($B80,4,2),CODE!K:P,CODE!$O$1,FALSE)="",VLOOKUP(MID($B80,1,3),CODE!$B:$G,CODE!$D$1,FALSE),VLOOKUP(MID($B80,1,3),CODE!$B:$G,CODE!$D$1,FALSE)&"-"&VLOOKUP(MID($B80,4,2),CODE!K:P,CODE!$O$1,FALSE)) -> ELH | B80: =IF(ISERROR(VLOOKUP(E80&G80,품번정리!$D:$E,2,FALSE))=TRUE,E80&G80,VLOOKUP(E80&G80,품번정리!$D:$E,2,FALSE)) -> ELHERF5834YE | C80: =IF(ISERROR(VLOOKUP(MID(B80,1,5)&MID(B80,8,5),품번정리!$A:$B,2,FALSE))=TRUE,MID(B80,1,5)&MID(B80,8,5),VLOOKUP(MID(B80,1,5)&MID(B80,8,5),품번정리!$A:$B,2,FALSE)) -> ELHER834YE | D80: =MID(E80,6,2) -> F5 | E80: ELHERF5834 | F80: ELSERE5834YEFRE | G80: YE | I80: 10028 | J80: 55000 | K80: 15000 | L80: 179 | M80: 2014-10-10 | N80: 179 | O80: 9845000 | P80: 2014-10-14 | Q80: 178 | S80: 9790000 | T80: 2014-10-20 | U80: 177 | V80: 4920000 | W80: 98.9 | X80: 50 | Y80: 99.4 | Z80: 50.3 | AA80: 1 | AB80: 1
A81: =IF(VLOOKUP(MID($B81,4,2),CODE!K:P,CODE!$O$1,FALSE)="",VLOOKUP(MID($B81,1,3),CODE!$B:$G,CODE!$D$1,FALSE),VLOOKUP(MID($B81,1,3),CODE!$B:$G,CODE!$D$1,FALSE)&"-"&VLOOKUP(MID($B81,4,2),CODE!K:P,CODE!$O$1,FALSE)) -> ELH | B81: =IF(ISERROR(VLOOKUP(E81&G81,품번정리!$D:$E,2,FALSE))=TRUE,E81&G81,VLOOKUP(E81&G81,품번정리!$D:$E,2,FALSE)) -> ELHFAF3818BL | C81: =IF(ISERROR(VLOOKUP(MID(B81,1,5)&MID(B81,8,5),품번정리!$A:$B,2,FALSE))=TRUE,MID(B81,1,5)&MID(B81,8,5),VLOOKUP(MID(B81,1,5)&MID(B81,8,5),품번정리!$A:$B,2,FALSE)) -> ELHFA818BL | D81: =MID(E81,6,2) -> F3 | E81: ELHFAF3818 | F81: ELSFAE3818BLFRE | G81: BL | I81: 9749 | J81: 59000 | K81: 15000 | L81: 271 | M81: 2014-08-11 | N81: 100 | O81: 5900000 | P81: 2014-08-19 | Q81: 91 | S81: 5369000 | T81: 2014-08-22 | U81: 57 | V81: 1275000 | W81: 57 | X81: 21.6 | Y81: 62.6 | Z81: 23.7 | AA81: 9 | AB81: 34
A82: =IF(VLOOKUP(MID($B82,4,2),CODE!K:P,CODE!$O$1,FALSE)="",VLOOKUP(MID($B82,1,3),CODE!$B:$G,CODE!$D$1,FALSE),VLOOKUP(MID($B82,1,3),CODE!$B:$G,CODE!$D$1,FALSE)&"-"&VLOOKUP(MID($B82,4,2),CODE!K:P,CODE!$O$1,FALSE)) -> ELH | B82: =IF(ISERROR(VLOOKUP(E82&G82,품번정리!$D:$E,2,FALSE))=TRUE,E82&G82,VLOOKUP(E82&G82,품번정리!$D:$E,2,FALSE)) -> ELHFIF3620BK | C82: =IF(ISERROR(VLOOKUP(MID(B82,1,5)&MID(B82,8,5),품번정리!$A:$B,2,FALSE))=TRUE,MID(B82,1,5)&MID(B82,8,5),VLOOKUP(MID(B82,1,5)&MID(B82,8,5),품번정리!$A:$B,2,FALSE)) -> ELHFI620BK | D82: =MID(E82,6,2) -> F3 | E82: ELHFIF3620 | F82: ELSFIF0620BKOSM | G82: BK | I82: 4730 | J82: 43000 | K82: 25000 | L82: 20 | M82: 2014-08-11 | N82: 20 | O82: 860000 | P82: 2014-08-18 | Q82: 10 | R82: 2 | S82: 430000 | T82: 2014-09-16 | U82: 10 | V82: 430000 | W82: 50 | X82: 50 | Y82: 100 | Z82: 100 | AA82: 8
A83: =IF(VLOOKUP(MID($B83,4,2),CODE!K:P,CODE!$O$1,FALSE)="",VLOOKUP(MID($B83,1,3),CODE!$B:$G,CODE!$D$1,FALSE),VLOOKUP(MID($B83,1,3),CODE!$B:$G,CODE!$D$1,FALSE)&"-"&VLOOKUP(MID($B83,4,2),CODE!K:P,CODE!$O$1,FALSE)) -> ELH | B83: =IF(ISERROR(VLOOKUP(E83&G83,품번정리!$D:$E,2,FALSE))=TRUE,E83&G83,VLOOKUP(E83&G83,품번정리!$D:$E,2,FALSE)) -> ELHFIF3620RE | C83: =IF(ISERROR(VLOOKUP(MID(B83,1,5)&MID(B83,8,5),품번정리!$A:$B,2,FALSE))=TRUE,MID(B83,1,5)&MID(B83,8,5),VLOOKUP(MID(B83,1,5)&MID(B83,8,5),품번정리!$A:$B,2,FALSE)) -> ELHFI620RE | D83: =MID(E83,6,2) -> F3 | E83: ELHFIF3620 | F83: ELSFIF0620BKOSM | G83: RE | I83: 4730 | J83: 43000 | K83: 25000 | L83: 80 | M83: 2014-08-11 | N83: 80 | O83: 3440000 | P83: 2014-08-18 | Q83: 73 | R83: 3 | S83: 3139000 | T83: 2014-08-24 | U83: 73 | V83: 3048500 | W83: 91.3 | X83: 88.6 | Y83: 100 | Z83: 97.1 | AA83: 4
A84: =IF(VLOOKUP(MID($B84,4,2),CODE!K:P,CODE!$O$1,FALSE)="",VLOOKUP(MID($B84,1,3),CODE!$B:$G,CODE!$D$1,FALSE),VLOOKUP(MID($B84,1,3),CODE!$B:$G,CODE!$D$1,FALSE)&"-"&VLOOKUP(MID($B84,4,2),CODE!K:P,CODE!$O$1,FALSE)) -> ELH | B84: =IF(ISERROR(VLOOKUP(E84&G84,품번정리!$D:$E,2,FALSE))=TRUE,E84&G84,VLOOKUP(E84&G84,품번정리!$D:$E,2,FALSE)) -> ELHFIF3620YE | C84: =IF(ISERROR(VLOOKUP(MID(B84,1,5)&MID(B84,8,5),품번정리!$A:$B,2,FALSE))=TRUE,MID(B84,1,5)&MID(B84,8,5),VLOOKUP(MID(B84,1,5)&MID(B84,8,5),품번정리!$A:$B,2,FALSE)) -> ELHFI620YE | D84: =MID(E84,6,2) -> F3 | E84: ELHFIF3620 | F84: ELSFIF0620BKOSM | G84: YE | I84: 4730 | J84: 43000 | K84: 25000 | L84: 20 | M84: 2014-08-11 | N84: 20 | O84: 860000 | P84: 2014-08-18 | Q84: 21 | R84: -1 | S84: 903000 | T84: 2014-09-07 | U84: 21 | V84: 794500 | W84: 105 | X84: 92.4 | Y84: 100 | Z84: 88
A85: =IF(VLOOKUP(MID($B85,4,2),CODE!K:P,CODE!$O$1,FALSE)="",VLOOKUP(MID($B85,1,3),CODE!$B:$G,CODE!$D$1,FALSE),VLOOKUP(MID($B85,1,3),CODE!$B:$G,CODE!$D$1,FALSE)&"-"&VLOOKUP(MID($B85,4,2),CODE!K:P,CODE!$O$1,FALSE)) -> ELH | B85: =IF(ISERROR(VLOOKUP(E85&G85,품번정리!$D:$E,2,FALSE))=TRUE,E85&G85,VLOOKUP(E85&G85,품번정리!$D:$E,2,FALSE)) -> ELHFIF3640GR | C85: =IF(ISERROR(VLOOKUP(MID(B85,1,5)&MID(B85,8,5),품번정리!$A:$B,2,FALSE))=TRUE,MID(B85,1,5)&MID(B85,8,5),VLOOKUP(MID(B85,1,5)&MID(B85,8,5),품번정리!$A:$B,2,FALSE)) -> ELHFI640GR | D85: =MID(E85,6,2) -> F3 | E85: ELHFIF3640 | F85: ELSFID3640GRFRE | G85: GR | I85: 6020 | J85: 43000 | K85: 25000 | L85: 718 | M85: 2014-08-11 | N85: 500 | O85: 21500000 | P85: 2014-08-19 | Q85: 356 | S85: 15308000 | T85: 2014-08-21 | U85: 206 | V85: 5014107 | W85: 41.2 | X85: 23.3 | Y85: 57.9 | Z85: 32.8 | AA85: 144 | AB85: 150
A86: =IF(VLOOKUP(MID($B86,4,2),CODE!K:P,CODE!$O$1,FALSE)="",VLOOKUP(MID($B86,1,3),CODE!$B:$G,CODE!$D$1,FALSE),VLOOKUP(MID($B86,1,3),CODE!$B:$G,CODE!$D$1,FALSE)&"-"&VLOOKUP(MID($B86,4,2),CODE!K:P,CODE!$O$1,FALSE)) -> ELH | B86: =IF(ISERROR(VLOOKUP(E86&G86,품번정리!$D:$E,2,FALSE))=TRUE,E86&G86,VLOOKUP(E86&G86,품번정리!$D:$E,2,FALSE)) -> ELHFIF3642BL | C86: =IF(ISERROR(VLOOKUP(MID(B86,1,5)&MID(B86,8,5),품번정리!$A:$B,2,FALSE))=TRUE,MID(B86,1,5)&MID(B86,8,5),VLOOKUP(MID(B86,1,5)&MID(B86,8,5),품번정리!$A:$B,2,FALSE)) -> ELHFI642BL | D86: =MID(E86,6,2) -> F3 | E86: ELHFIF3642 | F86: ELSFIF0642BLOSM | G86: BL | I86: 6923 | J86: 43000 | K86: 25000 | L86: 884 | M86: 2014-08-11 | N86: 300 | O86: 12900000 | P86: 2014-08-14 | Q86: 256 | R86: 1 | S86: 11008000 | T86: 2014-08-20 | U86: 186 | V86: 4149600 | W86: 62 | X86: 32.2 | Y86: 72.7 | Z86: 37.7 | AA86: 43 | AB86: 70
A87: =IF(VLOOKUP(MID($B87,4,2),CODE!K:P,CODE!$O$1,FALSE)="",VLOOKUP(MID($B87,1,3),CODE!$B:$G,CODE!$D$1,FALSE),VLOOKUP(MID($B87,1,3),CODE!$B:$G,CODE!$D$1,FALSE)&"-"&VLOOKUP(MID($B87,4,2),CODE!K:P,CODE!$O$1,FALSE)) -> ELH | B87: =IF(ISERROR(VLOOKUP(E87&G87,품번정리!$D:$E,2,FALSE))=TRUE,E87&G87,VLOOKUP(E87&G87,품번정리!$D:$E,2,FALSE)) -> ELHFIF3643PK | C87: =IF(ISERROR(VLOOKUP(MID(B87,1,5)&MID(B87,8,5),품번정리!$A:$B,2,FALSE))=TRUE,MID(B87,1,5)&MID(B87,8,5),VLOOKUP(MID(B87,1,5)&MID(B87,8,5),품번정리!$A:$B,2,FALSE)) -> ELHFI643PK | D87: =MID(E87,6,2) -> F3 | E87: ELHFIF3643 | F87: ELSFIF0643PKOSM | G87: PK | I87: 6019 | J87: 43000 | K87: 25000 | L87: 80 | M87: 2014-08-11 | N87: 80 | O87: 3440000 | P87: 2014-08-18 | Q87: 48 | R87: -1 | S87: 2064000 | T87: 2014-08-28 | U87: 48 | V87: 1937500 | W87: 60 | X87: 56.3 | Y87: 100 | Z87: 93.9 | AA87: 33
A88: =IF(VLOOKUP(MID($B88,4,2),CODE!K:P,CODE!$O$1,FALSE)="",VLOOKUP(MID($B88,1,3),CODE!$B:$G,CODE!$D$1,FALSE),VLOOKUP(MID($B88,1,3),CODE!$B:$G,CODE!$D$1,FALSE)&"-"&VLOOKUP(MID($B88,4,2),CODE!K:P,CODE!$O$1,FALSE)) -> ELH | B88: =IF(ISERROR(VLOOKUP(E88&G88,품번정리!$D:$E,2,FALSE))=TRUE,E88&G88,VLOOKUP(E88&G88,품번정리!$D:$E,2,FALSE)) -> ELHFIF3661BK | C88: =IF(ISERROR(VLOOKUP(MID(B88,1,5)&MID(B88,8,5),품번정리!$A:$B,2,FALSE))=TRUE,MID(B88,1,5)&MID(B88,8,5),VLOOKUP(MID(B88,1,5)&MID(B88,8,5),품번정리!$A:$B,2,FALSE)) -> ELHFI661BK | D88: =MID(E88,6,2) -> F3 | E88: ELHFIF3661 | F88: ELSFIE3661BKFRE | G88: BK | I88: 5008 | J88: 43000 | K88: 43000 | L88: 100 | M88: 2014-09-02 | N88: 100 | O88: 4300000 | P88: 2014-09-04 | Q88: 99 | R88: 1 | S88: 4257000 | T88: 2014-09-05 | U88: 83 | V88: 3569000 | W88: 83 | X88: 83 | Y88: 83.8 | Z88: 83.8 | AB88: 16
A89: =IF(VLOOKUP(MID($B89,4,2),CODE!K:P,CODE!$O$1,FALSE)="",VLOOKUP(MID($B89,1,3),CODE!$B:$G,CODE!$D$1,FALSE),VLOOKUP(MID($B89,1,3),CODE!$B:$G,CODE!$D$1,FALSE)&"-"&VLOOKUP(MID($B89,4,2),CODE!K:P,CODE!$O$1,FALSE)) -> ELH | B89: =IF(ISERROR(VLOOKUP(E89&G89,품번정리!$D:$E,2,FALSE))=TRUE,E89&G89,VLOOKUP(E89&G89,품번정리!$D:$E,2,FALSE)) -> ELHFIF3710GY | C89: =IF(ISERROR(VLOOKUP(MID(B89,1,5)&MID(B89,8,5),품번정리!$A:$B,2,FALSE))=TRUE,MID(B89,1,5)&MID(B89,8,5),VLOOKUP(MID(B89,1,5)&MID(B89,8,5),품번정리!$A:$B,2,FALSE)) -> ELHFI710GY | D89: =MID(E89,6,2) -> F3 | E89: ELHFIF3710 | F89: ELSFIF0710GYOSM | G89: GY | I89: 6549 | J89: 43000 | K89: 25000 | L89: 120 | M89: 2014-08-11 | N89: 120 | O89: 5160000 | P89: 2014-08-18 | Q89: 94 | R89: 1 | S89: 4042000 | T89: 2014-08-20 | U89: 94 | V89: 3893500 | W89: 78.3 | X89: 75.5 | Y89: 100 | Z89: 96.3 | AA89: 25
A90: =IF(VLOOKUP(MID($B90,4,2),CODE!K:P,CODE!$O$1,FALSE)="",VLOOKUP(MID($B90,1,3),CODE!$B:$G,CODE!$D$1,FALSE),VLOOKUP(MID($B90,1,3),CODE!$B:$G,CODE!$D$1,FALSE)&"-"&VLOOKUP(MID($B90,4,2),CODE!K:P,CODE!$O$1,FALSE)) -> ELH | B90: =IF(ISERROR(VLOOKUP(E90&G90,품번정리!$D:$E,2,FALSE))=TRUE,E90&G90,VLOOKUP(E90&G90,품번정리!$D:$E,2,FALSE)) -> ELHFIF3712BL | C90: =IF(ISERROR(VLOOKUP(MID(B90,1,5)&MID(B90,8,5),품번정리!$A:$B,2,FALSE))=TRUE,MID(B90,1,5)&MID(B90,8,5),VLOOKUP(MID(B90,1,5)&MID(B90,8,5),품번정리!$A:$B,2,FALSE)) -> ELHFI712BL | D90: =MID(E90,6,2) -> F3 | E90: ELHFIF3712 | F90: ELSFIE3712BLFRE | G90: BL | I90: 6625 | J90: 49000 | K90: 15000 | L90: 594 | M90: 2014-08-11 | N90: 300 | O90: 14700000 | P90: 2014-08-14 | Q90: 289 | S90: 14161000 | T90: 2014-08-16 | U90: 252 | V90: 5391000 | W90: 84 | X90: 36.7 | Y90: 87.2 | Z90: 38.1 | AA90: 11 | AB90: 37
A91: =IF(VLOOKUP(MID($B91,4,2),CODE!K:P,CODE!$O$1,FALSE)="",VLOOKUP(MID($B91,1,3),CODE!$B:$G,CODE!$D$1,FALSE),VLOOKUP(MID($B91,1,3),CODE!$B:$G,CODE!$D$1,FALSE)&"-"&VLOOKUP(MID($B91,4,2),CODE!K:P,CODE!$O$1,FALSE)) -> ELH | B91: =IF(ISERROR(VLOOKUP(E91&G91,품번정리!$D:$E,2,FALSE))=TRUE,E91&G91,VLOOKUP(E91&G91,품번정리!$D:$E,2,FALSE)) -> ELHFIF3714GR | C91: =IF(ISERROR(VLOOKUP(MID(B91,1,5)&MID(B91,8,5),품번정리!$A:$B,2,FALSE))=TRUE,MID(B91,1,5)&MID(B91,8,5),VLOOKUP(MID(B91,1,5)&MID(B91,8,5),품번정리!$A:$B,2,FALSE)) -> ELHFI714GR | D91: =MID(E91,6,2) -> F3 | E91: ELHFIF3714 | F91: ELSFIE3714GRFRE | G91: GR | I91: 6094 | J91: 43000 | K91: 15000 | L91: 2275 | M91: 2014-08-11 | N91: 500 | O91: 21500000 | P91: 2014-08-14 | Q91: 500 | R91: -1 | S91: 21500000 | T91: 2014-08-16 | U91: 500 | V91: 11442500 | W91: 100 | X91: 53.2 | Y91: 100 | Z91: 53.2 | AA91: 1
A92: =IF(VLOOKUP(MID($B92,4,2),CODE!K:P,CODE!$O$1,FALSE)="",VLOOKUP(MID($B92,1,3),CODE!$B:$G,CODE!$D$1,FALSE),VLOOKUP(MID($B92,1,3),CODE!$B:$G,CODE!$D$1,FALSE)&"-"&VLOOKUP(MID($B92,4,2),CODE!K:P,CODE!$O$1,FALSE)) -> ELH | B92: =IF(ISERROR(VLOOKUP(E92&G92,품번정리!$D:$E,2,FALSE))=TRUE,E92&G92,VLOOKUP(E92&G92,품번정리!$D:$E,2,FALSE)) -> ELHFIF3720GY | C92: =IF(ISERROR(VLOOKUP(MID(B92,1,5)&MID(B92,8,5),품번정리!$A:$B,2,FALSE))=TRUE,MID(B92,1,5)&MID(B92,8,5),VLOOKUP(MID(B92,1,5)&MID(B92,8,5),품번정리!$A:$B,2,FALSE)) -> ELHFI720GY | D92: =MID(E92,6,2) -> F3 | E92: ELHFIF3720 | F92: ELSFIF0720GYOSM | G92: GY | I92: 7806 | J92: 55000 | K92: 25000 | L92: 1199 | M92: 2014-08-11 | N92: 300 | O92: 16500000 | P92: 2014-08-14 | Q92: 300 | S92: 16500000 | T92: 2014-08-16 | U92: 296 | V92: 7187500 | W92: 98.7 | X92: 43.6 | Y92: 98.7 | Z92: 43.6 | AB92: 4
A93: =IF(VLOOKUP(MID($B93,4,2),CODE!K:P,CODE!$O$1,FALSE)="",VLOOKUP(MID($B93,1,3),CODE!$B:$G,CODE!$D$1,FALSE),VLOOKUP(MID($B93,1,3),CODE!$B:$G,CODE!$D$1,FALSE)&"-"&VLOOKUP(MID($B93,4,2),CODE!K:P,CODE!$O$1,FALSE)) -> ELH | B93: =IF(ISERROR(VLOOKUP(E93&G93,품번정리!$D:$E,2,FALSE))=TRUE,E93&G93,VLOOKUP(E93&G93,품번정리!$D:$E,2,FALSE)) -> ELHFIF3720PK | C93: =IF(ISERROR(VLOOKUP(MID(B93,1,5)&MID(B93,8,5),품번정리!$A:$B,2,FALSE))=TRUE,MID(B93,1,5)&MID(B93,8,5),VLOOKUP(MID(B93,1,5)&MID(B93,8,5),품번정리!$A:$B,2,FALSE)) -> ELHFI720PK | D93: =MID(E93,6,2) -> F3 | E93: ELHFIF3720 | F93: ELSFIF0720GYOSM | G93: PK | I93: 7806 | J93: 55000 | K93: 25000 | L93: 1034 | M93: 2014-08-11 | N93: 300 | O93: 16500000 | P93: 2014-08-14 | Q93: 295 | R93: 5 | S93: 16225000 | T93: 2014-08-15 | U93: 291 | V93: 7102500 | W93: 97 | X93: 43 | Y93: 98.6 | Z93: 43.8 | AB93: 4
A94: =IF(VLOOKUP(MID($B94,4,2),CODE!K:P,CODE!$O$1,FALSE)="",VLOOKUP(MID($B94,1,3),CODE!$B:$G,CODE!$D$1,FALSE),VLOOKUP(MID($B94,1,3),CODE!$B:$G,CODE!$D$1,FALSE)&"-"&VLOOKUP(MID($B94,4,2),CODE!K:P,CODE!$O$1,FALSE)) -> ELH | B94: =IF(ISERROR(VLOOKUP(E94&G94,품번정리!$D:$E,2,FALSE))=TRUE,E94&G94,VLOOKUP(E94&G94,품번정리!$D:$E,2,FALSE)) -> ELHFIF3721MT | C94: =IF(ISERROR(VLOOKUP(MID(B94,1,5)&MID(B94,8,5),품번정리!$A:$B,2,FALSE))=TRUE,MID(B94,1,5)&MID(B94,8,5),VLOOKUP(MID(B94,1,5)&MID(B94,8,5),품번정리!$A:$B,2,FALSE)) -> ELHFI721MT | D94: =MID(E94,6,2) -> F3 | E94: ELHFIF3721 | F94: ELSFIE3721MTFRE | G94: MT | I94: 12500 | J94: 55000 | K94: 15000 | L94: 778 | M94: 2014-08-11 | N94: 500 | O94: 27500000 | P94: 2014-08-14 | Q94: 487 | S94: 26785000 | T94: 2014-08-15 | U94: 396 | V94: 7121418 | W94: 79.2 | X94: 25.9 | Y94: 81.3 | Z94: 26.6 | AA94: 13 | AB94: 91
A95: =IF(VLOOKUP(MID($B95,4,2),CODE!K:P,CODE!$O$1,FALSE)="",VLOOKUP(MID($B95,1,3),CODE!$B:$G,CODE!$D$1,FALSE),VLOOKUP(MID($B95,1,3),CODE!$B:$G,CODE!$D$1,FALSE)&"-"&VLOOKUP(MID($B95,4,2),CODE!K:P,CODE!$O$1,FALSE)) -> ELH | B95: =IF(ISERROR(VLOOKUP(E95&G95,품번정리!$D:$E,2,FALSE))=TRUE,E95&G95,VLOOKUP(E95&G95,품번정리!$D:$E,2,FALSE)) -> ELHFIF3721OR | C95: =IF(ISERROR(VLOOKUP(MID(B95,1,5)&MID(B95,8,5),품번정리!$A:$B,2,FALSE))=TRUE,MID(B95,1,5)&MID(B95,8,5),VLOOKUP(MID(B95,1,5)&MID(B95,8,5),품번정리!$A:$B,2,FALSE)) -> ELHFI721OR | D95: =MID(E95,6,2) -> F3 | E95: ELHFIF3721 | F95: ELSFIE3721MTFRE | G95: OR | I95: 12500 | J95: 55000 | K95: 15000 | L95: 657 | M95: 2014-08-11 | N95: 500 | O95: 27500000 | P95: 2014-08-14 | Q95: 465 | R95: -2 | S95: 25575000 | T95: 2014-08-18 | U95: 426 | V95: 7744955 | W95: 85.2 | X95: 28.2 | Y95: 91.6 | Z95: 30.3 | AA95: 37 | AB95: 39 | AC95: 10 | AD95: 9 | AE95: 135000 | AF95: 1.8
A96: =IF(VLOOKUP(MID($B96,4,2),CODE!K:P,CODE!$O$1,FALSE)="",VLOOKUP(MID($B96,1,3),CODE!$B:$G,CODE!$D$1,FALSE),VLOOKUP(MID($B96,1,3),CODE!$B:$G,CODE!$D$1,FALSE)&"-"&VLOOKUP(MID($B96,4,2),CODE!K:P,CODE!$O$1,FALSE)) -> ELH | B96: =IF(ISERROR(VLOOKUP(E96&G96,품번정리!$D:$E,2,FALSE))=TRUE,E96&G96,VLOOKUP(E96&G96,품번정리!$D:$E,2,FALSE)) -> ELHFIF3726BL | C96: =IF(ISERROR(VLOOKUP(MID(B96,1,5)&MID(B96,8,5),품번정리!$A:$B,2,FALSE))=TRUE,MID(B96,1,5)&MID(B96,8,5),VLOOKUP(MID(B96,1,5)&MID(B96,8,5),품번정리!$A:$B,2,FALSE)) -> ELHFI726BL | D96: =MID(E96,6,2) -> F3 | E96: ELHFIF3726 | F96: ELSFIF0726OROSM | G96: BL | I96: 13000 | J96: 55000 | K96: 25000 | L96: 848 | M96: 2014-08-11 | N96: 500 | O96: 27500000 | P96: 2014-08-14 | Q96: 417 | R96: 2 | S96: 22935000 | T96: 2014-08-20 | U96: 308 | V96: 7257370 | W96: 61.6 | X96: 26.4 | Y96: 73.9 | Z96: 31.6 | AA96: 81 | AB96: 109
A97: =IF(VLOOKUP(MID($B97,4,2),CODE!K:P,CODE!$O$1,FALSE)="",VLOOKUP(MID($B97,1,3),CODE!$B:$G,CODE!$D$1,FALSE),VLOOKUP(MID($B97,1,3),CODE!$B:$G,CODE!$D$1,FALSE)&"-"&VLOOKUP(MID($B97,4,2),CODE!K:P,CODE!$O$1,FALSE)) -> ELH | B97: =IF(ISERROR(VLOOKUP(E97&G97,품번정리!$D:$E,2,FALSE))=TRUE,E97&G97,VLOOKUP(E97&G97,품번정리!$D:$E,2,FALSE)) -> ELHFIF3726OR | C97: =IF(ISERROR(VLOOKUP(MID(B97,1,5)&MID(B97,8,5),품번정리!$A:$B,2,FALSE))=TRUE,MID(B97,1,5)&MID(B97,8,5),VLOOKUP(MID(B97,1,5)&MID(B97,8,5),품번정리!$A:$B,2,FALSE)) -> ELHFI726OR | D97: =MID(E97,6,2) -> F3 | E97: ELHFIF3726 | F97: ELSFIF0726OROSM | G97: OR | I97: 13000 | J97: 55000 | K97: 25000 | L97: 249
A98: =IF(VLOOKUP(MID($B98,4,2),CODE!K:P,CODE!$O$1,FALSE)="",VLOOKUP(MID($B98,1,3),CODE!$B:$G,CODE!$D$1,FALSE),VLOOKUP(MID($B98,1,3),CODE!$B:$G,CODE!$D$1,FALSE)&"-"&VLOOKUP(MID($B98,4,2),CODE!K:P,CODE!$O$1,FALSE)) -> ELH | B98: =IF(ISERROR(VLOOKUP(E98&G98,품번정리!$D:$E,2,FALSE))=TRUE,E98&G98,VLOOKUP(E98&G98,품번정리!$D:$E,2,FALSE)) -> ELHFIF3727OR | C98: =IF(ISERROR(VLOOKUP(MID(B98,1,5)&MID(B98,8,5),품번정리!$A:$B,2,FALSE))=TRUE,MID(B98,1,5)&MID(B98,8,5),VLOOKUP(MID(B98,1,5)&MID(B98,8,5),품번정리!$A:$B,2,FALSE)) -> ELHFI727OR | D98: =MID(E98,6,2) -> F3 | E98: ELHFIF3727 | F98: ELSFIE3727ORFRE | G98: OR | I98: 12000 | J98: 55000 | K98: 15000 | L98: 1317 | M98: 2014-08-11 | N98: 300 | O98: 16500000 | P98: 2014-08-14 | Q98: 297 | R98: 3 | S98: 16335000 | T98: 2014-08-15 | U98: 285 | V98: 6660000 | W98: 95 | X98: 40.4 | Y98: 96 | Z98: 40.8 | AB98: 12
A99: =IF(VLOOKUP(MID($B99,4,2),CODE!K:P,CODE!$O$1,FALSE)="",VLOOKUP(MID($B99,1,3),CODE!$B:$G,CODE!$D$1,FALSE),VLOOKUP(MID($B99,1,3),CODE!$B:$G,CODE!$D$1,FALSE)&"-"&VLOOKUP(MID($B99,4,2),CODE!K:P,CODE!$O$1,FALSE)) -> ELH | B99: =IF(ISERROR(VLOOKUP(E99&G99,품번정리!$D:$E,2,FALSE))=TRUE,E99&G99,VLOOKUP(E99&G99,품번정리!$D:$E,2,FALSE)) -> ELHFIF3826KH | C99: =IF(ISERROR(VLOOKUP(MID(B99,1,5)&MID(B99,8,5),품번정리!$A:$B,2,FALSE))=TRUE,MID(B99,1,5)&MID(B99,8,5),VLOOKUP(MID(B99,1,5)&MID(B99,8,5),품번정리!$A:$B,2,FALSE)) -> ELHFI826KH | D99: =MID(E99,6,2) -> F3 | E99: ELHFIF3826 | F99: ELSFIE3826KHFRE | G99: KH | I99: 6115 | J99: 43000 | K99: 15000 | L99: 1273 | M99: 2014-08-11 | N99: 500 | O99: 21500000 | P99: 2014-08-14 | Q99: 499 | R99: 1 | S99: 21457000 | T99: 2014-08-15 | U99: 498 | V99: 12032500 | W99: 99.6 | X99: 56 | Y99: 99.8 | Z99: 56.1 | AB99: 1
A100: =IF(VLOOKUP(MID($B100,4,2),CODE!K:P,CODE!$O$1,FALSE)="",VLOOKUP(MID($B100,1,3),CODE!$B:$G,CODE!$D$1,FALSE),VLOOKUP(MID($B100,1,3),CODE!$B:$G,CODE!$D$1,FALSE)&"-"&VLOOKUP(MID($B100,4,2),CODE!K:P,CODE!$O$1,FALSE)) -> ELH | B100: =IF(ISERROR(VLOOKUP(E100&G100,품번정리!$D:$E,2,FALSE))=TRUE,E100&G100,VLOOKUP(E100&G100,품번정리!$D:$E,2,FALSE)) -> ELHFIF3826RE | C100: =IF(ISERROR(VLOOKUP(MID(B100,1,5)&MID(B100,8,5),품번정리!$A:$B,2,FALSE))=TRUE,MID(B100,1,5)&MID(B100,8,5),VLOOKUP(MID(B100,1,5)&MID(B100,8,5),품번정리!$A:$B,2,FALSE)) -> ELHFI826RE | D100: =MID(E100,6,2) -> F3 | E100: ELHFIF3826 | F100: ELSFIE3826KHFRE | G100: RE | I100: 6115 | J100: 43000 | K100: 15000 | L100: 1492 | M100: 2014-08-11 | N100: 500 | O100: 21500000 | P100: 2014-08-14 | Q100: 500 | S100: 21500000 | T100: 2014-08-16 | U100: 498 | V100: 12210000 | W100: 99.6 | X100: 56.8 | Y100: 99.6 | Z100: 56.8 | AB100: 2
...

Sheet 입고예정DB
B1: 이월 판매 | C1: 러닝 판매 | D1: 판매/입고예정 | E1: 입고예정
A2: 14SS | B2: 13SS | C2: 14SS | D2: 14SS | E2: 14FW
A3: 14FW | B3: 13FW | C3: 14FW | D3: 14FW | E3: 15SS
A4: 기획현황/입고현황 내역 붙여넣기
A5: 품번색상 | B5: 러닝품번색상 | C5: 품번색상2 | D5: 차기입고일 | E5: 미입고
A6: =IF(D6=0,"",C6) | B6: =IF(ISERROR(VLOOKUP(MID(A6,1,5)&MID(A6,8,5),품번정리!$A:$B,2,FALSE))=TRUE,MID(A6,1,5)&MID(A6,8,5),VLOOKUP(MID(A6,1,5)&MID(A6,8,5),품번정리!$A:$B,2,FALSE)) | C6: URKTRG2609RE
A7: =IF(D7=0,"",C7) | B7: =IF(ISERROR(VLOOKUP(MID(A7,1,5)&MID(A7,8,5),품번정리!$A:$B,2,FALSE))=TRUE,MID(A7,1,5)&MID(A7,8,5),VLOOKUP(MID(A7,1,5)&MID(A7,8,5),품번정리!$A:$B,2,FALSE)) | C7: URKSNG0601GY
A8: =IF(D8=0,"",C8) | B8: =IF(ISERROR(VLOOKUP(MID(A8,1,5)&MID(A8,8,5),품번정리!$A:$B,2,FALSE))=TRUE,MID(A8,1,5)&MID(A8,8,5),VLOOKUP(MID(A8,1,5)&MID(A8,8,5),품번정리!$A:$B,2,FALSE)) | C8: URKSNG0602BK
A9: =IF(D9=0,"",C9) | B9: =IF(ISERROR(VLOOKUP(MID(A9,1,5)&MID(A9,8,5),품번정리!$A:$B,2,FALSE))=TRUE,MID(A9,1,5)&MID(A9,8,5),VLOOKUP(MID(A9,1,5)&MID(A9,8,5),품번정리!$A:$B,2,FALSE)) | C9: URKSNG0603WH
A10: =IF(D10=0,"",C10) | B10: =IF(ISERROR(VLOOKUP(MID(A10,1,5)&MID(A10,8,5),품번정리!$A:$B,2,FALSE))=TRUE,MID(A10,1,5)&MID(A10,8,5),VLOOKUP(MID(A10,1,5)&MID(A10,8,5),품번정리!$A:$B,2,FALSE)) | C10: URKSNG0615RE
A11: =IF(D11=0,"",C11) | B11: =IF(ISERROR(VLOOKUP(MID(A11,1,5)&MID(A11,8,5),품번정리!$A:$B,2,FALSE))=TRUE,MID(A11,1,5)&MID(A11,8,5),VLOOKUP(MID(A11,1,5)&MID(A11,8,5),품번정리!$A:$B,2,FALSE)) | C11: JOKBEG0607PK
A12: =IF(D12=0,"",C12) | B12: =IF(ISERROR(VLOOKUP(MID(A12,1,5)&MID(A12,8,5),품번정리!$A:$B,2,FALSE))=TRUE,MID(A12,1,5)&MID(A12,8,5),VLOOKUP(MID(A12,1,5)&MID(A12,8,5),품번정리!$A:$B,2,FALSE)) | C12: JOKBEG0608BL
A13: =IF(D13=0,"",C13) | B13: =IF(ISERROR(VLOOKUP(MID(A13,1,5)&MID(A13,8,5),품번정리!$A:$B,2,FALSE))=TRUE,MID(A13,1,5)&MID(A13,8,5),VLOOKUP(MID(A13,1,5)&MID(A13,8,5),품번정리!$A:$B,2,FALSE)) | C13: URKSNG0509BK
A14: =IF(D14=0,"",C14) | B14: =IF(ISERROR(VLOOKUP(MID(A14,1,5)&MID(A14,8,5),품번정리!$A:$B,2,FALSE))=TRUE,MID(A14,1,5)&MID(A14,8,5),VLOOKUP(MID(A14,1,5)&MID(A14,8,5),품번정리!$A:$B,2,FALSE)) | C14: SWKSNG0958PK
A15: =IF(D15=0,"",C15) | B15: =IF(ISERROR(VLOOKUP(MID(A15,1,5)&MID(A15,8,5),품번정리!$A:$B,2,FALSE))=TRUE,MID(A15,1,5)&MID(A15,8,5),VLOOKUP(MID(A15,1,5)&MID(A15,8,5),품번정리!$A:$B,2,FALSE)) | C15: SMHSNG0402BK
A16: =IF(D16=0,"",C16) | B16: =IF(ISERROR(VLOOKUP(MID(A16,1,5)&MID(A16,8,5),품번정리!$A:$B,2,FALSE))=TRUE,MID(A16,1,5)&MID(A16,8,5),VLOOKUP(MID(A16,1,5)&MID(A16,8,5),품번정리!$A:$B,2,FALSE)) | C16: SMHSNG0426BK
A17: =IF(D17=0,"",C17) | B17: =IF(ISERROR(VLOOKUP(MID(A17,1,5)&MID(A17,8,5),품번정리!$A:$B,2,FALSE))=TRUE,MID(A17,1,5)&MID(A17,8,5),VLOOKUP(MID(A17,1,5)&MID(A17,8,5),품번정리!$A:$B,2,FALSE)) | C17: URHSNG0009BK
... A273: =IF(D273=0,"",C273) | B273: =IF(ISERROR(VLOOKUP(MID(A273,1,5)&MID(A273,8,5),품번정리!$A:$B,2,FALSE))=TRUE,MID(A273,1,5)&MID(A273,8,5),VLOOKUP(MID(A273,1,5)&MID(A273,8,5),품번정리!$A:$B,2,FALSE)) | C273: HKKSNG0602PK
A274: =IF(D274=0,"",C274) | B274: =IF(ISERROR(VLOOKUP(MID(A274,1,5)&MID(A274,8,5),품번정리!$A:$B,2,FALSE))=TRUE,MID(A274,1,5)&MID(A274,8,5),VLOOKUP(MID(A274,1,5)&MID(A274,8,5),품번정리!$A:$B,2,FALSE))
A275: =IF(D275=0,"",C275) | B275: =IF(ISERROR(VLOOKUP(MID(A275,1,5)&MID(A275,8,5),품번정리!$A:$B,2,FALSE))=TRUE,MID(A275,1,5)&MID(A275,8,5),VLOOKUP(MID(A275,1,5)&MID(A275,8,5),품번정리!$A:$B,2,FALSE))
A276: =IF(D276=0,"",C276) | B276: =IF(ISERROR(VLOOKUP(MID(A276,1,5)&MID(A276,8,5),품번정리!$A:$B,2,FALSE))=TRUE,MID(A276,1,5)&MID(A276,8,5),VLOOKUP(MID(A276,1,5)&MID(A276,8,5),품번정리!$A:$B,2,FALSE))
A277: =IF(D277=0,"",C277) | B277: =IF(ISERROR(VLOOKUP(MID(A277,1,5)&MID(A277,8,5),품번정리!$A:$B,2,FALSE))=TRUE,MID(A277,1,5)&MID(A277,8,5),VLOOKUP(MID(A277,1,5)&MID(A277,8,5),품번정리!$A:$B,2,FALSE))
A278: =IF(D278=0,"",C278) | B278: =IF(ISERROR(VLOOKUP(MID(A278,1,5)&MID(A278,8,5),품번정리!$A:$B,2,FALSE))=TRUE,MID(A278,1,5)&MID(A278,8,5),VLOOKUP(MID(A278,1,5)&MID(A278,8,5),품번정리!$A:$B,2,FALSE))
A279: =IF(D279=0,"",C279) | B279: =IF(ISERROR(VLOOKUP(MID(A279,1,5)&MID(A279,8,5),품번정리!$A:$B,2,FALSE))=TRUE,MID(A279,1,5)&MID(A279,8,5),VLOOKUP(MID(A279,1,5)&MID(A279,8,5),품번정리!$A:$B,2,FALSE))
A280: =IF(D280=0,"",C280) | B280: =IF(ISERROR(VLOOKUP(MID(A280,1,5)&MID(A280,8,5),품번정리!$A:$B,2,FALSE))=TRUE,MID(A280,1,5)&MID(A280,8,5),VLOOKUP(MID(A280,1,5)&MID(A280,8,5),품번정리!$A:$B,2,FALSE))
A281: =IF(D281=0,"",C281) | B281: =IF(ISERROR(VLOOKUP(MID(A281,1,5)&MID(A281,8,5),품번정리!$A:$B,2,FALSE))=TRUE,MID(A281,1,5)&MID(A281,8,5),VLOOKUP(MID(A281,1,5)&MID(A281,8,5),품번정리!$A:$B,2,FALSE))
A282: =IF(D282=0,"",C282) | B282: =IF(ISERROR(VLOOKUP(MID(A282,1,5)&MID(A282,8,5),품번정리!$A:$B,2,FALSE))=TRUE,MID(A282,1,5)&MID(A282,8,5),VLOOKUP(MID(A282,1,5)&MID(A282,8,5),품번정리!$A:$B,2,FALSE))
A283: =IF(D283=0,"",C283) | B283: =IF(ISERROR(VLOOKUP(MID(A283,1,5)&MID(A283,8,5),품번정리!$A:$B,2,FALSE))=TRUE,MID(A283,1,5)&MID(A283,8,5),VLOOKUP(MID(A283,1,5)&MID(A283,8,5),품번정리!$A:$B,2,FALSE))
A284: =IF(D284=0,"",C284) | B284: =IF(ISERROR(VLOOKUP(MID(A284,1,5)&MID(A284,8,5),품번정리!$A:$B,2,FALSE))=TRUE,MID(A284,1,5)&MID(A284,8,5),VLOOKUP(MID(A284,1,5)&MID(A284,8,5),품번정리!$A:$B,2,FALSE))
A285: =IF(D285=0,"",C285) | B285: =IF(ISERROR(VLOOKUP(MID(A285,1,5)&MID(A285,8,5),품번정리!$A:$B,2,FALSE))=TRUE,MID(A285,1,5)&MID(A285,8,5),VLOOKUP(MID(A285,1,5)&MID(A285,8,5),품번정리!$A:$B,2,FALSE))
... A2143: =IF(D2143=0,"",C2143) | B2143: =IF(ISERROR(VLOOKUP(MID(A2143,1,5)&MID(A2143,8,5),품번정리!$A:$B,2,FALSE))=TRUE,MID(A2143,1,5)&MID(A2143,8,5),VLOOKUP(MID(A2143,1,5)&MID(A2143,8,5),품번정리!$A:$B,2,FALSE))

Sheet 발주DB
N1: 14FW HATS ON KIDS
A2: 러닝품번색상 | B2: 품번색상 | C2: 업체명 | D2: 발주일 | E2: 정렬=발주일내림 | G2: 러닝품번색상 | H2: 품번색상 | I2: 업체명 | J2: 발주일 | K2: 품번색상 | L2: 업체명 | M2: 발주일 | N2: 품번색상 | O2: 업체명 | P2: 발주일 | Q2: 오더차수 | R2: 차기입고일 | S2: 입고수량 | T2: 미입고수량 | V2: 러닝품번색상 | W2: 품번색상 | X2: 업체명 | Y2: 발주일 | Z2: 품번색상 | AA2: 업체명 | AB2: 발주일
G3: =IF(ISERROR(VLOOKUP(MID(H3,1,5)&MID(H3,8,5),품번정리!$A:$B,2,FALSE))=TRUE,MID(H3,1,5)&MID(H3,8,5),VLOOKUP(MID(H3,1,5)&MID(H3,8,5),품번정리!$A:$B,2,FALSE)) | H3: =IF($R3="","",K3) | I3: =IF($R3="","",L3) | J3: =IF($R3="","",M3) | K3: =IF(N3="",K2,N3) -> SMKFIF3634RE | L3: =IF(O3="",L2,O3) -> 성진 | M3: =IF(P3="",M2,P3) -> 41711 | N3: SMKFIF3634RE | O3: 성진 | P3: 41711 | Q3: R1 | S3: 250 | T3: 0 | V3: =IF(ISERROR(VLOOKUP(MID(W3,1,5)&MID(W3,8,5),품번정리!$A:$B,2,FALSE))=TRUE,MID(W3,1,5)&MID(W3,8,5),VLOOKUP(MID(W3,1,5)&MID(W3,8,5),품번정리!$A:$B,2,FALSE)) | W3: =IF($AG3="","",Z3) | X3: =IF($AG3="","",AA3) | Y3: =IF($AG3="","",AB3) | Z3: =IF(AC3="",Z2,AC3) -> 품번색상 | AA3: =IF(AD3="",AA2,AD3) -> 업체명 | AB3: =IF(AE3="",AB2,AE3) -> 발주일
G4: =IF(ISERROR(VLOOKUP(MID(H4,1,5)&MID(H4,8,5),품번정리!$A:$B,2,FALSE))=TRUE,MID(H4,1,5)&MID(H4,8,5),VLOOKUP(MID(H4,1,5)&MID(H4,8,5),품번정리!$A:$B,2,FALSE)) | H4: =IF($R4="","",K4) | I4: =IF($R4="","",L4) | J4: =IF($R4="","",M4) | K4: =IF(N4="",K3,N4) -> ELKTPF5821MT | L4: =IF(O4="",L3,O4) -> FOREMOST | M4: =IF(P4="",M3,P4) -> 41711 | N4: ELKTPF5821MT | O4: FOREMOST | P4: 41711 | Q4: R1 | S4: 250 | T4: 0 | V4: =IF(ISERROR(VLOOKUP(MID(W4,1,5)&MID(W4,8,5),품번정리!$A:$B,2,FALSE))=TRUE,MID(W4,1,5)&MID(W4,8,5),VLOOKUP(MID(W4,1,5)&MID(W4,8,5),품번정리!$A:$B,2,FALSE)) | W4: =IF($AG4="","",Z4) | X4: =IF($AG4="","",AA4) | Y4: =IF($AG4="","",AB4) | Z4: =IF(AC4="",Z3,AC4) -> 품번색상 | AA4: =IF(AD4="",AA3,AD4) -> 업체명 | AB4: =IF(AE4="",AB3,AE4) -> 발주일
G5: =IF(ISERROR(VLOOKUP(MID(H5,1,5)&MID(H5,8,5),품번정리!$A:$B,2,FALSE))=TRUE,MID(H5,1,5)&MID(H5,8,5),VLOOKUP(MID(H5,1,5)&MID(H5,8,5),품번정리!$A:$B,2,FALSE)) | H5: =IF($R5="","",K5) | I5: =IF($R5="","",L5) | J5: =IF($R5="","",M5) | K5: =IF(N5="",K4,N5) -> ELKTPF5801NY | L5: =IF(O5="",L4,O5) -> FOREMOST | M5: =IF(P5="",M4,P5) -> 41711 | N5: ELKTPF5801NY | O5: FOREMOST | P5: 41711 | Q5: R1 | S5: 250 | T5: 0 | V5: =IF(ISERROR(VLOOKUP(MID(W5,1,5)&MID(W5,8,5),품번정리!$A:$B,2,FALSE))=TRUE,MID(W5,1,5)&MID(W5,8,5),VLOOKUP(MID(W5,1,5)&MID(W5,8,5),품번정리!$A:$B,2,FALSE)) | W5: =IF($AG5="","",Z5) | X5: =IF($AG5="","",AA5) | Y5: =IF($AG5="","",AB5) | Z5: =IF(AC5="",Z4,AC5) -> 품번색상 | AA5: =IF(AD5="",AA4,AD5) -> 업체명 | AB5: =IF(AE5="",AB4,AE5) -> 발주일
G6: =IF(ISERROR(VLOOKUP(MID(H6,1,5)&MID(H6,8,5),품번정리!$A:$B,2,FALSE))=TRUE,MID(H6,1,5)&MID(H6,8,5),VLOOKUP(MID(H6,1,5)&MID(H6,8,5),품번정리!$A:$B,2,FALSE)) | H6: =IF($R6="","",K6) | I6: =IF($R6="","",L6) | J6: =IF($R6="","",M6) | K6: =IF(N6="",K5,N6) -> JOKEBF5803BL | L6: =IF(O6="",L5,O6) -> FOREMOST | M6: =IF(P6="",M5,P6) -> 41711 | N6: JOKEBF5803BL | O6: FOREMOST | P6: 41711 | Q6: R1 | S6: 250 | T6: 0 | V6: =IF(ISERROR(VLOOKUP(MID(W6,1,5)&MID(W6,8,5),품번정리!$A:$B,2,FALSE))=TRUE,MID(W6,1,5)&MID(W6,8,5),VLOOKUP(MID(W6,1,5)&MID(W6,8,5),품번정리!$A:$B,2,FALSE)) | W6: =IF($AG6="","",Z6) | X6: =IF($AG6="","",AA6) | Y6: =IF($AG6="","",AB6) | Z6: =IF(AC6="",Z5,AC6) -> 품번색상 | AA6: =IF(AD6="",AA5,AD6) -> 업체명 | AB6: =IF(AE6="",AB5,AE6) -> 발주일
G7: =IF(ISERROR(VLOOKUP(MID(H7,1,5)&MID(H7,8,5),품번정리!$A:$B,2,FALSE))=TRUE,MID(H7,1,5)&MID(H7,8,5),VLOOKUP(MID(H7,1,5)&MID(H7,8,5),품번정리!$A:$B,2,FALSE)) | H7: =IF($R7="","",K7) | I7: =IF($R7="","",L7) | J7: =IF($R7="","",M7) | K7: =IF(N7="",K6,N7) -> JOKEBF5804RE | L7: =IF(O7="",L6,O7) -> FOREMOST | M7: =IF(P7="",M6,P7) -> 41711 | N7: JOKEBF5804RE | O7: FOREMOST | P7: 41711 | Q7: R1 | S7: 250 | T7: 0 | V7: =IF(ISERROR(VLOOKUP(MID(W7,1,5)&MID(W7,8,5),품번정리!$A:$B,2,FALSE))=TRUE,MID(W7,1,5)&MID(W7,8,5),VLOOKUP(MID(W7,1,5)&MID(W7,8,5),품번정리!$A:$B,2,FALSE)) | W7: =IF($AG7="","",Z7) | X7: =IF($AG7="","",AA7) | Y7: =IF($AG7="","",AB7) | Z7: =IF(AC7="",Z6,AC7) -> 품번색상 | AA7: =IF(AD7="",AA6,AD7) -> 업체명 | AB7: =IF(AE7="",AB6,AE7) -> 발주일
G8: =IF(ISERROR(VLOOKUP(MID(H8,1,5)&MID(H8,8,5),품번정리!$A:$B,2,FALSE))=TRUE,MID(H8,1,5)&MID(H8,8,5),VLOOKUP(MID(H8,1,5)&MID(H8,8,5),품번정리!$A:$B,2,FALSE)) | H8: =IF($R8="","",K8) | I8: =IF($R8="","",L8) | J8: =IF($R8="","",M8) | K8: =IF(N8="",K7,N8) -> JOKVBF5806NY | L8: =IF(O8="",L7,O8) -> FOREMOST | M8: =IF(P8="",M7,P8) -> 41711 | N8: JOKVBF5806NY | O8: FOREMOST | P8: 41711 | Q8: R1 | S8: 250 | T8: 0 | V8: =IF(ISERROR(VLOOKUP(MID(W8,1,5)&MID(W8,8,5),품번정리!$A:$B,2,FALSE))=TRUE,MID(W8,1,5)&MID(W8,8,5),VLOOKUP(MID(W8,1,5)&MID(W8,8,5),품번정리!$A:$B,2,FALSE)) | W8: =IF($AG8="","",Z8) | X8: =IF($AG8="","",AA8) | Y8: =IF($AG8="","",AB8) | Z8: =IF(AC8="",Z7,AC8) -> 품번색상 | AA8: =IF(AD8="",AA7,AD8) -> 업체명 | AB8: =IF(AE8="",AB7,AE8) -> 발주일
G9: =IF(ISERROR(VLOOKUP(MID(H9,1,5)&MID(H9,8,5),품번정리!$A:$B,2,FALSE))=TRUE,MID(H9,1,5)&MID(H9,8,5),VLOOKUP(MID(H9,1,5)&MID(H9,8,5),품번정리!$A:$B,2,FALSE)) | H9: =IF($R9="","",K9) | I9: =IF($R9="","",L9) | J9: =IF($R9="","",M9) | K9: =IF(N9="",K8,N9) -> JOKVBF5806PK | L9: =IF(O9="",L8,O9) -> FOREMOST | M9: =IF(P9="",M8,P9) -> 41711 | N9: JOKVBF5806PK | O9: FOREMOST | P9: 41711 | Q9: R1 | S9: 249 | T9: 0 | V9: =IF(ISERROR(VLOOKUP(MID(W9,1,5)&MID(W9,8,5),품번정리!$A:$B,2,FALSE))=TRUE,MID(W9,1,5)&MID(W9,8,5),VLOOKUP(MID(W9,1,5)&MID(W9,8,5),품번정리!$A:$B,2,FALSE)) | W9: =IF($AG9="","",Z9) | X9: =IF($AG9="","",AA9) | Y9: =IF($AG9="","",AB9) | Z9: =IF(AC9="",Z8,AC9) -> 품번색상 | AA9: =IF(AD9="",AA8,AD9) -> 업체명 | AB9: =IF(AE9="",AB8,AE9) -> 발주일
G10: =IF(ISERROR(VLOOKUP(MID(H10,1,5)&MID(H10,8,5),품번정리!$A:$B,2,FALSE))=TRUE,MID(H10,1,5)&MID(H10,8,5),VLOOKUP(MID(H10,1,5)&MID(H10,8,5),품번정리!$A:$B,2,FALSE)) | H10: =IF($R10="","",K10) | I10: =IF($R10="","",L10) | J10: =IF($R10="","",M10) | K10: =IF(N10="",K9,N10) -> PNKUMF5501RE | L10: =IF(O10="",L9,O10) -> 성진 | M10: =IF(P10="",M9,P10) -> 41732 | N10: PNKUMF5501RE | O10: 성진 | P10: 41732 | S10: 400 | T10: 0 | V10: =IF(ISERROR(VLOOKUP(MID(W10,1,5)&MID(W10,8,5),품번정리!$A:$B,2,FALSE))=TRUE,MID(W10,1,5)&MID(W10,8,5),VLOOKUP(MID(W10,1,5)&MID(W10,8,5),품번정리!$A:$B,2,FALSE)) | W10: =IF($AG10="","",Z10) | X10: =IF($AG10="","",AA10) | Y10: =IF($AG10="","",AB10) | Z10: =IF(AC10="",Z9,AC10) -> 품번색상 | AA10: =IF(AD10="",AA9,AD10) -> 업체명 | AB10: =IF(AE10="",AB9,AE10) -> 발주일
G11: =IF(ISERROR(VLOOKUP(MID(H11,1,5)&MID(H11,8,5),품번정리!$A:$B,2,FALSE))=TRUE,MID(H11,1,5)&MID(H11,8,5),VLOOKUP(MID(H11,1,5)&MID(H11,8,5),품번정리!$A:$B,2,FALSE)) | H11: =IF($R11="","",K11) | I11: =IF($R11="","",L11) | J11: =IF($R11="","",M11) | K11: =IF(N11="",K10,N11) -> PNKUMF5501PK | L11: =IF(O11="",L10,O11) -> 성진 | M11: =IF(P11="",M10,P11) -> 41732 | N11: PNKUMF5501PK | O11: 성진 | P11: 41732 | S11: 600 | T11: 0 | V11: =IF(ISERROR(VLOOKUP(MID(W11,1,5)&MID(W11,8,5),품번정리!$A:$B,2,FALSE))=TRUE,MID(W11,1,5)&MID(W11,8,5),VLOOKUP(MID(W11,1,5)&MID(W11,8,5),품번정리!$A:$B,2,FALSE)) | W11: =IF($AG11="","",Z11) | X11: =IF($AG11="","",AA11) | Y11: =IF($AG11="","",AB11) | Z11: =IF(AC11="",Z10,AC11) -> 품번색상 | AA11: =IF(AD11="",AA10,AD11) -> 업체명 | AB11: =IF(AE11="",AB10,AE11) -> 발주일
G12: =IF(ISERROR(VLOOKUP(MID(H12,1,5)&MID(H12,8,5),품번정리!$A:$B,2,FALSE))=TRUE,MID(H12,1,5)&MID(H12,8,5),VLOOKUP(MID(H12,1,5)&MID(H12,8,5),품번정리!$A:$B,2,FALSE)) | H12: =IF($R12="","",K12) | I12: =IF($R12="","",L12) | J12: =IF($R12="","",M12) | K12: =IF(N12="",K11,N12) -> PNKERF5503NY | L12: =IF(O12="",L11,O12) -> 동일모자 | M12: =IF(P12="",M11,P12) -> 41732 | N12: PNKERF5503NY | O12: 동일모자 | P12: 41732 | S12: 250 | T12: 0 | V12: =IF(ISERROR(VLOOKUP(MID(W12,1,5)&MID(W12,8,5),품번정리!$A:$B,2,FALSE))=TRUE,MID(W12,1,5)&MID(W12,8,5),VLOOKUP(MID(W12,1,5)&MID(W12,8,5),품번정리!$A:$B,2,FALSE)) | W12: =IF($AG12="","",Z12) | X12: =IF($AG12="","",AA12) | Y12: =IF($AG12="","",AB12) | Z12: =IF(AC12="",Z11,AC12) -> 품번색상 | AA12: =IF(AD12="",AA11,AD12) -> 업체명 | AB12: =IF(AE12="",AB11,AE12) -> 발주일
G13: =IF(ISERROR(VLOOKUP(MID(H13,1,5)&MID(H13,8,5),품번정리!$A:$B,2,FALSE))=TRUE,MID(H13,1,5)&MID(H13,8,5),VLOOKUP(MID(H13,1,5)&MID(H13,8,5),품번정리!$A:$B,2,FALSE)) | H13: =IF($R13="","",K13) | I13: =IF($R13="","",L13) | J13: =IF($R13="","",M13) | K13: =IF(N13="",K12,N13) -> PNKERF5503PK | L13: =IF(O13="",L12,O13) -> 동일모자 | M13: =IF(P13="",M12,P13) -> 41732 | N13: PNKERF5503PK | O13: 동일모자 | P13: 41732 | S13: 250 | T13: 0 | V13: =IF(ISERROR(VLOOKUP(MID(W13,1,5)&MID(W13,8,5),품번정리!$A:$B,2,FALSE))=TRUE,MID(W13,1,5)&MID(W13,8,5),VLOOKUP(MID(W13,1,5)&MID(W13,8,5),품번정리!$A:$B,2,FALSE)) | W13: =IF($AG13="","",Z13) | X13: =IF($AG13="","",AA13) | Y13: =IF($AG13="","",AB13) | Z13: =IF(AC13="",Z12,AC13) -> 품번색상 | AA13: =IF(AD13="",AA12,AD13) -> 업체명 | AB13: =IF(AE13="",AB12,AE13) -> 발주일
G14: =IF(ISERROR(VLOOKUP(MID(H14,1,5)&MID(H14,8,5),품번정리!$A:$B,2,FALSE))=TRUE,MID(H14,1,5)&MID(H14,8,5),VLOOKUP(MID(H14,1,5)&MID(H14,8,5),품번정리!$A:$B,2,FALSE)) | H14: =IF($R14="","",K14) | I14: =IF($R14="","",L14) | J14: =IF($R14="","",M14) | K14: =IF(N14="",K13,N14) -> SMKFLF3501BK | L14: =IF(O14="",L13,O14) -> 성진 | M14: =IF(P14="",M13,P14) -> 41733 | N14: SMKFLF3501BK | O14: 성진 | P14: 41733 | S14: 280 | T14: 0 | V14: =IF(ISERROR(VLOOKUP(MID(W14,1,5)&MID(W14,8,5),품번정리!$A:$B,2,FALSE))=TRUE,MID(W14,1,5)&MID(W14,8,5),VLOOKUP(MID(W14,1,5)&MID(W14,8,5),품번정리!$A:$B,2,FALSE)) | W14: =IF($AG14="","",Z14) | X14: =IF($AG14="","",AA14) | Y14: =IF($AG14="","",AB14) | Z14: =IF(AC14="",Z13,AC14) -> 품번색상 | AA14: =IF(AD14="",AA13,AD14) -> 업체명 | AB14: =IF(AE14="",AB13,AE14) -> 발주일
G15: =IF(ISERROR(VLOOKUP(MID(H15,1,5)&MID(H15,8,5),품번정리!$A:$B,2,FALSE))=TRUE,MID(H15,1,5)&MID(H15,8,5),VLOOKUP(MID(H15,1,5)&MID(H15,8,5),품번정리!$A:$B,2,FALSE)) | H15: =IF($R15="","",K15) | I15: =IF($R15="","",L15) | J15: =IF($R15="","",M15) | K15: =IF(N15="",K14,N15) -> SMKBAF3503GR | L15: =IF(O15="",L14,O15) -> 동일모자 | M15: =IF(P15="",M14,P15) -> 41733 | N15: SMKBAF3503GR | O15: 동일모자 | P15: 41733 | S15: 355 | T15: 0 | V15: =IF(ISERROR(VLOOKUP(MID(W15,1,5)&MID(W15,8,5),품번정리!$A:$B,2,FALSE))=TRUE,MID(W15,1,5)&MID(W15,8,5),VLOOKUP(MID(W15,1,5)&MID(W15,8,5),품번정리!$A:$B,2,FALSE)) | W15: =IF($AG15="","",Z15) | X15: =IF($AG15="","",AA15) | Y15: =IF($AG15="","",AB15) | Z15: =IF(AC15="",Z14,AC15) -> 품번색상 | AA15: =IF(AD15="",AA14,AD15) -> 업체명 | AB15: =IF(AE15="",AB14,AE15) -> 발주일
G16: =IF(ISERROR(VLOOKUP(MID(H16,1,5)&MID(H16,8,5),품번정리!$A:$B,2,FALSE))=TRUE,MID(H16,1,5)&MID(H16,8,5),VLOOKUP(MID(H16,1,5)&MID(H16,8,5),품번정리!$A:$B,2,FALSE)) | H16: =IF($R16="","",K16) | I16: =IF($R16="","",L16) | J16: =IF($R16="","",M16) | K16: =IF(N16="",K15,N16) -> SMKBAF3503OR | L16: =IF(O16="",L15,O16) -> 동일모자 | M16: =IF(P16="",M15,P16) -> 41733 | N16: SMKBAF3503OR | O16: 동일모자 | P16: 41733 | S16: 299 | T16: 0 | V16: =IF(ISERROR(VLOOKUP(MID(W16,1,5)&MID(W16,8,5),품번정리!$A:$B,2,FALSE))=TRUE,MID(W16,1,5)&MID(W16,8,5),VLOOKUP(MID(W16,1,5)&MID(W16,8,5),품번정리!$A:$B,2,FALSE)) | W16: =IF($AG16="","",Z16) | X16: =IF($AG16="","",AA16) | Y16: =IF($AG16="","",AB16) | Z16: =IF(AC16="",Z15,AC16) -> 품번색상 | AA16: =IF(AD16="",AA15,AD16) -> 업체명 | AB16: =IF(AE16="",AB15,AE16) -> 발주일
G17: =IF(ISERROR(VLOOKUP(MID(H17,1,5)&MID(H17,8,5),품번정리!$A:$B,2,FALSE))=TRUE,MID(H17,1,5)&MID(H17,8,5),VLOOKUP(MID(H17,1,5)&MID(H17,8,5),품번정리!$A:$B,2,FALSE)) | H17: =IF($R17="","",K17) | I17: =IF($R17="","",L17) | J17: =IF($R17="","",M17) | K17: =IF(N17="",K16,N17) -> SMKSNF3502BL | L17: =IF(O17="",L16,O17) -> QF | M17: =IF(P17="",M16,P17) -> 41733 | N17: SMKSNF3502BL | O17: QF | P17: 41733 | S17: 80 | T17: 0 | V17: =IF(ISERROR(VLOOKUP(MID(W17,1,5)&MID(W17,8,5),품번정리!$A:$B,2,FALSE))=TRUE,MID(W17,1,5)&MID(W17,8,5),VLOOKUP(MID(W17,1,5)&MID(W17,8,5),품번정리!$A:$B,2,FALSE)) | W17: =IF($AG17="","",Z17) | X17: =IF($AG17="","",AA17) | Y17: =IF($AG17="","",AB17) | Z17: =IF(AC17="",Z16,AC17) -> 품번색상 | AA17: =IF(AD17="",AA16,AD17) -> 업체명 | AB17: =IF(AE17="",AB16,AE17) -> 발주일
G18: =IF(ISERROR(VLOOKUP(MID(H18,1,5)&MID(H18,8,5),품번정리!$A:$B,2,FALSE))=TRUE,MID(H18,1,5)&MID(H18,8,5),VLOOKUP(MID(H18,1,5)&MID(H18,8,5),품번정리!$A:$B,2,FALSE)) | H18: =IF($R18="","",K18) | I18: =IF($R18="","",L18) | J18: =IF($R18="","",M18) | K18: =IF(N18="",K17,N18) -> SWKSNF3503PP | L18: =IF(O18="",L17,O18) -> QF | M18: =IF(P18="",M17,P18) -> 41733 | N18: SWKSNF3503PP | O18: QF | P18: 41733 | S18: 400 | T18: 0 | V18: =IF(ISERROR(VLOOKUP(MID(W18,1,5)&MID(W18,8,5),품번정리!$A:$B,2,FALSE))=TRUE,MID(W18,1,5)&MID(W18,8,5),VLOOKUP(MID(W18,1,5)&MID(W18,8,5),품번정리!$A:$B,2,FALSE)) | W18: =IF($AG18="","",Z18) | X18: =IF($AG18="","",AA18) | Y18: =IF($AG18="","",AB18) | Z18: =IF(AC18="",Z17,AC18) -> 품번색상 | AA18: =IF(AD18="",AA17,AD18) -> 업체명 | AB18: =IF(AE18="",AB17,AE18) -> 발주일
G19: =IF(ISERROR(VLOOKUP(MID(H19,1,5)&MID(H19,8,5),품번정리!$A:$B,2,FALSE))=TRUE,MID(H19,1,5)&MID(H19,8,5),VLOOKUP(MID(H19,1,5)&MID(H19,8,5),품번정리!$A:$B,2,FALSE)) | H19: =IF($R19="","",K19) | I19: =IF($R19="","",L19) | J19: =IF($R19="","",M19) | K19: =IF(N19="",K18,N19) -> SWKSNF3503PK | L19: =IF(O19="",L18,O19) -> QF | M19: =IF(P19="",M18,P19) -> 41733 | N19: SWKSNF3503PK | O19: QF | P19: 41733 | S19: 399 | T19: 0 | V19: =IF(ISERROR(VLOOKUP(MID(W19,1,5)&MID(W19,8,5),품번정리!$A:$B,2,FALSE))=TRUE,MID(W19,1,5)&MID(W19,8,5),VLOOKUP(MID(W19,1,5)&MID(W19,8,5),품번정리!$A:$B,2,FALSE)) | W19: =IF($AG19="","",Z19) | X19: =IF($AG19="","",AA19) | Y19: =IF($AG19="","",AB19) | Z19: =IF(AC19="",Z18,AC19) -> 품번색상 | AA19: =IF(AD19="",AA18,AD19) -> 업체명 | AB19: =IF(AE19="",AB18,AE19) -> 발주일
G20: =IF(ISERROR(VLOOKUP(MID(H20,1,5)&MID(H20,8,5),품번정리!$A:$B,2,FALSE))=TRUE,MID(H20,1,5)&MID(H20,8,5),VLOOKUP(MID(H20,1,5)&MID(H20,8,5),품번정리!$A:$B,2,FALSE)) | H20: =IF($R20="","",K20) | I20: =IF($R20="","",L20) | J20: =IF($R20="","",M20) | K20: =IF(N20="",K19,N20) -> SMKERF5505NY | L20: =IF(O20="",L19,O20) -> 캡보이2 | M20: =IF(P20="",M19,P20) -> 41733 | N20: SMKERF5505NY | O20: 캡보이2 | P20: 41733 | S20: 300 | T20: 0 | V20: =IF(ISERROR(VLOOKUP(MID(W20,1,5)&MID(W20,8,5),품번정리!$A:$B,2,FALSE))=TRUE,MID(W20,1,5)&MID(W20,8,5),VLOOKUP(MID(W20,1,5)&MID(W20,8,5),품번정리!$A:$B,2,FALSE)) | W20: =IF($AG20="","",Z20) | X20: =IF($AG20="","",AA20) | Y20: =IF($AG20="","",AB20) | Z20: =IF(AC20="",Z19,AC20) -> 품번색상 | AA20: =IF(AD20="",AA19,AD20) -> 업체명 | AB20: =IF(AE20="",AB19,AE20) -> 발주일
G21: =IF(ISERROR(VLOOKUP(MID(H21,1,5)&MID(H21,8,5),품번정리!$A:$B,2,FALSE))=TRUE,MID(H21,1,5)&MID(H21,8,5),VLOOKUP(MID(H21,1,5)&MID(H21,8,5),품번정리!$A:$B,2,FALSE)) | H21: =IF($R21="","",K21) | I21: =IF($R21="","",L21) | J21: =IF($R21="","",M21) | K21: =IF(N21="",K20,N21) -> SMKERF5506NY | L21: =IF(O21="",L20,O21) -> 동일모자 | M21: =IF(P21="",M20,P21) -> 41733 | N21: SMKERF5506NY | O21: 동일모자 | P21: 41733 | S21: 298 | T21: 0 | V21: =IF(ISERROR(VLOOKUP(MID(W21,1,5)&MID(W21,8,5),품번정리!$A:$B,2,FALSE))=TRUE,MID(W21,1,5)&MID(W21,8,5),VLOOKUP(MID(W21,1,5)&MID(W21,8,5),품번정리!$A:$B,2,FALSE)) | W21: =IF($AG21="","",Z21) | X21: =IF($AG21="","",AA21) | Y21: =IF($AG21="","",AB21) | Z21: =IF(AC21="",Z20,AC21) -> 품번색상 | AA21: =IF(AD21="",AA20,AD21) -> 업체명 | AB21: =IF(AE21="",AB20,AE21) -> 발주일
... G39: =IF(ISERROR(VLOOKUP(MID(H39,1,5)&MID(H39,8,5),품번정리!$A:$B,2,FALSE))=TRUE,MID(H39,1,5)&MID(H39,8,5),VLOOKUP(MID(H39,1,5)&MID(H39,8,5),품번정리!$A:$B,2,FALSE)) | H39: =IF($R39="","",K39) | I39: =IF($R39="","",L39) | J39: =IF($R39="","",M39) | K39: =IF(N39="",K38,N39) -> DPKSNF3504MT | L39: =IF(O39="",L38,O39) -> 캡보이 | M39: =IF(P39="",M38,P39) -> 41736 | N39: DPKSNF3504MT | O39: 캡보이 | P39: 41736 | S39: 120 | T39: 0 | V39: =IF(ISERROR(VLOOKUP(MID(W39,1,5)&MID(W39,8,5),품번정리!$A:$B,2,FALSE))=TRUE,MID(W39,1,5)&MID(W39,8,5),VLOOKUP(MID(W39,1,5)&MID(W39,8,5),품번정리!$A:$B,2,FALSE)) | W39: =IF($AG39="","",Z39) | X39: =IF($AG39="","",AA39) | Y39: =IF($AG39="","",AB39) | Z39: =IF(AC39="",Z38,AC39) -> 품번색상 | AA39: =IF(AD39="",AA38,AD39) -> 업체명 | AB39: =IF(AE39="",AB38,AE39) -> 발주일
G40: =IF(ISERROR(VLOOKUP(MID(H40,1,5)&MID(H40,8,5),품번정리!$A:$B,2,FALSE))=TRUE,MID(H40,1,5)&MID(H40,8,5),VLOOKUP(MID(H40,1,5)&MID(H40,8,5),품번정리!$A:$B,2,FALSE)) | H40: =IF($R40="","",K40) | I40: =IF($R40="","",L40) | J40: =IF($R40="","",M40) | K40: =IF(N40="",K39,N40) -> DPKSNF3504MT | L40: =IF(O40="",L39,O40) -> QF | M40: =IF(P40="",M39,P40) -> 41856 | O40: QF | P40: 41856 | Q40: R1 | S40: 120 | T40: 0 | V40: =IF(ISERROR(VLOOKUP(MID(W40,1,5)&MID(W40,8,5),품번정리!$A:$B,2,FALSE))=TRUE,MID(W40,1,5)&MID(W40,8,5),VLOOKUP(MID(W40,1,5)&MID(W40,8,5),품번정리!$A:$B,2,FALSE)) | W40: =IF($AG40="","",Z40) | X40: =IF($AG40="","",AA40) | Y40: =IF($AG40="","",AB40) | Z40: =IF(AC40="",Z39,AC40) -> 품번색상 | AA40: =IF(AD40="",AA39,AD40) -> 업체명 | AB40: =IF(AE40="",AB39,AE40) -> 발주일
G41: =IF(ISERROR(VLOOKUP(MID(H41,1,5)&MID(H41,8,5),품번정리!$A:$B,2,FALSE))=TRUE,MID(H41,1,5)&MID(H41,8,5),VLOOKUP(MID(H41,1,5)&MID(H41,8,5),품번정리!$A:$B,2,FALSE)) | H41: =IF($R41="","",K41) | I41: =IF($R41="","",L41) | J41: =IF($R41="","",M41) | K41: =IF(N41="",K40,N41) -> ELKSNF5503RE | L41: =IF(O41="",L40,O41) -> 성진 | M41: =IF(P41="",M40,P41) -> 41736 | N41: ELKSNF5503RE | O41: 성진 | P41: 41736 | S41: 600 | T41: 0 | V41: =IF(ISERROR(VLOOKUP(MID(W41,1,5)&MID(W41,8,5),품번정리!$A:$B,2,FALSE))=TRUE,MID(W41,1,5)&MID(W41,8,5),VLOOKUP(MID(W41,1,5)&MID(W41,8,5),품번정리!$A:$B,2,FALSE)) | W41: =IF($AG41="","",Z41) | X41: =IF($AG41="","",AA41) | Y41: =IF($AG41="","",AB41) | Z41: =IF(AC41="",Z40,AC41) -> 품번색상 | AA41: =IF(AD41="",AA40,AD41) -> 업체명 | AB41: =IF(AE41="",AB40,AE41) -> 발주일
G42: =IF(ISERROR(VLOOKUP(MID(H42,1,5)&MID(H42,8,5),품번정리!$A:$B,2,FALSE))=TRUE,MID(H42,1,5)&MID(H42,8,5),VLOOKUP(MID(H42,1,5)&MID(H42,8,5),품번정리!$A:$B,2,FALSE)) | H42: =IF($R42="","",K42) | I42: =IF($R42="","",L42) | J42: =IF($R42="","",M42) | K42: =IF(N42="",K41,N42) -> ELKBAF5506GR | L42: =IF(O42="",L41,O42) -> 동일모자 | M42: =IF(P42="",M41,P42) -> 41736 | N42: ELKBAF5506GR | O42: 동일모자 | P42: 41736 | S42: 141 | T42: 0 | V42: =IF(ISERROR(VLOOKUP(MID(W42,1,5)&MID(W42,8,5),품번정리!$A:$B,2,FALSE))=TRUE,MID(W42,1,5)&MID(W42,8,5),VLOOKUP(MID(W42,1,5)&MID(W42,8,5),품번정리!$A:$B,2,FALSE)) | W42: =IF($AG42="","",Z42) | X42: =IF($AG42="","",AA42) | Y42: =IF($AG42="","",AB42) | Z42: =IF(AC42="",Z41,AC42) -> 품번색상 | AA42: =IF(AD42="",AA41,AD42) -> 업체명 | AB42: =IF(AE42="",AB41,AE42) -> 발주일
G43: =IF(ISERROR(VLOOKUP(MID(H43,1,5)&MID(H43,8,5),품번정리!$A:$B,2,FALSE))=TRUE,MID(H43,1,5)&MID(H43,8,5),VLOOKUP(MID(H43,1,5)&MID(H43,8,5),품번정리!$A:$B,2,FALSE)) | H43: =IF($R43="","",K43) | I43: =IF($R43="","",L43) | J43: =IF($R43="","",M43) | K43: =IF(N43="",K42,N43) -> ELKBAF5507RE | L43: =IF(O43="",L42,O43) -> 동일모자 | M43: =IF(P43="",M42,P43) -> 41736 | N43: ELKBAF5507RE | O43: 동일모자 | P43: 41736 | S43: 541 | T43: 0 | V43: =IF(ISERROR(VLOOKUP(MID(W43,1,5)&MID(W43,8,5),품번정리!$A:$B,2,FALSE))=TRUE,MID(W43,1,5)&MID(W43,8,5),VLOOKUP(MID(W43,1,5)&MID(W43,8,5),품번정리!$A:$B,2,FALSE)) | W43: =IF($AG43="","",Z43) | X43: =IF($AG43="","",AA43) | Y43: =IF($AG43="","",AB43) | Z43: =IF(AC43="",Z42,AC43) -> 품번색상 | AA43: =IF(AD43="",AA42,AD43) -> 업체명 | AB43: =IF(AE43="",AB42,AE43) -> 발주일
G44: =IF(ISERROR(VLOOKUP(MID(H44,1,5)&MID(H44,8,5),품번정리!$A:$B,2,FALSE))=TRUE,MID(H44,1,5)&MID(H44,8,5),VLOOKUP(MID(H44,1,5)&MID(H44,8,5),품번정리!$A:$B,2,FALSE)) | H44: =IF($R44="","",K44) | I44: =IF($R44="","",L44) | J44: =IF($R44="","",M44) | K44: =IF(N44="",K43,N44) -> ELKBAF5508PK | L44: =IF(O44="",L43,O44) -> 동일모자 | M44: =IF(P44="",M43,P44) -> 41736 | N44: ELKBAF5508PK | O44: 동일모자 | P44: 41736 | S44: 519 | T44: 0 | V44: =IF(ISERROR(VLOOKUP(MID(W44,1,5)&MID(W44,8,5),품번정리!$A:$B,2,FALSE))=TRUE,MID(W44,1,5)&MID(W44,8,5),VLOOKUP(MID(W44,1,5)&MID(W44,8,5),품번정리!$A:$B,2,FALSE)) | W44: =IF($AG44="","",Z44) | X44: =IF($AG44="","",AA44) | Y44: =IF($AG44="","",AB44) | Z44: =IF(AC44="",Z43,AC44) -> 품번색상 | AA44: =IF(AD44="",AA43,AD44) -> 업체명 | AB44: =IF(AE44="",AB43,AE44) -> 발주일
G45: =IF(ISERROR(VLOOKUP(MID(H45,1,5)&MID(H45,8,5),품번정리!$A:$B,2,FALSE))=TRUE,MID(H45,1,5)&MID(H45,8,5),VLOOKUP(MID(H45,1,5)&MID(H45,8,5),품번정리!$A:$B,2,FALSE)) | H45: =IF($R45="","",K45) | I45: =IF($R45="","",L45) | J45: =IF($R45="","",M45) | K45: =IF(N45="",K44,N45) -> ELKERF5511GR | L45: =IF(O45="",L44,O45) -> 동일모자 | M45: =IF(P45="",M44,P45) -> 41736 | N45: ELKERF5511GR | O45: 동일모자 | P45: 41736 | S45: 145 | T45: 0 | V45: =IF(ISERROR(VLOOKUP(MID(W45,1,5)&MID(W45,8,5),품번정리!$A:$B,2,FALSE))=TRUE,MID(W45,1,5)&MID(W45,8,5),VLOOKUP(MID(W45,1,5)&MID(W45,8,5),품번정리!$A:$B,2,FALSE)) | W45: =IF($AG45="","",Z45) | X45: =IF($AG45="","",AA45) | Y45: =IF($AG45="","",AB45) | Z45: =IF(AC45="",Z44,AC45) -> 품번색상 | AA45: =IF(AD45="",AA44,AD45) -> 업체명 | AB45: =IF(AE45="",AB44,AE45) -> 발주일
G46: =IF(ISERROR(VLOOKUP(MID(H46,1,5)&MID(H46,8,5),품번정리!$A:$B,2,FALSE))=TRUE,MID(H46,1,5)&MID(H46,8,5),VLOOKUP(MID(H46,1,5)&MID(H46,8,5),품번정리!$A:$B,2,FALSE)) | H46: =IF($R46="","",K46) | I46: =IF($R46="","",L46) | J46: =IF($R46="","",M46) | K46: =IF(N46="",K45,N46) -> ELKERF5512RE | L46: =IF(O46="",L45,O46) -> 동일모자 | M46: =IF(P46="",M45,P46) -> 41736 | N46: ELKERF5512RE | O46: 동일모자 | P46: 41736 | S46: 125 | T46: 0 | V46: =IF(ISERROR(VLOOKUP(MID(W46,1,5)&MID(W46,8,5),품번정리!$A:$B,2,FALSE))=TRUE,MID(W46,1,5)&MID(W46,8,5),VLOOKUP(MID(W46,1,5)&MID(W46,8,5),품번정리!$A:$B,2,FALSE)) | W46: =IF($AG46="","",Z46) | X46: =IF($AG46="","",AA46) | Y46: =IF($AG46="","",AB46) | Z46: =IF(AC46="",Z45,AC46) -> 품번색상 | AA46: =IF(AD46="",AA45,AD46) -> 업체명 | AB46: =IF(AE46="",AB45,AE46) -> 발주일
G47: =IF(ISERROR(VLOOKUP(MID(H47,1,5)&MID(H47,8,5),품번정리!$A:$B,2,FALSE))=TRUE,MID(H47,1,5)&MID(H47,8,5),VLOOKUP(MID(H47,1,5)&MID(H47,8,5),품번정리!$A:$B,2,FALSE)) | H47: =IF($R47="","",K47) | I47: =IF($R47="","",L47) | J47: =IF($R47="","",M47) | K47: =IF(N47="",K46,N47) -> ELKERF5513PK | L47: =IF(O47="",L46,O47) -> 동일모자 | M47: =IF(P47="",M46,P47) -> 41736 | N47: ELKERF5513PK | O47: 동일모자 | P47: 41736 | S47: 163 | T47: 0 | V47: =IF(ISERROR(VLOOKUP(MID(W47,1,5)&MID(W47,8,5),품번정리!$A:$B,2,FALSE))=TRUE,MID(W47,1,5)&MID(W47,8,5),VLOOKUP(MID(W47,1,5)&MID(W47,8,5),품번정리!$A:$B,2,FALSE)) | W47: =IF($AG47="","",Z47) | X47: =IF($AG47="","",AA47) | Y47: =IF($AG47="","",AB47) | Z47: =IF(AC47="",Z46,AC47) -> 품번색상 | AA47: =IF(AD47="",AA46,AD47) -> 업체명 | AB47: =IF(AE47="",AB46,AE47) -> 발주일
G48: =IF(ISERROR(VLOOKUP(MID(H48,1,5)&MID(H48,8,5),품번정리!$A:$B,2,FALSE))=TRUE,MID(H48,1,5)&MID(H48,8,5),VLOOKUP(MID(H48,1,5)&MID(H48,8,5),품번정리!$A:$B,2,FALSE)) | H48: =IF($R48="","",K48) | I48: =IF($R48="","",L48) | J48: =IF($R48="","",M48) | K48: =IF(N48="",K47,N48) -> VBKTLF4503NY | L48: =IF(O48="",L47,O48) -> EVERGREEN | M48: =IF(P48="",M47,P48) -> 41737 | N48: VBKTLF4503NY | O48: EVERGREEN | P48: 41737 | S48: 528 | T48: 0 | V48: =IF(ISERROR(VLOOKUP(MID(W48,1,5)&MID(W48,8,5),품번정리!$A:$B,2,FALSE))=TRUE,MID(W48,1,5)&MID(W48,8,5),VLOOKUP(MID(W48,1,5)&MID(W48,8,5),품번정리!$A:$B,2,FALSE)) | W48: =IF($AG48="","",Z48) | X48: =IF($AG48="","",AA48) | Y48: =IF($AG48="","",AB48) | Z48: =IF(AC48="",Z47,AC48) -> 품번색상 | AA48: =IF(AD48="",AA47,AD48) -> 업체명 | AB48: =IF(AE48="",AB47,AE48) -> 발주일
G49: =IF(ISERROR(VLOOKUP(MID(H49,1,5)&MID(H49,8,5),품번정리!$A:$B,2,FALSE))=TRUE,MID(H49,1,5)&MID(H49,8,5),VLOOKUP(MID(H49,1,5)&MID(H49,8,5),품번정리!$A:$B,2,FALSE)) | H49: =IF($R49="","",K49) | I49: =IF($R49="","",L49) | J49: =IF($R49="","",M49) | K49: =IF(N49="",K48,N49) -> VBKTLF4503BU | L49: =IF(O49="",L48,O49) -> EVERGREEN | M49: =IF(P49="",M48,P49) -> 41737 | N49: VBKTLF4503BU | O49: EVERGREEN | P49: 41737 | S49: 512 | T49: 0 | V49: =IF(ISERROR(VLOOKUP(MID(W49,1,5)&MID(W49,8,5),품번정리!$A:$B,2,FALSE))=TRUE,MID(W49,1,5)&MID(W49,8,5),VLOOKUP(MID(W49,1,5)&MID(W49,8,5),품번정리!$A:$B,2,FALSE)) | W49: =IF($AG49="","",Z49) | X49: =IF($AG49="","",AA49) | Y49: =IF($AG49="","",AB49) | Z49: =IF(AC49="",Z48,AC49) -> 품번색상 | AA49: =IF(AD49="",AA48,AD49) -> 업체명 | AB49: =IF(AE49="",AB48,AE49) -> 발주일
G50: =IF(ISERROR(VLOOKUP(MID(H50,1,5)&MID(H50,8,5),품번정리!$A:$B,2,FALSE))=TRUE,MID(H50,1,5)&MID(H50,8,5),VLOOKUP(MID(H50,1,5)&MID(H50,8,5),품번정리!$A:$B,2,FALSE)) | H50: =IF($R50="","",K50) | I50: =IF($R50="","",L50) | J50: =IF($R50="","",M50) | K50: =IF(N50="",K49,N50) -> ELKJPF5502RE | L50: =IF(O50="",L49,O50) -> 대경 | M50: =IF(P50="",M49,P50) -> 41744 | N50: ELKJPF5502RE | O50: 대경 | P50: 41744 | S50: 250 | T50: 0 | V50: =IF(ISERROR(VLOOKUP(MID(W50,1,5)&MID(W50,8,5),품번정리!$A:$B,2,FALSE))=TRUE,MID(W50,1,5)&MID(W50,8,5),VLOOKUP(MID(W50,1,5)&MID(W50,8,5),품번정리!$A:$B,2,FALSE)) | W50: =IF($AG50="","",Z50) | X50: =IF($AG50="","",AA50) | Y50: =IF($AG50="","",AB50) | Z50: =IF(AC50="",Z49,AC50) -> 품번색상 | AA50: =IF(AD50="",AA49,AD50) -> 업체명 | AB50: =IF(AE50="",AB49,AE50) -> 발주일
G51: =IF(ISERROR(VLOOKUP(MID(H51,1,5)&MID(H51,8,5),품번정리!$A:$B,2,FALSE))=TRUE,MID(H51,1,5)&MID(H51,8,5),VLOOKUP(MID(H51,1,5)&MID(H51,8,5),품번정리!$A:$B,2,FALSE)) | H51: =IF($R51="","",K51) | I51: =IF($R51="","",L51) | J51: =IF($R51="","",M51) | K51: =IF(N51="",K50,N51) -> ELKJPF5502YE | L51: =IF(O51="",L50,O51) -> 대경 | M51: =IF(P51="",M50,P51) -> 41744 | N51: ELKJPF5502YE | O51: 대경 | P51: 41744 | S51: 250 | T51: 0 | V51: =IF(ISERROR(VLOOKUP(MID(W51,1,5)&MID(W51,8,5),품번정리!$A:$B,2,FALSE))=TRUE,MID(W51,1,5)&MID(W51,8,5),VLOOKUP(MID(W51,1,5)&MID(W51,8,5),품번정리!$A:$B,2,FALSE)) | W51: =IF($AG51="","",Z51) | X51: =IF($AG51="","",AA51) | Y51: =IF($AG51="","",AB51) | Z51: =IF(AC51="",Z50,AC51) -> 품번색상 | AA51: =IF(AD51="",AA50,AD51) -> 업체명 | AB51: =IF(AE51="",AB50,AE51) -> 발주일
G52: =IF(ISERROR(VLOOKUP(MID(H52,1,5)&MID(H52,8,5),품번정리!$A:$B,2,FALSE))=TRUE,MID(H52,1,5)&MID(H52,8,5),VLOOKUP(MID(H52,1,5)&MID(H52,8,5),품번정리!$A:$B,2,FALSE)) | H52: =IF($R52="","",K52) | I52: =IF($R52="","",L52) | J52: =IF($R52="","",M52) | K52: =IF(N52="",K51,N52) -> ELKJPF5502BL | L52: =IF(O52="",L51,O52) -> 대경 | M52: =IF(P52="",M51,P52) -> 41744 | N52: ELKJPF5502BL | O52: 대경 | P52: 41744 | S52: 249 | T52: 0 | V52: =IF(ISERROR(VLOOKUP(MID(W52,1,5)&MID(W52,8,5),품번정리!$A:$B,2,FALSE))=TRUE,MID(W52,1,5)&MID(W52,8,5),VLOOKUP(MID(W52,1,5)&MID(W52,8,5),품번정리!$A:$B,2,FALSE)) | W52: =IF($AG52="","",Z52) | X52: =IF($AG52="","",AA52) | Y52: =IF($AG52="","",AB52) | Z52: =IF(AC52="",Z51,AC52) -> 품번색상 | AA52: =IF(AD52="",AA51,AD52) -> 업체명 | AB52: =IF(AE52="",AB51,AE52) -> 발주일
... G231: =IF(ISERROR(VLOOKUP(MID(H231,1,5)&MID(H231,8,5),품번정리!$A:$B,2,FALSE))=TRUE,MID(H231,1,5)&MID(H231,8,5),VLOOKUP(MID(H231,1,5)&MID(H231,8,5),품번정리!$A:$B,2,FALSE)) | H231: =IF($R231="","",K231) | I231: =IF($R231="","",L231) | J231: =IF($R231="","",M231) | K231: =IF(N231="",K230,N231) -> SMKERF5529NY | L231: =IF(O231="",L230,O231) -> 동일모자 | M231: =IF(P231="",M230,P231) -> 41771 | N231: SMKERF5529NY | O231: 동일모자 | P231: 41771 | S231: 125 | T231: 0 | V231: =IF(ISERROR(VLOOKUP(MID(W231,1,5)&MID(W231,8,5),품번정리!$A:$B,2,FALSE))=TRUE,MID(W231,1,5)&MID(W231,8,5),VLOOKUP(MID(W231,1,5)&MID(W231,8,5),품번정리!$A:$B,2,FALSE)) | W231: =IF($AG231="","",Z231) | X231: =IF($AG231="","",AA231) | Y231: =IF($AG231="","",AB231) | Z231: =IF(AC231="",Z230,AC231) -> 품번색상 | AA231: =IF(AD231="",AA230,AD231) -> 업체명 | AB231: =IF(AE231="",AB230,AE231) -> 발주일
G232: =IF(ISERROR(VLOOKUP(MID(H232,1,5)&MID(H232,8,5),품번정리!$A:$B,2,FALSE))=TRUE,MID(H232,1,5)&MID(H232,8,5),VLOOKUP(MID(H232,1,5)&MID(H232,8,5),품번정리!$A:$B,2,FALSE)) | H232: =IF($R232="","",K232) | I232: =IF($R232="","",L232) | J232: =IF($R232="","",M232) | K232: =IF(N232="",K231,N232) -> SMKFIF3705BK | L232: =IF(O232="",L231,O232) -> 성진 | M232: =IF(P232="",M231,P232) -> 41771 | N232: SMKFIF3705BK | O232: 성진 | P232: 41771 | Q232: R1 | S232: 1400 | T232: 0 | V232: =IF(ISERROR(VLOOKUP(MID(W232,1,5)&MID(W232,8,5),품번정리!$A:$B,2,FALSE))=TRUE,MID(W232,1,5)&MID(W232,8,5),VLOOKUP(MID(W232,1,5)&MID(W232,8,5),품번정리!$A:$B,2,FALSE)) | W232: =IF($AG232="","",Z232) | X232: =IF($AG232="","",AA232) | Y232: =IF($AG232="","",AB232) | Z232: =IF(AC232="",Z231,AC232) -> 품번색상 | AA232: =IF(AD232="",AA231,AD232) -> 업체명 | AB232: =IF(AE232="",AB231,AE232) -> 발주일
G233: =IF(ISERROR(VLOOKUP(MID(H233,1,5)&MID(H233,8,5),품번정리!$A:$B,2,FALSE))=TRUE,MID(H233,1,5)&MID(H233,8,5),VLOOKUP(MID(H233,1,5)&MID(H233,8,5),품번정리!$A:$B,2,FALSE)) | H233: =IF($R233="","",K233) | I233: =IF($R233="","",L233) | J233: =IF($R233="","",M233) | K233: =IF(N233="",K232,N233) -> ELKBAF3841BK | L233: =IF(O233="",L232,O233) -> 동일모자 | M233: =IF(P233="",M232,P233) -> 41772 | N233: ELKBAF3841BK | O233: 동일모자 | P233: 41772 | Q233: R1 | S233: 410 | T233: 0 | V233: =IF(ISERROR(VLOOKUP(MID(W233,1,5)&MID(W233,8,5),품번정리!$A:$B,2,FALSE))=TRUE,MID(W233,1,5)&MID(W233,8,5),VLOOKUP(MID(W233,1,5)&MID(W233,8,5),품번정리!$A:$B,2,FALSE)) | W233: =IF($AG233="","",Z233) | X233: =IF($AG233="","",AA233) | Y233: =IF($AG233="","",AB233) | Z233: =IF(AC233="",Z232,AC233) -> 품번색상 | AA233: =IF(AD233="",AA232,AD233) -> 업체명 | AB233: =IF(AE233="",AB232,AE233) -> 발주일
G234: =IF(ISERROR(VLOOKUP(MID(H234,1,5)&MID(H234,8,5),품번정리!$A:$B,2,FALSE))=TRUE,MID(H234,1,5)&MID(H234,8,5),VLOOKUP(MID(H234,1,5)&MID(H234,8,5),품번정리!$A:$B,2,FALSE)) | H234: =IF($R234="","",K234) | I234: =IF($R234="","",L234) | J234: =IF($R234="","",M234) | K234: =IF(N234="",K233,N234) -> ELKBAF3841RE | L234: =IF(O234="",L233,O234) -> 동일모자 | M234: =IF(P234="",M233,P234) -> 41772 | N234: ELKBAF3841RE | O234: 동일모자 | P234: 41772 | Q234: R1 | S234: 791 | T234: 0 | V234: =IF(ISERROR(VLOOKUP(MID(W234,1,5)&MID(W234,8,5),품번정리!$A:$B,2,FALSE))=TRUE,MID(W234,1,5)&MID(W234,8,5),VLOOKUP(MID(W234,1,5)&MID(W234,8,5),품번정리!$A:$B,2,FALSE)) | W234: =IF($AG234="","",Z234) | X234: =IF($AG234="","",AA234) | Y234: =IF($AG234="","",AB234) | Z234: =IF(AC234="",Z233,AC234) -> 품번색상 | AA234: =IF(AD234="",AA233,AD234) -> 업체명 | AB234: =IF(AE234="",AB233,AE234) -> 발주일
G235: =IF(ISERROR(VLOOKUP(MID(H235,1,5)&MID(H235,8,5),품번정리!$A:$B,2,FALSE))=TRUE,MID(H235,1,5)&MID(H235,8,5),VLOOKUP(MID(H235,1,5)&MID(H235,8,5),품번정리!$A:$B,2,FALSE)) | H235: =IF($R235="","",K235) | I235: =IF($R235="","",L235) | J235: =IF($R235="","",M235) | K235: =IF(N235="",K234,N235) -> ELKBAF3531GY | L235: =IF(O235="",L234,O235) -> 동일모자 | M235: =IF(P235="",M234,P235) -> 41773 | N235: ELKBAF3531GY | O235: 동일모자 | P235: 41773 | S235: 169 | T235: 0 | V235: =IF(ISERROR(VLOOKUP(MID(W235,1,5)&MID(W235,8,5),품번정리!$A:$B,2,FALSE))=TRUE,MID(W235,1,5)&MID(W235,8,5),VLOOKUP(MID(W235,1,5)&MID(W235,8,5),품번정리!$A:$B,2,FALSE)) | W235: =IF($AG235="","",Z235) | X235: =IF($AG235="","",AA235) | Y235: =IF($AG235="","",AB235) | Z235: =IF(AC235="",Z234,AC235) -> 품번색상 | AA235: =IF(AD235="",AA234,AD235) -> 업체명 | AB235: =IF(AE235="",AB234,AE235) -> 발주일
G236: =IF(ISERROR(VLOOKUP(MID(H236,1,5)&MID(H236,8,5),품번정리!$A:$B,2,FALSE))=TRUE,MID(H236,1,5)&MID(H236,8,5),VLOOKUP(MID(H236,1,5)&MID(H236,8,5),품번정리!$A:$B,2,FALSE)) | H236: =IF($R236="","",K236) | I236: =IF($R236="","",L236) | J236: =IF($R236="","",M236) | K236: =IF(N236="",K235,N236) -> ELKERF5532PK | L236: =IF(O236="",L235,O236) -> 동일모자 | M236: =IF(P236="",M235,P236) -> 41773 | N236: ELKERF5532PK | O236: 동일모자 | P236: 41773 | S236: 178 | T236: 0 | V236: =IF(ISERROR(VLOOKUP(MID(W236,1,5)&MID(W236,8,5),품번정리!$A:$B,2,FALSE))=TRUE,MID(W236,1,5)&MID(W236,8,5),VLOOKUP(MID(W236,1,5)&MID(W236,8,5),품번정리!$A:$B,2,FALSE)) | W236: =IF($AG236="","",Z236) | X236: =IF($AG236="","",AA236) | Y236: =IF($AG236="","",AB236) | Z236: =IF(AC236="",Z235,AC236) -> 품번색상 | AA236: =IF(AD236="",AA235,AD236) -> 업체명 | AB236: =IF(AE236="",AB235,AE236) -> 발주일
G237: =IF(ISERROR(VLOOKUP(MID(H237,1,5)&MID(H237,8,5),품번정리!$A:$B,2,FALSE))=TRUE,MID(H237,1,5)&MID(H237,8,5),VLOOKUP(MID(H237,1,5)&MID(H237,8,5),품번정리!$A:$B,2,FALSE)) | H237: =IF($R237="","",K237) | I237: =IF($R237="","",L237) | J237: =IF($R237="","",M237) | K237: =IF(N237="",K236,N237) -> POKFIF3901BL | L237: =IF(O237="",L236,O237) -> 캡보이2 | M237: =IF(P237="",M236,P237) -> 41775 | N237: POKFIF3901BL | O237: 캡보이2 | P237: 41775 | Q237: R1 | S237: 500 | T237: 0 | V237: =IF(ISERROR(VLOOKUP(MID(W237,1,5)&MID(W237,8,5),품번정리!$A:$B,2,FALSE))=TRUE,MID(W237,1,5)&MID(W237,8,5),VLOOKUP(MID(W237,1,5)&MID(W237,8,5),품번정리!$A:$B,2,FALSE)) | W237: =IF($AG237="","",Z237) | X237: =IF($AG237="","",AA237) | Y237: =IF($AG237="","",AB237) | Z237: =IF(AC237="",Z236,AC237) -> 품번색상 | AA237: =IF(AD237="",AA236,AD237) -> 업체명 | AB237: =IF(AE237="",AB236,AE237) -> 발주일
G238: =IF(ISERROR(VLOOKUP(MID(H238,1,5)&MID(H238,8,5),품번정리!$A:$B,2,FALSE))=TRUE,MID(H238,1,5)&MID(H238,8,5),VLOOKUP(MID(H238,1,5)&MID(H238,8,5),품번정리!$A:$B,2,FALSE)) | H238: =IF($R238="","",K238) | I238: =IF($R238="","",L238) | J238: =IF($R238="","",M238) | K238: =IF(N238="",K237,N238) -> POKFIF3902RE | L238: =IF(O238="",L237,O238) -> 캡보이2 | M238: =IF(P238="",M237,P238) -> 41775 | N238: POKFIF3902RE | O238: 캡보이2 | P238: 41775 | Q238: R1 | S238: 240 | T238: 0 | V238: =IF(ISERROR(VLOOKUP(MID(W238,1,5)&MID(W238,8,5),품번정리!$A:$B,2,FALSE))=TRUE,MID(W238,1,5)&MID(W238,8,5),VLOOKUP(MID(W238,1,5)&MID(W238,8,5),품번정리!$A:$B,2,FALSE)) | W238: =IF($AG238="","",Z238) | X238: =IF($AG238="","",AA238) | Y238: =IF($AG238="","",AB238) | Z238: =IF(AC238="",Z237,AC238) -> 품번색상 | AA238: =IF(AD238="",AA237,AD238) -> 업체명 | AB238: =IF(AE238="",AB237,AE238) -> 발주일
G239: =IF(ISERROR(VLOOKUP(MID(H239,1,5)&MID(H239,8,5),품번정리!$A:$B,2,FALSE))=TRUE,MID(H239,1,5)&MID(H239,8,5),VLOOKUP(MID(H239,1,5)&MID(H239,8,5),품번정리!$A:$B,2,FALSE)) | H239: =IF($R239="","",K239) | I239: =IF($R239="","",L239) | J239: =IF($R239="","",M239) | K239: =IF(N239="",K238,N239) -> POKFIF3903PK | L239: =IF(O239="",L238,O239) -> 캡보이2 | M239: =IF(P239="",M238,P239) -> 41775 | N239: POKFIF3903PK | O239: 캡보이2 | P239: 41775 | Q239: R1 | S239: 240 | T239: 0 | V239: =IF(ISERROR(VLOOKUP(MID(W239,1,5)&MID(W239,8,5),품번정리!$A:$B,2,FALSE))=TRUE,MID(W239,1,5)&MID(W239,8,5),VLOOKUP(MID(W239,1,5)&MID(W239,8,5),품번정리!$A:$B,2,FALSE)) | W239: =IF($AG239="","",Z239) | X239: =IF($AG239="","",AA239) | Y239: =IF($AG239="","",AB239) | Z239: =IF(AC239="",Z238,AC239) -> 품번색상 | AA239: =IF(AD239="",AA238,AD239) -> 업체명 | AB239: =IF(AE239="",AB238,AE239) -> 발주일
G240: =IF(ISERROR(VLOOKUP(MID(H240,1,5)&MID(H240,8,5),품번정리!$A:$B,2,FALSE))=TRUE,MID(H240,1,5)&MID(H240,8,5),VLOOKUP(MID(H240,1,5)&MID(H240,8,5),품번정리!$A:$B,2,FALSE)) | H240: =IF($R240="","",K240) | I240: =IF($R240="","",L240) | J240: =IF($R240="","",M240) | K240: =IF(N240="",K239,N240) -> POKFIF3904GR | L240: =IF(O240="",L239,O240) -> 캡보이2 | M240: =IF(P240="",M239,P240) -> 41775 | N240: POKFIF3904GR | O240: 캡보이2 | P240: 41775 | Q240: R1 | S240: 220 | T240: 0 | V240: =IF(ISERROR(VLOOKUP(MID(W240,1,5)&MID(W240,8,5),품번정리!$A:$B,2,FALSE))=TRUE,MID(W240,1,5)&MID(W240,8,5),VLOOKUP(MID(W240,1,5)&MID(W240,8,5),품번정리!$A:$B,2,FALSE)) | W240: =IF($AG240="","",Z240) | X240: =IF($AG240="","",AA240) | Y240: =IF($AG240="","",AB240) | Z240: =IF(AC240="",Z239,AC240) -> 품번색상 | AA240: =IF(AD240="",AA239,AD240) -> 업체명 | AB240: =IF(AE240="",AB239,AE240) -> 발주일
G241: =IF(ISERROR(VLOOKUP(MID(H241,1,5)&MID(H241,8,5),품번정리!$A:$B,2,FALSE))=TRUE,MID(H241,1,5)&MID(H241,8,5),VLOOKUP(MID(H241,1,5)&MID(H241,8,5),품번정리!$A:$B,2,FALSE)) | H241: =IF($R241="","",K241) | I241: =IF($R241="","",L241) | J241: =IF($R241="","",M241) | K241: =IF(N241="",K240,N241) -> VBKBAF3603RE | L241: =IF(O241="",L240,O241) -> FOREMOST | M241: =IF(P241="",M240,P241) -> 41779 | N241: VBKBAF3603RE | O241: FOREMOST | P241: 41779 | Q241: R1 | S241: 124 | T241: 0 | V241: =IF(ISERROR(VLOOKUP(MID(W241,1,5)&MID(W241,8,5),품번정리!$A:$B,2,FALSE))=TRUE,MID(W241,1,5)&MID(W241,8,5),VLOOKUP(MID(W241,1,5)&MID(W241,8,5),품번정리!$A:$B,2,FALSE)) | W241: =IF($AG241="","",Z241) | X241: =IF($AG241="","",AA241) | Y241: =IF($AG241="","",AB241) | Z241: =IF(AC241="",Z240,AC241) -> 품번색상 | AA241: =IF(AD241="",AA240,AD241) -> 업체명 | AB241: =IF(AE241="",AB240,AE241) -> 발주일
G242: =IF(ISERROR(VLOOKUP(MID(H242,1,5)&MID(H242,8,5),품번정리!$A:$B,2,FALSE))=TRUE,MID(H242,1,5)&MID(H242,8,5),VLOOKUP(MID(H242,1,5)&MID(H242,8,5),품번정리!$A:$B,2,FALSE)) | H242: =IF($R242="","",K242) | I242: =IF($R242="","",L242) | J242: =IF($R242="","",M242) | K242: =IF(N242="",K241,N242) -> VBKBAF3603GR | L242: =IF(O242="",L241,O242) -> FOREMOST | M242: =IF(P242="",M241,P242) -> 41779 | N242: VBKBAF3603GR | O242: FOREMOST | P242: 41779 | Q242: R1 | S242: 176 | T242: 0 | V242: =IF(ISERROR(VLOOKUP(MID(W242,1,5)&MID(W242,8,5),품번정리!$A:$B,2,FALSE))=TRUE,MID(W242,1,5)&MID(W242,8,5),VLOOKUP(MID(W242,1,5)&MID(W242,8,5),품번정리!$A:$B,2,FALSE)) | W242: =IF($AG242="","",Z242) | X242: =IF($AG242="","",AA242) | Y242: =IF($AG242="","",AB242) | Z242: =IF(AC242="",Z241,AC242) -> 품번색상 | AA242: =IF(AD242="",AA241,AD242) -> 업체명 | AB242: =IF(AE242="",AB241,AE242) -> 발주일
G243: =IF(ISERROR(VLOOKUP(MID(H243,1,5)&MID(H243,8,5),품번정리!$A:$B,2,FALSE))=TRUE,MID(H243,1,5)&MID(H243,8,5),VLOOKUP(MID(H243,1,5)&MID(H243,8,5),품번정리!$A:$B,2,FALSE)) | H243: =IF($R243="","",K243) | I243: =IF($R243="","",L243) | J243: =IF($R243="","",M243) | K243: =IF(N243="",K242,N243) -> JOKBAF3509PK | L243: =IF(O243="",L242,O243) -> 동일모자 | M243: =IF(P243="",M242,P243) -> 41782 | N243: JOKBAF3509PK | O243: 동일모자 | P243: 41782 | S243: 463 | T243: 0 | V243: =IF(ISERROR(VLOOKUP(MID(W243,1,5)&MID(W243,8,5),품번정리!$A:$B,2,FALSE))=TRUE,MID(W243,1,5)&MID(W243,8,5),VLOOKUP(MID(W243,1,5)&MID(W243,8,5),품번정리!$A:$B,2,FALSE)) | W243: =IF($AG243="","",Z243) | X243: =IF($AG243="","",AA243) | Y243: =IF($AG243="","",AB243) | Z243: =IF(AC243="",Z242,AC243) -> 품번색상 | AA243: =IF(AD243="",AA242,AD243) -> 업체명 | AB243: =IF(AE243="",AB242,AE243) -> 발주일
G244: =IF(ISERROR(VLOOKUP(MID(H244,1,5)&MID(H244,8,5),품번정리!$A:$B,2,FALSE))=TRUE,MID(H244,1,5)&MID(H244,8,5),VLOOKUP(MID(H244,1,5)&MID(H244,8,5),품번정리!$A:$B,2,FALSE)) | H244: =IF($R244="","",K244) | I244: =IF($R244="","",L244) | J244: =IF($R244="","",M244) | K244: =IF(N244="",K243,N244) -> JOKBAF3510YE | L244: =IF(O244="",L243,O244) -> 동일모자 | M244: =IF(P244="",M243,P244) -> 41782 | N244: JOKBAF3510YE | O244: 동일모자 | P244: 41782 | S244: 478 | T244: 0 | V244: =IF(ISERROR(VLOOKUP(MID(W244,1,5)&MID(W244,8,5),품번정리!$A:$B,2,FALSE))=TRUE,MID(W244,1,5)&MID(W244,8,5),VLOOKUP(MID(W244,1,5)&MID(W244,8,5),품번정리!$A:$B,2,FALSE)) | W244: =IF($AG244="","",Z244) | X244: =IF($AG244="","",AA244) | Y244: =IF($AG244="","",AB244) | Z244: =IF(AC244="",Z243,AC244) -> 품번색상 | AA244: =IF(AD244="",AA243,AD244) -> 업체명 | AB244: =IF(AE244="",AB243,AE244) -> 발주일
G245: =IF(ISERROR(VLOOKUP(MID(H245,1,5)&MID(H245,8,5),품번정리!$A:$B,2,FALSE))=TRUE,MID(H245,1,5)&MID(H245,8,5),VLOOKUP(MID(H245,1,5)&MID(H245,8,5),품번정리!$A:$B,2,FALSE)) | H245: =IF($R245="","",K245) | I245: =IF($R245="","",L245) | J245: =IF($R245="","",M245) | K245: =IF(N245="",K244,N245) -> JOKBAF3511GY | L245: =IF(O245="",L244,O245) -> 동일모자 | M245: =IF(P245="",M244,P245) -> 41782 | N245: JOKBAF3511GY | O245: 동일모자 | P245: 41782 | S245: 398 | T245: 0 | V245: =IF(ISERROR(VLOOKUP(MID(W245,1,5)&MID(W245,8,5),품번정리!$A:$B,2,FALSE))=TRUE,MID(W245,1,5)&MID(W245,8,5),VLOOKUP(MID(W245,1,5)&MID(W245,8,5),품번정리!$A:$B,2,FALSE)) | W245: =IF($AG245="","",Z245) | X245: =IF($AG245="","",AA245) | Y245: =IF($AG245="","",AB245) | Z245: =IF(AC245="",Z244,AC245) -> 품번색상 | AA245: =IF(AD245="",AA244,AD245) -> 업체명 | AB245: =IF(AE245="",AB244,AE245) -> 발주일
G246: =IF(ISERROR(VLOOKUP(MID(H246,1,5)&MID(H246,8,5),품번정리!$A:$B,2,FALSE))=TRUE,MID(H246,1,5)&MID(H246,8,5),VLOOKUP(MID(H246,1,5)&MID(H246,8,5),품번정리!$A:$B,2,FALSE)) | H246: =IF($R246="","",K246) | I246: =IF($R246="","",L246) | J246: =IF($R246="","",M246) | K246: =IF(N246="",K245,N246) -> JOKBAF3512PP | L246: =IF(O246="",L245,O246) -> 동일모자 | M246: =IF(P246="",M245,P246) -> 41782 | N246: JOKBAF3512PP | O246: 동일모자 | P246: 41782 | S246: 392 | T246: 0 | V246: =IF(ISERROR(VLOOKUP(MID(W246,1,5)&MID(W246,8,5),품번정리!$A:$B,2,FALSE))=TRUE,MID(W246,1,5)&MID(W246,8,5),VLOOKUP(MID(W246,1,5)&MID(W246,8,5),품번정리!$A:$B,2,FALSE)) | W246: =IF($AG246="","",Z246) | X246: =IF($AG246="","",AA246) | Y246: =IF($AG246="","",AB246) | Z246: =IF(AC246="",Z245,AC246) -> 품번색상 | AA246: =IF(AD246="",AA245,AD246) -> 업체명 | AB246: =IF(AE246="",AB245,AE246) -> 발주일
G247: =IF(ISERROR(VLOOKUP(MID(H247,1,5)&MID(H247,8,5),품번정리!$A:$B,2,FALSE))=TRUE,MID(H247,1,5)&MID(H247,8,5),VLOOKUP(MID(H247,1,5)&MID(H247,8,5),품번정리!$A:$B,2,FALSE)) | H247: =IF($R247="","",K247) | I247: =IF($R247="","",L247) | J247: =IF($R247="","",M247) | K247: =IF(N247="",K246,N247) -> JOKBAF5513PK | L247: =IF(O247="",L246,O247) -> 동일모자 | M247: =IF(P247="",M246,P247) -> 41782 | N247: JOKBAF5513PK | O247: 동일모자 | P247: 41782 | S247: 145 | T247: 0 | V247: =IF(ISERROR(VLOOKUP(MID(W247,1,5)&MID(W247,8,5),품번정리!$A:$B,2,FALSE))=TRUE,MID(W247,1,5)&MID(W247,8,5),VLOOKUP(MID(W247,1,5)&MID(W247,8,5),품번정리!$A:$B,2,FALSE)) | W247: =IF($AG247="","",Z247) | X247: =IF($AG247="","",AA247) | Y247: =IF($AG247="","",AB247) | Z247: =IF(AC247="",Z246,AC247) -> 품번색상 | AA247: =IF(AD247="",AA246,AD247) -> 업체명 | AB247: =IF(AE247="",AB246,AE247) -> 발주일
G248: =IF(ISERROR(VLOOKUP(MID(H248,1,5)&MID(H248,8,5),품번정리!$A:$B,2,FALSE))=TRUE,MID(H248,1,5)&MID(H248,8,5),VLOOKUP(MID(H248,1,5)&MID(H248,8,5),품번정리!$A:$B,2,FALSE)) | H248: =IF($R248="","",K248) | I248: =IF($R248="","",L248) | J248: =IF($R248="","",M248) | K248: =IF(N248="",K247,N248) -> POKEBF5503PK | L248: =IF(O248="",L247,O248) -> FOREMOST | M248: =IF(P248="",M247,P248) -> 41782 | N248: POKEBF5503PK | O248: FOREMOST | P248: 41782 | S248: 150 | T248: 0 | V248: =IF(ISERROR(VLOOKUP(MID(W248,1,5)&MID(W248,8,5),품번정리!$A:$B,2,FALSE))=TRUE,MID(W248,1,5)&MID(W248,8,5),VLOOKUP(MID(W248,1,5)&MID(W248,8,5),품번정리!$A:$B,2,FALSE)) | W248: =IF($AG248="","",Z248) | X248: =IF($AG248="","",AA248) | Y248: =IF($AG248="","",AB248) | Z248: =IF(AC248="",Z247,AC248) -> 품번색상 | AA248: =IF(AD248="",AA247,AD248) -> 업체명 | AB248: =IF(AE248="",AB247,AE248) -> 발주일
G249: =IF(ISERROR(VLOOKUP(MID(H249,1,5)&MID(H249,8,5),품번정리!$A:$B,2,FALSE))=TRUE,MID(H249,1,5)&MID(H249,8,5),VLOOKUP(MID(H249,1,5)&MID(H249,8,5),품번정리!$A:$B,2,FALSE)) | H249: =IF($R249="","",K249) | I249: =IF($R249="","",L249) | J249: =IF($R249="","",M249) | K249: =IF(N249="",K248,N249) -> POKEBF5504BL | L249: =IF(O249="",L248,O249) -> FOREMOST | M249: =IF(P249="",M248,P249) -> 41782 | N249: POKEBF5504BL | O249: FOREMOST | P249: 41782 | S249: 150 | T249: 0 | V249: =IF(ISERROR(VLOOKUP(MID(W249,1,5)&MID(W249,8,5),품번정리!$A:$B,2,FALSE))=TRUE,MID(W249,1,5)&MID(W249,8,5),VLOOKUP(MID(W249,1,5)&MID(W249,8,5),품번정리!$A:$B,2,FALSE)) | W249: =IF($AG249="","",Z249) | X249: =IF($AG249="","",AA249) | Y249: =IF($AG249="","",AB249) | Z249: =IF(AC249="",Z248,AC249) -> 품번색상 | AA249: =IF(AD249="",AA248,AD249) -> 업체명 | AB249: =IF(AE249="",AB248,AE249) -> 발주일
G250: =IF(ISERROR(VLOOKUP(MID(H250,1,5)&MID(H250,8,5),품번정리!$A:$B,2,FALSE))=TRUE,MID(H250,1,5)&MID(H250,8,5),VLOOKUP(MID(H250,1,5)&MID(H250,8,5),품번정리!$A:$B,2,FALSE)) | H250: =IF($R250="","",K250) | I250: =IF($R250="","",L250) | J250: =IF($R250="","",M250) | K250: =IF(N250="",K249,N250) -> DPKEBF5508PK | L250: =IF(O250="",L249,O250) -> FOREMOST | M250: =IF(P250="",M249,P250) -> 41782 | N250: DPKEBF5508PK | O250: FOREMOST | P250: 41782 | S250: 120 | T250: 0 | V250: =IF(ISERROR(VLOOKUP(MID(W250,1,5)&MID(W250,8,5),품번정리!$A:$B,2,FALSE))=TRUE,MID(W250,1,5)&MID(W250,8,5),VLOOKUP(MID(W250,1,5)&MID(W250,8,5),품번정리!$A:$B,2,FALSE)) | W250: =IF($AG250="","",Z250) | X250: =IF($AG250="","",AA250) | Y250: =IF($AG250="","",AB250) | Z250: =IF(AC250="",Z249,AC250) -> 품번색상 | AA250: =IF(AD250="",AA249,AD250) -> 업체명 | AB250: =IF(AE250="",AB249,AE250) -> 발주일
G251: =IF(ISERROR(VLOOKUP(MID(H251,1,5)&MID(H251,8,5),품번정리!$A:$B,2,FALSE))=TRUE,MID(H251,1,5)&MID(H251,8,5),VLOOKUP(MID(H251,1,5)&MID(H251,8,5),품번정리!$A:$B,2,FALSE)) | H251: =IF($R251="","",K251) | I251: =IF($R251="","",L251) | J251: =IF($R251="","",M251) | K251: =IF(N251="",K250,N251) -> JOKBPF3514BL | L251: =IF(O251="",L250,O251) -> KIDS FIRST TOYS | M251: =IF(P251="",M250,P251) -> 41786 | N251: JOKBPF3514BL | O251: KIDS FIRST TOYS | P251: 41786 | S251: 150 | T251: 0 | V251: =IF(ISERROR(VLOOKUP(MID(W251,1,5)&MID(W251,8,5),품번정리!$A:$B,2,FALSE))=TRUE,MID(W251,1,5)&MID(W251,8,5),VLOOKUP(MID(W251,1,5)&MID(W251,8,5),품번정리!$A:$B,2,FALSE)) | W251: =IF($AG251="","",Z251) | X251: =IF($AG251="","",AA251) | Y251: =IF($AG251="","",AB251) | Z251: =IF(AC251="",Z250,AC251) -> 품번색상 | AA251: =IF(AD251="",AA250,AD251) -> 업체명 | AB251: =IF(AE251="",AB250,AE251) -> 발주일
G252: =IF(ISERROR(VLOOKUP(MID(H252,1,5)&MID(H252,8,5),품번정리!$A:$B,2,FALSE))=TRUE,MID(H252,1,5)&MID(H252,8,5),VLOOKUP(MID(H252,1,5)&MID(H252,8,5),품번정리!$A:$B,2,FALSE)) | H252: =IF($R252="","",K252) | I252: =IF($R252="","",L252) | J252: =IF($R252="","",M252) | K252: =IF(N252="",K251,N252) -> JOKBPF3515GY | L252: =IF(O252="",L251,O252) -> KIDS FIRST TOYS | M252: =IF(P252="",M251,P252) -> 41786 | N252: JOKBPF3515GY | O252: KIDS FIRST TOYS | P252: 41786 | S252: 150 | T252: 0 | V252: =IF(ISERROR(VLOOKUP(MID(W252,1,5)&MID(W252,8,5),품번정리!$A:$B,2,FALSE))=TRUE,MID(W252,1,5)&MID(W252,8,5),VLOOKUP(MID(W252,1,5)&MID(W252,8,5),품번정리!$A:$B,2,FALSE)) | W252: =IF($AG252="","",Z252) | X252: =IF($AG252="","",AA252) | Y252: =IF($AG252="","",AB252) | Z252: =IF(AC252="",Z251,AC252) -> 품번색상 | AA252: =IF(AD252="",AA251,AD252) -> 업체명 | AB252: =IF(AE252="",AB251,AE252) -> 발주일
G253: =IF(ISERROR(VLOOKUP(MID(H253,1,5)&MID(H253,8,5),품번정리!$A:$B,2,FALSE))=TRUE,MID(H253,1,5)&MID(H253,8,5),VLOOKUP(MID(H253,1,5)&MID(H253,8,5),품번정리!$A:$B,2,FALSE)) | H253: =IF($R253="","",K253) | I253: =IF($R253="","",L253) | J253: =IF($R253="","",M253) | K253: =IF(N253="",K252,N253) -> JOKBPF3516PK | L253: =IF(O253="",L252,O253) -> KIDS FIRST TOYS | M253: =IF(P253="",M252,P253) -> 41786 | N253: JOKBPF3516PK | O253: KIDS FIRST TOYS | P253: 41786 | S253: 150 | T253: 0 | V253: =IF(ISERROR(VLOOKUP(MID(W253,1,5)&MID(W253,8,5),품번정리!$A:$B,2,FALSE))=TRUE,MID(W253,1,5)&MID(W253,8,5),VLOOKUP(MID(W253,1,5)&MID(W253,8,5),품번정리!$A:$B,2,FALSE)) | W253: =IF($AG253="","",Z253) | X253: =IF($AG253="","",AA253) | Y253: =IF($AG253="","",AB253) | Z253: =IF(AC253="",Z252,AC253) -> 품번색상 | AA253: =IF(AD253="",AA252,AD253) -> 업체명 | AB253: =IF(AE253="",AB252,AE253) -> 발주일
G254: =IF(ISERROR(VLOOKUP(MID(H254,1,5)&MID(H254,8,5),품번정리!$A:$B,2,FALSE))=TRUE,MID(H254,1,5)&MID(H254,8,5),VLOOKUP(MID(H254,1,5)&MID(H254,8,5),품번정리!$A:$B,2,FALSE)) | H254: =IF($R254="","",K254) | I254: =IF($R254="","",L254) | J254: =IF($R254="","",M254) | K254: =IF(N254="",K253,N254) -> JOKBPF3517IV | L254: =IF(O254="",L253,O254) -> KIDS FIRST TOYS | M254: =IF(P254="",M253,P254) -> 41786 | N254: JOKBPF3517IV | O254: KIDS FIRST TOYS | P254: 41786 | S254: 150 | T254: 0 | V254: =IF(ISERROR(VLOOKUP(MID(W254,1,5)&MID(W254,8,5),품번정리!$A:$B,2,FALSE))=TRUE,MID(W254,1,5)&MID(W254,8,5),VLOOKUP(MID(W254,1,5)&MID(W254,8,5),품번정리!$A:$B,2,FALSE)) | W254: =IF($AG254="","",Z254) | X254: =IF($AG254="","",AA254) | Y254: =IF($AG254="","",AB254) | Z254: =IF(AC254="",Z253,AC254) -> 품번색상 | AA254: =IF(AD254="",AA253,AD254) -> 업체명 | AB254: =IF(AE254="",AB253,AE254) -> 발주일
... G261: =IF(ISERROR(VLOOKUP(MID(H261,1,5)&MID(H261,8,5),품번정리!$A:$B,2,FALSE))=TRUE,MID(H261,1,5)&MID(H261,8,5),VLOOKUP(MID(H261,1,5)&MID(H261,8,5),품번정리!$A:$B,2,FALSE)) | H261: =IF($R261="","",K261) | I261: =IF($R261="","",L261) | J261: =IF($R261="","",M261) | K261: =IF(N261="",K260,N261) -> JOKEBF5523BL | L261: =IF(O261="",L260,O261) -> FOREMOST | M261: =IF(P261="",M260,P261) -> 41786 | N261: JOKEBF5523BL | O261: FOREMOST | P261: 41786 | S261: 180 | T261: 0 | V261: =IF(ISERROR(VLOOKUP(MID(W261,1,5)&MID(W261,8,5),품번정리!$A:$B,2,FALSE))=TRUE,MID(W261,1,5)&MID(W261,8,5),VLOOKUP(MID(W261,1,5)&MID(W261,8,5),품번정리!$A:$B,2,FALSE)) | W261: =IF($AG261="","",Z261) | X261: =IF($AG261="","",AA261) | Y261: =IF($AG261="","",AB261) | Z261: =IF(AC261="",Z260,AC261) -> 품번색상 | AA261: =IF(AD261="",AA260,AD261) -> 업체명 | AB261: =IF(AE261="",AB260,AE261) -> 발주일
G262: =IF(ISERROR(VLOOKUP(MID(H262,1,5)&MID(H262,8,5),품번정리!$A:$B,2,FALSE))=TRUE,MID(H262,1,5)&MID(H262,8,5),VLOOKUP(MID(H262,1,5)&MID(H262,8,5),품번정리!$A:$B,2,FALSE)) | H262: =IF($R262="","",K262) | I262: =IF($R262="","",L262) | J262: =IF($R262="","",M262) | K262: =IF(N262="",K261,N262) -> SMKBAF3729NY | L262: =IF(O262="",L261,O262) -> 성진 | M262: =IF(P262="",M261,P262) -> 41793 | N262: SMKBAF3729NY | O262: 성진 | P262: 41793 | Q262: R1 | S262: 800 | T262: 0 | V262: =IF(ISERROR(VLOOKUP(MID(W262,1,5)&MID(W262,8,5),품번정리!$A:$B,2,FALSE))=TRUE,MID(W262,1,5)&MID(W262,8,5),VLOOKUP(MID(W262,1,5)&MID(W262,8,5),품번정리!$A:$B,2,FALSE)) | W262: =IF($AG262="","",Z262) | X262: =IF($AG262="","",AA262) | Y262: =IF($AG262="","",AB262) | Z262: =IF(AC262="",Z261,AC262) -> 품번색상 | AA262: =IF(AD262="",AA261,AD262) -> 업체명 | AB262: =IF(AE262="",AB261,AE262) -> 발주일
G263: =IF(ISERROR(VLOOKUP(MID(H263,1,5)&MID(H263,8,5),품번정리!$A:$B,2,FALSE))=TRUE,MID(H263,1,5)&MID(H263,8,5),VLOOKUP(MID(H263,1,5)&MID(H263,8,5),품번정리!$A:$B,2,FALSE)) | H263: =IF($R263="","",K263) | I263: =IF($R263="","",L263) | J263: =IF($R263="","",M263) | K263: =IF(N263="",K262,N263) -> URKFIF3807BK | L263: =IF(O263="",L262,O263) -> 캡보이2 | M263: =IF(P263="",M262,P263) -> 41793 | N263: URKFIF3807BK | O263: 캡보이2 | P263: 41793 | Q263: R1 | S263: 450 | T263: 0 | V263: =IF(ISERROR(VLOOKUP(MID(W263,1,5)&MID(W263,8,5),품번정리!$A:$B,2,FALSE))=TRUE,MID(W263,1,5)&MID(W263,8,5),VLOOKUP(MID(W263,1,5)&MID(W263,8,5),품번정리!$A:$B,2,FALSE)) | W263: =IF($AG263="","",Z263) | X263: =IF($AG263="","",AA263) | Y263: =IF($AG263="","",AB263) | Z263: =IF(AC263="",Z262,AC263) -> 품번색상 | AA263: =IF(AD263="",AA262,AD263) -> 업체명 | AB263: =IF(AE263="",AB262,AE263) -> 발주일
G264: =IF(ISERROR(VLOOKUP(MID(H264,1,5)&MID(H264,8,5),품번정리!$A:$B,2,FALSE))=TRUE,MID(H264,1,5)&MID(H264,8,5),VLOOKUP(MID(H264,1,5)&MID(H264,8,5),품번정리!$A:$B,2,FALSE)) | H264: =IF($R264="","",K264) | I264: =IF($R264="","",L264) | J264: =IF($R264="","",M264) | K264: =IF(N264="",K263,N264) -> ELKBEF3533PK | L264: =IF(O264="",L263,O264) -> 아트인드림 | M264: =IF(P264="",M263,P264) -> 41802 | N264: ELKBEF3533PK | O264: 아트인드림 | P264: 41802 | S264: 395 | T264: 0 | V264: =IF(ISERROR(VLOOKUP(MID(W264,1,5)&MID(W264,8,5),품번정리!$A:$B,2,FALSE))=TRUE,MID(W264,1,5)&MID(W264,8,5),VLOOKUP(MID(W264,1,5)&MID(W264,8,5),품번정리!$A:$B,2,FALSE)) | W264: =IF($AG264="","",Z264) | X264: =IF($AG264="","",AA264) | Y264: =IF($AG264="","",AB264) | Z264: =IF(AC264="",Z263,AC264) -> 품번색상 | AA264: =IF(AD264="",AA263,AD264) -> 업체명 | AB264: =IF(AE264="",AB263,AE264) -> 발주일
G265: =IF(ISERROR(VLOOKUP(MID(H265,1,5)&MID(H265,8,5),품번정리!$A:$B,2,FALSE))=TRUE,MID(H265,1,5)&MID(H265,8,5),VLOOKUP(MID(H265,1,5)&MID(H265,8,5),품번정리!$A:$B,2,FALSE)) | H265: =IF($R265="","",K265) | I265: =IF($R265="","",L265) | J265: =IF($R265="","",M265) | K265: =IF(N265="",K264,N265) -> ELKBEF3534BL | L265: =IF(O265="",L264,O265) -> 아트인드림 | M265: =IF(P265="",M264,P265) -> 41802 | N265: ELKBEF3534BL | O265: 아트인드림 | P265: 41802 | S265: 390 | T265: 0 | V265: =IF(ISERROR(VLOOKUP(MID(W265,1,5)&MID(W265,8,5),품번정리!$A:$B,2,FALSE))=TRUE,MID(W265,1,5)&MID(W265,8,5),VLOOKUP(MID(W265,1,5)&MID(W265,8,5),품번정리!$A:$B,2,FALSE)) | W265: =IF($AG265="","",Z265) | X265: =IF($AG265="","",AA265) | Y265: =IF($AG265="","",AB265) | Z265: =IF(AC265="",Z264,AC265) -> 품번색상 | AA265: =IF(AD265="",AA264,AD265) -> 업체명 | AB265: =IF(AE265="",AB264,AE265) -> 발주일
G266: =IF(ISERROR(VLOOKUP(MID(H266,1,5)&MID(H266,8,5),품번정리!$A:$B,2,FALSE))=TRUE,MID(H266,1,5)&MID(H266,8,5),VLOOKUP(MID(H266,1,5)&MID(H266,8,5),품번정리!$A:$B,2,FALSE)) | H266: =IF($R266="","",K266) | I266: =IF($R266="","",L266) | J266: =IF($R266="","",M266) | K266: =IF(N266="",K265,N266) -> ELKBBF4595PK | L266: =IF(O266="",L265,O266) -> 아트인드림 | M266: =IF(P266="",M265,P266) -> 41802 | N266: ELKBBF4595PK | O266: 아트인드림 | P266: 41802 | S266: 340 | T266: 0 | V266: =IF(ISERROR(VLOOKUP(MID(W266,1,5)&MID(W266,8,5),품번정리!$A:$B,2,FALSE))=TRUE,MID(W266,1,5)&MID(W266,8,5),VLOOKUP(MID(W266,1,5)&MID(W266,8,5),품번정리!$A:$B,2,FALSE)) | W266: =IF($AG266="","",Z266) | X266: =IF($AG266="","",AA266) | Y266: =IF($AG266="","",AB266) | Z266: =IF(AC266="",Z265,AC266) -> 품번색상 | AA266: =IF(AD266="",AA265,AD266) -> 업체명 | AB266: =IF(AE266="",AB265,AE266) -> 발주일
G267: =IF(ISERROR(VLOOKUP(MID(H267,1,5)&MID(H267,8,5),품번정리!$A:$B,2,FALSE))=TRUE,MID(H267,1,5)&MID(H267,8,5),VLOOKUP(MID(H267,1,5)&MID(H267,8,5),품번정리!$A:$B,2,FALSE)) | H267: =IF($R267="","",K267) | I267: =IF($R267="","",L267) | J267: =IF($R267="","",M267) | K267: =IF(N267="",K266,N267) -> ELKBBF4596BL | L267: =IF(O267="",L266,O267) -> 아트인드림 | M267: =IF(P267="",M266,P267) -> 41802 | N267: ELKBBF4596BL | O267: 아트인드림 | P267: 41802 | S267: 340 | T267: 0 | V267: =IF(ISERROR(VLOOKUP(MID(W267,1,5)&MID(W267,8,5),품번정리!$A:$B,2,FALSE))=TRUE,MID(W267,1,5)&MID(W267,8,5),VLOOKUP(MID(W267,1,5)&MID(W267,8,5),품번정리!$A:$B,2,FALSE)) | W267: =IF($AG267="","",Z267) | X267: =IF($AG267="","",AA267) | Y267: =IF($AG267="","",AB267) | Z267: =IF(AC267="",Z266,AC267) -> 품번색상 | AA267: =IF(AD267="",AA266,AD267) -> 업체명 | AB267: =IF(AE267="",AB266,AE267) -> 발주일
G268: =IF(ISERROR(VLOOKUP(MID(H268,1,5)&MID(H268,8,5),품번정리!$A:$B,2,FALSE))=TRUE,MID(H268,1,5)&MID(H268,8,5),VLOOKUP(MID(H268,1,5)&MID(H268,8,5),품번정리!$A:$B,2,FALSE)) | H268: =IF($R268="","",K268) | I268: =IF($R268="","",L268) | J268: =IF($R268="","",M268) | K268: =IF(N268="",K267,N268) -> DPKBPF3501PK | L268: =IF(O268="",L267,O268) -> 바이칼 | M268: =IF(P268="",M267,P268) -> 41806 | N268: DPKBPF3501PK | O268: 바이칼 | P268: 41806 | S268: 100 | T268: 0 | V268: =IF(ISERROR(VLOOKUP(MID(W268,1,5)&MID(W268,8,5),품번정리!$A:$B,2,FALSE))=TRUE,MID(W268,1,5)&MID(W268,8,5),VLOOKUP(MID(W268,1,5)&MID(W268,8,5),품번정리!$A:$B,2,FALSE)) | W268: =IF($AG268="","",Z268) | X268: =IF($AG268="","",AA268) | Y268: =IF($AG268="","",AB268) | Z268: =IF(AC268="",Z267,AC268) -> 품번색상 | AA268: =IF(AD268="",AA267,AD268) -> 업체명 | AB268: =IF(AE268="",AB267,AE268) -> 발주일
G269: =IF(ISERROR(VLOOKUP(MID(H269,1,5)&MID(H269,8,5),품번정리!$A:$B,2,FALSE))=TRUE,MID(H269,1,5)&MID(H269,8,5),VLOOKUP(MID(H269,1,5)&MID(H269,8,5),품번정리!$A:$B,2,FALSE)) | H269: =IF($R269="","",K269) | I269: =IF($R269="","",L269) | J269: =IF($R269="","",M269) | K269: =IF(N269="",K268,N269) -> DPKBPF3502PK | L269: =IF(O269="",L268,O269) -> 바이칼 | M269: =IF(P269="",M268,P269) -> 41806 | N269: DPKBPF3502PK | O269: 바이칼 | P269: 41806 | S269: 100 | T269: 0 | V269: =IF(ISERROR(VLOOKUP(MID(W269,1,5)&MID(W269,8,5),품번정리!$A:$B,2,FALSE))=TRUE,MID(W269,1,5)&MID(W269,8,5),VLOOKUP(MID(W269,1,5)&MID(W269,8,5),품번정리!$A:$B,2,FALSE)) | W269: =IF($AG269="","",Z269) | X269: =IF($AG269="","",AA269) | Y269: =IF($AG269="","",AB269) | Z269: =IF(AC269="",Z268,AC269) -> 품번색상 | AA269: =IF(AD269="",AA268,AD269) -> 업체명 | AB269: =IF(AE269="",AB268,AE269) -> 발주일
G270: =IF(ISERROR(VLOOKUP(MID(H270,1,5)&MID(H270,8,5),품번정리!$A:$B,2,FALSE))=TRUE,MID(H270,1,5)&MID(H270,8,5),VLOOKUP(MID(H270,1,5)&MID(H270,8,5),품번정리!$A:$B,2,FALSE)) | H270: =IF($R270="","",K270) | I270: =IF($R270="","",L270) | J270: =IF($R270="","",M270) | K270: =IF(N270="",K269,N270) -> DPKBPF3503NY | L270: =IF(O270="",L269,O270) -> 바이칼 | M270: =IF(P270="",M269,P270) -> 41806 | N270: DPKBPF3503NY | O270: 바이칼 | P270: 41806 | S270: 100 | T270: 0 | V270: =IF(ISERROR(VLOOKUP(MID(W270,1,5)&MID(W270,8,5),품번정리!$A:$B,2,FALSE))=TRUE,MID(W270,1,5)&MID(W270,8,5),VLOOKUP(MID(W270,1,5)&MID(W270,8,5),품번정리!$A:$B,2,FALSE)) | W270: =IF($AG270="","",Z270) | X270: =IF($AG270="","",AA270) | Y270: =IF($AG270="","",AB270) | Z270: =IF(AC270="",Z269,AC270) -> 품번색상 | AA270: =IF(AD270="",AA269,AD270) -> 업체명 | AB270: =IF(AE270="",AB269,AE270) -> 발주일
G271: =IF(ISERROR(VLOOKUP(MID(H271,1,5)&MID(H271,8,5),품번정리!$A:$B,2,FALSE))=TRUE,MID(H271,1,5)&MID(H271,8,5),VLOOKUP(MID(H271,1,5)&MID(H271,8,5),품번정리!$A:$B,2,FALSE)) | H271: =IF($R271="","",K271) | I271: =IF($R271="","",L271) | J271: =IF($R271="","",M271) | K271: =IF(N271="",K270,N271) -> SBKEBF5551WH | L271: =IF(O271="",L270,O271) -> FOREMOST | M271: =IF(P271="",M270,P271) -> 41761 | N271: SBKEBF5551WH | O271: FOREMOST | P271: 41761 | S271: 280 | T271: 0 | V271: =IF(ISERROR(VLOOKUP(MID(W271,1,5)&MID(W271,8,5),품번정리!$A:$B,2,FALSE))=TRUE,MID(W271,1,5)&MID(W271,8,5),VLOOKUP(MID(W271,1,5)&MID(W271,8,5),품번정리!$A:$B,2,FALSE)) | W271: =IF($AG271="","",Z271) | X271: =IF($AG271="","",AA271) | Y271: =IF($AG271="","",AB271) | Z271: =IF(AC271="",Z270,AC271) -> 품번색상 | AA271: =IF(AD271="",AA270,AD271) -> 업체명 | AB271: =IF(AE271="",AB270,AE271) -> 발주일
G272: =IF(ISERROR(VLOOKUP(MID(H272,1,5)&MID(H272,8,5),품번정리!$A:$B,2,FALSE))=TRUE,MID(H272,1,5)&MID(H272,8,5),VLOOKUP(MID(H272,1,5)&MID(H272,8,5),품번정리!$A:$B,2,FALSE)) | H272: =IF($R272="","",K272) | I272: =IF($R272="","",L272) | J272: =IF($R272="","",M272) | K272: =IF(N272="",K271,N272) -> SBKEBF5551YE | L272: =IF(O272="",L271,O272) -> FOREMOST | M272: =IF(P272="",M271,P272) -> 41761 | N272: SBKEBF5551YE | O272: FOREMOST | P272: 41761 | S272: 280 | T272: 0 | V272: =IF(ISERROR(VLOOKUP(MID(W272,1,5)&MID(W272,8,5),품번정리!$A:$B,2,FALSE))=TRUE,MID(W272,1,5)&MID(W272,8,5),VLOOKUP(MID(W272,1,5)&MID(W272,8,5),품번정리!$A:$B,2,FALSE)) | W272: =IF($AG272="","",Z272) | X272: =IF($AG272="","",AA272) | Y272: =IF($AG272="","",AB272) | Z272: =IF(AC272="",Z271,AC272) -> 품번색상 | AA272: =IF(AD272="",AA271,AD272) -> 업체명 | AB272: =IF(AE272="",AB271,AE272) -> 발주일
G273: =IF(ISERROR(VLOOKUP(MID(H273,1,5)&MID(H273,8,5),품번정리!$A:$B,2,FALSE))=TRUE,MID(H273,1,5)&MID(H273,8,5),VLOOKUP(MID(H273,1,5)&MID(H273,8,5),품번정리!$A:$B,2,FALSE)) | H273: =IF($R273="","",K273) | I273: =IF($R273="","",L273) | J273: =IF($R273="","",M273) | K273: =IF(N273="",K272,N273) -> SBKEBF5550MT | L273: =IF(O273="",L272,O273) -> FOREMOST | M273: =IF(P273="",M272,P273) -> 41761 | N273: SBKEBF5550MT | O273: FOREMOST | P273: 41761 | S273: 425 | T273: 0 | V273: =IF(ISERROR(VLOOKUP(MID(W273,1,5)&MID(W273,8,5),품번정리!$A:$B,2,FALSE))=TRUE,MID(W273,1,5)&MID(W273,8,5),VLOOKUP(MID(W273,1,5)&MID(W273,8,5),품번정리!$A:$B,2,FALSE)) | W273: =IF($AG273="","",Z273) | X273: =IF($AG273="","",AA273) | Y273: =IF($AG273="","",AB273) | Z273: =IF(AC273="",Z272,AC273) -> 품번색상 | AA273: =IF(AD273="",AA272,AD273) -> 업체명 | AB273: =IF(AE273="",AB272,AE273) -> 발주일
G274: =IF(ISERROR(VLOOKUP(MID(H274,1,5)&MID(H274,8,5),품번정리!$A:$B,2,FALSE))=TRUE,MID(H274,1,5)&MID(H274,8,5),VLOOKUP(MID(H274,1,5)&MID(H274,8,5),품번정리!$A:$B,2,FALSE)) | H274: =IF($R274="","",K274) | I274: =IF($R274="","",L274) | J274: =IF($R274="","",M274) | K274: =IF(N274="",K273,N274) -> SBKEBF5545PK | L274: =IF(O274="",L273,O274) -> FOREMOST | M274: =IF(P274="",M273,P274) -> 41761 | N274: SBKEBF5545PK | O274: FOREMOST | P274: 41761 | S274: 199 | T274: 0 | V274: =IF(ISERROR(VLOOKUP(MID(W274,1,5)&MID(W274,8,5),품번정리!$A:$B,2,FALSE))=TRUE,MID(W274,1,5)&MID(W274,8,5),VLOOKUP(MID(W274,1,5)&MID(W274,8,5),품번정리!$A:$B,2,FALSE)) | W274: =IF($AG274="","",Z274) | X274: =IF($AG274="","",AA274) | Y274: =IF($AG274="","",AB274) | Z274: =IF(AC274="",Z273,AC274) -> 품번색상 | AA274: =IF(AD274="",AA273,AD274) -> 업체명 | AB274: =IF(AE274="",AB273,AE274) -> 발주일
G275: =IF(ISERROR(VLOOKUP(MID(H275,1,5)&MID(H275,8,5),품번정리!$A:$B,2,FALSE))=TRUE,MID(H275,1,5)&MID(H275,8,5),VLOOKUP(MID(H275,1,5)&MID(H275,8,5),품번정리!$A:$B,2,FALSE)) | H275: =IF($R275="","",K275) | I275: =IF($R275="","",L275) | J275: =IF($R275="","",M275) | K275: =IF(N275="",K274,N275) -> SBKEBF5545NY | L275: =IF(O275="",L274,O275) -> FOREMOST | M275: =IF(P275="",M274,P275) -> 41761 | N275: SBKEBF5545NY | O275: FOREMOST | P275: 41761 | S275: 195 | T275: 0 | V275: =IF(ISERROR(VLOOKUP(MID(W275,1,5)&MID(W275,8,5),품번정리!$A:$B,2,FALSE))=TRUE,MID(W275,1,5)&MID(W275,8,5),VLOOKUP(MID(W275,1,5)&MID(W275,8,5),품번정리!$A:$B,2,FALSE)) | W275: =IF($AG275="","",Z275) | X275: =IF($AG275="","",AA275) | Y275: =IF($AG275="","",AB275) | Z275: =IF(AC275="",Z274,AC275) -> 품번색상 | AA275: =IF(AD275="",AA274,AD275) -> 업체명 | AB275: =IF(AE275="",AB274,AE275) -> 발주일
G276: =IF(ISERROR(VLOOKUP(MID(H276,1,5)&MID(H276,8,5),품번정리!$A:$B,2,FALSE))=TRUE,MID(H276,1,5)&MID(H276,8,5),VLOOKUP(MID(H276,1,5)&MID(H276,8,5),품번정리!$A:$B,2,FALSE)) | H276: =IF($R276="","",K276) | I276: =IF($R276="","",L276) | J276: =IF($R276="","",M276) | K276: =IF(N276="",K275,N276) -> ELKSBF3801BK | L276: =IF(O276="",L275,O276) -> 바이칼 | M276: =IF(P276="",M275,P276) -> 41822 | N276: ELKSBF3801BK | O276: 바이칼 | P276: 41822 | Q276: R1 | S276: 100 | T276: 0 | V276: =IF(ISERROR(VLOOKUP(MID(W276,1,5)&MID(W276,8,5),품번정리!$A:$B,2,FALSE))=TRUE,MID(W276,1,5)&MID(W276,8,5),VLOOKUP(MID(W276,1,5)&MID(W276,8,5),품번정리!$A:$B,2,FALSE)) | W276: =IF($AG276="","",Z276) | X276: =IF($AG276="","",AA276) | Y276: =IF($AG276="","",AB276) | Z276: =IF(AC276="",Z275,AC276) -> 품번색상 | AA276: =IF(AD276="",AA275,AD276) -> 업체명 | AB276: =IF(AE276="",AB275,AE276) -> 발주일
G277: =IF(ISERROR(VLOOKUP(MID(H277,1,5)&MID(H277,8,5),품번정리!$A:$B,2,FALSE))=TRUE,MID(H277,1,5)&MID(H277,8,5),VLOOKUP(MID(H277,1,5)&MID(H277,8,5),품번정리!$A:$B,2,FALSE)) | H277: =IF($R277="","",K277) | I277: =IF($R277="","",L277) | J277: =IF($R277="","",M277) | K277: =IF(N277="",K276,N277) -> ELKBPF3505BK | L277: =IF(O277="",L276,O277) -> 바이칼 | M277: =IF(P277="",M276,P277) -> 41824 | N277: ELKBPF3505BK | O277: 바이칼 | P277: 41824 | S277: 150 | T277: 0 | V277: =IF(ISERROR(VLOOKUP(MID(W277,1,5)&MID(W277,8,5),품번정리!$A:$B,2,FALSE))=TRUE,MID(W277,1,5)&MID(W277,8,5),VLOOKUP(MID(W277,1,5)&MID(W277,8,5),품번정리!$A:$B,2,FALSE)) | W277: =IF($AG277="","",Z277) | X277: =IF($AG277="","",AA277) | Y277: =IF($AG277="","",AB277) | Z277: =IF(AC277="",Z276,AC277) -> 품번색상 | AA277: =IF(AD277="",AA276,AD277) -> 업체명 | AB277: =IF(AE277="",AB276,AE277) -> 발주일
G278: =IF(ISERROR(VLOOKUP(MID(H278,1,5)&MID(H278,8,5),품번정리!$A:$B,2,FALSE))=TRUE,MID(H278,1,5)&MID(H278,8,5),VLOOKUP(MID(H278,1,5)&MID(H278,8,5),품번정리!$A:$B,2,FALSE)) | H278: =IF($R278="","",K278) | I278: =IF($R278="","",L278) | J278: =IF($R278="","",M278) | K278: =IF(N278="",K277,N278) -> JOKBEF5524YE | L278: =IF(O278="",L277,O278) -> PRANCE | M278: =IF(P278="",M277,P278) -> 41837 | N278: JOKBEF5524YE | O278: PRANCE | P278: 41837 | S278: 180 | T278: 0 | V278: =IF(ISERROR(VLOOKUP(MID(W278,1,5)&MID(W278,8,5),품번정리!$A:$B,2,FALSE))=TRUE,MID(W278,1,5)&MID(W278,8,5),VLOOKUP(MID(W278,1,5)&MID(W278,8,5),품번정리!$A:$B,2,FALSE)) | W278: =IF($AG278="","",Z278) | X278: =IF($AG278="","",AA278) | Y278: =IF($AG278="","",AB278) | Z278: =IF(AC278="",Z277,AC278) -> 품번색상 | AA278: =IF(AD278="",AA277,AD278) -> 업체명 | AB278: =IF(AE278="",AB277,AE278) -> 발주일
G279: =IF(ISERROR(VLOOKUP(MID(H279,1,5)&MID(H279,8,5),품번정리!$A:$B,2,FALSE))=TRUE,MID(H279,1,5)&MID(H279,8,5),VLOOKUP(MID(H279,1,5)&MID(H279,8,5),품번정리!$A:$B,2,FALSE)) | H279: =IF($R279="","",K279) | I279: =IF($R279="","",L279) | J279: =IF($R279="","",M279) | K279: =IF(N279="",K278,N279) -> JOKBEF5525MT | L279: =IF(O279="",L278,O279) -> PRANCE | M279: =IF(P279="",M278,P279) -> 41837 | N279: JOKBEF5525MT | O279: PRANCE | P279: 41837 | S279: 180 | T279: 0 | V279: =IF(ISERROR(VLOOKUP(MID(W279,1,5)&MID(W279,8,5),품번정리!$A:$B,2,FALSE))=TRUE,MID(W279,1,5)&MID(W279,8,5),VLOOKUP(MID(W279,1,5)&MID(W279,8,5),품번정리!$A:$B,2,FALSE)) | W279: =IF($AG279="","",Z279) | X279: =IF($AG279="","",AA279) | Y279: =IF($AG279="","",AB279) | Z279: =IF(AC279="",Z278,AC279) -> 품번색상 | AA279: =IF(AD279="",AA278,AD279) -> 업체명 | AB279: =IF(AE279="",AB278,AE279) -> 발주일
G280: =IF(ISERROR(VLOOKUP(MID(H280,1,5)&MID(H280,8,5),품번정리!$A:$B,2,FALSE))=TRUE,MID(H280,1,5)&MID(H280,8,5),VLOOKUP(MID(H280,1,5)&MID(H280,8,5),품번정리!$A:$B,2,FALSE)) | H280: =IF($R280="","",K280) | I280: =IF($R280="","",L280) | J280: =IF($R280="","",M280) | K280: =IF(N280="",K279,N280) -> ELHBAF3649KH | L280: =IF(O280="",L279,O280) -> 림스스포츠 | M280: =IF(P280="",M279,P280) -> 41855 | N280: ELHBAF3649KH | O280: 림스스포츠 | P280: 41855 | Q280: R1 | S280: 117 | T280: 0 | V280: =IF(ISERROR(VLOOKUP(MID(W280,1,5)&MID(W280,8,5),품번정리!$A:$B,2,FALSE))=TRUE,MID(W280,1,5)&MID(W280,8,5),VLOOKUP(MID(W280,1,5)&MID(W280,8,5),품번정리!$A:$B,2,FALSE)) | W280: =IF($AG280="","",Z280) | X280: =IF($AG280="","",AA280) | Y280: =IF($AG280="","",AB280) | Z280: =IF(AC280="",Z279,AC280) -> 품번색상 | AA280: =IF(AD280="",AA279,AD280) -> 업체명 | AB280: =IF(AE280="",AB279,AE280) -> 발주일
G281: =IF(ISERROR(VLOOKUP(MID(H281,1,5)&MID(H281,8,5),품번정리!$A:$B,2,FALSE))=TRUE,MID(H281,1,5)&MID(H281,8,5),VLOOKUP(MID(H281,1,5)&MID(H281,8,5),품번정리!$A:$B,2,FALSE)) | H281: =IF($R281="","",K281) | I281: =IF($R281="","",L281) | J281: =IF($R281="","",M281) | K281: =IF(N281="",K280,N281) -> ELHBAF3649PK | L281: =IF(O281="",L280,O281) -> 동일모자 | M281: =IF(P281="",M280,P281) -> 41855 | N281: ELHBAF3649PK | O281: 동일모자 | P281: 41855 | Q281: R1 | S281: 500 | T281: 0 | V281: =IF(ISERROR(VLOOKUP(MID(W281,1,5)&MID(W281,8,5),품번정리!$A:$B,2,FALSE))=TRUE,MID(W281,1,5)&MID(W281,8,5),VLOOKUP(MID(W281,1,5)&MID(W281,8,5),품번정리!$A:$B,2,FALSE)) | W281: =IF($AG281="","",Z281) | X281: =IF($AG281="","",AA281) | Y281: =IF($AG281="","",AB281) | Z281: =IF(AC281="",Z280,AC281) -> 품번색상 | AA281: =IF(AD281="",AA280,AD281) -> 업체명 | AB281: =IF(AE281="",AB280,AE281) -> 발주일
G282: =IF(ISERROR(VLOOKUP(MID(H282,1,5)&MID(H282,8,5),품번정리!$A:$B,2,FALSE))=TRUE,MID(H282,1,5)&MID(H282,8,5),VLOOKUP(MID(H282,1,5)&MID(H282,8,5),품번정리!$A:$B,2,FALSE)) | H282: =IF($R282="","",K282) | I282: =IF($R282="","",L282) | J282: =IF($R282="","",M282) | K282: =IF(N282="",K281,N282) -> ELHFIF3640GR | L282: =IF(O282="",L281,O282) -> 성진 | M282: =IF(P282="",M281,P282) -> 41855 | N282: ELHFIF3640GR | O282: 성진 | P282: 41855 | Q282: R1 | S282: 500 | T282: 0 | V282: =IF(ISERROR(VLOOKUP(MID(W282,1,5)&MID(W282,8,5),품번정리!$A:$B,2,FALSE))=TRUE,MID(W282,1,5)&MID(W282,8,5),VLOOKUP(MID(W282,1,5)&MID(W282,8,5),품번정리!$A:$B,2,FALSE)) | W282: =IF($AG282="","",Z282) | X282: =IF($AG282="","",AA282) | Y282: =IF($AG282="","",AB282) | Z282: =IF(AC282="",Z281,AC282) -> 품번색상 | AA282: =IF(AD282="",AA281,AD282) -> 업체명 | AB282: =IF(AE282="",AB281,AE282) -> 발주일
G283: =IF(ISERROR(VLOOKUP(MID(H283,1,5)&MID(H283,8,5),품번정리!$A:$B,2,FALSE))=TRUE,MID(H283,1,5)&MID(H283,8,5),VLOOKUP(MID(H283,1,5)&MID(H283,8,5),품번정리!$A:$B,2,FALSE)) | H283: =IF($R283="","",K283) | I283: =IF($R283="","",L283) | J283: =IF($R283="","",M283) | K283: =IF(N283="",K282,N283) -> ELHFAF3818BL | L283: =IF(O283="",L282,O283) -> FOREMOST | M283: =IF(P283="",M282,P283) -> 41855 | N283: ELHFAF3818BL | O283: FOREMOST | P283: 41855 | Q283: R1 | S283: 100 | T283: 0 | V283: =IF(ISERROR(VLOOKUP(MID(W283,1,5)&MID(W283,8,5),품번정리!$A:$B,2,FALSE))=TRUE,MID(W283,1,5)&MID(W283,8,5),VLOOKUP(MID(W283,1,5)&MID(W283,8,5),품번정리!$A:$B,2,FALSE)) | W283: =IF($AG283="","",Z283) | X283: =IF($AG283="","",AA283) | Y283: =IF($AG283="","",AB283) | Z283: =IF(AC283="",Z282,AC283) -> 품번색상 | AA283: =IF(AD283="",AA282,AD283) -> 업체명 | AB283: =IF(AE283="",AB282,AE283) -> 발주일
G284: =IF(ISERROR(VLOOKUP(MID(H284,1,5)&MID(H284,8,5),품번정리!$A:$B,2,FALSE))=TRUE,MID(H284,1,5)&MID(H284,8,5),VLOOKUP(MID(H284,1,5)&MID(H284,8,5),품번정리!$A:$B,2,FALSE)) | H284: =IF($R284="","",K284) | I284: =IF($R284="","",L284) | J284: =IF($R284="","",M284) | K284: =IF(N284="",K283,N284) -> ELHBAF3811LI | L284: =IF(O284="",L283,O284) -> 성진 | M284: =IF(P284="",M283,P284) -> 41855 | N284: ELHBAF3811LI | O284: 성진 | P284: 41855 | Q284: R1 | S284: 300 | T284: 0 | V284: =IF(ISERROR(VLOOKUP(MID(W284,1,5)&MID(W284,8,5),품번정리!$A:$B,2,FALSE))=TRUE,MID(W284,1,5)&MID(W284,8,5),VLOOKUP(MID(W284,1,5)&MID(W284,8,5),품번정리!$A:$B,2,FALSE)) | W284: =IF($AG284="","",Z284) | X284: =IF($AG284="","",AA284) | Y284: =IF($AG284="","",AB284) | Z284: =IF(AC284="",Z283,AC284) -> 품번색상 | AA284: =IF(AD284="",AA283,AD284) -> 업체명 | AB284: =IF(AE284="",AB283,AE284) -> 발주일
G285: =IF(ISERROR(VLOOKUP(MID(H285,1,5)&MID(H285,8,5),품번정리!$A:$B,2,FALSE))=TRUE,MID(H285,1,5)&MID(H285,8,5),VLOOKUP(MID(H285,1,5)&MID(H285,8,5),품번정리!$A:$B,2,FALSE)) | H285: =IF($R285="","",K285) | I285: =IF($R285="","",L285) | J285: =IF($R285="","",M285) | K285: =IF(N285="",K284,N285) -> ELHBAF3811PK | L285: =IF(O285="",L284,O285) -> 성진 | M285: =IF(P285="",M284,P285) -> 41855 | N285: ELHBAF3811PK | O285: 성진 | P285: 41855 | Q285: R1 | S285: 500 | T285: 0 | V285: =IF(ISERROR(VLOOKUP(MID(W285,1,5)&MID(W285,8,5),품번정리!$A:$B,2,FALSE))=TRUE,MID(W285,1,5)&MID(W285,8,5),VLOOKUP(MID(W285,1,5)&MID(W285,8,5),품번정리!$A:$B,2,FALSE)) | W285: =IF($AG285="","",Z285) | X285: =IF($AG285="","",AA285) | Y285: =IF($AG285="","",AB285) | Z285: =IF(AC285="",Z284,AC285) -> 품번색상 | AA285: =IF(AD285="",AA284,AD285) -> 업체명 | AB285: =IF(AE285="",AB284,AE285) -> 발주일
G286: =IF(ISERROR(VLOOKUP(MID(H286,1,5)&MID(H286,8,5),품번정리!$A:$B,2,FALSE))=TRUE,MID(H286,1,5)&MID(H286,8,5),VLOOKUP(MID(H286,1,5)&MID(H286,8,5),품번정리!$A:$B,2,FALSE)) | H286: =IF($R286="","",K286) | I286: =IF($R286="","",L286) | J286: =IF($R286="","",M286) | K286: =IF(N286="",K285,N286) -> ELHBAF3812NY | L286: =IF(O286="",L285,O286) -> 성진 | M286: =IF(P286="",M285,P286) -> 41855 | N286: ELHBAF3812NY | O286: 성진 | P286: 41855 | Q286: R1 | S286: 300 | T286: 0 | V286: =IF(ISERROR(VLOOKUP(MID(W286,1,5)&MID(W286,8,5),품번정리!$A:$B,2,FALSE))=TRUE,MID(W286,1,5)&MID(W286,8,5),VLOOKUP(MID(W286,1,5)&MID(W286,8,5),품번정리!$A:$B,2,FALSE)) | W286: =IF($AG286="","",Z286) | X286: =IF($AG286="","",AA286) | Y286: =IF($AG286="","",AB286) | Z286: =IF(AC286="",Z285,AC286) -> 품번색상 | AA286: =IF(AD286="",AA285,AD286) -> 업체명 | AB286: =IF(AE286="",AB285,AE286) -> 발주일
G287: =IF(ISERROR(VLOOKUP(MID(H287,1,5)&MID(H287,8,5),품번정리!$A:$B,2,FALSE))=TRUE,MID(H287,1,5)&MID(H287,8,5),VLOOKUP(MID(H287,1,5)&MID(H287,8,5),품번정리!$A:$B,2,FALSE)) | H287: =IF($R287="","",K287) | I287: =IF($R287="","",L287) | J287: =IF($R287="","",M287) | K287: =IF(N287="",K286,N287) -> ELHFIF3642BL | L287: =IF(O287="",L286,O287) -> 성진 | M287: =IF(P287="",M286,P287) -> 41855 | N287: ELHFIF3642BL | O287: 성진 | P287: 41855 | Q287: R1 | S287: 300 | T287: 0 | V287: =IF(ISERROR(VLOOKUP(MID(W287,1,5)&MID(W287,8,5),품번정리!$A:$B,2,FALSE))=TRUE,MID(W287,1,5)&MID(W287,8,5),VLOOKUP(MID(W287,1,5)&MID(W287,8,5),품번정리!$A:$B,2,FALSE)) | W287: =IF($AG287="","",Z287) | X287: =IF($AG287="","",AA287) | Y287: =IF($AG287="","",AB287) | Z287: =IF(AC287="",Z286,AC287) -> 품번색상 | AA287: =IF(AD287="",AA286,AD287) -> 업체명 | AB287: =IF(AE287="",AB286,AE287) -> 발주일
G288: =IF(ISERROR(VLOOKUP(MID(H288,1,5)&MID(H288,8,5),품번정리!$A:$B,2,FALSE))=TRUE,MID(H288,1,5)&MID(H288,8,5),VLOOKUP(MID(H288,1,5)&MID(H288,8,5),품번정리!$A:$B,2,FALSE)) | H288: =IF($R288="","",K288) | I288: =IF($R288="","",L288) | J288: =IF($R288="","",M288) | K288: =IF(N288="",K287,N288) -> ELHFIF3720GY | L288: =IF(O288="",L287,O288) -> 성진 | M288: =IF(P288="",M287,P288) -> 41855 | N288: ELHFIF3720GY | O288: 성진 | P288: 41855 | Q288: R1 | S288: 300 | T288: 0 | V288: =IF(ISERROR(VLOOKUP(MID(W288,1,5)&MID(W288,8,5),품번정리!$A:$B,2,FALSE))=TRUE,MID(W288,1,5)&MID(W288,8,5),VLOOKUP(MID(W288,1,5)&MID(W288,8,5),품번정리!$A:$B,2,FALSE)) | W288: =IF($AG288="","",Z288) | X288: =IF($AG288="","",AA288) | Y288: =IF($AG288="","",AB288) | Z288: =IF(AC288="",Z287,AC288) -> 품번색상 | AA288: =IF(AD288="",AA287,AD288) -> 업체명 | AB288: =IF(AE288="",AB287,AE288) -> 발주일
G289: =IF(ISERROR(VLOOKUP(MID(H289,1,5)&MID(H289,8,5),품번정리!$A:$B,2,FALSE))=TRUE,MID(H289,1,5)&MID(H289,8,5),VLOOKUP(MID(H289,1,5)&MID(H289,8,5),품번정리!$A:$B,2,FALSE)) | H289: =IF($R289="","",K289) | I289: =IF($R289="","",L289) | J289: =IF($R289="","",M289) | K289: =IF(N289="",K288,N289) -> ELHFIF3720PK | L289: =IF(O289="",L288,O289) -> 성진 | M289: =IF(P289="",M288,P289) -> 41855 | N289: ELHFIF3720PK | O289: 성진 | P289: 41855 | Q289: R1 | S289: 300 | T289: 0 | V289: =IF(ISERROR(VLOOKUP(MID(W289,1,5)&MID(W289,8,5),품번정리!$A:$B,2,FALSE))=TRUE,MID(W289,1,5)&MID(W289,8,5),VLOOKUP(MID(W289,1,5)&MID(W289,8,5),품번정리!$A:$B,2,FALSE)) | W289: =IF($AG289="","",Z289) | X289: =IF($AG289="","",AA289) | Y289: =IF($AG289="","",AB289) | Z289: =IF(AC289="",Z288,AC289) -> 품번색상 | AA289: =IF(AD289="",AA288,AD289) -> 업체명 | AB289: =IF(AE289="",AB288,AE289) -> 발주일
G290: =IF(ISERROR(VLOOKUP(MID(H290,1,5)&MID(H290,8,5),품번정리!$A:$B,2,FALSE))=TRUE,MID(H290,1,5)&MID(H290,8,5),VLOOKUP(MID(H290,1,5)&MID(H290,8,5),품번정리!$A:$B,2,FALSE)) | H290: =IF($R290="","",K290) | I290: =IF($R290="","",L290) | J290: =IF($R290="","",M290) | K290: =IF(N290="",K289,N290) -> ELHFIF3712BL | L290: =IF(O290="",L289,O290) -> 성진 | M290: =IF(P290="",M289,P290) -> 41855 | N290: ELHFIF3712BL | O290: 성진 | P290: 41855 | Q290: R1 | S290: 300 | T290: 0 | V290: =IF(ISERROR(VLOOKUP(MID(W290,1,5)&MID(W290,8,5),품번정리!$A:$B,2,FALSE))=TRUE,MID(W290,1,5)&MID(W290,8,5),VLOOKUP(MID(W290,1,5)&MID(W290,8,5),품번정리!$A:$B,2,FALSE)) | W290: =IF($AG290="","",Z290) | X290: =IF($AG290="","",AA290) | Y290: =IF($AG290="","",AB290) | Z290: =IF(AC290="",Z289,AC290) -> 품번색상 | AA290: =IF(AD290="",AA289,AD290) -> 업체명 | AB290: =IF(AE290="",AB289,AE290) -> 발주일
G291: =IF(ISERROR(VLOOKUP(MID(H291,1,5)&MID(H291,8,5),품번정리!$A:$B,2,FALSE))=TRUE,MID(H291,1,5)&MID(H291,8,5),VLOOKUP(MID(H291,1,5)&MID(H291,8,5),품번정리!$A:$B,2,FALSE)) | H291: =IF($R291="","",K291) | I291: =IF($R291="","",L291) | J291: =IF($R291="","",M291) | K291: =IF(N291="",K290,N291) -> ELHFIF3714GR | L291: =IF(O291="",L290,O291) -> 성진 | M291: =IF(P291="",M290,P291) -> 41855 | N291: ELHFIF3714GR | O291: 성진 | P291: 41855 | Q291: R1 | S291: 500 | T291: 0 | V291: =IF(ISERROR(VLOOKUP(MID(W291,1,5)&MID(W291,8,5),품번정리!$A:$B,2,FALSE))=TRUE,MID(W291,1,5)&MID(W291,8,5),VLOOKUP(MID(W291,1,5)&MID(W291,8,5),품번정리!$A:$B,2,FALSE)) | W291: =IF($AG291="","",Z291) | X291: =IF($AG291="","",AA291) | Y291: =IF($AG291="","",AB291) | Z291: =IF(AC291="",Z290,AC291) -> 품번색상 | AA291: =IF(AD291="",AA290,AD291) -> 업체명 | AB291: =IF(AE291="",AB290,AE291) -> 발주일
... G293: =IF(ISERROR(VLOOKUP(MID(H293,1,5)&MID(H293,8,5),품번정리!$A:$B,2,FALSE))=TRUE,MID(H293,1,5)&MID(H293,8,5),VLOOKUP(MID(H293,1,5)&MID(H293,8,5),품번정리!$A:$B,2,FALSE)) | H293: =IF($R293="","",K293) | I293: =IF($R293="","",L293) | J293: =IF($R293="","",M293) | K293: =IF(N293="",K292,N293) -> ELHFIF3826RE | L293: =IF(O293="",L292,O293) -> 성진 | M293: =IF(P293="",M292,P293) -> 41855 | N293: ELHFIF3826RE | O293: 성진 | P293: 41855 | Q293: R1 | S293: 500 | T293: 0 | V293: =IF(ISERROR(VLOOKUP(MID(W293,1,5)&MID(W293,8,5),품번정리!$A:$B,2,FALSE))=TRUE,MID(W293,1,5)&MID(W293,8,5),VLOOKUP(MID(W293,1,5)&MID(W293,8,5),품번정리!$A:$B,2,FALSE)) | W293: =IF($AG293="","",Z293) | X293: =IF($AG293="","",AA293) | Y293: =IF($AG293="","",AB293) | Z293: =IF(AC293="",Z292,AC293) -> 품번색상 | AA293: =IF(AD293="",AA292,AD293) -> 업체명 | AB293: =IF(AE293="",AB292,AE293) -> 발주일
G294: =IF(ISERROR(VLOOKUP(MID(H294,1,5)&MID(H294,8,5),품번정리!$A:$B,2,FALSE))=TRUE,MID(H294,1,5)&MID(H294,8,5),VLOOKUP(MID(H294,1,5)&MID(H294,8,5),품번정리!$A:$B,2,FALSE)) | H294: =IF($R294="","",K294) | I294: =IF($R294="","",L294) | J294: =IF($R294="","",M294) | K294: =IF(N294="",K293,N294) -> ELHFIF3721MT | L294: =IF(O294="",L293,O294) -> 캡보이 | M294: =IF(P294="",M293,P294) -> 41855 | N294: ELHFIF3721MT | O294: 캡보이 | P294: 41855 | S294: 500 | T294: 0 | V294: =IF(ISERROR(VLOOKUP(MID(W294,1,5)&MID(W294,8,5),품번정리!$A:$B,2,FALSE))=TRUE,MID(W294,1,5)&MID(W294,8,5),VLOOKUP(MID(W294,1,5)&MID(W294,8,5),품번정리!$A:$B,2,FALSE)) | W294: =IF($AG294="","",Z294) | X294: =IF($AG294="","",AA294) | Y294: =IF($AG294="","",AB294) | Z294: =IF(AC294="",Z293,AC294) -> 품번색상 | AA294: =IF(AD294="",AA293,AD294) -> 업체명 | AB294: =IF(AE294="",AB293,AE294) -> 발주일
G295: =IF(ISERROR(VLOOKUP(MID(H295,1,5)&MID(H295,8,5),품번정리!$A:$B,2,FALSE))=TRUE,MID(H295,1,5)&MID(H295,8,5),VLOOKUP(MID(H295,1,5)&MID(H295,8,5),품번정리!$A:$B,2,FALSE)) | H295: =IF($R295="","",K295) | I295: =IF($R295="","",L295) | J295: =IF($R295="","",M295) | K295: =IF(N295="",K294,N295) -> ELHFIF3721OR | L295: =IF(O295="",L294,O295) -> 캡보이 | M295: =IF(P295="",M294,P295) -> 41855 | N295: ELHFIF3721OR | O295: 캡보이 | P295: 41855 | S295: 500 | T295: 0 | V295: =IF(ISERROR(VLOOKUP(MID(W295,1,5)&MID(W295,8,5),품번정리!$A:$B,2,FALSE))=TRUE,MID(W295,1,5)&MID(W295,8,5),VLOOKUP(MID(W295,1,5)&MID(W295,8,5),품번정리!$A:$B,2,FALSE)) | W295: =IF($AG295="","",Z295) | X295: =IF($AG295="","",AA295) | Y295: =IF($AG295="","",AB295) | Z295: =IF(AC295="",Z294,AC295) -> 품번색상 | AA295: =IF(AD295="",AA294,AD295) -> 업체명 | AB295: =IF(AE295="",AB294,AE295) -> 발주일
G296: =IF(ISERROR(VLOOKUP(MID(H296,1,5)&MID(H296,8,5),품번정리!$A:$B,2,FALSE))=TRUE,MID(H296,1,5)&MID(H296,8,5),VLOOKUP(MID(H296,1,5)&MID(H296,8,5),품번정리!$A:$B,2,FALSE)) | H296: =IF($R296="","",K296) | I296: =IF($R296="","",L296) | J296: =IF($R296="","",M296) | K296: =IF(N296="",K295,N296) -> ELHFIF3726BL | L296: =IF(O296="",L295,O296) -> 캡보이 | M296: =IF(P296="",M295,P296) -> 41855 | N296: ELHFIF3726BL | O296: 캡보이 | P296: 41855 | S296: 500 | T296: 0 | V296: =IF(ISERROR(VLOOKUP(MID(W296,1,5)&MID(W296,8,5),품번정리!$A:$B,2,FALSE))=TRUE,MID(W296,1,5)&MID(W296,8,5),VLOOKUP(MID(W296,1,5)&MID(W296,8,5),품번정리!$A:$B,2,FALSE)) | W296: =IF($AG296="","",Z296) | X296: =IF($AG296="","",AA296) | Y296: =IF($AG296="","",AB296) | Z296: =IF(AC296="",Z295,AC296) -> 품번색상 | AA296: =IF(AD296="",AA295,AD296) -> 업체명 | AB296: =IF(AE296="",AB295,AE296) -> 발주일
G297: =IF(ISERROR(VLOOKUP(MID(H297,1,5)&MID(H297,8,5),품번정리!$A:$B,2,FALSE))=TRUE,MID(H297,1,5)&MID(H297,8,5),VLOOKUP(MID(H297,1,5)&MID(H297,8,5),품번정리!$A:$B,2,FALSE)) | H297: =IF($R297="","",K297) | I297: =IF($R297="","",L297) | J297: =IF($R297="","",M297) | K297: =IF(N297="",K296,N297) -> ELHFIF3727OR | L297: =IF(O297="",L296,O297) -> 캡보이 | M297: =IF(P297="",M296,P297) -> 41855 | N297: ELHFIF3727OR | O297: 캡보이 | P297: 41855 | S297: 300 | T297: 0 | V297: =IF(ISERROR(VLOOKUP(MID(W297,1,5)&MID(W297,8,5),품번정리!$A:$B,2,FALSE))=TRUE,MID(W297,1,5)&MID(W297,8,5),VLOOKUP(MID(W297,1,5)&MID(W297,8,5),품번정리!$A:$B,2,FALSE)) | W297: =IF($AG297="","",Z297) | X297: =IF($AG297="","",AA297) | Y297: =IF($AG297="","",AB297) | Z297: =IF(AC297="",Z296,AC297) -> 품번색상 | AA297: =IF(AD297="",AA296,AD297) -> 업체명 | AB297: =IF(AE297="",AB296,AE297) -> 발주일
G298: =IF(ISERROR(VLOOKUP(MID(H298,1,5)&MID(H298,8,5),품번정리!$A:$B,2,FALSE))=TRUE,MID(H298,1,5)&MID(H298,8,5),VLOOKUP(MID(H298,1,5)&MID(H298,8,5),품번정리!$A:$B,2,FALSE)) | H298: =IF($R298="","",K298) | I298: =IF($R298="","",L298) | J298: =IF($R298="","",M298) | K298: =IF(N298="",K297,N298) -> NOHFAF3605BG | L298: =IF(O298="",L297,O298) -> FOREMOST | M298: =IF(P298="",M297,P298) -> 41855 | N298: NOHFAF3605BG | O298: FOREMOST | P298: 41855 | Q298: R1 | S298: 101 | T298: 0 | V298: =IF(ISERROR(VLOOKUP(MID(W298,1,5)&MID(W298,8,5),품번정리!$A:$B,2,FALSE))=TRUE,MID(W298,1,5)&MID(W298,8,5),VLOOKUP(MID(W298,1,5)&MID(W298,8,5),품번정리!$A:$B,2,FALSE)) | W298: =IF($AG298="","",Z298) | X298: =IF($AG298="","",AA298) | Y298: =IF($AG298="","",AB298) | Z298: =IF(AC298="",Z297,AC298) -> 품번색상 | AA298: =IF(AD298="",AA297,AD298) -> 업체명 | AB298: =IF(AE298="",AB297,AE298) -> 발주일
G299: =IF(ISERROR(VLOOKUP(MID(H299,1,5)&MID(H299,8,5),품번정리!$A:$B,2,FALSE))=TRUE,MID(H299,1,5)&MID(H299,8,5),VLOOKUP(MID(H299,1,5)&MID(H299,8,5),품번정리!$A:$B,2,FALSE)) | H299: =IF($R299="","",K299) | I299: =IF($R299="","",L299) | J299: =IF($R299="","",M299) | K299: =IF(N299="",K298,N299) -> NOHMIF3602RE | L299: =IF(O299="",L298,O299) -> FOREMOST | M299: =IF(P299="",M298,P299) -> 41855 | N299: NOHMIF3602RE | O299: FOREMOST | P299: 41855 | Q299: R1 | S299: 210 | T299: 0 | V299: =IF(ISERROR(VLOOKUP(MID(W299,1,5)&MID(W299,8,5),품번정리!$A:$B,2,FALSE))=TRUE,MID(W299,1,5)&MID(W299,8,5),VLOOKUP(MID(W299,1,5)&MID(W299,8,5),품번정리!$A:$B,2,FALSE)) | W299: =IF($AG299="","",Z299) | X299: =IF($AG299="","",AA299) | Y299: =IF($AG299="","",AB299) | Z299: =IF(AC299="",Z298,AC299) -> 품번색상 | AA299: =IF(AD299="",AA298,AD299) -> 업체명 | AB299: =IF(AE299="",AB298,AE299) -> 발주일
G300: =IF(ISERROR(VLOOKUP(MID(H300,1,5)&MID(H300,8,5),품번정리!$A:$B,2,FALSE))=TRUE,MID(H300,1,5)&MID(H300,8,5),VLOOKUP(MID(H300,1,5)&MID(H300,8,5),품번정리!$A:$B,2,FALSE)) | H300: =IF($R300="","",K300) | I300: =IF($R300="","",L300) | J300: =IF($R300="","",M300) | K300: =IF(N300="",K299,N300) -> SMHFIF3702RE | L300: =IF(O300="",L299,O300) -> 성진 | M300: =IF(P300="",M299,P300) -> 41855 | N300: SMHFIF3702RE | O300: 성진 | P300: 41855 | Q300: R1 | S300: 300 | T300: 0 | V300: =IF(ISERROR(VLOOKUP(MID(W300,1,5)&MID(W300,8,5),품번정리!$A:$B,2,FALSE))=TRUE,MID(W300,1,5)&MID(W300,8,5),VLOOKUP(MID(W300,1,5)&MID(W300,8,5),품번정리!$A:$B,2,FALSE)) | W300: =IF($AG300="","",Z300) | X300: =IF($AG300="","",AA300) | Y300: =IF($AG300="","",AB300) | Z300: =IF(AC300="",Z299,AC300) -> 품번색상 | AA300: =IF(AD300="",AA299,AD300) -> 업체명 | AB300: =IF(AE300="",AB299,AE300) -> 발주일
G301: =IF(ISERROR(VLOOKUP(MID(H301,1,5)&MID(H301,8,5),품번정리!$A:$B,2,FALSE))=TRUE,MID(H301,1,5)&MID(H301,8,5),VLOOKUP(MID(H301,1,5)&MID(H301,8,5),품번정리!$A:$B,2,FALSE)) | H301: =IF($R301="","",K301) | I301: =IF($R301="","",L301) | J301: =IF($R301="","",M301) | K301: =IF(N301="",K300,N301) -> SMHFLF3740KH | L301: =IF(O301="",L300,O301) -> 성진 | M301: =IF(P301="",M300,P301) -> 41855 | N301: SMHFLF3740KH | O301: 성진 | P301: 41855 | Q301: R1 | S301: 176 | T301: 0 | V301: =IF(ISERROR(VLOOKUP(MID(W301,1,5)&MID(W301,8,5),품번정리!$A:$B,2,FALSE))=TRUE,MID(W301,1,5)&MID(W301,8,5),VLOOKUP(MID(W301,1,5)&MID(W301,8,5),품번정리!$A:$B,2,FALSE)) | W301: =IF($AG301="","",Z301) | X301: =IF($AG301="","",AA301) | Y301: =IF($AG301="","",AB301) | Z301: =IF(AC301="",Z300,AC301) -> 품번색상 | AA301: =IF(AD301="",AA300,AD301) -> 업체명 | AB301: =IF(AE301="",AB300,AE301) -> 발주일
G302: =IF(ISERROR(VLOOKUP(MID(H302,1,5)&MID(H302,8,5),품번정리!$A:$B,2,FALSE))=TRUE,MID(H302,1,5)&MID(H302,8,5),VLOOKUP(MID(H302,1,5)&MID(H302,8,5),품번정리!$A:$B,2,FALSE)) | H302: =IF($R302="","",K302) | I302: =IF($R302="","",L302) | J302: =IF($R302="","",M302) | K302: =IF(N302="",K301,N302) -> SMHFLF3744GR | L302: =IF(O302="",L301,O302) -> 성진 | M302: =IF(P302="",M301,P302) -> 41855 | N302: SMHFLF3744GR | O302: 성진 | P302: 41855 | Q302: R1 | S302: 100 | T302: 0 | V302: =IF(ISERROR(VLOOKUP(MID(W302,1,5)&MID(W302,8,5),품번정리!$A:$B,2,FALSE))=TRUE,MID(W302,1,5)&MID(W302,8,5),VLOOKUP(MID(W302,1,5)&MID(W302,8,5),품번정리!$A:$B,2,FALSE)) | W302: =IF($AG302="","",Z302) | X302: =IF($AG302="","",AA302) | Y302: =IF($AG302="","",AB302) | Z302: =IF(AC302="",Z301,AC302) -> 품번색상 | AA302: =IF(AD302="",AA301,AD302) -> 업체명 | AB302: =IF(AE302="",AB301,AE302) -> 발주일
...

Sheet 러닝품번
A1: E3~F2
A2: 러닝품번색상 | B2: 품번색상
A3: =IF(ISERROR(VLOOKUP(MID(B3,1,5)&MID(B3,8,5),품번정리!$A:$B,2,FALSE))=TRUE,MID(B3,1,5)&MID(B3,8,5),VLOOKUP(MID(B3,1,5)&MID(B3,8,5),품번정리!$A:$B,2,FALSE)) -> SWKSN634RE | B3: SMKFIF3634RE
A4: =IF(ISERROR(VLOOKUP(MID(B4,1,5)&MID(B4,8,5),품번정리!$A:$B,2,FALSE))=TRUE,MID(B4,1,5)&MID(B4,8,5),VLOOKUP(MID(B4,1,5)&MID(B4,8,5),품번정리!$A:$B,2,FALSE)) -> ELKTP821MT | B4: ELKTPF5821MT
A5: =IF(ISERROR(VLOOKUP(MID(B5,1,5)&MID(B5,8,5),품번정리!$A:$B,2,FALSE))=TRUE,MID(B5,1,5)&MID(B5,8,5),VLOOKUP(MID(B5,1,5)&MID(B5,8,5),품번정리!$A:$B,2,FALSE)) -> ELKTP801NY | B5: ELKTPF5801NY
A6: =IF(ISERROR(VLOOKUP(MID(B6,1,5)&MID(B6,8,5),품번정리!$A:$B,2,FALSE))=TRUE,MID(B6,1,5)&MID(B6,8,5),VLOOKUP(MID(B6,1,5)&MID(B6,8,5),품번정리!$A:$B,2,FALSE)) -> JOKEB803BL | B6: JOKEBF5803BL
A7: =IF(ISERROR(VLOOKUP(MID(B7,1,5)&MID(B7,8,5),품번정리!$A:$B,2,FALSE))=TRUE,MID(B7,1,5)&MID(B7,8,5),VLOOKUP(MID(B7,1,5)&MID(B7,8,5),품번정리!$A:$B,2,FALSE)) -> JOKEB804RE | B7: JOKEBF5804RE
A8: =IF(ISERROR(VLOOKUP(MID(B8,1,5)&MID(B8,8,5),품번정리!$A:$B,2,FALSE))=TRUE,MID(B8,1,5)&MID(B8,8,5),VLOOKUP(MID(B8,1,5)&MID(B8,8,5),품번정리!$A:$B,2,FALSE)) -> JOKVB806NY | B8: JOKVBF5806NY
A9: =IF(ISERROR(VLOOKUP(MID(B9,1,5)&MID(B9,8,5),품번정리!$A:$B,2,FALSE))=TRUE,MID(B9,1,5)&MID(B9,8,5),VLOOKUP(MID(B9,1,5)&MID(B9,8,5),품번정리!$A:$B,2,FALSE)) -> JOKVB806PK | B9: JOKVBF5806PK
A10: =IF(ISERROR(VLOOKUP(MID(B10,1,5)&MID(B10,8,5),품번정리!$A:$B,2,FALSE))=TRUE,MID(B10,1,5)&MID(B10,8,5),VLOOKUP(MID(B10,1,5)&MID(B10,8,5),품번정리!$A:$B,2,FALSE)) -> SMKSN705BK | B10: SMKFIF3705BK
A11: =IF(ISERROR(VLOOKUP(MID(B11,1,5)&MID(B11,8,5),품번정리!$A:$B,2,FALSE))=TRUE,MID(B11,1,5)&MID(B11,8,5),VLOOKUP(MID(B11,1,5)&MID(B11,8,5),품번정리!$A:$B,2,FALSE)) -> ELKBA841BK | B11: ELKBAF3841BK
A12: =IF(ISERROR(VLOOKUP(MID(B12,1,5)&MID(B12,8,5),품번정리!$A:$B,2,FALSE))=TRUE,MID(B12,1,5)&MID(B12,8,5),VLOOKUP(MID(B12,1,5)&MID(B12,8,5),품번정리!$A:$B,2,FALSE)) -> ELKBA841RE | B12: ELKBAF3841RE
A13: =IF(ISERROR(VLOOKUP(MID(B13,1,5)&MID(B13,8,5),품번정리!$A:$B,2,FALSE))=TRUE,MID(B13,1,5)&MID(B13,8,5),VLOOKUP(MID(B13,1,5)&MID(B13,8,5),품번정리!$A:$B,2,FALSE)) -> POKSN901BL | B13: POKFIF3901BL
A14: =IF(ISERROR(VLOOKUP(MID(B14,1,5)&MID(B14,8,5),품번정리!$A:$B,2,FALSE))=TRUE,MID(B14,1,5)&MID(B14,8,5),VLOOKUP(MID(B14,1,5)&MID(B14,8,5),품번정리!$A:$B,2,FALSE)) -> POKSN902RE | B14: POKFIF3902RE
... A29: =IF(ISERROR(VLOOKUP(MID(B29,1,5)&MID(B29,8,5),품번정리!$A:$B,2,FALSE))=TRUE,MID(B29,1,5)&MID(B29,8,5),VLOOKUP(MID(B29,1,5)&MID(B29,8,5),품번정리!$A:$B,2,FALSE)) -> ELKER512RE | B29: ELKERF5512RE

Sheet 14FW
F1: 14FW 판매진행 현황 KIDS
AA2: 종결시점
F3: ="* 러닝상품의 경우 "&'14FW판매DB'!A2&"부터 입고, 판매 자료포함됨" -> * 러닝상품의 경우 13FW부터 입고, 판매 자료포함됨 | AA3: F3 | AD3: 42155 | AE3: F4 | AF3: 41943
R4: 60% 초과 | U4: 1 | V4: 7 | Z4: 45 | AA4: F5 | AD4: 42035 | AE4: 러닝 | AF4: 42155
E5: 러닝품번색상 | F5: 러닝 | G5: 이미지 | H5: 브랜드/품목 | I5: 품번색상 | J5: 시즌 | K5: 품목 | L5: 성별 | M5: TAG가 | N5: 현판매가 | O5: 현재 | U5: 누계시점 | V5: ='14FW판매DB'!$A$4 -> 42463 | W5: 기간시점 | X5: =V5-6 -> 42457 | Y5: ~ | Z5: =V5 -> 42463 | AA5: 추가
C6: 0.6 | O6: 입고 | P6: 판매 | X6: 재고 | AA6: 판매 | AB6: 발주 | AD6: 입고예정 | AF6: 발주 | AG6: 발주 | AI6: 업체 | AJ6: 수량 | AK6: TAG가 | AL6: 원가(도착가,-V) | AP6: 배수
C7: 250 | O7: 수량 | P7: 최초출고일 | Q7: 누계수량 | R7: 판매율 | S7: 총일수 | T7: 일평균수량 | U7: 기간수량 | V7: 기간일수 | W7: 기간일평균수량 | X7: 수량 | Y7: 소진예상일수 | Z7: 소진예상일 | AA7: 예상수량 | AB7: 업체 | AC7: 일 | AD7: 최초일 | AE7: 수량 | AF7: 수량 | AG7: 확정 | AL7: 공급 | AM7: FOB | AN7: 완사입 | AO7: 계
O8: =SUBTOTAL(9,O10:O1048576) -> 8988 | Q8: =SUBTOTAL(9,Q10:Q1048576) -> 5659 | R8: =IF(ISERROR(Q8/O8)=TRUE,0,Q8/O8) -> 0.62961727 | T8: =AVERAGE(T10:T1048576) -> 0.22146841 | U8: =SUBTOTAL(9,U10:U1048576) -> 3 | W8: =AVERAGE(W10:W1048576) -> 0.014718615 | X8: =SUBTOTAL(9,X10:X1048576) -> 3329 | AA8: =SUBTOTAL(9,AA10:AA1048576) -> -176 | AE8: =SUBTOTAL(9,AE10:AE1048576) -> 0 | AF8: =SUBTOTAL(9,AF10:AF1048576) -> -3505 | AG8: =SUBTOTAL(9,AG10:AG1048576) -> 0 | AJ8: =SUM(AJ10:AJ1048576) -> #VALUE! | AK8: =SUMPRODUCT($AJ$10:$AJ$288,AK10:AK288) -> #VALUE! | AO8: =SUMPRODUCT($AJ$10:$AJ$288,AO10:AO288) -> #VALUE! | AP8: =IF(ISERROR(AK8/(AO8*1.1))=TRUE,0,AK8/(AO8*1.1)) -> 0 | AQ8: =SUBTOTAL(9,AQ9:AQ1048576) -> 0
A9: 품번색상 | B9: 색상수 | C9: 품번색상 | D9: 색상수 | E9: 러닝품번색상 | F9: 러닝 | G9: 이미지 | H9: 브랜드/품목 | I9: 품번색상 | J9: 시즌 | K9: 품목 | L9: 성별 | M9: TAG가 | N9: 현판매가 | O9: 입고수량 | P9: 최초출고일 | Q9: 판매누계수량 | R9: 판매율 | S9: 판매총일수 | T9: 판매일평균수량 | U9: 판매기간수량 | V9: 판매기간일수 | W9: 판매기간일평균수량 | X9: 재고수량 | Y9: 재고소진예상일수 | Z9: 재고소진예상일 | AA9: 판매예상수량 | AB9: 발주업체 | AC9: 발주일 | AD9: 입고예정최초일 | AE9: 입고예정수량 | AF9: 발주수량 | AG9: 발주수량 | AL9: 20 | AM9: 0 | AN9: 16000 | AO9: 16020
A10: =I10 -> BRKBAF5501GY | B10: =1/COUNTIF(C:C,C10) -> 9.5377346e-07 | C10: =IF(AND(R10>=$C$6,X10<$C$7),I10,"") | D10: =1/COUNTIF(I:I,I10) -> 1 | E10: =IF(ISERROR(VLOOKUP(MID(I10,1,5)&MID(I10,8,5),품번정리!A:B,2,FALSE))=TRUE,MID(I10,1,5)&MID(I10,8,5),VLOOKUP(MID(I10,1,5)&MID(I10,8,5),품번정리!A:B,2,FALSE)) -> BRKBA501GY | F10: =IF(ISERROR(VLOOKUP($E10,러닝품번!$A:$A,1,FALSE))=TRUE,"","러닝") | H10: =IF(I10=0,0,IF(VLOOKUP(MID($I10,4,2),CODE!K:P,CODE!$O$1,FALSE)="",VLOOKUP(MID($I10,1,3),CODE!$B:$G,CODE!$D$1,FALSE),VLOOKUP(MID($I10,1,3),CODE!$B:$G,CODE!$D$1,FALSE)&"-"&VLOOKUP(MID($I10,4,2),CODE!K:P,CODE!$O$1,FALSE))) -> BRK | I10: BRKBAF5501GY | J10: =MID(I10,6,2) -> F5 | K10: =MID(I10,4,2) -> BA | L10: =(M10-N10) -> 20000 | M10: =IF(ISERROR(VLOOKUP($E10,'14FW판매DB'!$C:$AF,'14FW판매DB'!J$3-1,FALSE))=TRUE,0,VLOOKUP($E10,'14FW판매DB'!$C:$AF,'14FW판매DB'!J$3-1,FALSE)) -> 45000 | N10: =IF(ISERROR(VLOOKUP($E10,'14FW판매DB'!$C:$AF,'14FW판매DB'!K$3-1,FALSE))=TRUE,0,VLOOKUP($E10,'14FW판매DB'!$C:$AF,'14FW판매DB'!K$3-1,FALSE)) -> 25000 | O10: =SUMIF('14FW판매DB'!$C:$C,E10,'14FW판매DB'!N:N) -> 560 | P10: =IF(ISERROR(VLOOKUP($E10,'14FW판매DB'!$C:$AF,'14FW판매DB'!P$3-1,FALSE))=TRUE,0,VLOOKUP($E10,'14FW판매DB'!$C:$AF,'14FW판매DB'!P$3-1,FALSE)) -> 2014-08-14 | Q10: =SUMIF('14FW판매DB'!$C:$C,E10,'14FW판매DB'!U:U) -> 75 | R10: =IF(ISERROR(Q10/O10)=TRUE,0,Q10/O10) -> 0.13392857 | S10: =IF(P10=0,0,$V$5-P10+1) -> 599 | T10: =IF(ISERROR(Q10/S10)=TRUE,0,Q10/S10) -> 0.12520868 | U10: =SUMIF('14FW판매DB'!$C:$C,$E10,'14FW판매DB'!AD:AD)*$U$4 -> 0 | V10: =IF(P10=0,0,IF($V$5-P10+1>7,7,$V$5-P10+1)) -> 7 | W10: =IF(ISERROR(U10/V10)=TRUE,0,U10/V10) -> 0 | X10: =O10-Q10 -> 485 | Y10: =IF(OR(U10=0,O10=0),0,IF(X10/W10<0,0,X10/W10)) -> 0 | Z10: =IF(Y10=0,0,$V$5+Y10) -> 0 | AA10: =IF(Z10=0,0,IF(F10=$AE$4,($AF$4-$V$5)*W10,IF(MID($I10,6,2)=$AA$3,($AD$3-$V$5)*W10,IF(MID($I10,6,2)=$AE$3,($AF$3-$V$5)*W10,IF(MID($I10,6,2)=$AA$4,($AD$4-$V$5)*W10))))) -> 0 | AB10: =IF(ISERROR(VLOOKUP($E10,발주DB!$A:$D,3,FALSE))=TRUE,"",VLOOKUP($E10,발주DB!$A:$D,3,FALSE)) | AC10: =IF(ISERROR(VLOOKUP($E10,발주DB!$A:$D,4,FALSE))=TRUE,"",VLOOKUP($E10,발주DB!$A:$D,4,FALSE)) | AD10: =IF(ISERROR(VLOOKUP($E10,입고예정DB!$B:$E,3,FALSE))=TRUE,0,VLOOKUP($E10,입고예정DB!$B:$E,3,FALSE)) -> 0 | AE10: =IF(E10="",0,SUMIF(입고예정DB!$B:$B,$E10,입고예정DB!$E:$E)) -> 0 | AF10: =AA10-(X10+AE10) -> -485 | AI10: =VLOOKUP($I10,[1]기획현황!$Z:$AW,8,FALSE) -> 동일모자 | AJ10: =SUMIF([1]기획현황!$Z:$Z,$I10,[1]기획현황!$AF:$AF) -> #VALUE! | AK10: =VLOOKUP($I10,[1]기획현황!$Z:$AW,14,FALSE) -> 45000 | AL10: =VLOOKUP($I10,[1]기획현황!$Z:$AW,22,FALSE) -> 20 | AM10: =VLOOKUP($I10,[1]기획현황!$Z:$AW,23,FALSE) -> 5.9 | AN10: =VLOOKUP($I10,[1]기획현황!$Z:$AW,24,FALSE) -> 0 | AO10: =VLOOKUP($I10,[1]기획현황!$Z:$AW,17,FALSE) -> 7379.66 | AP10: =IF(ISERROR(AK10/(AO10*1.1))=TRUE,0,AK10/(AO10*1.1)) -> 5.5434926
A11: =I11 -> BRKBAF5501PK | B11: =1/COUNTIF(C:C,C11) -> 9.5377346e-07 | C11: =IF(AND(R11>=$C$6,X11<$C$7),I11,"") | D11: =1/COUNTIF(I:I,I11) -> 1 | E11: =IF(ISERROR(VLOOKUP(MID(I11,1,5)&MID(I11,8,5),품번정리!A:B,2,FALSE))=TRUE,MID(I11,1,5)&MID(I11,8,5),VLOOKUP(MID(I11,1,5)&MID(I11,8,5),품번정리!A:B,2,FALSE)) -> BRKBA501PK | F11: =IF(ISERROR(VLOOKUP($E11,러닝품번!$A:$A,1,FALSE))=TRUE,"","러닝") | H11: =IF(I11=0,0,IF(VLOOKUP(MID($I11,4,2),CODE!K:P,CODE!$O$1,FALSE)="",VLOOKUP(MID($I11,1,3),CODE!$B:$G,CODE!$D$1,FALSE),VLOOKUP(MID($I11,1,3),CODE!$B:$G,CODE!$D$1,FALSE)&"-"&VLOOKUP(MID($I11,4,2),CODE!K:P,CODE!$O$1,FALSE))) -> BRK | I11: BRKBAF5501PK | J11: =MID(I11,6,2) -> F5 | K11: =MID(I11,4,2) -> BA | L11: =(M11-N11) -> 20000 | M11: =IF(ISERROR(VLOOKUP($E11,'14FW판매DB'!$C:$AF,'14FW판매DB'!J$3-1,FALSE))=TRUE,0,VLOOKUP($E11,'14FW판매DB'!$C:$AF,'14FW판매DB'!J$3-1,FALSE)) -> 45000 | N11: =IF(ISERROR(VLOOKUP($E11,'14FW판매DB'!$C:$AF,'14FW판매DB'!K$3-1,FALSE))=TRUE,0,VLOOKUP($E11,'14FW판매DB'!$C:$AF,'14FW판매DB'!K$3-1,FALSE)) -> 25000 | O11: =SUMIF('14FW판매DB'!$C:$C,E11,'14FW판매DB'!N:N) -> 562 | P11: =IF(ISERROR(VLOOKUP($E11,'14FW판매DB'!$C:$AF,'14FW판매DB'!P$3-1,FALSE))=TRUE,0,VLOOKUP($E11,'14FW판매DB'!$C:$AF,'14FW판매DB'!P$3-1,FALSE)) -> 2014-08-14 | Q11: =SUMIF('14FW판매DB'!$C:$C,E11,'14FW판매DB'!U:U) -> 87 | R11: =IF(ISERROR(Q11/O11)=TRUE,0,Q11/O11) -> 0.15480427 | S11: =IF(P11=0,0,$V$5-P11+1) -> 599 | T11: =IF(ISERROR(Q11/S11)=TRUE,0,Q11/S11) -> 0.14524207 | U11: =SUMIF('14FW판매DB'!$C:$C,$E11,'14FW판매DB'!AD:AD)*$U$4 -> 0 | V11: =IF(P11=0,0,IF($V$5-P11+1>7,7,$V$5-P11+1)) -> 7 | W11: =IF(ISERROR(U11/V11)=TRUE,0,U11/V11) -> 0 | X11: =O11-Q11 -> 475 | Y11: =IF(OR(U11=0,O11=0),0,IF(X11/W11<0,0,X11/W11)) -> 0 | Z11: =IF(Y11=0,0,$V$5+Y11) -> 0 | AA11: =IF(Z11=0,0,IF(F11=$AE$4,($AF$4-$V$5)*W11,IF(MID($I11,6,2)=$AA$3,($AD$3-$V$5)*W11,IF(MID($I11,6,2)=$AE$3,($AF$3-$V$5)*W11,IF(MID($I11,6,2)=$AA$4,($AD$4-$V$5)*W11))))) -> 0 | AB11: =IF(ISERROR(VLOOKUP($E11,발주DB!$A:$D,3,FALSE))=TRUE,"",VLOOKUP($E11,발주DB!$A:$D,3,FALSE)) | AC11: =IF(ISERROR(VLOOKUP($E11,발주DB!$A:$D,4,FALSE))=TRUE,"",VLOOKUP($E11,발주DB!$A:$D,4,FALSE)) | AD11: =IF(ISERROR(VLOOKUP($E11,입고예정DB!$B:$E,3,FALSE))=TRUE,0,VLOOKUP($E11,입고예정DB!$B:$E,3,FALSE)) -> 0 | AE11: =IF(E11="",0,SUMIF(입고예정DB!$B:$B,$E11,입고예정DB!$E:$E)) -> 0 | AF11: =AA11-(X11+AE11) -> -475 | AI11: =VLOOKUP($I11,[1]기획현황!$Z:$AW,8,FALSE) -> 동일모자 | AJ11: =SUMIF([1]기획현황!$Z:$Z,$I11,[1]기획현황!$AF:$AF) -> #VALUE! | AK11: =VLOOKUP($I11,[1]기획현황!$Z:$AW,14,FALSE) -> 45000 | AL11: =VLOOKUP($I11,[1]기획현황!$Z:$AW,22,FALSE) -> 20 | AM11: =VLOOKUP($I11,[1]기획현황!$Z:$AW,23,FALSE) -> 5.9 | AN11: =VLOOKUP($I11,[1]기획현황!$Z:$AW,24,FALSE) -> 0 | AO11: =VLOOKUP($I11,[1]기획현황!$Z:$AW,17,FALSE) -> 7379.66 | AP11: =IF(ISERROR(AK11/(AO11*1.1))=TRUE,0,AK11/(AO11*1.1)) -> 5.5434926
A12: =I12 -> BRKERF5504WH | B12: =1/COUNTIF(C:C,C12) -> 1 | C12: =IF(AND(R12>=$C$6,X12<$C$7),I12,"") -> BRKERF5504WH | D12: =1/COUNTIF(I:I,I12) -> 1 | E12: =IF(ISERROR(VLOOKUP(MID(I12,1,5)&MID(I12,8,5),품번정리!A:B,2,FALSE))=TRUE,MID(I12,1,5)&MID(I12,8,5),VLOOKUP(MID(I12,1,5)&MID(I12,8,5),품번정리!A:B,2,FALSE)) -> BRKER504WH | F12: =IF(ISERROR(VLOOKUP($E12,러닝품번!$A:$A,1,FALSE))=TRUE,"","러닝") | H12: =IF(I12=0,0,IF(VLOOKUP(MID($I12,4,2),CODE!K:P,CODE!$O$1,FALSE)="",VLOOKUP(MID($I12,1,3),CODE!$B:$G,CODE!$D$1,FALSE),VLOOKUP(MID($I12,1,3),CODE!$B:$G,CODE!$D$1,FALSE)&"-"&VLOOKUP(MID($I12,4,2),CODE!K:P,CODE!$O$1,FALSE))) -> BRK | I12: BRKERF5504WH | J12: =MID(I12,6,2) -> F5 | K12: =MID(I12,4,2) -> ER | L12: =(M12-N12) -> 26000 | M12: =IF(ISERROR(VLOOKUP($E12,'14FW판매DB'!$C:$AF,'14FW판매DB'!J$3-1,FALSE))=TRUE,0,VLOOKUP($E12,'14FW판매DB'!$C:$AF,'14FW판매DB'!J$3-1,FALSE)) -> 55000 | N12: =IF(ISERROR(VLOOKUP($E12,'14FW판매DB'!$C:$AF,'14FW판매DB'!K$3-1,FALSE))=TRUE,0,VLOOKUP($E12,'14FW판매DB'!$C:$AF,'14FW판매DB'!K$3-1,FALSE)) -> 29000 | O12: =SUMIF('14FW판매DB'!$C:$C,E12,'14FW판매DB'!N:N) -> 355 | P12: =IF(ISERROR(VLOOKUP($E12,'14FW판매DB'!$C:$AF,'14FW판매DB'!P$3-1,FALSE))=TRUE,0,VLOOKUP($E12,'14FW판매DB'!$C:$AF,'14FW판매DB'!P$3-1,FALSE)) -> 2014-09-30 | Q12: =SUMIF('14FW판매DB'!$C:$C,E12,'14FW판매DB'!U:U) -> 217 | R12: =IF(ISERROR(Q12/O12)=TRUE,0,Q12/O12) -> 0.61126761 | S12: =IF(P12=0,0,$V$5-P12+1) -> 552 | T12: =IF(ISERROR(Q12/S12)=TRUE,0,Q12/S12) -> 0.39311594 | U12: =SUMIF('14FW판매DB'!$C:$C,$E12,'14FW판매DB'!AD:AD)*$U$4 -> 0 | V12: =IF(P12=0,0,IF($V$5-P12+1>7,7,$V$5-P12+1)) -> 7 | W12: =IF(ISERROR(U12/V12)=TRUE,0,U12/V12) -> 0 | X12: =O12-Q12 -> 138 | Y12: =IF(OR(U12=0,O12=0),0,IF(X12/W12<0,0,X12/W12)) -> 0 | Z12: =IF(Y12=0,0,$V$5+Y12) -> 0 | AA12: =IF(Z12=0,0,IF(F12=$AE$4,($AF$4-$V$5)*W12,IF(MID($I12,6,2)=$AA$3,($AD$3-$V$5)*W12,IF(MID($I12,6,2)=$AE$3,($AF$3-$V$5)*W12,IF(MID($I12,6,2)=$AA$4,($AD$4-$V$5)*W12))))) -> 0 | AB12: =IF(ISERROR(VLOOKUP($E12,발주DB!$A:$D,3,FALSE))=TRUE,"",VLOOKUP($E12,발주DB!$A:$D,3,FALSE)) | AC12: =IF(ISERROR(VLOOKUP($E12,발주DB!$A:$D,4,FALSE))=TRUE,"",VLOOKUP($E12,발주DB!$A:$D,4,FALSE)) | AD12: =IF(ISERROR(VLOOKUP($E12,입고예정DB!$B:$E,3,FALSE))=TRUE,0,VLOOKUP($E12,입고예정DB!$B:$E,3,FALSE)) -> 0 | AE12: =IF(E12="",0,SUMIF(입고예정DB!$B:$B,$E12,입고예정DB!$E:$E)) -> 0 | AF12: =AA12-(X12+AE12) -> -138 | AI12: =VLOOKUP($I12,[1]기획현황!$Z:$AW,8,FALSE) -> 동일모자 | AJ12: =SUMIF([1]기획현황!$Z:$Z,$I12,[1]기획현황!$AF:$AF) -> #VALUE! | AK12: =VLOOKUP($I12,[1]기획현황!$Z:$AW,14,FALSE) -> 55000 | AL12: =VLOOKUP($I12,[1]기획현황!$Z:$AW,22,FALSE) -> 20 | AM12: =VLOOKUP($I12,[1]기획현황!$Z:$AW,23,FALSE) -> 7.5 | AN12: =VLOOKUP($I12,[1]기획현황!$Z:$AW,24,FALSE) -> 0 | AO12: =VLOOKUP($I12,[1]기획현황!$Z:$AW,17,FALSE) -> 9375.5 | AP12: =IF(ISERROR(AK12/(AO12*1.1))=TRUE,0,AK12/(AO12*1.1)) -> 5.3330489
A13: =I13 -> BRKERF5505RE | B13: =1/COUNTIF(C:C,C13) -> 1 | C13: =IF(AND(R13>=$C$6,X13<$C$7),I13,"") -> BRKERF5505RE | D13: =1/COUNTIF(I:I,I13) -> 1 | E13: =IF(ISERROR(VLOOKUP(MID(I13,1,5)&MID(I13,8,5),품번정리!A:B,2,FALSE))=TRUE,MID(I13,1,5)&MID(I13,8,5),VLOOKUP(MID(I13,1,5)&MID(I13,8,5),품번정리!A:B,2,FALSE)) -> BRKER505RE | F13: =IF(ISERROR(VLOOKUP($E13,러닝품번!$A:$A,1,FALSE))=TRUE,"","러닝") | H13: =IF(I13=0,0,IF(VLOOKUP(MID($I13,4,2),CODE!K:P,CODE!$O$1,FALSE)="",VLOOKUP(MID($I13,1,3),CODE!$B:$G,CODE!$D$1,FALSE),VLOOKUP(MID($I13,1,3),CODE!$B:$G,CODE!$D$1,FALSE)&"-"&VLOOKUP(MID($I13,4,2),CODE!K:P,CODE!$O$1,FALSE))) -> BRK | I13: BRKERF5505RE | J13: =MID(I13,6,2) -> F5 | K13: =MID(I13,4,2) -> ER | L13: =(M13-N13) -> 26000 | M13: =IF(ISERROR(VLOOKUP($E13,'14FW판매DB'!$C:$AF,'14FW판매DB'!J$3-1,FALSE))=TRUE,0,VLOOKUP($E13,'14FW판매DB'!$C:$AF,'14FW판매DB'!J$3-1,FALSE)) -> 55000 | N13: =IF(ISERROR(VLOOKUP($E13,'14FW판매DB'!$C:$AF,'14FW판매DB'!K$3-1,FALSE))=TRUE,0,VLOOKUP($E13,'14FW판매DB'!$C:$AF,'14FW판매DB'!K$3-1,FALSE)) -> 29000 | O13: =SUMIF('14FW판매DB'!$C:$C,E13,'14FW판매DB'!N:N) -> 385 | P13: =IF(ISERROR(VLOOKUP($E13,'14FW판매DB'!$C:$AF,'14FW판매DB'!P$3-1,FALSE))=TRUE,0,VLOOKUP($E13,'14FW판매DB'!$C:$AF,'14FW판매DB'!P$3-1,FALSE)) -> 2014-09-12 | Q13: =SUMIF('14FW판매DB'!$C:$C,E13,'14FW판매DB'!U:U) -> 238 | R13: =IF(ISERROR(Q13/O13)=TRUE,0,Q13/O13) -> 0.61818182 | S13: =IF(P13=0,0,$V$5-P13+1) -> 570 | T13: =IF(ISERROR(Q13/S13)=TRUE,0,Q13/S13) -> 0.41754386 | U13: =SUMIF('14FW판매DB'!$C:$C,$E13,'14FW판매DB'!AD:AD)*$U$4 -> 0 | V13: =IF(P13=0,0,IF($V$5-P13+1>7,7,$V$5-P13+1)) -> 7 | W13: =IF(ISERROR(U13/V13)=TRUE,0,U13/V13) -> 0 | X13: =O13-Q13 -> 147 | Y13: =IF(OR(U13=0,O13=0),0,IF(X13/W13<0,0,X13/W13)) -> 0 | Z13: =IF(Y13=0,0,$V$5+Y13) -> 0 | AA13: =IF(Z13=0,0,IF(F13=$AE$4,($AF$4-$V$5)*W13,IF(MID($I13,6,2)=$AA$3,($AD$3-$V$5)*W13,IF(MID($I13,6,2)=$AE$3,($AF$3-$V$5)*W13,IF(MID($I13,6,2)=$AA$4,($AD$4-$V$5)*W13))))) -> 0 | AB13: =IF(ISERROR(VLOOKUP($E13,발주DB!$A:$D,3,FALSE))=TRUE,"",VLOOKUP($E13,발주DB!$A:$D,3,FALSE)) | AC13: =IF(ISERROR(VLOOKUP($E13,발주DB!$A:$D,4,FALSE))=TRUE,"",VLOOKUP($E13,발주DB!$A:$D,4,FALSE)) | AD13: =IF(ISERROR(VLOOKUP($E13,입고예정DB!$B:$E,3,FALSE))=TRUE,0,VLOOKUP($E13,입고예정DB!$B:$E,3,FALSE)) -> 0 | AE13: =IF(E13="",0,SUMIF(입고예정DB!$B:$B,$E13,입고예정DB!$E:$E)) -> 0 | AF13: =AA13-(X13+AE13) -> -147 | AI13: =VLOOKUP($I13,[1]기획현황!$Z:$AW,8,FALSE) -> 동일모자 | AJ13: =SUMIF([1]기획현황!$Z:$Z,$I13,[1]기획현황!$AF:$AF) -> #VALUE! | AK13: =VLOOKUP($I13,[1]기획현황!$Z:$AW,14,FALSE) -> 55000 | AL13: =VLOOKUP($I13,[1]기획현황!$Z:$AW,22,FALSE) -> 20 | AM13: =VLOOKUP($I13,[1]기획현황!$Z:$AW,23,FALSE) -> 7.2 | AN13: =VLOOKUP($I13,[1]기획현황!$Z:$AW,24,FALSE) -> 0 | AO13: =VLOOKUP($I13,[1]기획현황!$Z:$AW,17,FALSE) -> 9001.28 | AP13: =IF(ISERROR(AK13/(AO13*1.1))=TRUE,0,AK13/(AO13*1.1)) -> 5.5547655
A14: =I14 -> BRKERF5506BK | B14: =1/COUNTIF(C:C,C14) -> 1 | C14: =IF(AND(R14>=$C$6,X14<$C$7),I14,"") -> BRKERF5506BK | D14: =1/COUNTIF(I:I,I14) -> 1 | E14: =IF(ISERROR(VLOOKUP(MID(I14,1,5)&MID(I14,8,5),품번정리!A:B,2,FALSE))=TRUE,MID(I14,1,5)&MID(I14,8,5),VLOOKUP(MID(I14,1,5)&MID(I14,8,5),품번정리!A:B,2,FALSE)) -> BRKER506BK | F14: =IF(ISERROR(VLOOKUP($E14,러닝품번!$A:$A,1,FALSE))=TRUE,"","러닝") | H14: =IF(I14=0,0,IF(VLOOKUP(MID($I14,4,2),CODE!K:P,CODE!$O$1,FALSE)="",VLOOKUP(MID($I14,1,3),CODE!$B:$G,CODE!$D$1,FALSE),VLOOKUP(MID($I14,1,3),CODE!$B:$G,CODE!$D$1,FALSE)&"-"&VLOOKUP(MID($I14,4,2),CODE!K:P,CODE!$O$1,FALSE))) -> BRK | I14: BRKERF5506BK | J14: =MID(I14,6,2) -> F5 | K14: =MID(I14,4,2) -> ER | L14: =(M14-N14) -> 26000 | M14: =IF(ISERROR(VLOOKUP($E14,'14FW판매DB'!$C:$AF,'14FW판매DB'!J$3-1,FALSE))=TRUE,0,VLOOKUP($E14,'14FW판매DB'!$C:$AF,'14FW판매DB'!J$3-1,FALSE)) -> 55000 | N14: =IF(ISERROR(VLOOKUP($E14,'14FW판매DB'!$C:$AF,'14FW판매DB'!K$3-1,FALSE))=TRUE,0,VLOOKUP($E14,'14FW판매DB'!$C:$AF,'14FW판매DB'!K$3-1,FALSE)) -> 29000 | O14: =SUMIF('14FW판매DB'!$C:$C,E14,'14FW판매DB'!N:N) -> 357 | P14: =IF(ISERROR(VLOOKUP($E14,'14FW판매DB'!$C:$AF,'14FW판매DB'!P$3-1,FALSE))=TRUE,0,VLOOKUP($E14,'14FW판매DB'!$C:$AF,'14FW판매DB'!P$3-1,FALSE)) -> 2014-09-12 | Q14: =SUMIF('14FW판매DB'!$C:$C,E14,'14FW판매DB'!U:U) -> 242 | R14: =IF(ISERROR(Q14/O14)=TRUE,0,Q14/O14) -> 0.67787115 | S14: =IF(P14=0,0,$V$5-P14+1) -> 570 | T14: =IF(ISERROR(Q14/S14)=TRUE,0,Q14/S14) -> 0.4245614 | U14: =SUMIF('14FW판매DB'!$C:$C,$E14,'14FW판매DB'!AD:AD)*$U$4 -> 0 | V14: =IF(P14=0,0,IF($V$5-P14+1>7,7,$V$5-P14+1)) -> 7 | W14: =IF(ISERROR(U14/V14)=TRUE,0,U14/V14) -> 0 | X14: =O14-Q14 -> 115 | Y14: =IF(OR(U14=0,O14=0),0,IF(X14/W14<0,0,X14/W14)) -> 0 | Z14: =IF(Y14=0,0,$V$5+Y14) -> 0 | AA14: =IF(Z14=0,0,IF(F14=$AE$4,($AF$4-$V$5)*W14,IF(MID($I14,6,2)=$AA$3,($AD$3-$V$5)*W14,IF(MID($I14,6,2)=$AE$3,($AF$3-$V$5)*W14,IF(MID($I14,6,2)=$AA$4,($AD$4-$V$5)*W14))))) -> 0 | AB14: =IF(ISERROR(VLOOKUP($E14,발주DB!$A:$D,3,FALSE))=TRUE,"",VLOOKUP($E14,발주DB!$A:$D,3,FALSE)) | AC14: =IF(ISERROR(VLOOKUP($E14,발주DB!$A:$D,4,FALSE))=TRUE,"",VLOOKUP($E14,발주DB!$A:$D,4,FALSE)) | AD14: =IF(ISERROR(VLOOKUP($E14,입고예정DB!$B:$E,3,FALSE))=TRUE,0,VLOOKUP($E14,입고예정DB!$B:$E,3,FALSE)) -> 0 | AE14: =IF(E14="",0,SUMIF(입고예정DB!$B:$B,$E14,입고예정DB!$E:$E)) -> 0 | AF14: =AA14-(X14+AE14) -> -115 | AI14: =VLOOKUP($I14,[1]기획현황!$Z:$AW,8,FALSE) -> 동일모자 | AJ14: =SUMIF([1]기획현황!$Z:$Z,$I14,[1]기획현황!$AF:$AF) -> #VALUE! | AK14: =VLOOKUP($I14,[1]기획현황!$Z:$AW,14,FALSE) -> 55000 | AL14: =VLOOKUP($I14,[1]기획현황!$Z:$AW,22,FALSE) -> 20 | AM14: =VLOOKUP($I14,[1]기획현황!$Z:$AW,23,FALSE) -> 7.65 | AN14: =VLOOKUP($I14,[1]기획현황!$Z:$AW,24,FALSE) -> 0 | AO14: =VLOOKUP($I14,[1]기획현황!$Z:$AW,17,FALSE) -> 9562.61 | AP14: =IF(ISERROR(AK14/(AO14*1.1))=TRUE,0,AK14/(AO14*1.1)) -> 5.228698
A15: =I15 -> DPKEBF5508PK | B15: =1/COUNTIF(C:C,C15) -> 9.5377346e-07 | C15: =IF(AND(R15>=$C$6,X15<$C$7),I15,"") | D15: =1/COUNTIF(I:I,I15) -> 1 | E15: =IF(ISERROR(VLOOKUP(MID(I15,1,5)&MID(I15,8,5),품번정리!A:B,2,FALSE))=TRUE,MID(I15,1,5)&MID(I15,8,5),VLOOKUP(MID(I15,1,5)&MID(I15,8,5),품번정리!A:B,2,FALSE)) -> DPKEB508PK | F15: =IF(ISERROR(VLOOKUP($E15,러닝품번!$A:$A,1,FALSE))=TRUE,"","러닝") | H15: =IF(I15=0,0,IF(VLOOKUP(MID($I15,4,2),CODE!K:P,CODE!$O$1,FALSE)="",VLOOKUP(MID($I15,1,3),CODE!$B:$G,CODE!$D$1,FALSE),VLOOKUP(MID($I15,1,3),CODE!$B:$G,CODE!$D$1,FALSE)&"-"&VLOOKUP(MID($I15,4,2),CODE!K:P,CODE!$O$1,FALSE))) -> DPK | I15: DPKEBF5508PK | J15: =MID(I15,6,2) -> F5 | K15: =MID(I15,4,2) -> EB | L15: =(M15-N15) -> 24000 | M15: =IF(ISERROR(VLOOKUP($E15,'14FW판매DB'!$C:$AF,'14FW판매DB'!J$3-1,FALSE))=TRUE,0,VLOOKUP($E15,'14FW판매DB'!$C:$AF,'14FW판매DB'!J$3-1,FALSE)) -> 49000 | N15: =IF(ISERROR(VLOOKUP($E15,'14FW판매DB'!$C:$AF,'14FW판매DB'!K$3-1,FALSE))=TRUE,0,VLOOKUP($E15,'14FW판매DB'!$C:$AF,'14FW판매DB'!K$3-1,FALSE)) -> 25000 | O15: =SUMIF('14FW판매DB'!$C:$C,E15,'14FW판매DB'!N:N) -> 120 | P15: =IF(ISERROR(VLOOKUP($E15,'14FW판매DB'!$C:$AF,'14FW판매DB'!P$3-1,FALSE))=TRUE,0,VLOOKUP($E15,'14FW판매DB'!$C:$AF,'14FW판매DB'!P$3-1,FALSE)) -> 2014-10-08 | Q15: =SUMIF('14FW판매DB'!$C:$C,E15,'14FW판매DB'!U:U) -> 37 | R15: =IF(ISERROR(Q15/O15)=TRUE,0,Q15/O15) -> 0.30833333 | S15: =IF(P15=0,0,$V$5-P15+1) -> 544 | T15: =IF(ISERROR(Q15/S15)=TRUE,0,Q15/S15) -> 0.068014706 | U15: =SUMIF('14FW판매DB'!$C:$C,$E15,'14FW판매DB'!AD:AD)*$U$4 -> 0 | V15: =IF(P15=0,0,IF($V$5-P15+1>7,7,$V$5-P15+1)) -> 7 | W15: =IF(ISERROR(U15/V15)=TRUE,0,U15/V15) -> 0 | X15: =O15-Q15 -> 83 | Y15: =IF(OR(U15=0,O15=0),0,IF(X15/W15<0,0,X15/W15)) -> 0 | Z15: =IF(Y15=0,0,$V$5+Y15) -> 0 | AA15: =IF(Z15=0,0,IF(F15=$AE$4,($AF$4-$V$5)*W15,IF(MID($I15,6,2)=$AA$3,($AD$3-$V$5)*W15,IF(MID($I15,6,2)=$AE$3,($AF$3-$V$5)*W15,IF(MID($I15,6,2)=$AA$4,($AD$4-$V$5)*W15))))) -> 0 | AB15: =IF(ISERROR(VLOOKUP($E15,발주DB!$A:$D,3,FALSE))=TRUE,"",VLOOKUP($E15,발주DB!$A:$D,3,FALSE)) | AC15: =IF(ISERROR(VLOOKUP($E15,발주DB!$A:$D,4,FALSE))=TRUE,"",VLOOKUP($E15,발주DB!$A:$D,4,FALSE)) | AD15: =IF(ISERROR(VLOOKUP($E15,입고예정DB!$B:$E,3,FALSE))=TRUE,0,VLOOKUP($E15,입고예정DB!$B:$E,3,FALSE)) -> 0 | AE15: =IF(E15="",0,SUMIF(입고예정DB!$B:$B,$E15,입고예정DB!$E:$E)) -> 0 | AF15: =AA15-(X15+AE15) -> -83 | AI15: =VLOOKUP($I15,[1]기획현황!$Z:$AW,8,FALSE) -> FOREMOST | AJ15: =SUMIF([1]기획현황!$Z:$Z,$I15,[1]기획현황!$AF:$AF) -> #VALUE! | AK15: =VLOOKUP($I15,[1]기획현황!$Z:$AW,14,FALSE) -> 49000 | AL15: =VLOOKUP($I15,[1]기획현황!$Z:$AW,22,FALSE) -> 20 | AM15: =VLOOKUP($I15,[1]기획현황!$Z:$AW,23,FALSE) -> 5.9 | AN15: =VLOOKUP($I15,[1]기획현황!$Z:$AW,24,FALSE) -> 0 | AO15: =VLOOKUP($I15,[1]기획현황!$Z:$AW,17,FALSE) -> 7379.66 | AP15: =IF(ISERROR(AK15/(AO15*1.1))=TRUE,0,AK15/(AO15*1.1)) -> 6.0362475
A16: =I16 -> DPKERF5509PK | B16: =1/COUNTIF(C:C,C16) -> 9.5377346e-07 | C16: =IF(AND(R16>=$C$6,X16<$C$7),I16,"") | D16: =1/COUNTIF(I:I,I16) -> 1 | E16: =IF(ISERROR(VLOOKUP(MID(I16,1,5)&MID(I16,8,5),품번정리!A:B,2,FALSE))=TRUE,MID(I16,1,5)&MID(I16,8,5),VLOOKUP(MID(I16,1,5)&MID(I16,8,5),품번정리!A:B,2,FALSE)) -> DPKER509PK | F16: =IF(ISERROR(VLOOKUP($E16,러닝품번!$A:$A,1,FALSE))=TRUE,"","러닝") | H16: =IF(I16=0,0,IF(VLOOKUP(MID($I16,4,2),CODE!K:P,CODE!$O$1,FALSE)="",VLOOKUP(MID($I16,1,3),CODE!$B:$G,CODE!$D$1,FALSE),VLOOKUP(MID($I16,1,3),CODE!$B:$G,CODE!$D$1,FALSE)&"-"&VLOOKUP(MID($I16,4,2),CODE!K:P,CODE!$O$1,FALSE))) -> DPK | I16: DPKERF5509PK | J16: =MID(I16,6,2) -> F5 | K16: =MID(I16,4,2) -> ER | L16: =(M16-N16) -> 24000 | M16: =IF(ISERROR(VLOOKUP($E16,'14FW판매DB'!$C:$AF,'14FW판매DB'!J$3-1,FALSE))=TRUE,0,VLOOKUP($E16,'14FW판매DB'!$C:$AF,'14FW판매DB'!J$3-1,FALSE)) -> 49000 | N16: =IF(ISERROR(VLOOKUP($E16,'14FW판매DB'!$C:$AF,'14FW판매DB'!K$3-1,FALSE))=TRUE,0,VLOOKUP($E16,'14FW판매DB'!$C:$AF,'14FW판매DB'!K$3-1,FALSE)) -> 25000 | O16: =SUMIF('14FW판매DB'!$C:$C,E16,'14FW판매DB'!N:N) -> 200 | P16: =IF(ISERROR(VLOOKUP($E16,'14FW판매DB'!$C:$AF,'14FW판매DB'!P$3-1,FALSE))=TRUE,0,VLOOKUP($E16,'14FW판매DB'!$C:$AF,'14FW판매DB'!P$3-1,FALSE)) -> 2014-11-13 | Q16: =SUMIF('14FW판매DB'!$C:$C,E16,'14FW판매DB'!U:U) -> 47 | R16: =IF(ISERROR(Q16/O16)=TRUE,0,Q16/O16) -> 0.235 | S16: =IF(P16=0,0,$V$5-P16+1) -> 508 | T16: =IF(ISERROR(Q16/S16)=TRUE,0,Q16/S16) -> 0.092519685 | U16: =SUMIF('14FW판매DB'!$C:$C,$E16,'14FW판매DB'!AD:AD)*$U$4 -> 0 | V16: =IF(P16=0,0,IF($V$5-P16+1>7,7,$V$5-P16+1)) -> 7 | W16: =IF(ISERROR(U16/V16)=TRUE,0,U16/V16) -> 0 | X16: =O16-Q16 -> 153 | Y16: =IF(OR(U16=0,O16=0),0,IF(X16/W16<0,0,X16/W16)) -> 0 | Z16: =IF(Y16=0,0,$V$5+Y16) -> 0 | AA16: =IF(Z16=0,0,IF(F16=$AE$4,($AF$4-$V$5)*W16,IF(MID($I16,6,2)=$AA$3,($AD$3-$V$5)*W16,IF(MID($I16,6,2)=$AE$3,($AF$3-$V$5)*W16,IF(MID($I16,6,2)=$AA$4,($AD$4-$V$5)*W16))))) -> 0 | AB16: =IF(ISERROR(VLOOKUP($E16,발주DB!$A:$D,3,FALSE))=TRUE,"",VLOOKUP($E16,발주DB!$A:$D,3,FALSE)) | AC16: =IF(ISERROR(VLOOKUP($E16,발주DB!$A:$D,4,FALSE))=TRUE,"",VLOOKUP($E16,발주DB!$A:$D,4,FALSE)) | AD16: =IF(ISERROR(VLOOKUP($E16,입고예정DB!$B:$E,3,FALSE))=TRUE,0,VLOOKUP($E16,입고예정DB!$B:$E,3,FALSE)) -> 0 | AE16: =IF(E16="",0,SUMIF(입고예정DB!$B:$B,$E16,입고예정DB!$E:$E)) -> 0 | AF16: =AA16-(X16+AE16) -> -153 | AI16: =VLOOKUP($I16,[1]기획현황!$Z:$AW,8,FALSE) -> QF | AJ16: =SUMIF([1]기획현황!$Z:$Z,$I16,[1]기획현황!$AF:$AF) -> #VALUE! | AK16: =VLOOKUP($I16,[1]기획현황!$Z:$AW,14,FALSE) -> 49000 | AL16: =VLOOKUP($I16,[1]기획현황!$Z:$AW,22,FALSE) -> 830 | AM16: =VLOOKUP($I16,[1]기획현황!$Z:$AW,23,FALSE) -> 3.9 | AN16: =VLOOKUP($I16,[1]기획현황!$Z:$AW,24,FALSE) -> 0 | AO16: =VLOOKUP($I16,[1]기획현황!$Z:$AW,17,FALSE) -> 5694.86 | AP16: =IF(ISERROR(AK16/(AO16*1.1))=TRUE,0,AK16/(AO16*1.1)) -> 7.8220456
A17: =I17 -> DPKSNF3501PK | B17: =1/COUNTIF(C:C,C17) -> 1 | C17: =IF(AND(R17>=$C$6,X17<$C$7),I17,"") -> DPKSNF3501PK | D17: =1/COUNTIF(I:I,I17) -> 1 | E17: =IF(ISERROR(VLOOKUP(MID(I17,1,5)&MID(I17,8,5),품번정리!A:B,2,FALSE))=TRUE,MID(I17,1,5)&MID(I17,8,5),VLOOKUP(MID(I17,1,5)&MID(I17,8,5),품번정리!A:B,2,FALSE)) -> DPKSN501PK | F17: =IF(ISERROR(VLOOKUP($E17,러닝품번!$A:$A,1,FALSE))=TRUE,"","러닝") | H17: =IF(I17=0,0,IF(VLOOKUP(MID($I17,4,2),CODE!K:P,CODE!$O$1,FALSE)="",VLOOKUP(MID($I17,1,3),CODE!$B:$G,CODE!$D$1,FALSE),VLOOKUP(MID($I17,1,3),CODE!$B:$G,CODE!$D$1,FALSE)&"-"&VLOOKUP(MID($I17,4,2),CODE!K:P,CODE!$O$1,FALSE))) -> DPK | I17: DPKSNF3501PK | J17: =MID(I17,6,2) -> F3 | K17: =MID(I17,4,2) -> SN | L17: =(M17-N17) -> 26000 | M17: =IF(ISERROR(VLOOKUP($E17,'14FW판매DB'!$C:$AF,'14FW판매DB'!J$3-1,FALSE))=TRUE,0,VLOOKUP($E17,'14FW판매DB'!$C:$AF,'14FW판매DB'!J$3-1,FALSE)) -> 45000 | N17: =IF(ISERROR(VLOOKUP($E17,'14FW판매DB'!$C:$AF,'14FW판매DB'!K$3-1,FALSE))=TRUE,0,VLOOKUP($E17,'14FW판매DB'!$C:$AF,'14FW판매DB'!K$3-1,FALSE)) -> 19000 | O17: =SUMIF('14FW판매DB'!$C:$C,E17,'14FW판매DB'!N:N) -> 118 | P17: =IF(ISERROR(VLOOKUP($E17,'14FW판매DB'!$C:$AF,'14FW판매DB'!P$3-1,FALSE))=TRUE,0,VLOOKUP($E17,'14FW판매DB'!$C:$AF,'14FW판매DB'!P$3-1,FALSE)) -> 2014-05-16 | Q17: =SUMIF('14FW판매DB'!$C:$C,E17,'14FW판매DB'!U:U) -> 87 | R17: =IF(ISERROR(Q17/O17)=TRUE,0,Q17/O17) -> 0.73728814 | S17: =IF(P17=0,0,$V$5-P17+1) -> 689 | T17: =IF(ISERROR(Q17/S17)=TRUE,0,Q17/S17) -> 0.12626996 | U17: =SUMIF('14FW판매DB'!$C:$C,$E17,'14FW판매DB'!AD:AD)*$U$4 -> 0 | V17: =IF(P17=0,0,IF($V$5-P17+1>7,7,$V$5-P17+1)) -> 7 | W17: =IF(ISERROR(U17/V17)=TRUE,0,U17/V17) -> 0 | X17: =O17-Q17 -> 31 | Y17: =IF(OR(U17=0,O17=0),0,IF(X17/W17<0,0,X17/W17)) -> 0 | Z17: =IF(Y17=0,0,$V$5+Y17) -> 0 | AA17: =IF(Z17=0,0,IF(F17=$AE$4,($AF$4-$V$5)*W17,IF(MID($I17,6,2)=$AA$3,($AD$3-$V$5)*W17,IF(MID($I17,6,2)=$AE$3,($AF$3-$V$5)*W17,IF(MID($I17,6,2)=$AA$4,($AD$4-$V$5)*W17))))) -> 0 | AB17: =IF(ISERROR(VLOOKUP($E17,발주DB!$A:$D,3,FALSE))=TRUE,"",VLOOKUP($E17,발주DB!$A:$D,3,FALSE)) | AC17: =IF(ISERROR(VLOOKUP($E17,발주DB!$A:$D,4,FALSE))=TRUE,"",VLOOKUP($E17,발주DB!$A:$D,4,FALSE)) | AD17: =IF(ISERROR(VLOOKUP($E17,입고예정DB!$B:$E,3,FALSE))=TRUE,0,VLOOKUP($E17,입고예정DB!$B:$E,3,FALSE)) -> 0 | AE17: =IF(E17="",0,SUMIF(입고예정DB!$B:$B,$E17,입고예정DB!$E:$E)) -> 0 | AF17: =AA17-(X17+AE17) -> -31 | AI17: =VLOOKUP($I17,[1]기획현황!$Z:$AW,8,FALSE) -> 캡보이 | AJ17: =SUMIF([1]기획현황!$Z:$Z,$I17,[1]기획현황!$AF:$AF) -> #VALUE! | AK17: =VLOOKUP($I17,[1]기획현황!$Z:$AW,14,FALSE) -> 45000 | AL17: =VLOOKUP($I17,[1]기획현황!$Z:$AW,22,FALSE) -> 0 | AM17: =VLOOKUP($I17,[1]기획현황!$Z:$AW,23,FALSE) -> 0 | AN17: =VLOOKUP($I17,[1]기획현황!$Z:$AW,24,FALSE) -> 11700 | AO17: =VLOOKUP($I17,[1]기획현황!$Z:$AW,17,FALSE) -> 11700 | AP17: =IF(ISERROR(AK17/(AO17*1.1))=TRUE,0,AK17/(AO17*1.1)) -> 3.4965035
A18: =I18 -> DPKSNF3502BL | B18: =1/COUNTIF(C:C,C18) -> 9.5377346e-07 | C18: =IF(AND(R18>=$C$6,X18<$C$7),I18,"") | D18: =1/COUNTIF(I:I,I18) -> 1 | E18: =IF(ISERROR(VLOOKUP(MID(I18,1,5)&MID(I18,8,5),품번정리!A:B,2,FALSE))=TRUE,MID(I18,1,5)&MID(I18,8,5),VLOOKUP(MID(I18,1,5)&MID(I18,8,5),품번정리!A:B,2,FALSE)) -> DPKSN502BL | F18: =IF(ISERROR(VLOOKUP($E18,러닝품번!$A:$A,1,FALSE))=TRUE,"","러닝") | H18: =IF(I18=0,0,IF(VLOOKUP(MID($I18,4,2),CODE!K:P,CODE!$O$1,FALSE)="",VLOOKUP(MID($I18,1,3),CODE!$B:$G,CODE!$D$1,FALSE),VLOOKUP(MID($I18,1,3),CODE!$B:$G,CODE!$D$1,FALSE)&"-"&VLOOKUP(MID($I18,4,2),CODE!K:P,CODE!$O$1,FALSE))) -> DPK | I18: DPKSNF3502BL | J18: =MID(I18,6,2) -> F3 | K18: =MID(I18,4,2) -> SN | L18: =(M18-N18) -> 26000 | M18: =IF(ISERROR(VLOOKUP($E18,'14FW판매DB'!$C:$AF,'14FW판매DB'!J$3-1,FALSE))=TRUE,0,VLOOKUP($E18,'14FW판매DB'!$C:$AF,'14FW판매DB'!J$3-1,FALSE)) -> 45000 | N18: =IF(ISERROR(VLOOKUP($E18,'14FW판매DB'!$C:$AF,'14FW판매DB'!K$3-1,FALSE))=TRUE,0,VLOOKUP($E18,'14FW판매DB'!$C:$AF,'14FW판매DB'!K$3-1,FALSE)) -> 19000 | O18: =SUMIF('14FW판매DB'!$C:$C,E18,'14FW판매DB'!N:N) -> 119 | P18: =IF(ISERROR(VLOOKUP($E18,'14FW판매DB'!$C:$AF,'14FW판매DB'!P$3-1,FALSE))=TRUE,0,VLOOKUP($E18,'14FW판매DB'!$C:$AF,'14FW판매DB'!P$3-1,FALSE)) -> 2014-05-16 | Q18: =SUMIF('14FW판매DB'!$C:$C,E18,'14FW판매DB'!U:U) -> 64 | R18: =IF(ISERROR(Q18/O18)=TRUE,0,Q18/O18) -> 0.53781513 | S18: =IF(P18=0,0,$V$5-P18+1) -> 689 | T18: =IF(ISERROR(Q18/S18)=TRUE,0,Q18/S18) -> 0.092888244 | U18: =SUMIF('14FW판매DB'!$C:$C,$E18,'14FW판매DB'!AD:AD)*$U$4 -> 0 | V18: =IF(P18=0,0,IF($V$5-P18+1>7,7,$V$5-P18+1)) -> 7 | W18: =IF(ISERROR(U18/V18)=TRUE,0,U18/V18) -> 0 | X18: =O18-Q18 -> 55 | Y18: =IF(OR(U18=0,O18=0),0,IF(X18/W18<0,0,X18/W18)) -> 0 | Z18: =IF(Y18=0,0,$V$5+Y18) -> 0 | AA18: =IF(Z18=0,0,IF(F18=$AE$4,($AF$4-$V$5)*W18,IF(MID($I18,6,2)=$AA$3,($AD$3-$V$5)*W18,IF(MID($I18,6,2)=$AE$3,($AF$3-$V$5)*W18,IF(MID($I18,6,2)=$AA$4,($AD$4-$V$5)*W18))))) -> 0 | AB18: =IF(ISERROR(VLOOKUP($E18,발주DB!$A:$D,3,FALSE))=TRUE,"",VLOOKUP($E18,발주DB!$A:$D,3,FALSE)) | AC18: =IF(ISERROR(VLOOKUP($E18,발주DB!$A:$D,4,FALSE))=TRUE,"",VLOOKUP($E18,발주DB!$A:$D,4,FALSE)) | AD18: =IF(ISERROR(VLOOKUP($E18,입고예정DB!$B:$E,3,FALSE))=TRUE,0,VLOOKUP($E18,입고예정DB!$B:$E,3,FALSE)) -> 0 | AE18: =IF(E18="",0,SUMIF(입고예정DB!$B:$B,$E18,입고예정DB!$E:$E)) -> 0 | AF18: =AA18-(X18+AE18) -> -55 | AI18: =VLOOKUP($I18,[1]기획현황!$Z:$AW,8,FALSE) -> 캡보이 | AJ18: =SUMIF([1]기획현황!$Z:$Z,$I18,[1]기획현황!$AF:$AF) -> #VALUE! | AK18: =VLOOKUP($I18,[1]기획현황!$Z:$AW,14,FALSE) -> 45000 | AL18: =VLOOKUP($I18,[1]기획현황!$Z:$AW,22,FALSE) -> 0 | AM18: =VLOOKUP($I18,[1]기획현황!$Z:$AW,23,FALSE) -> 0 | AN18: =VLOOKUP($I18,[1]기획현황!$Z:$AW,24,FALSE) -> 12500 | AO18: =VLOOKUP($I18,[1]기획현황!$Z:$AW,17,FALSE) -> 12500 | AP18: =IF(ISERROR(AK18/(AO18*1.1))=TRUE,0,AK18/(AO18*1.1)) -> 3.2727273
A19: =I19 -> DPKSNF3503PP | B19: =1/COUNTIF(C:C,C19) -> 9.5377346e-07 | C19: =IF(AND(R19>=$C$6,X19<$C$7),I19,"") | D19: =1/COUNTIF(I:I,I19) -> 1 | E19: =IF(ISERROR(VLOOKUP(MID(I19,1,5)&MID(I19,8,5),품번정리!A:B,2,FALSE))=TRUE,MID(I19,1,5)&MID(I19,8,5),VLOOKUP(MID(I19,1,5)&MID(I19,8,5),품번정리!A:B,2,FALSE)) -> DPKSN503PP | F19: =IF(ISERROR(VLOOKUP($E19,러닝품번!$A:$A,1,FALSE))=TRUE,"","러닝") | H19: =IF(I19=0,0,IF(VLOOKUP(MID($I19,4,2),CODE!K:P,CODE!$O$1,FALSE)="",VLOOKUP(MID($I19,1,3),CODE!$B:$G,CODE!$D$1,FALSE),VLOOKUP(MID($I19,1,3),CODE!$B:$G,CODE!$D$1,FALSE)&"-"&VLOOKUP(MID($I19,4,2),CODE!K:P,CODE!$O$1,FALSE))) -> DPK | I19: DPKSNF3503PP | J19: =MID(I19,6,2) -> F3 | K19: =MID(I19,4,2) -> SN | L19: =(M19-N19) -> 24000 | M19: =IF(ISERROR(VLOOKUP($E19,'14FW판매DB'!$C:$AF,'14FW판매DB'!J$3-1,FALSE))=TRUE,0,VLOOKUP($E19,'14FW판매DB'!$C:$AF,'14FW판매DB'!J$3-1,FALSE)) -> 43000 | N19: =IF(ISERROR(VLOOKUP($E19,'14FW판매DB'!$C:$AF,'14FW판매DB'!K$3-1,FALSE))=TRUE,0,VLOOKUP($E19,'14FW판매DB'!$C:$AF,'14FW판매DB'!K$3-1,FALSE)) -> 19000 | O19: =SUMIF('14FW판매DB'!$C:$C,E19,'14FW판매DB'!N:N) -> 120 | P19: =IF(ISERROR(VLOOKUP($E19,'14FW판매DB'!$C:$AF,'14FW판매DB'!P$3-1,FALSE))=TRUE,0,VLOOKUP($E19,'14FW판매DB'!$C:$AF,'14FW판매DB'!P$3-1,FALSE)) -> 2014-06-20 | Q19: =SUMIF('14FW판매DB'!$C:$C,E19,'14FW판매DB'!U:U) -> 63 | R19: =IF(ISERROR(Q19/O19)=TRUE,0,Q19/O19) -> 0.525 | S19: =IF(P19=0,0,$V$5-P19+1) -> 654 | T19: =IF(ISERROR(Q19/S19)=TRUE,0,Q19/S19) -> 0.096330275 | U19: =SUMIF('14FW판매DB'!$C:$C,$E19,'14FW판매DB'!AD:AD)*$U$4 -> 0 | V19: =IF(P19=0,0,IF($V$5-P19+1>7,7,$V$5-P19+1)) -> 7 | W19: =IF(ISERROR(U19/V19)=TRUE,0,U19/V19) -> 0 | X19: =O19-Q19 -> 57 | Y19: =IF(OR(U19=0,O19=0),0,IF(X19/W19<0,0,X19/W19)) -> 0 | Z19: =IF(Y19=0,0,$V$5+Y19) -> 0 | AA19: =IF(Z19=0,0,IF(F19=$AE$4,($AF$4-$V$5)*W19,IF(MID($I19,6,2)=$AA$3,($AD$3-$V$5)*W19,IF(MID($I19,6,2)=$AE$3,($AF$3-$V$5)*W19,IF(MID($I19,6,2)=$AA$4,($AD$4-$V$5)*W19))))) -> 0 | AB19: =IF(ISERROR(VLOOKUP($E19,발주DB!$A:$D,3,FALSE))=TRUE,"",VLOOKUP($E19,발주DB!$A:$D,3,FALSE)) | AC19: =IF(ISERROR(VLOOKUP($E19,발주DB!$A:$D,4,FALSE))=TRUE,"",VLOOKUP($E19,발주DB!$A:$D,4,FALSE)) | AD19: =IF(ISERROR(VLOOKUP($E19,입고예정DB!$B:$E,3,FALSE))=TRUE,0,VLOOKUP($E19,입고예정DB!$B:$E,3,FALSE)) -> 0 | AE19: =IF(E19="",0,SUMIF(입고예정DB!$B:$B,$E19,입고예정DB!$E:$E)) -> 0 | AF19: =AA19-(X19+AE19) -> -57 | AI19: =VLOOKUP($I19,[1]기획현황!$Z:$AW,8,FALSE) -> 캡보이 | AJ19: =SUMIF([1]기획현황!$Z:$Z,$I19,[1]기획현황!$AF:$AF) -> #VALUE! | AK19: =VLOOKUP($I19,[1]기획현황!$Z:$AW,14,FALSE) -> 43000 | AL19: =VLOOKUP($I19,[1]기획현황!$Z:$AW,22,FALSE) -> 0 | AM19: =VLOOKUP($I19,[1]기획현황!$Z:$AW,23,FALSE) -> 0 | AN19: =VLOOKUP($I19,[1]기획현황!$Z:$AW,24,FALSE) -> 10600 | AO19: =VLOOKUP($I19,[1]기획현황!$Z:$AW,17,FALSE) -> 10600 | AP19: =IF(ISERROR(AK19/(AO19*1.1))=TRUE,0,AK19/(AO19*1.1)) -> 3.6878216
