Workbook

Sheet 순점검
A1: 업체차수점검 | K1: 품번순서
K3: 브랜드 | N3: 사용가
E4: 데이터 | K4: SMB | N4: 사용불가
A5: 업체명 | B5: 차수 | C5: 발주일 | D5: 브랜드 | E5: 품번수 | F5: 색상수 | G5: 수량 | H5: 원가금액 | I5: TAG가금액 | K5: 의류외
A6: 성진 | B6: 2 | C6: 41374 | D6: SMB | E6: 5.5 | F6: 6 | G6: 3100 | H6: 21180000 | I6: 142300000
B7: 12 | C7: 41401 | D7: SMB | E7: 5 | F7: 5 | G7: 6000 | H7: 41458500 | I7: 264000000 | K7: REORDER | N7: MAIN (U,M,W) | Q7: MAIN (K)
B8: 23 | C8: 41435 | D8: SMB | E8: 7.5 | F8: 8 | G8: 8700 | H8: 52506494 | I8: 404300000 | K8: 품번순서 | N8: 품번순서 | Q8: 품번순서
B9: 26 | C9: 41443 | D9: SMB | E9: 3 | F9: 3 | G9: 8200 | H9: 63694150 | I9: 441800000 | K9: 1 | L9: =IF(ISERROR(VLOOKUP($K$4&$K$5&$K9,기획현황!$H:$H,1,FALSE))=TRUE,"",VLOOKUP($K$4&$K$5&$K9,기획현황!$H:$H,1,FALSE)) | N9: 1 | O9: =IF(ISERROR(VLOOKUP($K$4&$K$5&$N9,기획현황!$H:$H,1,FALSE))=TRUE,"",VLOOKUP($K$4&$K$5&$N9,기획현황!$H:$H,1,FALSE)) | Q9: =N9+500 -> 501 | R9: =IF(ISERROR(VLOOKUP($K$4&$K$5&$Q9,기획현황!$H:$H,1,FALSE))=TRUE,"",VLOOKUP($K$4&$K$5&$Q9,기획현황!$H:$H,1,FALSE))
B10: 28 | C10: 41443 | D10: SMB | E10: 3 | F10: 3 | G10: 12300 | H10: 86064935 | I10: 662700000 | K10: =K9+1 -> 2 | L10: =IF(ISERROR(VLOOKUP($K$4&$K$5&$K10,기획현황!$H:$H,1,FALSE))=TRUE,"",VLOOKUP($K$4&$K$5&$K10,기획현황!$H:$H,1,FALSE)) | N10: =N9+1 -> 2 | O10: =IF(ISERROR(VLOOKUP($K$4&$K$5&$N10,기획현황!$H:$H,1,FALSE))=TRUE,"",VLOOKUP($K$4&$K$5&$N10,기획현황!$H:$H,1,FALSE)) | Q10: =Q9+1 -> 502 | R10: =IF(ISERROR(VLOOKUP($K$4&$K$5&$Q10,기획현황!$H:$H,1,FALSE))=TRUE,"",VLOOKUP($K$4&$K$5&$Q10,기획현황!$H:$H,1,FALSE))
A11: 캡보이 | B11: 1 | C11: 41365 | D11: VBL | E11: 1 | F11: 1 | G11: 1200 | H11: 18974000 | I11: 68800000 | K11: =K10+1 -> 3 | L11: =IF(ISERROR(VLOOKUP($K$4&$K$5&$K11,기획현황!$H:$H,1,FALSE))=TRUE,"",VLOOKUP($K$4&$K$5&$K11,기획현황!$H:$H,1,FALSE)) | N11: =N10+1 -> 3 | O11: =IF(ISERROR(VLOOKUP($K$4&$K$5&$N11,기획현황!$H:$H,1,FALSE))=TRUE,"",VLOOKUP($K$4&$K$5&$N11,기획현황!$H:$H,1,FALSE)) | Q11: =Q10+1 -> 503 | R11: =IF(ISERROR(VLOOKUP($K$4&$K$5&$Q11,기획현황!$H:$H,1,FALSE))=TRUE,"",VLOOKUP($K$4&$K$5&$Q11,기획현황!$H:$H,1,FALSE))
B12: 2 | C12: 41373 | D12: VBL | E12: 0.66666667 | F12: 1 | G12: 3700 | H12: 36724000 | I12: 177100000 | K12: =K11+1 -> 4 | L12: =IF(ISERROR(VLOOKUP($K$4&$K$5&$K12,기획현황!$H:$H,1,FALSE))=TRUE,"",VLOOKUP($K$4&$K$5&$K12,기획현황!$H:$H,1,FALSE)) | N12: =N11+1 -> 4 | O12: =IF(ISERROR(VLOOKUP($K$4&$K$5&$N12,기획현황!$H:$H,1,FALSE))=TRUE,"",VLOOKUP($K$4&$K$5&$N12,기획현황!$H:$H,1,FALSE)) | Q12: =Q11+1 -> 504 | R12: =IF(ISERROR(VLOOKUP($K$4&$K$5&$Q12,기획현황!$H:$H,1,FALSE))=TRUE,"",VLOOKUP($K$4&$K$5&$Q12,기획현황!$H:$H,1,FALSE))
B13: 3 | C13: 41374 | D13: WTR | E13: 3 | F13: 3 | G13: 1300 | H13: 15326000 | I13: 69100000 | K13: =K12+1 -> 5 | L13: =IF(ISERROR(VLOOKUP($K$4&$K$5&$K13,기획현황!$H:$H,1,FALSE))=TRUE,"",VLOOKUP($K$4&$K$5&$K13,기획현황!$H:$H,1,FALSE)) | N13: =N12+1 -> 5 | O13: =IF(ISERROR(VLOOKUP($K$4&$K$5&$N13,기획현황!$H:$H,1,FALSE))=TRUE,"",VLOOKUP($K$4&$K$5&$N13,기획현황!$H:$H,1,FALSE)) | Q13: =Q12+1 -> 505 | R13: =IF(ISERROR(VLOOKUP($K$4&$K$5&$Q13,기획현황!$H:$H,1,FALSE))=TRUE,"",VLOOKUP($K$4&$K$5&$Q13,기획현황!$H:$H,1,FALSE))
B14: 4 | C14: 41380 | D14: WTR | E14: 7 | F14: 7 | G14: 3500 | H14: 54920000 | I14: 228100000 | K14: =K13+1 -> 6 | L14: =IF(ISERROR(VLOOKUP($K$4&$K$5&$K14,기획현황!$H:$H,1,FALSE))=TRUE,"",VLOOKUP($K$4&$K$5&$K14,기획현황!$H:$H,1,FALSE)) | N14: =N13+1 -> 6 | O14: =IF(ISERROR(VLOOKUP($K$4&$K$5&$N14,기획현황!$H:$H,1,FALSE))=TRUE,"",VLOOKUP($K$4&$K$5&$N14,기획현황!$H:$H,1,FALSE)) | Q14: =Q13+1 -> 506 | R14: =IF(ISERROR(VLOOKUP($K$4&$K$5&$Q14,기획현황!$H:$H,1,FALSE))=TRUE,"",VLOOKUP($K$4&$K$5&$Q14,기획현황!$H:$H,1,FALSE))
B15: 5 | C15: 41387 | D15: VBL | E15: 0.5 | F15: 0.5 | G15: 2000 | H15: 20440000 | I15: 90000000 | K15: =K14+1 -> 7 | L15: =IF(ISERROR(VLOOKUP($K$4&$K$5&$K15,기획현황!$H:$H,1,FALSE))=TRUE,"",VLOOKUP($K$4&$K$5&$K15,기획현황!$H:$H,1,FALSE)) | N15: =N14+1 -> 7 | O15: =IF(ISERROR(VLOOKUP($K$4&$K$5&$N15,기획현황!$H:$H,1,FALSE))=TRUE,"",VLOOKUP($K$4&$K$5&$N15,기획현황!$H:$H,1,FALSE)) | Q15: =Q14+1 -> 507 | R15: =IF(ISERROR(VLOOKUP($K$4&$K$5&$Q15,기획현황!$H:$H,1,FALSE))=TRUE,"",VLOOKUP($K$4&$K$5&$Q15,기획현황!$H:$H,1,FALSE))
B16: 6 | C16: 41390 | D16: VBL | E16: 0.66666667 | F16: 4 | G16: 4000 | H16: 40080000 | I16: 196000000 | K16: =K15+1 -> 8 | L16: =IF(ISERROR(VLOOKUP($K$4&$K$5&$K16,기획현황!$H:$H,1,FALSE))=TRUE,"",VLOOKUP($K$4&$K$5&$K16,기획현황!$H:$H,1,FALSE)) | N16: =N15+1 -> 8 | O16: =IF(ISERROR(VLOOKUP($K$4&$K$5&$N16,기획현황!$H:$H,1,FALSE))=TRUE,"",VLOOKUP($K$4&$K$5&$N16,기획현황!$H:$H,1,FALSE)) | Q16: =Q15+1 -> 508 | R16: =IF(ISERROR(VLOOKUP($K$4&$K$5&$Q16,기획현황!$H:$H,1,FALSE))=TRUE,"",VLOOKUP($K$4&$K$5&$Q16,기획현황!$H:$H,1,FALSE))
B17: 10 | C17: 41408 | D17: VBL | E17: 0.16666667 | F17: 0.5 | G17: 3000 | H17: 25560000 | I17: 147000000 | K17: =K16+1 -> 9 | L17: =IF(ISERROR(VLOOKUP($K$4&$K$5&$K17,기획현황!$H:$H,1,FALSE))=TRUE,"",VLOOKUP($K$4&$K$5&$K17,기획현황!$H:$H,1,FALSE)) | N17: =N16+1 -> 9 | O17: =IF(ISERROR(VLOOKUP($K$4&$K$5&$N17,기획현황!$H:$H,1,FALSE))=TRUE,"",VLOOKUP($K$4&$K$5&$N17,기획현황!$H:$H,1,FALSE)) | Q17: =Q16+1 -> 509 | R17: =IF(ISERROR(VLOOKUP($K$4&$K$5&$Q17,기획현황!$H:$H,1,FALSE))=TRUE,"",VLOOKUP($K$4&$K$5&$Q17,기획현황!$H:$H,1,FALSE))
B18: 12 | C18: 41416 | D18: VBL | E18: 0.5 | F18: 0.5 | G18: 700 | H18: 6664000 | I18: 30100000 | K18: =K17+1 -> 10 | L18: =IF(ISERROR(VLOOKUP($K$4&$K$5&$K18,기획현황!$H:$H,1,FALSE))=TRUE,"",VLOOKUP($K$4&$K$5&$K18,기획현황!$H:$H,1,FALSE)) | N18: =N17+1 -> 10 | O18: =IF(ISERROR(VLOOKUP($K$4&$K$5&$N18,기획현황!$H:$H,1,FALSE))=TRUE,"",VLOOKUP($K$4&$K$5&$N18,기획현황!$H:$H,1,FALSE)) | Q18: =Q17+1 -> 510 | R18: =IF(ISERROR(VLOOKUP($K$4&$K$5&$Q18,기획현황!$H:$H,1,FALSE))=TRUE,"",VLOOKUP($K$4&$K$5&$Q18,기획현황!$H:$H,1,FALSE))
B19: 14 | C19: 41418 | D19: VBL | E19: 2 | F19: 2 | G19: 2000 | H19: 23540000 | I19: 114000000 | K19: =K18+1 -> 11 | L19: =IF(ISERROR(VLOOKUP($K$4&$K$5&$K19,기획현황!$H:$H,1,FALSE))=TRUE,"",VLOOKUP($K$4&$K$5&$K19,기획현황!$H:$H,1,FALSE)) | N19: =N18+1 -> 11 | O19: =IF(ISERROR(VLOOKUP($K$4&$K$5&$N19,기획현황!$H:$H,1,FALSE))=TRUE,"",VLOOKUP($K$4&$K$5&$N19,기획현황!$H:$H,1,FALSE)) | Q19: =Q18+1 -> 511 | R19: =IF(ISERROR(VLOOKUP($K$4&$K$5&$Q19,기획현황!$H:$H,1,FALSE))=TRUE,"",VLOOKUP($K$4&$K$5&$Q19,기획현황!$H:$H,1,FALSE))
B20: 15 | C20: 41428 | D20: VBL | E20: 1 | F20: 1 | G20: 500 | H20: 6522727.3 | I20: 28700000 | K20: =K19+1 -> 12 | L20: =IF(ISERROR(VLOOKUP($K$4&$K$5&$K20,기획현황!$H:$H,1,FALSE))=TRUE,"",VLOOKUP($K$4&$K$5&$K20,기획현황!$H:$H,1,FALSE)) | N20: =N19+1 -> 12 | O20: =IF(ISERROR(VLOOKUP($K$4&$K$5&$N20,기획현황!$H:$H,1,FALSE))=TRUE,"",VLOOKUP($K$4&$K$5&$N20,기획현황!$H:$H,1,FALSE)) | Q20: =Q19+1 -> 512 | R20: =IF(ISERROR(VLOOKUP($K$4&$K$5&$Q20,기획현황!$H:$H,1,FALSE))=TRUE,"",VLOOKUP($K$4&$K$5&$Q20,기획현황!$H:$H,1,FALSE))
B21: 16 | C21: 41435 | D21: WTR | E21: 1 | F21: 1 | G21: 700 | H21: 7795454.5 | I21: 34300000 | K21: =K20+1 -> 13 | L21: =IF(ISERROR(VLOOKUP($K$4&$K$5&$K21,기획현황!$H:$H,1,FALSE))=TRUE,"",VLOOKUP($K$4&$K$5&$K21,기획현황!$H:$H,1,FALSE)) | N21: =N20+1 -> 13 | O21: =IF(ISERROR(VLOOKUP($K$4&$K$5&$N21,기획현황!$H:$H,1,FALSE))=TRUE,"",VLOOKUP($K$4&$K$5&$N21,기획현황!$H:$H,1,FALSE)) | Q21: =Q20+1 -> 513 | R21: =IF(ISERROR(VLOOKUP($K$4&$K$5&$Q21,기획현황!$H:$H,1,FALSE))=TRUE,"",VLOOKUP($K$4&$K$5&$Q21,기획현황!$H:$H,1,FALSE))
B22: 17 | C22: 41435 | D22: VBL | E22: 1 | F22: 1 | G22: 1000 | H22: 13409091 | I22: 59000000 | K22: =K21+1 -> 14 | L22: =IF(ISERROR(VLOOKUP($K$4&$K$5&$K22,기획현황!$H:$H,1,FALSE))=TRUE,"",VLOOKUP($K$4&$K$5&$K22,기획현황!$H:$H,1,FALSE)) | N22: =N21+1 -> 14 | O22: =IF(ISERROR(VLOOKUP($K$4&$K$5&$N22,기획현황!$H:$H,1,FALSE))=TRUE,"",VLOOKUP($K$4&$K$5&$N22,기획현황!$H:$H,1,FALSE)) | Q22: =Q21+1 -> 514 | R22: =IF(ISERROR(VLOOKUP($K$4&$K$5&$Q22,기획현황!$H:$H,1,FALSE))=TRUE,"",VLOOKUP($K$4&$K$5&$Q22,기획현황!$H:$H,1,FALSE))
B23: 21 | C23: 41443 | D23: VBL | E23: 0.5 | F23: 0.5 | G23: 3000 | H23: 30681818 | I23: 135000000 | K23: =K22+1 -> 15 | L23: =IF(ISERROR(VLOOKUP($K$4&$K$5&$K23,기획현황!$H:$H,1,FALSE))=TRUE,"",VLOOKUP($K$4&$K$5&$K23,기획현황!$H:$H,1,FALSE)) | N23: =N22+1 -> 15 | O23: =IF(ISERROR(VLOOKUP($K$4&$K$5&$N23,기획현황!$H:$H,1,FALSE))=TRUE,"",VLOOKUP($K$4&$K$5&$N23,기획현황!$H:$H,1,FALSE)) | Q23: =Q22+1 -> 515 | R23: =IF(ISERROR(VLOOKUP($K$4&$K$5&$Q23,기획현황!$H:$H,1,FALSE))=TRUE,"",VLOOKUP($K$4&$K$5&$Q23,기획현황!$H:$H,1,FALSE))
A24: FOREMOST | B24: 4 | C24: 41360 | D24: WTR | E24: 1 | F24: 1 | G24: 800 | H24: 12774622 | I24: 63200000 | K24: =K23+1 -> 16 | L24: =IF(ISERROR(VLOOKUP($K$4&$K$5&$K24,기획현황!$H:$H,1,FALSE))=TRUE,"",VLOOKUP($K$4&$K$5&$K24,기획현황!$H:$H,1,FALSE)) | N24: =N23+1 -> 16 | O24: =IF(ISERROR(VLOOKUP($K$4&$K$5&$N24,기획현황!$H:$H,1,FALSE))=TRUE,"",VLOOKUP($K$4&$K$5&$N24,기획현황!$H:$H,1,FALSE)) | Q24: =Q23+1 -> 516 | R24: =IF(ISERROR(VLOOKUP($K$4&$K$5&$Q24,기획현황!$H:$H,1,FALSE))=TRUE,"",VLOOKUP($K$4&$K$5&$Q24,기획현황!$H:$H,1,FALSE))
B25: 6 | C25: 41365 | D25: VBL | E25: 4 | F25: 4 | G25: 2300 | H25: 10769858 | I25: 123500000 | K25: =K24+1 -> 17 | L25: =IF(ISERROR(VLOOKUP($K$4&$K$5&$K25,기획현황!$H:$H,1,FALSE))=TRUE,"",VLOOKUP($K$4&$K$5&$K25,기획현황!$H:$H,1,FALSE)) | N25: =N24+1 -> 17 | O25: =IF(ISERROR(VLOOKUP($K$4&$K$5&$N25,기획현황!$H:$H,1,FALSE))=TRUE,"",VLOOKUP($K$4&$K$5&$N25,기획현황!$H:$H,1,FALSE)) | Q25: =Q24+1 -> 517 | R25: =IF(ISERROR(VLOOKUP($K$4&$K$5&$Q25,기획현황!$H:$H,1,FALSE))=TRUE,"",VLOOKUP($K$4&$K$5&$Q25,기획현황!$H:$H,1,FALSE))
B26: 10 | C26: 41380 | D26: WTR | E26: 4 | F26: 4 | G26: 3000 | H26: 21026784 | I26: 165000000 | K26: =K25+1 -> 18 | L26: =IF(ISERROR(VLOOKUP($K$4&$K$5&$K26,기획현황!$H:$H,1,FALSE))=TRUE,"",VLOOKUP($K$4&$K$5&$K26,기획현황!$H:$H,1,FALSE)) | N26: =N25+1 -> 18 | O26: =IF(ISERROR(VLOOKUP($K$4&$K$5&$N26,기획현황!$H:$H,1,FALSE))=TRUE,"",VLOOKUP($K$4&$K$5&$N26,기획현황!$H:$H,1,FALSE)) | Q26: =Q25+1 -> 518 | R26: =IF(ISERROR(VLOOKUP($K$4&$K$5&$Q26,기획현황!$H:$H,1,FALSE))=TRUE,"",VLOOKUP($K$4&$K$5&$Q26,기획현황!$H:$H,1,FALSE))
B27: 11 | C27: 41380 | D27: WTR | E27: 1 | F27: 1 | G27: 400 | H27: 5948280 | I27: 31600000 | K27: =K26+1 -> 19 | L27: =IF(ISERROR(VLOOKUP($K$4&$K$5&$K27,기획현황!$H:$H,1,FALSE))=TRUE,"",VLOOKUP($K$4&$K$5&$K27,기획현황!$H:$H,1,FALSE)) | N27: =N26+1 -> 19 | O27: =IF(ISERROR(VLOOKUP($K$4&$K$5&$N27,기획현황!$H:$H,1,FALSE))=TRUE,"",VLOOKUP($K$4&$K$5&$N27,기획현황!$H:$H,1,FALSE)) | Q27: =Q26+1 -> 519 | R27: =IF(ISERROR(VLOOKUP($K$4&$K$5&$Q27,기획현황!$H:$H,1,FALSE))=TRUE,"",VLOOKUP($K$4&$K$5&$Q27,기획현황!$H:$H,1,FALSE))
B28: 12 | C28: 41387 | D28: VBL | E28: 0.5 | F28: 1 | G28: 6000 | H28: 26534980 | I28: 330000000 | K28: =K27+1 -> 20 | L28: =IF(ISERROR(VLOOKUP($K$4&$K$5&$K28,기획현황!$H:$H,1,FALSE))=TRUE,"",VLOOKUP($K$4&$K$5&$K28,기획현황!$H:$H,1,FALSE)) | N28: =N27+1 -> 20 | O28: =IF(ISERROR(VLOOKUP($K$4&$K$5&$N28,기획현황!$H:$H,1,FALSE))=TRUE,"",VLOOKUP($K$4&$K$5&$N28,기획현황!$H:$H,1,FALSE)) | Q28: =Q27+1 -> 520 | R28: =IF(ISERROR(VLOOKUP($K$4&$K$5&$Q28,기획현황!$H:$H,1,FALSE))=TRUE,"",VLOOKUP($K$4&$K$5&$Q28,기획현황!$H:$H,1,FALSE))
B29: 19 | C29: 41402 | D29: VBL | E29: 8 | F29: 8 | G29: 5300 | H29: 26331574 | I29: 273900000 | K29: =K28+1 -> 21 | L29: =IF(ISERROR(VLOOKUP($K$4&$K$5&$K29,기획현황!$H:$H,1,FALSE))=TRUE,"",VLOOKUP($K$4&$K$5&$K29,기획현황!$H:$H,1,FALSE)) | N29: =N28+1 -> 21 | O29: =IF(ISERROR(VLOOKUP($K$4&$K$5&$N29,기획현황!$H:$H,1,FALSE))=TRUE,"",VLOOKUP($K$4&$K$5&$N29,기획현황!$H:$H,1,FALSE)) | Q29: =Q28+1 -> 521 | R29: =IF(ISERROR(VLOOKUP($K$4&$K$5&$Q29,기획현황!$H:$H,1,FALSE))=TRUE,"",VLOOKUP($K$4&$K$5&$Q29,기획현황!$H:$H,1,FALSE))
B30: 23 | C30: 41402 | D30: VBL | E30: 3 | F30: 3 | G30: 1900 | H30: 9638362 | I30: 101500000 | K30: =K29+1 -> 22 | L30: =IF(ISERROR(VLOOKUP($K$4&$K$5&$K30,기획현황!$H:$H,1,FALSE))=TRUE,"",VLOOKUP($K$4&$K$5&$K30,기획현황!$H:$H,1,FALSE)) | N30: =N29+1 -> 22 | O30: =IF(ISERROR(VLOOKUP($K$4&$K$5&$N30,기획현황!$H:$H,1,FALSE))=TRUE,"",VLOOKUP($K$4&$K$5&$N30,기획현황!$H:$H,1,FALSE)) | Q30: =Q29+1 -> 522 | R30: =IF(ISERROR(VLOOKUP($K$4&$K$5&$Q30,기획현황!$H:$H,1,FALSE))=TRUE,"",VLOOKUP($K$4&$K$5&$Q30,기획현황!$H:$H,1,FALSE))
B31: 24 | C31: 41402 | D31: VBL | E31: 2.5 | F31: 2.5 | G31: 1550 | H31: 8759104 | I31: 94050000 | K31: =K30+1 -> 23 | L31: =IF(ISERROR(VLOOKUP($K$4&$K$5&$K31,기획현황!$H:$H,1,FALSE))=TRUE,"",VLOOKUP($K$4&$K$5&$K31,기획현황!$H:$H,1,FALSE)) | N31: =N30+1 -> 23 | O31: =IF(ISERROR(VLOOKUP($K$4&$K$5&$N31,기획현황!$H:$H,1,FALSE))=TRUE,"",VLOOKUP($K$4&$K$5&$N31,기획현황!$H:$H,1,FALSE)) | Q31: =Q30+1 -> 523 | R31: =IF(ISERROR(VLOOKUP($K$4&$K$5&$Q31,기획현황!$H:$H,1,FALSE))=TRUE,"",VLOOKUP($K$4&$K$5&$Q31,기획현황!$H:$H,1,FALSE))
B32: 27 | C32: 41409 | D32: VBL | E32: 2 | F32: 2 | G32: 2500 | H32: 9374315 | I32: 137500000 | K32: =K31+1 -> 24 | L32: =IF(ISERROR(VLOOKUP($K$4&$K$5&$K32,기획현황!$H:$H,1,FALSE))=TRUE,"",VLOOKUP($K$4&$K$5&$K32,기획현황!$H:$H,1,FALSE)) | N32: =N31+1 -> 24 | O32: =IF(ISERROR(VLOOKUP($K$4&$K$5&$N32,기획현황!$H:$H,1,FALSE))=TRUE,"",VLOOKUP($K$4&$K$5&$N32,기획현황!$H:$H,1,FALSE)) | Q32: =Q31+1 -> 524 | R32: =IF(ISERROR(VLOOKUP($K$4&$K$5&$Q32,기획현황!$H:$H,1,FALSE))=TRUE,"",VLOOKUP($K$4&$K$5&$Q32,기획현황!$H:$H,1,FALSE))
B33: 40 | C33: 41428 | D33: VBL | E33: 1.5 | F33: 1.5 | G33: 1100 | H33: 9530303 | I33: 62900000 | K33: =K32+1 -> 25 | L33: =IF(ISERROR(VLOOKUP($K$4&$K$5&$K33,기획현황!$H:$H,1,FALSE))=TRUE,"",VLOOKUP($K$4&$K$5&$K33,기획현황!$H:$H,1,FALSE)) | N33: =N32+1 -> 25 | O33: =IF(ISERROR(VLOOKUP($K$4&$K$5&$N33,기획현황!$H:$H,1,FALSE))=TRUE,"",VLOOKUP($K$4&$K$5&$N33,기획현황!$H:$H,1,FALSE)) | Q33: =Q32+1 -> 525 | R33: =IF(ISERROR(VLOOKUP($K$4&$K$5&$Q33,기획현황!$H:$H,1,FALSE))=TRUE,"",VLOOKUP($K$4&$K$5&$Q33,기획현황!$H:$H,1,FALSE))
B34: 48 | C34: 41443 | D34: VBL | E34: 0.5 | F34: 1 | G34: 9000 | H34: 75000000 | I34: 495000000 | K34: =K33+1 -> 26 | L34: =IF(ISERROR(VLOOKUP($K$4&$K$5&$K34,기획현황!$H:$H,1,FALSE))=TRUE,"",VLOOKUP($K$4&$K$5&$K34,기획현황!$H:$H,1,FALSE)) | N34: =N33+1 -> 26 | O34: =IF(ISERROR(VLOOKUP($K$4&$K$5&$N34,기획현황!$H:$H,1,FALSE))=TRUE,"",VLOOKUP($K$4&$K$5&$N34,기획현황!$H:$H,1,FALSE)) | Q34: =Q33+1 -> 526 | R34: =IF(ISERROR(VLOOKUP($K$4&$K$5&$Q34,기획현황!$H:$H,1,FALSE))=TRUE,"",VLOOKUP($K$4&$K$5&$Q34,기획현황!$H:$H,1,FALSE))
B35: 49 | C35: 0 | D35: SMB | E35: 1 | F35: 2 | G35: 1400 | H35: 0 | I35: 0 | K35: =K34+1 -> 27 | L35: =IF(ISERROR(VLOOKUP($K$4&$K$5&$K35,기획현황!$H:$H,1,FALSE))=TRUE,"",VLOOKUP($K$4&$K$5&$K35,기획현황!$H:$H,1,FALSE)) | N35: =N34+1 -> 27 | O35: =IF(ISERROR(VLOOKUP($K$4&$K$5&$N35,기획현황!$H:$H,1,FALSE))=TRUE,"",VLOOKUP($K$4&$K$5&$N35,기획현황!$H:$H,1,FALSE)) | Q35: =Q34+1 -> 527 | R35: =IF(ISERROR(VLOOKUP($K$4&$K$5&$Q35,기획현황!$H:$H,1,FALSE))=TRUE,"",VLOOKUP($K$4&$K$5&$Q35,기획현황!$H:$H,1,FALSE))
A36: 총합계 | E36: 72 | F36: 79 | G36: 100150 | H36: 7.8122935e+08 | I36: 5170450000 | K36: =K35+1 -> 28 | L36: =IF(ISERROR(VLOOKUP($K$4&$K$5&$K36,기획현황!$H:$H,1,FALSE))=TRUE,"",VLOOKUP($K$4&$K$5&$K36,기획현황!$H:$H,1,FALSE)) | N36: =N35+1 -> 28 | O36: =IF(ISERROR(VLOOKUP($K$4&$K$5&$N36,기획현황!$H:$H,1,FALSE))=TRUE,"",VLOOKUP($K$4&$K$5&$N36,기획현황!$H:$H,1,FALSE)) | Q36: =Q35+1 -> 528 | R36: =IF(ISERROR(VLOOKUP($K$4&$K$5&$Q36,기획현황!$H:$H,1,FALSE))=TRUE,"",VLOOKUP($K$4&$K$5&$Q36,기획현황!$H:$H,1,FALSE))
K37: =K36+1 -> 29 | L37: =IF(ISERROR(VLOOKUP($K$4&$K$5&$K37,기획현황!$H:$H,1,FALSE))=TRUE,"",VLOOKUP($K$4&$K$5&$K37,기획현황!$H:$H,1,FALSE)) | N37: =N36+1 -> 29 | O37: =IF(ISERROR(VLOOKUP($K$4&$K$5&$N37,기획현황!$H:$H,1,FALSE))=TRUE,"",VLOOKUP($K$4&$K$5&$N37,기획현황!$H:$H,1,FALSE)) | Q37: =Q36+1 -> 529 | R37: =IF(ISERROR(VLOOKUP($K$4&$K$5&$Q37,기획현황!$H:$H,1,FALSE))=TRUE,"",VLOOKUP($K$4&$K$5&$Q37,기획현황!$H:$H,1,FALSE))
K38: =K37+1 -> 30 | L38: =IF(ISERROR(VLOOKUP($K$4&$K$5&$K38,기획현황!$H:$H,1,FALSE))=TRUE,"",VLOOKUP($K$4&$K$5&$K38,기획현황!$H:$H,1,FALSE)) | N38: =N37+1 -> 30 | O38: =IF(ISERROR(VLOOKUP($K$4&$K$5&$N38,기획현황!$H:$H,1,FALSE))=TRUE,"",VLOOKUP($K$4&$K$5&$N38,기획현황!$H:$H,1,FALSE)) | Q38: =Q37+1 -> 530 | R38: =IF(ISERROR(VLOOKUP($K$4&$K$5&$Q38,기획현황!$H:$H,1,FALSE))=TRUE,"",VLOOKUP($K$4&$K$5&$Q38,기획현황!$H:$H,1,FALSE))
K39: =K38+1 -> 31 | L39: =IF(ISERROR(VLOOKUP($K$4&$K$5&$K39,기획현황!$H:$H,1,FALSE))=TRUE,"",VLOOKUP($K$4&$K$5&$K39,기획현황!$H:$H,1,FALSE)) | N39: =N38+1 -> 31 | O39: =IF(ISERROR(VLOOKUP($K$4&$K$5&$N39,기획현황!$H:$H,1,FALSE))=TRUE,"",VLOOKUP($K$4&$K$5&$N39,기획현황!$H:$H,1,FALSE)) | Q39: =Q38+1 -> 531 | R39: =IF(ISERROR(VLOOKUP($K$4&$K$5&$Q39,기획현황!$H:$H,1,FALSE))=TRUE,"",VLOOKUP($K$4&$K$5&$Q39,기획현황!$H:$H,1,FALSE))
K40: =K39+1 -> 32 | L40: =IF(ISERROR(VLOOKUP($K$4&$K$5&$K40,기획현황!$H:$H,1,FALSE))=TRUE,"",VLOOKUP($K$4&$K$5&$K40,기획현황!$H:$H,1,FALSE)) | N40: =N39+1 -> 32 | O40: =IF(ISERROR(VLOOKUP($K$4&$K$5&$N40,기획현황!$H:$H,1,FALSE))=TRUE,"",VLOOKUP($K$4&$K$5&$N40,기획현황!$H:$H,1,FALSE)) | Q40: =Q39+1 -> 532 | R40: =IF(ISERROR(VLOOKUP($K$4&$K$5&$Q40,기획현황!$H:$H,1,FALSE))=TRUE,"",VLOOKUP($K$4&$K$5&$Q40,기획현황!$H:$H,1,FALSE))
K41: =K40+1 -> 33 | L41: =IF(ISERROR(VLOOKUP($K$4&$K$5&$K41,기획현황!$H:$H,1,FALSE))=TRUE,"",VLOOKUP($K$4&$K$5&$K41,기획현황!$H:$H,1,FALSE)) | N41: =N40+1 -> 33 | O41: =IF(ISERROR(VLOOKUP($K$4&$K$5&$N41,기획현황!$H:$H,1,FALSE))=TRUE,"",VLOOKUP($K$4&$K$5&$N41,기획현황!$H:$H,1,FALSE)) | Q41: =Q40+1 -> 533 | R41: =IF(ISERROR(VLOOKUP($K$4&$K$5&$Q41,기획현황!$H:$H,1,FALSE))=TRUE,"",VLOOKUP($K$4&$K$5&$Q41,기획현황!$H:$H,1,FALSE))
K42: =K41+1 -> 34 | L42: =IF(ISERROR(VLOOKUP($K$4&$K$5&$K42,기획현황!$H:$H,1,FALSE))=TRUE,"",VLOOKUP($K$4&$K$5&$K42,기획현황!$H:$H,1,FALSE)) | N42: =N41+1 -> 34 | O42: =IF(ISERROR(VLOOKUP($K$4&$K$5&$N42,기획현황!$H:$H,1,FALSE))=TRUE,"",VLOOKUP($K$4&$K$5&$N42,기획현황!$H:$H,1,FALSE)) | Q42: =Q41+1 -> 534 | R42: =IF(ISERROR(VLOOKUP($K$4&$K$5&$Q42,기획현황!$H:$H,1,FALSE))=TRUE,"",VLOOKUP($K$4&$K$5&$Q42,기획현황!$H:$H,1,FALSE))
K43: =K42+1 -> 35 | L43: =IF(ISERROR(VLOOKUP($K$4&$K$5&$K43,기획현황!$H:$H,1,FALSE))=TRUE,"",VLOOKUP($K$4&$K$5&$K43,기획현황!$H:$H,1,FALSE)) | N43: =N42+1 -> 35 | O43: =IF(ISERROR(VLOOKUP($K$4&$K$5&$N43,기획현황!$H:$H,1,FALSE))=TRUE,"",VLOOKUP($K$4&$K$5&$N43,기획현황!$H:$H,1,FALSE)) | Q43: =Q42+1 -> 535 | R43: =IF(ISERROR(VLOOKUP($K$4&$K$5&$Q43,기획현황!$H:$H,1,FALSE))=TRUE,"",VLOOKUP($K$4&$K$5&$Q43,기획현황!$H:$H,1,FALSE))
K44: =K43+1 -> 36 | L44: =IF(ISERROR(VLOOKUP($K$4&$K$5&$K44,기획현황!$H:$H,1,FALSE))=TRUE,"",VLOOKUP($K$4&$K$5&$K44,기획현황!$H:$H,1,FALSE)) | N44: =N43+1 -> 36 | O44: =IF(ISERROR(VLOOKUP($K$4&$K$5&$N44,기획현황!$H:$H,1,FALSE))=TRUE,"",VLOOKUP($K$4&$K$5&$N44,기획현황!$H:$H,1,FALSE)) | Q44: =Q43+1 -> 536 | R44: =IF(ISERROR(VLOOKUP($K$4&$K$5&$Q44,기획현황!$H:$H,1,FALSE))=TRUE,"",VLOOKUP($K$4&$K$5&$Q44,기획현황!$H:$H,1,FALSE))
K45: =K44+1 -> 37 | L45: =IF(ISERROR(VLOOKUP($K$4&$K$5&$K45,기획현황!$H:$H,1,FALSE))=TRUE,"",VLOOKUP($K$4&$K$5&$K45,기획현황!$H:$H,1,FALSE)) | N45: =N44+1 -> 37 | O45: =IF(ISERROR(VLOOKUP($K$4&$K$5&$N45,기획현황!$H:$H,1,FALSE))=TRUE,"",VLOOKUP($K$4&$K$5&$N45,기획현황!$H:$H,1,FALSE)) | Q45: =Q44+1 -> 537 | R45: =IF(ISERROR(VLOOKUP($K$4&$K$5&$Q45,기획현황!$H:$H,1,FALSE))=TRUE,"",VLOOKUP($K$4&$K$5&$Q45,기획현황!$H:$H,1,FALSE))
K46: =K45+1 -> 38 | L46: =IF(ISERROR(VLOOKUP($K$4&$K$5&$K46,기획현황!$H:$H,1,FALSE))=TRUE,"",VLOOKUP($K$4&$K$5&$K46,기획현황!$H:$H,1,FALSE)) | N46: =N45+1 -> 38 | O46: =IF(ISERROR(VLOOKUP($K$4&$K$5&$N46,기획현황!$H:$H,1,FALSE))=TRUE,"",VLOOKUP($K$4&$K$5&$N46,기획현황!$H:$H,1,FALSE)) | Q46: =Q45+1 -> 538 | R46: =IF(ISERROR(VLOOKUP($K$4&$K$5&$Q46,기획현황!$H:$H,1,FALSE))=TRUE,"",VLOOKUP($K$4&$K$5&$Q46,기획현황!$H:$H,1,FALSE))
K47: =K46+1 -> 39 | L47: =IF(ISERROR(VLOOKUP($K$4&$K$5&$K47,기획현황!$H:$H,1,FALSE))=TRUE,"",VLOOKUP($K$4&$K$5&$K47,기획현황!$H:$H,1,FALSE)) | N47: =N46+1 -> 39 | O47: =IF(ISERROR(VLOOKUP($K$4&$K$5&$N47,기획현황!$H:$H,1,FALSE))=TRUE,"",VLOOKUP($K$4&$K$5&$N47,기획현황!$H:$H,1,FALSE)) | Q47: =Q46+1 -> 539 | R47: =IF(ISERROR(VLOOKUP($K$4&$K$5&$Q47,기획현황!$H:$H,1,FALSE))=TRUE,"",VLOOKUP($K$4&$K$5&$Q47,기획현황!$H:$H,1,FALSE))
K48: =K47+1 -> 40 | L48: =IF(ISERROR(VLOOKUP($K$4&$K$5&$K48,기획현황!$H:$H,1,FALSE))=TRUE,"",VLOOKUP($K$4&$K$5&$K48,기획현황!$H:$H,1,FALSE)) | N48: =N47+1 -> 40 | O48: =IF(ISERROR(VLOOKUP($K$4&$K$5&$N48,기획현황!$H:$H,1,FALSE))=TRUE,"",VLOOKUP($K$4&$K$5&$N48,기획현황!$H:$H,1,FALSE)) | Q48: =Q47+1 -> 540 | R48: =IF(ISERROR(VLOOKUP($K$4&$K$5&$Q48,기획현황!$H:$H,1,FALSE))=TRUE,"",VLOOKUP($K$4&$K$5&$Q48,기획현황!$H:$H,1,FALSE))
... K107: =K106+1 -> 99 | L107: =IF(ISERROR(VLOOKUP($K$4&$K$5&$K107,기획현황!$H:$H,1,FALSE))=TRUE,"",VLOOKUP($K$4&$K$5&$K107,기획현황!$H:$H,1,FALSE)) | N107: =N106+1 -> 99 | O107: =IF(ISERROR(VLOOKUP($K$4&$K$5&$N107,기획현황!$H:$H,1,FALSE))=TRUE,"",VLOOKUP($K$4&$K$5&$N107,기획현황!$H:$H,1,FALSE)) | Q107: =Q106+1 -> 599 | R107: =IF(ISERROR(VLOOKUP($K$4&$K$5&$Q107,기획현황!$H:$H,1,FALSE))=TRUE,"",VLOOKUP($K$4&$K$5&$Q107,기획현황!$H:$H,1,FALSE))
K108: =K107+1 -> 100 | L108: =IF(ISERROR(VLOOKUP($K$4&$K$5&$K108,기획현황!$H:$H,1,FALSE))=TRUE,"",VLOOKUP($K$4&$K$5&$K108,기획현황!$H:$H,1,FALSE))
K109: =K108+1 -> 101 | L109: =IF(ISERROR(VLOOKUP($K$4&$K$5&$K109,기획현황!$H:$H,1,FALSE))=TRUE,"",VLOOKUP($K$4&$K$5&$K109,기획현황!$H:$H,1,FALSE))
K110: =K109+1 -> 102 | L110: =IF(ISERROR(VLOOKUP($K$4&$K$5&$K110,기획현황!$H:$H,1,FALSE))=TRUE,"",VLOOKUP($K$4&$K$5&$K110,기획현황!$H:$H,1,FALSE))
K111: =K110+1 -> 103 | L111: =IF(ISERROR(VLOOKUP($K$4&$K$5&$K111,기획현황!$H:$H,1,FALSE))=TRUE,"",VLOOKUP($K$4&$K$5&$K111,기획현황!$H:$H,1,FALSE))
K112: =K111+1 -> 104 | L112: =IF(ISERROR(VLOOKUP($K$4&$K$5&$K112,기획현황!$H:$H,1,FALSE))=TRUE,"",VLOOKUP($K$4&$K$5&$K112,기획현황!$H:$H,1,FALSE))
K113: =K112+1 -> 105 | L113: =IF(ISERROR(VLOOKUP($K$4&$K$5&$K113,기획현황!$H:$H,1,FALSE))=TRUE,"",VLOOKUP($K$4&$K$5&$K113,기획현황!$H:$H,1,FALSE))
K114: =K113+1 -> 106 | L114: =IF(ISERROR(VLOOKUP($K$4&$K$5&$K114,기획현황!$H:$H,1,FALSE))=TRUE,"",VLOOKUP($K$4&$K$5&$K114,기획현황!$H:$H,1,FALSE))
K115: =K114+1 -> 107 | L115: =IF(ISERROR(VLOOKUP($K$4&$K$5&$K115,기획현황!$H:$H,1,FALSE))=TRUE,"",VLOOKUP($K$4&$K$5&$K115,기획현황!$H:$H,1,FALSE))
K116: =K115+1 -> 108 | L116: =IF(ISERROR(VLOOKUP($K$4&$K$5&$K116,기획현황!$H:$H,1,FALSE))=TRUE,"",VLOOKUP($K$4&$K$5&$K116,기획현황!$H:$H,1,FALSE))
K117: =K116+1 -> 109 | L117: =IF(ISERROR(VLOOKUP($K$4&$K$5&$K117,기획현황!$H:$H,1,FALSE))=TRUE,"",VLOOKUP($K$4&$K$5&$K117,기획현황!$H:$H,1,FALSE))
K118: =K117+1 -> 110 | L118: =IF(ISERROR(VLOOKUP($K$4&$K$5&$K118,기획현황!$H:$H,1,FALSE))=TRUE,"",VLOOKUP($K$4&$K$5&$K118,기획현황!$H:$H,1,FALSE))
K119: =K118+1 -> 111 | L119: =IF(ISERROR(VLOOKUP($K$4&$K$5&$K119,기획현황!$H:$H,1,FALSE))=TRUE,"",VLOOKUP($K$4&$K$5&$K119,기획현황!$H:$H,1,FALSE))
... K207: =K206+1 -> 199 | L207: =IF(ISERROR(VLOOKUP($K$4&$K$5&$K207,기획현황!$H:$H,1,FALSE))=TRUE,"",VLOOKUP($K$4&$K$5&$K207,기획현황!$H:$H,1,FALSE))

Sheet 기획현황
C1: PO ISSUE | F1: 1 | G1: =F1+1 -> 2 | H1: =G1+1 -> 3 | I1: =H1+1 -> 4 | J1: =I1+1 -> 5 | K1: =J1+1 -> 6 | L1: =K1+1 -> 7 | M1: =L1+1 -> 8 | N1: =M1+1 -> 9 | ... BR1: =BQ1+1 -> 65
K2: 2014 | L2: FW | M2: 기획현황 (유란) | AT2: 180 | AU2: 20 | BX2: DATA UPLOAD FOR E-BIZ | CS2: TAG ISSUE | DG2: **PRODUCTION SCHEDULE | EL2: ** 결재 및 가격사정
AO3: 환율 | AS3: 관세 | AW3: 제비용 | AX3: *인도네시아, 방글라데시 무관세 적용
AO4: KRW | AP4: EUR | AQ4: USD | AR4: JPY | AS4: 모자 | AT4: 의류 | AU4: 가방 | AV4: ACC | AW4: 0.05 | BN4: SHORTAGE | DV4: =TODAY() -> 42520
AO5: 1 | AP5: 1500 | AQ5: 1100 | AR5: 13 | AS5: 0.08 | AT5: 0.13 | AU5: 0.056 | AV5: 0.08 | BB5: =TODAY() -> 42520 | BG5: 건별계약서내용과 동일
K6: * 업체,업체차수,브랜드 정렬 | AZ6: 월,수요일 | BN6: 0.1
BX7: 컬렉션 | BY7: 시즌 | BZ7: 소재 | CA7: 품목 | CB7: 성별 | CC7: 국가 | CD7: 원산지 코드 | CE7: STYLE | CF7: 순번 | CG7: STYLE명 | CH7: COL | CI7: S_TYPE | CJ7: SIZE | CK7: 수량 | CL7: FOB | CM7: TAG가 | CN7: 원가 | CO7: 자재원가 | CP7: 구분
K8: 이미지 | L8: 브랜드 | M8: 브랜드명 | N8: 년도 | O8: 시즌 | P8: 품목 | Q8: 품목명 | R8: 성별 | S8: 순번 | T8: 순번 | U8: 품번 | V8: 품번수 | W8: 품명(=샘플명) | X8: 색상 | Y8: 색상명 | Z8: 품번색상 | AA8: 품번오더차수 | AB8: 색상수 | AC8: 원자재 혼용율 | AD8: 사이즈타입 | AE8: 사이즈 | AF8: 수량 | AG8: 업체 | AM8: TAG가 | AO8: 원가(-VAT) | AX8: 일정 | BG8: 원가 확정여부 | BH8: 입고일 확정여부 | BI8: 입고수량점검 | BO8: TOTAL | BX8: 브랜드 | BY8: 시즌 | BZ8: 분류 | CA8: 품목 | CB8: 성별 | CC8: 국가 | CD8: 샘플명 | CE8: 품번 | CF8: 순번 | CG8: 품번명 | CH8: 색상 | CI8: 사이즈타입 | CJ8: 사이즈 | CK8: 수량 | CL8: FOB($) | CM8: TAG가(\) | CN8: 원가(\,-VAT) | CO8: 자재원가(\,-VAT) | CP8: 수입1, 내수2 | CQ8: 발주번호 | CS8: NO. | CT8: 품번 (HAT'S ON CODE) | CU8: 명칭(상단) | CV8: 명칭(하단) | CW8: 명칭 (색상/사이즈) | CX8: 브랜드 | CY8: 순번 | CZ8: 수량 | DA8: TAG가(\) | DB8: 색상 | DC8: 사이즈 | DD8: 자율안전인증번호 | DE8: 최초순번 | DG8: PRODUCTION SCHEDULE | DZ8: 비고 | EF8: 순번 | EW8: 비고
AG9: 업체명 | AH9: 차수 | AI9: 차수 | AJ9: 분류 | AK9: 국가 | AL9: 수입/내수 | AN9: 확정일 | AO9: 목표 | AP9: 조정 | AQ9: 차이 | AR9: 공급자재 | AV9: 해외(FOB, USD, JPY) | AW9: 국내(KRW) | AX9: 발주일 | AY9: 선적일 | AZ9: 납기일 | BO9: 수량 | BP9: 원가금액 (-VAT,백만원) | BQ9: TAG가금액 (백만원) | BR9: MU | DG9: PO 발송일 | DH9: 메인작지 수령 목표일 | DI9: 메인작지 수령일 | DJ9: 메인작지 발송일 | DK9: 건별계약서 작성(원가, 납기) | DL9: 중국원단사용유무 | DN9: 원자재 발주일 | DO9: 부자재 발주일 | DP9: 원부자재 발송 목표일 | DQ9: 원자재 발송일 | DR9: 부자재 발송일 | DS9: 최초상품대금 결재상신일 | DT9: PPS 수령일 | DU9: PPS 컨펌일 | DV9: 가격택 발송일 | DW9: INSPECTION일 | DX9: SPS 수령일 | DY9: 입고 완료여부 | EF9: 0 | EL9: 선급금 요청 | EM9: 선급금 실송금일 | EN9: 선급금 실송금액 | EO9: 중도금 요청 | EP9: 중도금 실송금일 | EQ9: 중도금 실송금액 | ER9: 잔금 요청 | ES9: 잔금 실송금일 | ET9: 잔금 실송금액 | EU9: 물류수량 확정일 | EV9: 가격사정
AR10: 원자재 | AS10: 부자재 | AT10: 기타 | AU10: 계 | AZ10: 목표 | BA10: 계약 | BB10: 1차입고 | BC10: 2차입고 | BD10: 3차입고 | BE10: 4차입고 | BF10: 5차입고 | BI10: 1차입고 | BJ10: 2차입고 | BK10: 3차입고 | BL10: 4차입고 | BM10: 5차입고 | BN10: 미입고수량 | DE10: 최초순번 | DL10: 총가지수 | DM10: 중국가지수 | EF10: 5 | EI10: 품번수계산
V11: =SUM(V$13:V62542)-SUMIF($I:$I,"TTL",V:V) -> 52 | AB11: =SUM(AB$13:AB62542)-SUMIF($I:$I,"TTL",AB:AB) -> 58 | AF11: =SUM(AF$13:AF62542)-SUMIF($I:$I,"TTL",AF:AF) -> 16910 | BI11: =SUM(BI$13:BI62546)-SUMIF($I:$I,"TTL",BI:BI) -> 14954 | BJ11: =SUM(BJ$13:BJ62546)-SUMIF($I:$I,"TTL",BJ:BJ) -> 1675 | BK11: =SUM(BK$13:BK62546)-SUMIF($I:$I,"TTL",BK:BK) -> 108 | BL11: =SUM(BL$13:BL62546)-SUMIF($I:$I,"TTL",BL:BL) -> 0 | BM11: =SUM(BM$13:BM62546)-SUMIF($I:$I,"TTL",BM:BM) -> 0 | BN11: =SUM(BN$13:BN62546)-SUMIF($I:$I,"TTL",BN:BN) -> 0 | BO11: =SUM(BO$13:BO62542)-SUMIF($I:$I,"TTL",BO:BO) -> 16910 | BP11: =SUM(BP$13:BP62542)-SUMIF($I:$I,"TTL",BP:BP) -> 1.5070177e+08 | BQ11: =SUM(BQ$13:BQ62542)-SUMIF($I:$I,"TTL",BQ:BQ) -> 833390000 | BR11: =IF(ISERROR($BQ11/($BP11*1.1))=TRUE,0,$BQ11/($BP11*1.1)) -> 5.0273284 | BV11: 품번/색상/사이즈/수량/업체/차수/국가 | DH11: 90 | DL11: 숫자로 표기 | DM11: 숫자로 표기 | DN11: '없음'표기 | DO11: '없음'표기 | DP11: 60 | DQ11: 최종일표기 | DR11: 최종일표기 | EC11: 품번색상/발주일 | ED11: 품번색상사이즈 | EE11: 리오더(NEW) | EF11: 리오더(RUNNING) | EG11: 품번차수 | EI11: 품번 | EJ11: 품번색상
A12: 구분 | B12: 브랜드품목 | C12: 브랜드/업체/차수 | D12: 브랜드/업체/차수/품번색상 | E12: 순서 | F12: 브랜드/업체/차수/순서 | G12: 브랜드/업체/차수/순서/품번색상/사이즈 | H12: 브랜드/순번 | I12: 브랜드 | J12: 공란 | K12: 이미지 | L12: 브랜드 | M12: 브랜드명 | N12: 년도 | O12: 시즌 | P12: 품목 | Q12: 품목명 | R12: 성별 | S12: 순번 | T12: 순번2 | U12: 품번 | V12: 품번수 | W12: 품명(=샘플명) | X12: 색상 | Y12: 색상명 | Z12: 품번색상 | AA12: 오더차수 | AB12: 색상수 | AC12: 혼용율 | AD12: 사이즈타입 | AE12: 사이즈 | AF12: 수량 | AG12: 업체명 | AH12: 차수 | AI12: 차수2 | AJ12: 분류 | AK12: 국가 | AL12: 수입/내수 | AM12: TAG가목표 | AN12: TAG가조정 | AO12: 원가목표 | AP12: 원가조정 | AQ12: 원가차이 | AR12: 공급원자재 | AS12: 공급부자재 | AT12: 공급기타 | AU12: 공급계 | AV12: 해외(FOB, USD, JPY) | AW12: 국내(KRW) | AX12: 발주일 | AY12: 선적일 | AZ12: 목표납기일 | BA12: 계약납기일 | BB12: 1차입고일 | BC12: 2차입고일 | BD12: 3차입고일 | BE12: 4차입고일 | BF12: 5차입고일 | BG12: 확정여부 | BH12: 확정여부 | BI12: 1차입고수량 | BJ12: 2차입고수량 | BK12: 3차입고수량 | BL12: 3차입고수량 | BM12: 3차입고수량 | BN12: 차이수량 | BO12: TOTAL수량 | BP12: TOTAL원가금액 | BQ12: TOTALTAG가금액 | BR12: MU
A13: =IF(OR($I13="TTL",$I13=""),"",IF(ISERROR(VLOOKUP($B13,CODE!$D:$G,CODE!$F$1-2,FALSE))=TRUE,"전략",VLOOKUP($B13,CODE!$D:$G,CODE!$F$1-2,FALSE))) -> F-HAT | B13: =IF(OR($I13="TTL",$I13=""),"",IF(VLOOKUP($P13,CODE!$K:$O,CODE!$O$1,FALSE)="",$I13,$I13&"-"&VLOOKUP($P13,CODE!$K:$O,CODE!$O$1,FALSE))) -> JOK | C13: =IF($I13="TTL","",I13&"-"&$AG13&"-"&$AI13) -> JOK-FOREMOST-02 | D13: =$C13&$Z13 -> JOK-FOREMOST-02JOKEBF5803BL | E13: =IF($I13="TTL",0,IF(ISERROR(IF($Z12=$Z13,$E12,$E12+1))=TRUE,1,IF($Z12=$Z13,$E12,$E12+1))) -> 1 | F13: =$C13&$E13 -> JOK-FOREMOST-021 | G13: =$F13&"-"&$U13&$Y13&$AE13 -> JOK-FOREMOST-021-JOKEBF5803BLUEFRE | H13: =IF(ISERROR(I13&VLOOKUP(P13,CODE!$K:$N,CODE!$N$1,FALSE)&S13)=TRUE,0,I13&VLOOKUP(P13,CODE!$K:$N,CODE!$N$1,FALSE)&S13) -> JOK의류외803 | I13: =IF(ISERROR(SEARCH("TTL",$K13))=TRUE,IF($L13="","",VLOOKUP($L13,CODE!$B:$G,CODE!$D$1,FALSE)),"TTL") -> JOK | J13: =MID(W13,1,6) -> 13FW J | L13: JOK | M13: =IF(OR($I13="TTL",$L13=""),"",VLOOKUP($L13,CODE!$B:$D,CODE!$C$1,FALSE)) -> JOIE BETE KIDS | N13: =IF(OR($I13="TTL",$L13=""),"",VLOOKUP($K$2,CODE!$S:$T,CODE!$T$1-1,FALSE)) -> F | O13: 5 | P13: EB | Q13: =IF(OR($I13="TTL",$P13=""),"",VLOOKUP($P13,CODE!$K:$M,CODE!$L$1,FALSE)) -> EARFLAP BEANIE | R13: K | S13: 803 | T13: =IF(OR($I13="TTL",$S13=""),"",IF($S13<10,"00"&$S13,IF($S13<100,"0"&$S13,$S13))) -> 803 | U13: =IF($I13="TTL","",$L13&$P13&$N13&$O13&$T13) -> JOKEBF5803 | V13: =IF($I13="TTL",SUMIF($C:$C,MID($K13,1,SEARCH("TTL",$K13)-2),$V:$V),IF($EI13="",0,1/COUNTIF($EI:$EI,$EI13))) -> 1 | W13: 13FW JOIE BETE_03_BL_KIDS | X13: =IF($Y13="","",VLOOKUP($Y13,CODE!$AE:$AF,CODE!$AF$1-1,FALSE)) -> BL | Y13: BLUE | Z13: =$U13&$X13 -> JOKEBF5803BL | AA13: =VLOOKUP($Z13&$AX13,$EC:$EG,5,FALSE) -> R1 | AB13: =IF($I13="TTL",SUMIF($C:$C,MID($K13,1,SEARCH("TTL",$K13)-2),$AB:$AB),IF($EJ13="",0,1/COUNTIF($EJ:$EJ,$EJ13))) -> 1 | AC13: 0 | AD13: 1 | AE13: FRE | AF13: 250 | AG13: FOREMOST | AH13: 2 | AI13: =IF($AH13=0,"",IF($AH13<10,"0"&$AH13,$AH13)) -> 02 | AJ13: M | AK13: CN | AL13: =IF($AK13=0,"",IF($AK13="KR",2,1)) -> 1 | AM13: =IF(ISERROR(VLOOKUP($F13,[1]기획현황취합!$A$1:$E$64926,[1]기획현황취합!$B$1,FALSE))=TRUE,0,VLOOKUP($F13,[1]기획현황취합!$A$1:$E$64926,[1]기획현황취합!$B$1,FALSE)) -> 55000 | AN13: =IF(ISERROR(VLOOKUP($F13,[1]기획현황취합!$A$1:$E$64926,[1]기획현황취합!$C$1,FALSE))=TRUE,0,VLOOKUP($F13,[1]기획현황취합!$A$1:$E$64926,[1]기획현황취합!$C$1,FALSE)) -> 41710 | AO13: =IF(ISERROR(($AM13/1.1)/VLOOKUP($AG13,'TARGET MU'!$A:$D,'TARGET MU'!$D$1,FALSE))=TRUE,0,($AM13/1.1)/VLOOKUP($AG13,'TARGET MU'!$A:$D,'TARGET MU'!$D$1,FALSE)) -> 8333.3333 | AP13: =IF(OR(AF13=0,AND(AV13=0,AW13=0)),0,IF(AG13="캡보이2",AV13*$AQ$5+AU13,IF(OR(AK13="IN",AK13="BG",AK13="VT",AK13="CB"),$AU13+(($AV13*(1+$AW$4))*(HLOOKUP(VLOOKUP(AG13,'TARGET MU'!$A:$P,'TARGET MU'!$J$1,FALSE),$AO$4:$AR$5,2,FALSE)))+$AW13,$AU13+((($AV13*(1+$AW$4))*(1+HLOOKUP(VLOOKUP($P13,CODE!$K:$P,CODE!$P$1,FALSE),$AS$4:$AV$5,2,FALSE)))*(HLOOKUP(VLOOKUP(AG13,'TARGET MU'!$A:$P,'TARGET MU'!$J$1,FALSE),$AO$4:$AR$5,2,FALSE)))+$AW13))) -> 8989.43 | AQ13: =AP13-AO13 -> 656.09667 | AS13: 300 | AT13: 20 | AU13: =SUM(AR13:AT13) -> 320 | AV13: 6.95 | AX13: =IF(ISERROR(VLOOKUP($F13,[1]기획현황취합!$A$1:$E$64926,[1]기획현황취합!$D$1,FALSE))=TRUE,0,VLOOKUP($F13,[1]기획현황취합!$A$1:$E$64926,[1]기획현황취합!$D$1,FALSE)) -> 41711 | AZ13: =IF(ISERROR(VLOOKUP($F13,[1]기획현황취합!$A$1:$E$64926,[1]기획현황취합!$E$1,FALSE))=TRUE,0,VLOOKUP($F13,[1]기획현황취합!$A$1:$E$64926,[1]기획현황취합!$E$1,FALSE)) -> 41858 | BA13: 41858 | BB13: 41887 | BG13: 확정 | BH13: 확정 | BI13: =IF($I13="TTL",SUMIF($C:$C,MID($K13,1,SEARCH("TTL",$K13)-2),$BI:$BI),SUMIF(실입고현황!$A:$A,BB13&VLOOKUP($AG13,'TARGET MU'!$A:$D,'TARGET MU'!$B$1,FALSE)&$Z13&" "&$AE13,실입고현황!$C:$C)) -> 250 | BJ13: =IF($I13="TTL",SUMIF($C:$C,MID($K13,1,SEARCH("TTL",$K13)-2),$BJ:$BJ),SUMIF(실입고현황!$A:$A,BC13&VLOOKUP($AG13,'TARGET MU'!$A:$D,'TARGET MU'!$B$1,FALSE)&$Z13&" "&$AE13,실입고현황!$C:$C)) -> 0 | BK13: =IF($I13="TTL",SUMIF($C:$C,MID($K13,1,SEARCH("TTL",$K13)-2),$BK:$BK),SUMIF(실입고현황!$A:$A,BD13&VLOOKUP($AG13,'TARGET MU'!$A:$D,'TARGET MU'!$B$1,FALSE)&$Z13&" "&$AE13,실입고현황!$C:$C)) -> 0 | BL13: =IF($I13="TTL",SUMIF($C:$C,MID($K13,1,SEARCH("TTL",$K13)-2),$BL:$BL),SUMIF(실입고현황!$A:$A,BE13&VLOOKUP($AG13,'TARGET MU'!$A:$D,'TARGET MU'!$B$1,FALSE)&$Z13&" "&$AE13,실입고현황!$C:$C)) -> 0 | BM13: =IF($I13="TTL",SUMIF($C:$C,MID($K13,1,SEARCH("TTL",$K13)-2),$BM:$BM),SUMIF(실입고현황!$A:$A,BF13&VLOOKUP($AG13,'TARGET MU'!$A:$D,'TARGET MU'!$B$1,FALSE)&$Z13&" "&$AE13,실입고현황!$C:$C)) -> 0 | BN13: =IF($I13="TTL",SUMIF($C:$C,MID($K13,1,SEARCH("TTL",$K13)-2),$BN:$BN),IF(($BO13-SUM($BI13,$BJ13,$BK13,BL13,BM13))<$BO13*$BN$6,0,$BO13-SUM($BI13,$BJ13,$BK13,BL13,BM13))) -> 0 | BO13: =IF($I13="TTL",SUMIF($C:$C,MID($K13,1,SEARCH("TTL",$K13)-2),$BO:$BO),$AF13) -> 250 | BP13: =IF($I13="TTL",SUMIF($C:$C,MID($K13,1,SEARCH("TTL",$K13)-2),$BP:$BP),IF($AO13=0,0,IF($AP13=0,$AO13*$AF13,$AP13*$AF13))) -> 2247357.5 | BQ13: =IF($I13="TTL",SUMIF($C:$C,MID($K13,1,SEARCH("TTL",$K13)-2),$BQ:$BQ),$AM13*$AF13) -> 13750000 | BR13: =IF(ISERROR($BQ13/($BP13*1.1))=TRUE,0,$BQ13/($BP13*1.1)) -> 5.5620879 | BT13: =IF(ISERROR(Z13&VLOOKUP($AG13,'TARGET MU'!$A:$D,'TARGET MU'!$B$1,FALSE))=TRUE,"",Z13&VLOOKUP($AG13,'TARGET MU'!$A:$D,'TARGET MU'!$B$1,FALSE)) -> JOKEBF5803BL포모스트 | BU13: =AP13 -> 8989.43 | BV13: =Z13&AE13&AF13&AM13&AG13&AI13&AK13 -> JOKEBF5803BLFRE25055000FOREMOST02CN | BX13: =IF($I13="TTL","",$L13) -> JOK | BY13: =$O13 -> 5 | BZ13: =$AJ13 -> M | CA13: =$P13 -> EB | CB13: =$R13 -> K | CC13: =$AK13 -> CN | CD13: =$W13 -> 13FW JOIE BETE_03_BL_KIDS | CE13: =$U13 -> JOKEBF5803 | CF13: =$T13 -> 803 | CG13: =$W13 -> 13FW JOIE BETE_03_BL_KIDS | CH13: =$X13 -> BL | CI13: =$AD13 -> 1 | CJ13: =$AE13 -> FRE | CK13: =IF($I13="TTL",SUMIF($C:$C,MID($K13,1,SEARCH("TTL",$K13)-2),$BO:$BO),$AF13) -> 250 | CL13: =$AV13 -> 6.95 | CM13: =$AM13 -> 55000 | CN13: =$AP13-$AU13 -> 8669.43 | CO13: =$AU13 -> 320 | CP13: =$AL13 -> 1 | CQ13: 853 | CT13: =IF($I13="TTL",$K13,$Z13&$AE13) -> JOKEBF5803BLFRE | CU13: =$M13 -> JOIE BETE KIDS | CV13: =IF($I13="TTL","",IF($CX13="","",$Q13&"_"&$T13&IF(N13="K","_KIDS",IF(N13="I","_INFANT","")))) -> EARFLAP BEANIE_803 | CW13: =IF($I13="TTL","",IF($CT13="","",$Y13&"_"&$AE13)) -> BLUE_FRE | CX13: =$L13 -> JOK | CY13: =$T13 -> 803 | CZ13: =IF($I13="TTL",SUMIF($C:$C,MID($K13,1,SEARCH("TTL",$K13)-2),$CZ:$CZ),$AF13) -> 250 | DA13: =$AM13 -> 55000 | DB13: =$Y13 -> BLUE | DC13: =$AE13 -> FRE | DG13: 41712 | DH13: =IF(OR($I13="TTL",$I13=""),"",AZ13-$DH$11) -> 41768 | DI13: 41715 | DJ13: 41715 | DK13: 41779 | DL13: 6 | DM13: 6 | DN13: x | DO13: 41723 | DP13: =IF(OR($DN13="없음",$I13="TTL",$I13=""),"",AZ13-$DP$11) -> 41798 | DQ13: x | DR13: 41732 | DS13: 41771 | DT13: 41757 | DU13: 41768 | DV13: 41771 | DW13: x | DX13: 41869 | DY13: 입고완료 | DZ13: 가격사정완료 | EC13: =IF(OR(Z12&AX12=Z13&AX12,Z13&AX13=""),"",Z13&AX13) -> JOKEBF5803BL41711 | ED13: =IF(OR(Z12&AE12=Z13&AE13,Z13=""),"",Z13&AE13) -> JOKEBF5803BLFRE | EE13: =IF(ED13="",0,IF(COUNTIF(ED$12:ED12,ED13)=0,0,COUNTIF(ED$12:ED12,ED13))) -> 0 | EF13: =IF(OR($AJ13="B",$ED13="",MID($U13,8,1)=$EF$9,MID($U13,8,1)=$EF$10),0,1) -> 1 | EG13: =IF(EE13+EF13=0,"","R"&(EE13+EF13)) -> R1 | EI13: =IF($ED13="","",IF($EE13=0,U13,"")) -> JOKEBF5803 | EJ13: =IF($ED13="","",IF($EE13=0,Z13,"")) -> JOKEBF5803BL | EL13: 41771 | EM13: 41800 | EN13: 2935.2 | EO13: X | EP13: X | EQ13: X
A14: =IF(OR($I14="TTL",$I14=""),"",IF(ISERROR(VLOOKUP($B14,CODE!$D:$G,CODE!$F$1-2,FALSE))=TRUE,"전략",VLOOKUP($B14,CODE!$D:$G,CODE!$F$1-2,FALSE))) -> F-HAT | B14: =IF(OR($I14="TTL",$I14=""),"",IF(VLOOKUP($P14,CODE!$K:$O,CODE!$O$1,FALSE)="",$I14,$I14&"-"&VLOOKUP($P14,CODE!$K:$O,CODE!$O$1,FALSE))) -> JOK | C14: =IF($I14="TTL","",I14&"-"&$AG14&"-"&$AI14) -> JOK-FOREMOST-02 | D14: =$C14&$Z14 -> JOK-FOREMOST-02JOKEBF5804RE | E14: =IF($I14="TTL",0,IF(ISERROR(IF($Z13=$Z14,$E13,$E13+1))=TRUE,1,IF($Z13=$Z14,$E13,$E13+1))) -> 2 | F14: =$C14&$E14 -> JOK-FOREMOST-022 | G14: =$F14&"-"&$U14&$Y14&$AE14 -> JOK-FOREMOST-022-JOKEBF5804REDFRE | H14: =IF(ISERROR(I14&VLOOKUP(P14,CODE!$K:$N,CODE!$N$1,FALSE)&S14)=TRUE,0,I14&VLOOKUP(P14,CODE!$K:$N,CODE!$N$1,FALSE)&S14) -> JOK의류외804 | I14: =IF(ISERROR(SEARCH("TTL",$K14))=TRUE,IF($L14="","",VLOOKUP($L14,CODE!$B:$G,CODE!$D$1,FALSE)),"TTL") -> JOK | J14: =MID(W14,1,6) -> 13FW J | L14: JOK | M14: =IF(OR($I14="TTL",$L14=""),"",VLOOKUP($L14,CODE!$B:$D,CODE!$C$1,FALSE)) -> JOIE BETE KIDS | N14: =IF(OR($I14="TTL",$L14=""),"",VLOOKUP($K$2,CODE!$S:$T,CODE!$T$1-1,FALSE)) -> F | O14: 5 | P14: EB | Q14: =IF(OR($I14="TTL",$P14=""),"",VLOOKUP($P14,CODE!$K:$M,CODE!$L$1,FALSE)) -> EARFLAP BEANIE | R14: K | S14: 804 | T14: =IF(OR($I14="TTL",$S14=""),"",IF($S14<10,"00"&$S14,IF($S14<100,"0"&$S14,$S14))) -> 804 | U14: =IF($I14="TTL","",$L14&$P14&$N14&$O14&$T14) -> JOKEBF5804 | V14: =IF($I14="TTL",SUMIF($C:$C,MID($K14,1,SEARCH("TTL",$K14)-2),$V:$V),IF($EI14="",0,1/COUNTIF($EI:$EI,$EI14))) -> 1 | W14: 13FW JOIE BETE_03_RD_KIDS | X14: =IF($Y14="","",VLOOKUP($Y14,CODE!$AE:$AF,CODE!$AF$1-1,FALSE)) -> RE | Y14: RED | Z14: =$U14&$X14 -> JOKEBF5804RE | AA14: =VLOOKUP($Z14&$AX14,$EC:$EG,5,FALSE) -> R1 | AB14: =IF($I14="TTL",SUMIF($C:$C,MID($K14,1,SEARCH("TTL",$K14)-2),$AB:$AB),IF($EJ14="",0,1/COUNTIF($EJ:$EJ,$EJ14))) -> 1 | AC14: 0 | AD14: 1 | AE14: FRE | AF14: 250 | AG14: FOREMOST | AH14: 2 | AI14: =IF($AH14=0,"",IF($AH14<10,"0"&$AH14,$AH14)) -> 02 | AJ14: M | AK14: CN | AL14: =IF($AK14=0,"",IF($AK14="KR",2,1)) -> 1 | AM14: =IF(ISERROR(VLOOKUP($F14,[1]기획현황취합!$A$1:$E$64926,[1]기획현황취합!$B$1,FALSE))=TRUE,0,VLOOKUP($F14,[1]기획현황취합!$A$1:$E$64926,[1]기획현황취합!$B$1,FALSE)) -> 55000 | AN14: =IF(ISERROR(VLOOKUP($F14,[1]기획현황취합!$A$1:$E$64926,[1]기획현황취합!$C$1,FALSE))=TRUE,0,VLOOKUP($F14,[1]기획현황취합!$A$1:$E$64926,[1]기획현황취합!$C$1,FALSE)) -> 41710 | AO14: =IF(ISERROR(($AM14/1.1)/VLOOKUP($AG14,'TARGET MU'!$A:$D,'TARGET MU'!$D$1,FALSE))=TRUE,0,($AM14/1.1)/VLOOKUP($AG14,'TARGET MU'!$A:$D,'TARGET MU'!$D$1,FALSE)) -> 8333.3333 | AP14: =IF(OR(AF14=0,AND(AV14=0,AW14=0)),0,IF(AG14="캡보이2",AV14*$AQ$5+AU14,IF(OR(AK14="IN",AK14="BG",AK14="VT",AK14="CB"),$AU14+(($AV14*(1+$AW$4))*(HLOOKUP(VLOOKUP(AG14,'TARGET MU'!$A:$P,'TARGET MU'!$J$1,FALSE),$AO$4:$AR$5,2,FALSE)))+$AW14,$AU14+((($AV14*(1+$AW$4))*(1+HLOOKUP(VLOOKUP($P14,CODE!$K:$P,CODE!$P$1,FALSE),$AS$4:$AV$5,2,FALSE)))*(HLOOKUP(VLOOKUP(AG14,'TARGET MU'!$A:$P,'TARGET MU'!$J$1,FALSE),$AO$4:$AR$5,2,FALSE)))+$AW14))) -> 8802.32 | AQ14: =AP14-AO14 -> 468.98667 | AR14: 0 | AS14: 300 | AT14: 20 | AU14: =SUM(AR14:AT14) -> 320 | AV14: 6.8 | AW14: 0 | AX14: =IF(ISERROR(VLOOKUP($F14,[1]기획현황취합!$A$1:$E$64926,[1]기획현황취합!$D$1,FALSE))=TRUE,0,VLOOKUP($F14,[1]기획현황취합!$A$1:$E$64926,[1]기획현황취합!$D$1,FALSE)) -> 41711 | AZ14: =IF(ISERROR(VLOOKUP($F14,[1]기획현황취합!$A$1:$E$64926,[1]기획현황취합!$E$1,FALSE))=TRUE,0,VLOOKUP($F14,[1]기획현황취합!$A$1:$E$64926,[1]기획현황취합!$E$1,FALSE)) -> 41858 | BA14: 41858 | BB14: 41887 | BC14: 0 | BD14: 0 | BE14: 0 | BF14: 0 | BG14: 확정 | BH14: 확정 | BI14: =IF($I14="TTL",SUMIF($C:$C,MID($K14,1,SEARCH("TTL",$K14)-2),$BI:$BI),SUMIF(실입고현황!$A:$A,BB14&VLOOKUP($AG14,'TARGET MU'!$A:$D,'TARGET MU'!$B$1,FALSE)&$Z14&" "&$AE14,실입고현황!$C:$C)) -> 250 | BJ14: =IF($I14="TTL",SUMIF($C:$C,MID($K14,1,SEARCH("TTL",$K14)-2),$BJ:$BJ),SUMIF(실입고현황!$A:$A,BC14&VLOOKUP($AG14,'TARGET MU'!$A:$D,'TARGET MU'!$B$1,FALSE)&$Z14&" "&$AE14,실입고현황!$C:$C)) -> 0 | BK14: =IF($I14="TTL",SUMIF($C:$C,MID($K14,1,SEARCH("TTL",$K14)-2),$BK:$BK),SUMIF(실입고현황!$A:$A,BD14&VLOOKUP($AG14,'TARGET MU'!$A:$D,'TARGET MU'!$B$1,FALSE)&$Z14&" "&$AE14,실입고현황!$C:$C)) -> 0 | BL14: =IF($I14="TTL",SUMIF($C:$C,MID($K14,1,SEARCH("TTL",$K14)-2),$BL:$BL),SUMIF(실입고현황!$A:$A,BE14&VLOOKUP($AG14,'TARGET MU'!$A:$D,'TARGET MU'!$B$1,FALSE)&$Z14&" "&$AE14,실입고현황!$C:$C)) -> 0 | BM14: =IF($I14="TTL",SUMIF($C:$C,MID($K14,1,SEARCH("TTL",$K14)-2),$BM:$BM),SUMIF(실입고현황!$A:$A,BF14&VLOOKUP($AG14,'TARGET MU'!$A:$D,'TARGET MU'!$B$1,FALSE)&$Z14&" "&$AE14,실입고현황!$C:$C)) -> 0 | BN14: =IF($I14="TTL",SUMIF($C:$C,MID($K14,1,SEARCH("TTL",$K14)-2),$BN:$BN),IF(($BO14-SUM($BI14,$BJ14,$BK14,BL14,BM14))<$BO14*$BN$6,0,$BO14-SUM($BI14,$BJ14,$BK14,BL14,BM14))) -> 0 | BO14: =IF($I14="TTL",SUMIF($C:$C,MID($K14,1,SEARCH("TTL",$K14)-2),$BO:$BO),$AF14) -> 250 | BP14: =IF($I14="TTL",SUMIF($C:$C,MID($K14,1,SEARCH("TTL",$K14)-2),$BP:$BP),IF($AO14=0,0,IF($AP14=0,$AO14*$AF14,$AP14*$AF14))) -> 2200580 | BQ14: =IF($I14="TTL",SUMIF($C:$C,MID($K14,1,SEARCH("TTL",$K14)-2),$BQ:$BQ),$AM14*$AF14) -> 13750000 | BR14: =IF(ISERROR($BQ14/($BP14*1.1))=TRUE,0,$BQ14/($BP14*1.1)) -> 5.6803206 | BT14: =IF(ISERROR(Z14&VLOOKUP($AG14,'TARGET MU'!$A:$D,'TARGET MU'!$B$1,FALSE))=TRUE,"",Z14&VLOOKUP($AG14,'TARGET MU'!$A:$D,'TARGET MU'!$B$1,FALSE)) -> JOKEBF5804RE포모스트 | BU14: =AP14 -> 8802.32 | BV14: =Z14&AE14&AF14&AM14&AG14&AI14&AK14 -> JOKEBF5804REFRE25055000FOREMOST02CN | BX14: =IF($I14="TTL","",$L14) -> JOK | BY14: =$O14 -> 5 | BZ14: =$AJ14 -> M | CA14: =$P14 -> EB | CB14: =$R14 -> K | CC14: =$AK14 -> CN | CD14: =$W14 -> 13FW JOIE BETE_03_RD_KIDS | CE14: =$U14 -> JOKEBF5804 | CF14: =$T14 -> 804 | CG14: =$W14 -> 13FW JOIE BETE_03_RD_KIDS | CH14: =$X14 -> RE | CI14: =$AD14 -> 1 | CJ14: =$AE14 -> FRE | CK14: =IF($I14="TTL",SUMIF($C:$C,MID($K14,1,SEARCH("TTL",$K14)-2),$BO:$BO),$AF14) -> 250 | CL14: =$AV14 -> 6.8 | CM14: =$AM14 -> 55000 | CN14: =$AP14-$AU14 -> 8482.32 | CO14: =$AU14 -> 320 | CP14: =$AL14 -> 1 | CQ14: 853 | CT14: =IF($I14="TTL",$K14,$Z14&$AE14) -> JOKEBF5804REFRE | CU14: =$M14 -> JOIE BETE KIDS | CV14: =IF($I14="TTL","",IF($CX14="","",$Q14&"_"&$T14&IF(N14="K","_KIDS",IF(N14="I","_INFANT","")))) -> EARFLAP BEANIE_804 | CW14: =IF($I14="TTL","",IF($CT14="","",$Y14&"_"&$AE14)) -> RED_FRE | CX14: =$L14 -> JOK | CY14: =$T14 -> 804 | CZ14: =IF($I14="TTL",SUMIF($C:$C,MID($K14,1,SEARCH("TTL",$K14)-2),$CZ:$CZ),$AF14) -> 250 | DA14: =$AM14 -> 55000 | DB14: =$Y14 -> RED | DC14: =$AE14 -> FRE | DG14: 41712 | DH14: =IF(OR($I14="TTL",$I14=""),"",AZ14-$DH$11) -> 41768 | DI14: 41715 | DJ14: 41715 | DK14: 41779 | DL14: 6 | DM14: 6 | DN14: x | DO14: 41723 | DP14: =IF(OR($DN14="없음",$I14="TTL",$I14=""),"",AZ14-$DP$11) -> 41798 | DQ14: x | DR14: 41732 | DS14: 41771 | DT14: 41757 | DU14: 41757 | DV14: 41771 | DW14: x | DX14: 41869 | DY14: 입고완료 | DZ14: 가격사정완료 | EC14: =IF(OR(Z13&AX13=Z14&AX13,Z14&AX14=""),"",Z14&AX14) -> JOKEBF5804RE41711 | ED14: =IF(OR(Z13&AE13=Z14&AE14,Z14=""),"",Z14&AE14) -> JOKEBF5804REFRE | EE14: =IF(ED14="",0,IF(COUNTIF(ED$12:ED13,ED14)=0,0,COUNTIF(ED$12:ED13,ED14))) -> 0 | EF14: =IF(OR($AJ14="B",$ED14="",MID($U14,8,1)=$EF$9,MID($U14,8,1)=$EF$10),0,1) -> 1 | EG14: =IF(EE14+EF14=0,"","R"&(EE14+EF14)) -> R1 | EI14: =IF($ED14="","",IF($EE14=0,U14,"")) -> JOKEBF5804 | EJ14: =IF($ED14="","",IF($EE14=0,Z14,"")) -> JOKEBF5804RE | EL14: 41771 | EM14: 41800 | EN14: X | EO14: X | EP14: X | EQ14: X
A15: =IF(OR($I15="TTL",$I15=""),"",IF(ISERROR(VLOOKUP($B15,CODE!$D:$G,CODE!$F$1-2,FALSE))=TRUE,"전략",VLOOKUP($B15,CODE!$D:$G,CODE!$F$1-2,FALSE))) -> F-HAT | B15: =IF(OR($I15="TTL",$I15=""),"",IF(VLOOKUP($P15,CODE!$K:$O,CODE!$O$1,FALSE)="",$I15,$I15&"-"&VLOOKUP($P15,CODE!$K:$O,CODE!$O$1,FALSE))) -> JOK | C15: =IF($I15="TTL","",I15&"-"&$AG15&"-"&$AI15) -> JOK-FOREMOST-02 | D15: =$C15&$Z15 -> JOK-FOREMOST-02JOKVBF5806NY | E15: =IF($I15="TTL",0,IF(ISERROR(IF($Z14=$Z15,$E14,$E14+1))=TRUE,1,IF($Z14=$Z15,$E14,$E14+1))) -> 3 | F15: =$C15&$E15 -> JOK-FOREMOST-023 | G15: =$F15&"-"&$U15&$Y15&$AE15 -> JOK-FOREMOST-023-JOKVBF5806NAVYFRE | H15: =IF(ISERROR(I15&VLOOKUP(P15,CODE!$K:$N,CODE!$N$1,FALSE)&S15)=TRUE,0,I15&VLOOKUP(P15,CODE!$K:$N,CODE!$N$1,FALSE)&S15) -> JOK의류외806 | I15: =IF(ISERROR(SEARCH("TTL",$K15))=TRUE,IF($L15="","",VLOOKUP($L15,CODE!$B:$G,CODE!$D$1,FALSE)),"TTL") -> JOK | J15: =MID(W15,1,6) -> 13FW J | L15: JOK | M15: =IF(OR($I15="TTL",$L15=""),"",VLOOKUP($L15,CODE!$B:$D,CODE!$C$1,FALSE)) -> JOIE BETE KIDS | N15: =IF(OR($I15="TTL",$L15=""),"",VLOOKUP($K$2,CODE!$S:$T,CODE!$T$1-1,FALSE)) -> F | O15: 5 | P15: VB | Q15: =IF(OR($I15="TTL",$P15=""),"",VLOOKUP($P15,CODE!$K:$M,CODE!$L$1,FALSE)) -> VISOR BEANIE | R15: K | S15: 806 | T15: =IF(OR($I15="TTL",$S15=""),"",IF($S15<10,"00"&$S15,IF($S15<100,"0"&$S15,$S15))) -> 806 | U15: =IF($I15="TTL","",$L15&$P15&$N15&$O15&$T15) -> JOKVBF5806 | V15: =IF($I15="TTL",SUMIF($C:$C,MID($K15,1,SEARCH("TTL",$K15)-2),$V:$V),IF($EI15="",0,1/COUNTIF($EI:$EI,$EI15))) -> 0.5 | W15: 13FW JOIE BETE_09_NY_KIDS | X15: =IF($Y15="","",VLOOKUP($Y15,CODE!$AE:$AF,CODE!$AF$1-1,FALSE)) -> NY | Y15: NAVY | Z15: =$U15&$X15 -> JOKVBF5806NY | AA15: =VLOOKUP($Z15&$AX15,$EC:$EG,5,FALSE) -> R1 | AB15: =IF($I15="TTL",SUMIF($C:$C,MID($K15,1,SEARCH("TTL",$K15)-2),$AB:$AB),IF($EJ15="",0,1/COUNTIF($EJ:$EJ,$EJ15))) -> 1 | AC15: 0 | AD15: 1 | AE15: FRE | AF15: 250 | AG15: FOREMOST | AH15: 2 | AI15: =IF($AH15=0,"",IF($AH15<10,"0"&$AH15,$AH15)) -> 02 | AJ15: M | AK15: CN | AL15: =IF($AK15=0,"",IF($AK15="KR",2,1)) -> 1 | AM15: =IF(ISERROR(VLOOKUP($F15,[1]기획현황취합!$A$1:$E$64926,[1]기획현황취합!$B$1,FALSE))=TRUE,0,VLOOKUP($F15,[1]기획현황취합!$A$1:$E$64926,[1]기획현황취합!$B$1,FALSE)) -> 55000 | AN15: =IF(ISERROR(VLOOKUP($F15,[1]기획현황취합!$A$1:$E$64926,[1]기획현황취합!$C$1,FALSE))=TRUE,0,VLOOKUP($F15,[1]기획현황취합!$A$1:$E$64926,[1]기획현황취합!$C$1,FALSE)) -> 41710 | AO15: =IF(ISERROR(($AM15/1.1)/VLOOKUP($AG15,'TARGET MU'!$A:$D,'TARGET MU'!$D$1,FALSE))=TRUE,0,($AM15/1.1)/VLOOKUP($AG15,'TARGET MU'!$A:$D,'TARGET MU'!$D$1,FALSE)) -> 8333.3333 | AP15: =IF(OR(AF15=0,AND(AV15=0,AW15=0)),0,IF(AG15="캡보이2",AV15*$AQ$5+AU15,IF(OR(AK15="IN",AK15="BG",AK15="VT",AK15="CB"),$AU15+(($AV15*(1+$AW$4))*(HLOOKUP(VLOOKUP(AG15,'TARGET MU'!$A:$P,'TARGET MU'!$J$1,FALSE),$AO$4:$AR$5,2,FALSE)))+$AW15,$AU15+((($AV15*(1+$AW$4))*(1+HLOOKUP(VLOOKUP($P15,CODE!$K:$P,CODE!$P$1,FALSE),$AS$4:$AV$5,2,FALSE)))*(HLOOKUP(VLOOKUP(AG15,'TARGET MU'!$A:$P,'TARGET MU'!$J$1,FALSE),$AO$4:$AR$5,2,FALSE)))+$AW15))) -> 10049.72 | AQ15: =AP15-AO15 -> 1716.3867 | AR15: 0 | AS15: 300 | AT15: 20 | AU15: =SUM(AR15:AT15) -> 320 | AV15: 7.8 | AW15: 0 | AX15: =IF(ISERROR(VLOOKUP($F15,[1]기획현황취합!$A$1:$E$64926,[1]기획현황취합!$D$1,FALSE))=TRUE,0,VLOOKUP($F15,[1]기획현황취합!$A$1:$E$64926,[1]기획현황취합!$D$1,FALSE)) -> 41711 | AZ15: =IF(ISERROR(VLOOKUP($F15,[1]기획현황취합!$A$1:$E$64926,[1]기획현황취합!$E$1,FALSE))=TRUE,0,VLOOKUP($F15,[1]기획현황취합!$A$1:$E$64926,[1]기획현황취합!$E$1,FALSE)) -> 41858 | BA15: 41858 | BB15: 41887 | BC15: 0 | BD15: 0 | BE15: 0 | BF15: 0 | BG15: 확정 | BH15: 확정 | BI15: =IF($I15="TTL",SUMIF($C:$C,MID($K15,1,SEARCH("TTL",$K15)-2),$BI:$BI),SUMIF(실입고현황!$A:$A,BB15&VLOOKUP($AG15,'TARGET MU'!$A:$D,'TARGET MU'!$B$1,FALSE)&$Z15&" "&$AE15,실입고현황!$C:$C)) -> 250 | BJ15: =IF($I15="TTL",SUMIF($C:$C,MID($K15,1,SEARCH("TTL",$K15)-2),$BJ:$BJ),SUMIF(실입고현황!$A:$A,BC15&VLOOKUP($AG15,'TARGET MU'!$A:$D,'TARGET MU'!$B$1,FALSE)&$Z15&" "&$AE15,실입고현황!$C:$C)) -> 0 | BK15: =IF($I15="TTL",SUMIF($C:$C,MID($K15,1,SEARCH("TTL",$K15)-2),$BK:$BK),SUMIF(실입고현황!$A:$A,BD15&VLOOKUP($AG15,'TARGET MU'!$A:$D,'TARGET MU'!$B$1,FALSE)&$Z15&" "&$AE15,실입고현황!$C:$C)) -> 0 | BL15: =IF($I15="TTL",SUMIF($C:$C,MID($K15,1,SEARCH("TTL",$K15)-2),$BL:$BL),SUMIF(실입고현황!$A:$A,BE15&VLOOKUP($AG15,'TARGET MU'!$A:$D,'TARGET MU'!$B$1,FALSE)&$Z15&" "&$AE15,실입고현황!$C:$C)) -> 0 | BM15: =IF($I15="TTL",SUMIF($C:$C,MID($K15,1,SEARCH("TTL",$K15)-2),$BM:$BM),SUMIF(실입고현황!$A:$A,BF15&VLOOKUP($AG15,'TARGET MU'!$A:$D,'TARGET MU'!$B$1,FALSE)&$Z15&" "&$AE15,실입고현황!$C:$C)) -> 0 | BN15: =IF($I15="TTL",SUMIF($C:$C,MID($K15,1,SEARCH("TTL",$K15)-2),$BN:$BN),IF(($BO15-SUM($BI15,$BJ15,$BK15,BL15,BM15))<$BO15*$BN$6,0,$BO15-SUM($BI15,$BJ15,$BK15,BL15,BM15))) -> 0 | BO15: =IF($I15="TTL",SUMIF($C:$C,MID($K15,1,SEARCH("TTL",$K15)-2),$BO:$BO),$AF15) -> 250 | BP15: =IF($I15="TTL",SUMIF($C:$C,MID($K15,1,SEARCH("TTL",$K15)-2),$BP:$BP),IF($AO15=0,0,IF($AP15=0,$AO15*$AF15,$AP15*$AF15))) -> 2512430 | BQ15: =IF($I15="TTL",SUMIF($C:$C,MID($K15,1,SEARCH("TTL",$K15)-2),$BQ:$BQ),$AM15*$AF15) -> 13750000 | BR15: =IF(ISERROR($BQ15/($BP15*1.1))=TRUE,0,$BQ15/($BP15*1.1)) -> 4.975263 | BT15: =IF(ISERROR(Z15&VLOOKUP($AG15,'TARGET MU'!$A:$D,'TARGET MU'!$B$1,FALSE))=TRUE,"",Z15&VLOOKUP($AG15,'TARGET MU'!$A:$D,'TARGET MU'!$B$1,FALSE)) -> JOKVBF5806NY포모스트 | BU15: =AP15 -> 10049.72 | BV15: =Z15&AE15&AF15&AM15&AG15&AI15&AK15 -> JOKVBF5806NYFRE25055000FOREMOST02CN | BX15: =IF($I15="TTL","",$L15) -> JOK | BY15: =$O15 -> 5 | BZ15: =$AJ15 -> M | CA15: =$P15 -> VB | CB15: =$R15 -> K | CC15: =$AK15 -> CN | CD15: =$W15 -> 13FW JOIE BETE_09_NY_KIDS | CE15: =$U15 -> JOKVBF5806 | CF15: =$T15 -> 806 | CG15: =$W15 -> 13FW JOIE BETE_09_NY_KIDS | CH15: =$X15 -> NY | CI15: =$AD15 -> 1 | CJ15: =$AE15 -> FRE | CK15: =IF($I15="TTL",SUMIF($C:$C,MID($K15,1,SEARCH("TTL",$K15)-2),$BO:$BO),$AF15) -> 250 | CL15: =$AV15 -> 7.8 | CM15: =$AM15 -> 55000 | CN15: =$AP15-$AU15 -> 9729.72 | CO15: =$AU15 -> 320 | CP15: =$AL15 -> 1 | CQ15: 853 | CT15: =IF($I15="TTL",$K15,$Z15&$AE15) -> JOKVBF5806NYFRE | CU15: =$M15 -> JOIE BETE KIDS | CV15: =IF($I15="TTL","",IF($CX15="","",$Q15&"_"&$T15&IF(N15="K","_KIDS",IF(N15="I","_INFANT","")))) -> VISOR BEANIE_806 | CW15: =IF($I15="TTL","",IF($CT15="","",$Y15&"_"&$AE15)) -> NAVY_FRE | CX15: =$L15 -> JOK | CY15: =$T15 -> 806 | CZ15: =IF($I15="TTL",SUMIF($C:$C,MID($K15,1,SEARCH("TTL",$K15)-2),$CZ:$CZ),$AF15) -> 250 | DA15: =$AM15 -> 55000 | DB15: =$Y15 -> NAVY | DC15: =$AE15 -> FRE | DG15: 41712 | DH15: =IF(OR($I15="TTL",$I15=""),"",AZ15-$DH$11) -> 41768 | DI15: 41715 | DJ15: 41715 | DK15: 41779 | DL15: 8 | DM15: 8 | DN15: x | DO15: 41723 | DP15: =IF(OR($DN15="없음",$I15="TTL",$I15=""),"",AZ15-$DP$11) -> 41798 | DQ15: x | DR15: 41732 | DS15: 41771 | DT15: 41757 | DU15: 41758 | DV15: 41771 | DW15: x | DX15: 41869 | DY15: 입고완료 | DZ15: 가격사정완료 | EC15: =IF(OR(Z14&AX14=Z15&AX14,Z15&AX15=""),"",Z15&AX15) -> JOKVBF5806NY41711 | ED15: =IF(OR(Z14&AE14=Z15&AE15,Z15=""),"",Z15&AE15) -> JOKVBF5806NYFRE | EE15: =IF(ED15="",0,IF(COUNTIF(ED$12:ED14,ED15)=0,0,COUNTIF(ED$12:ED14,ED15))) -> 0 | EF15: =IF(OR($AJ15="B",$ED15="",MID($U15,8,1)=$EF$9,MID($U15,8,1)=$EF$10),0,1) -> 1 | EG15: =IF(EE15+EF15=0,"","R"&(EE15+EF15)) -> R1 | EI15: =IF($ED15="","",IF($EE15=0,U15,"")) -> JOKVBF5806 | EJ15: =IF($ED15="","",IF($EE15=0,Z15,"")) -> JOKVBF5806NY | EL15: 41771 | EM15: 41800 | EN15: X | EO15: X | EP15: X | EQ15: X
A16: =IF(OR($I16="TTL",$I16=""),"",IF(ISERROR(VLOOKUP($B16,CODE!$D:$G,CODE!$F$1-2,FALSE))=TRUE,"전략",VLOOKUP($B16,CODE!$D:$G,CODE!$F$1-2,FALSE))) -> F-HAT | B16: =IF(OR($I16="TTL",$I16=""),"",IF(VLOOKUP($P16,CODE!$K:$O,CODE!$O$1,FALSE)="",$I16,$I16&"-"&VLOOKUP($P16,CODE!$K:$O,CODE!$O$1,FALSE))) -> JOK | C16: =IF($I16="TTL","",I16&"-"&$AG16&"-"&$AI16) -> JOK-FOREMOST-02 | D16: =$C16&$Z16 -> JOK-FOREMOST-02JOKVBF5806PK | E16: =IF($I16="TTL",0,IF(ISERROR(IF($Z15=$Z16,$E15,$E15+1))=TRUE,1,IF($Z15=$Z16,$E15,$E15+1))) -> 4 | F16: =$C16&$E16 -> JOK-FOREMOST-024 | G16: =$F16&"-"&$U16&$Y16&$AE16 -> JOK-FOREMOST-024-JOKVBF5806PINKFRE | H16: =IF(ISERROR(I16&VLOOKUP(P16,CODE!$K:$N,CODE!$N$1,FALSE)&S16)=TRUE,0,I16&VLOOKUP(P16,CODE!$K:$N,CODE!$N$1,FALSE)&S16) -> JOK의류외806 | I16: =IF(ISERROR(SEARCH("TTL",$K16))=TRUE,IF($L16="","",VLOOKUP($L16,CODE!$B:$G,CODE!$D$1,FALSE)),"TTL") -> JOK | J16: =MID(W16,1,6) -> 13FW J | L16: JOK | M16: =IF(OR($I16="TTL",$L16=""),"",VLOOKUP($L16,CODE!$B:$D,CODE!$C$1,FALSE)) -> JOIE BETE KIDS | N16: =IF(OR($I16="TTL",$L16=""),"",VLOOKUP($K$2,CODE!$S:$T,CODE!$T$1-1,FALSE)) -> F | O16: 5 | P16: VB | Q16: =IF(OR($I16="TTL",$P16=""),"",VLOOKUP($P16,CODE!$K:$M,CODE!$L$1,FALSE)) -> VISOR BEANIE | R16: K | S16: 806 | T16: =IF(OR($I16="TTL",$S16=""),"",IF($S16<10,"00"&$S16,IF($S16<100,"0"&$S16,$S16))) -> 806 | U16: =IF($I16="TTL","",$L16&$P16&$N16&$O16&$T16) -> JOKVBF5806 | V16: =IF($I16="TTL",SUMIF($C:$C,MID($K16,1,SEARCH("TTL",$K16)-2),$V:$V),IF($EI16="",0,1/COUNTIF($EI:$EI,$EI16))) -> 0.5 | W16: 13FW JOIE BETE_09_PK_KIDS | X16: =IF($Y16="","",VLOOKUP($Y16,CODE!$AE:$AF,CODE!$AF$1-1,FALSE)) -> PK | Y16: PINK | Z16: =$U16&$X16 -> JOKVBF5806PK | AA16: =VLOOKUP($Z16&$AX16,$EC:$EG,5,FALSE) -> R1 | AB16: =IF($I16="TTL",SUMIF($C:$C,MID($K16,1,SEARCH("TTL",$K16)-2),$AB:$AB),IF($EJ16="",0,1/COUNTIF($EJ:$EJ,$EJ16))) -> 1 | AC16: 0 | AD16: 1 | AE16: FRE | AF16: 250 | AG16: FOREMOST | AH16: 2 | AI16: =IF($AH16=0,"",IF($AH16<10,"0"&$AH16,$AH16)) -> 02 | AJ16: M | AK16: CN | AL16: =IF($AK16=0,"",IF($AK16="KR",2,1)) -> 1 | AM16: =IF(ISERROR(VLOOKUP($F16,[1]기획현황취합!$A$1:$E$64926,[1]기획현황취합!$B$1,FALSE))=TRUE,0,VLOOKUP($F16,[1]기획현황취합!$A$1:$E$64926,[1]기획현황취합!$B$1,FALSE)) -> 55000 | AN16: =IF(ISERROR(VLOOKUP($F16,[1]기획현황취합!$A$1:$E$64926,[1]기획현황취합!$C$1,FALSE))=TRUE,0,VLOOKUP($F16,[1]기획현황취합!$A$1:$E$64926,[1]기획현황취합!$C$1,FALSE)) -> 41710 | AO16: =IF(ISERROR(($AM16/1.1)/VLOOKUP($AG16,'TARGET MU'!$A:$D,'TARGET MU'!$D$1,FALSE))=TRUE,0,($AM16/1.1)/VLOOKUP($AG16,'TARGET MU'!$A:$D,'TARGET MU'!$D$1,FALSE)) -> 8333.3333 | AP16: =IF(OR(AF16=0,AND(AV16=0,AW16=0)),0,IF(AG16="캡보이2",AV16*$AQ$5+AU16,IF(OR(AK16="IN",AK16="BG",AK16="VT",AK16="CB"),$AU16+(($AV16*(1+$AW$4))*(HLOOKUP(VLOOKUP(AG16,'TARGET MU'!$A:$P,'TARGET MU'!$J$1,FALSE),$AO$4:$AR$5,2,FALSE)))+$AW16,$AU16+((($AV16*(1+$AW$4))*(1+HLOOKUP(VLOOKUP($P16,CODE!$K:$P,CODE!$P$1,FALSE),$AS$4:$AV$5,2,FALSE)))*(HLOOKUP(VLOOKUP(AG16,'TARGET MU'!$A:$P,'TARGET MU'!$J$1,FALSE),$AO$4:$AR$5,2,FALSE)))+$AW16))) -> 10049.72 | AQ16: =AP16-AO16 -> 1716.3867 | AR16: 0 | AS16: 300 | AT16: 20 | AU16: =SUM(AR16:AT16) -> 320 | AV16: 7.8 | AW16: 0 | AX16: =IF(ISERROR(VLOOKUP($F16,[1]기획현황취합!$A$1:$E$64926,[1]기획현황취합!$D$1,FALSE))=TRUE,0,VLOOKUP($F16,[1]기획현황취합!$A$1:$E$64926,[1]기획현황취합!$D$1,FALSE)) -> 41711 | AZ16: =IF(ISERROR(VLOOKUP($F16,[1]기획현황취합!$A$1:$E$64926,[1]기획현황취합!$E$1,FALSE))=TRUE,0,VLOOKUP($F16,[1]기획현황취합!$A$1:$E$64926,[1]기획현황취합!$E$1,FALSE)) -> 41858 | BA16: 41858 | BB16: 41887 | BC16: 0 | BD16: 0 | BE16: 0 | BF16: 0 | BG16: 확정 | BH16: 확정 | BI16: =IF($I16="TTL",SUMIF($C:$C,MID($K16,1,SEARCH("TTL",$K16)-2),$BI:$BI),SUMIF(실입고현황!$A:$A,BB16&VLOOKUP($AG16,'TARGET MU'!$A:$D,'TARGET MU'!$B$1,FALSE)&$Z16&" "&$AE16,실입고현황!$C:$C)) -> 249 | BJ16: =IF($I16="TTL",SUMIF($C:$C,MID($K16,1,SEARCH("TTL",$K16)-2),$BJ:$BJ),SUMIF(실입고현황!$A:$A,BC16&VLOOKUP($AG16,'TARGET MU'!$A:$D,'TARGET MU'!$B$1,FALSE)&$Z16&" "&$AE16,실입고현황!$C:$C)) -> 0 | BK16: =IF($I16="TTL",SUMIF($C:$C,MID($K16,1,SEARCH("TTL",$K16)-2),$BK:$BK),SUMIF(실입고현황!$A:$A,BD16&VLOOKUP($AG16,'TARGET MU'!$A:$D,'TARGET MU'!$B$1,FALSE)&$Z16&" "&$AE16,실입고현황!$C:$C)) -> 0 | BL16: =IF($I16="TTL",SUMIF($C:$C,MID($K16,1,SEARCH("TTL",$K16)-2),$BL:$BL),SUMIF(실입고현황!$A:$A,BE16&VLOOKUP($AG16,'TARGET MU'!$A:$D,'TARGET MU'!$B$1,FALSE)&$Z16&" "&$AE16,실입고현황!$C:$C)) -> 0 | BM16: =IF($I16="TTL",SUMIF($C:$C,MID($K16,1,SEARCH("TTL",$K16)-2),$BM:$BM),SUMIF(실입고현황!$A:$A,BF16&VLOOKUP($AG16,'TARGET MU'!$A:$D,'TARGET MU'!$B$1,FALSE)&$Z16&" "&$AE16,실입고현황!$C:$C)) -> 0 | BN16: =IF($I16="TTL",SUMIF($C:$C,MID($K16,1,SEARCH("TTL",$K16)-2),$BN:$BN),IF(($BO16-SUM($BI16,$BJ16,$BK16,BL16,BM16))<$BO16*$BN$6,0,$BO16-SUM($BI16,$BJ16,$BK16,BL16,BM16))) -> 0 | BO16: =IF($I16="TTL",SUMIF($C:$C,MID($K16,1,SEARCH("TTL",$K16)-2),$BO:$BO),$AF16) -> 250 | BP16: =IF($I16="TTL",SUMIF($C:$C,MID($K16,1,SEARCH("TTL",$K16)-2),$BP:$BP),IF($AO16=0,0,IF($AP16=0,$AO16*$AF16,$AP16*$AF16))) -> 2512430 | BQ16: =IF($I16="TTL",SUMIF($C:$C,MID($K16,1,SEARCH("TTL",$K16)-2),$BQ:$BQ),$AM16*$AF16) -> 13750000 | BR16: =IF(ISERROR($BQ16/($BP16*1.1))=TRUE,0,$BQ16/($BP16*1.1)) -> 4.975263 | BT16: =IF(ISERROR(Z16&VLOOKUP($AG16,'TARGET MU'!$A:$D,'TARGET MU'!$B$1,FALSE))=TRUE,"",Z16&VLOOKUP($AG16,'TARGET MU'!$A:$D,'TARGET MU'!$B$1,FALSE)) -> JOKVBF5806PK포모스트 | BU16: =AP16 -> 10049.72 | BV16: =Z16&AE16&AF16&AM16&AG16&AI16&AK16 -> JOKVBF5806PKFRE25055000FOREMOST02CN | BX16: =IF($I16="TTL","",$L16) -> JOK | BY16: =$O16 -> 5 | BZ16: =$AJ16 -> M | CA16: =$P16 -> VB | CB16: =$R16 -> K | CC16: =$AK16 -> CN | CD16: =$W16 -> 13FW JOIE BETE_09_PK_KIDS | CE16: =$U16 -> JOKVBF5806 | CF16: =$T16 -> 806 | CG16: =$W16 -> 13FW JOIE BETE_09_PK_KIDS | CH16: =$X16 -> PK | CI16: =$AD16 -> 1 | CJ16: =$AE16 -> FRE | CK16: =IF($I16="TTL",SUMIF($C:$C,MID($K16,1,SEARCH("TTL",$K16)-2),$BO:$BO),$AF16) -> 250 | CL16: =$AV16 -> 7.8 | CM16: =$AM16 -> 55000 | CN16: =$AP16-$AU16 -> 9729.72 | CO16: =$AU16 -> 320 | CP16: =$AL16 -> 1 | CQ16: 853 | CT16: =IF($I16="TTL",$K16,$Z16&$AE16) -> JOKVBF5806PKFRE | CU16: =$M16 -> JOIE BETE KIDS | CV16: =IF($I16="TTL","",IF($CX16="","",$Q16&"_"&$T16&IF(N16="K","_KIDS",IF(N16="I","_INFANT","")))) -> VISOR BEANIE_806 | CW16: =IF($I16="TTL","",IF($CT16="","",$Y16&"_"&$AE16)) -> PINK_FRE | CX16: =$L16 -> JOK | CY16: =$T16 -> 806 | CZ16: =IF($I16="TTL",SUMIF($C:$C,MID($K16,1,SEARCH("TTL",$K16)-2),$CZ:$CZ),$AF16) -> 250 | DA16: =$AM16 -> 55000 | DB16: =$Y16 -> PINK | DC16: =$AE16 -> FRE | DG16: 41712 | DH16: =IF(OR($I16="TTL",$I16=""),"",AZ16-$DH$11) -> 41768 | DI16: 41715 | DJ16: 41715 | DK16: 41779 | DL16: 7 | DM16: 7 | DN16: x | DO16: 41723 | DP16: =IF(OR($DN16="없음",$I16="TTL",$I16=""),"",AZ16-$DP$11) -> 41798 | DQ16: x | DR16: 41732 | DS16: 41771 | DT16: 41757 | DU16: 41768 | DV16: 41771 | DW16: x | DX16: 41869 | DY16: 입고완료 | DZ16: 가격사정완료 | EC16: =IF(OR(Z15&AX15=Z16&AX15,Z16&AX16=""),"",Z16&AX16) -> JOKVBF5806PK41711 | ED16: =IF(OR(Z15&AE15=Z16&AE16,Z16=""),"",Z16&AE16) -> JOKVBF5806PKFRE | EE16: =IF(ED16="",0,IF(COUNTIF(ED$12:ED15,ED16)=0,0,COUNTIF(ED$12:ED15,ED16))) -> 0 | EF16: =IF(OR($AJ16="B",$ED16="",MID($U16,8,1)=$EF$9,MID($U16,8,1)=$EF$10),0,1) -> 1 | EG16: =IF(EE16+EF16=0,"","R"&(EE16+EF16)) -> R1 | EI16: =IF($ED16="","",IF($EE16=0,U16,"")) -> JOKVBF5806 | EJ16: =IF($ED16="","",IF($EE16=0,Z16,"")) -> JOKVBF5806PK | EL16: 41771 | EM16: 41800 | EN16: X | EO16: X | EP16: X | EQ16: X
A17: =IF(OR($I17="TTL",$I17=""),"",IF(ISERROR(VLOOKUP($B17,CODE!$D:$G,CODE!$F$1-2,FALSE))=TRUE,"전략",VLOOKUP($B17,CODE!$D:$G,CODE!$F$1-2,FALSE))) | B17: =IF(OR($I17="TTL",$I17=""),"",IF(VLOOKUP($P17,CODE!$K:$O,CODE!$O$1,FALSE)="",$I17,$I17&"-"&VLOOKUP($P17,CODE!$K:$O,CODE!$O$1,FALSE))) | C17: =IF($I17="TTL","",I17&"-"&$AG17&"-"&$AI17) | D17: =$C17&$Z17 | E17: =IF($I17="TTL",0,IF(ISERROR(IF($Z16=$Z17,$E16,$E16+1))=TRUE,1,IF($Z16=$Z17,$E16,$E16+1))) -> 0 | F17: =$C17&$E17 -> 0 | G17: =$F17&"-"&$U17&$Y17&$AE17 -> 0- | H17: =IF(ISERROR(I17&VLOOKUP(P17,CODE!$K:$N,CODE!$N$1,FALSE)&S17)=TRUE,0,I17&VLOOKUP(P17,CODE!$K:$N,CODE!$N$1,FALSE)&S17) -> 0 | I17: =IF(ISERROR(SEARCH("TTL",$K17))=TRUE,IF($L17="","",VLOOKUP($L17,CODE!$B:$G,CODE!$D$1,FALSE)),"TTL") -> TTL | J17: =MID(W17,1,6) | K17: =C16&" TTL" -> JOK-FOREMOST-02 TTL | M17: =IF(OR($I17="TTL",$L17=""),"",VLOOKUP($L17,CODE!$B:$D,CODE!$C$1,FALSE)) | N17: =IF(OR($I17="TTL",$L17=""),"",VLOOKUP($K$2,CODE!$S:$T,CODE!$T$1-1,FALSE)) | O17: =IF(OR($I17="TTL",$L17=""),"",VLOOKUP($L$2,CODE!$X:$Y,CODE!$Y$1-1,FALSE)) | Q17: =IF(OR($I17="TTL",$P17=""),"",VLOOKUP($P17,CODE!$K:$M,CODE!$L$1,FALSE)) | T17: =IF(OR($I17="TTL",$S17=""),"",IF($S17<10,"00"&$S17,IF($S17<100,"0"&$S17,$S17))) | U17: =IF($I17="TTL","",$L17&$P17&$N17&$O17&$T17) | V17: =IF($I17="TTL",SUMIF($C:$C,MID($K17,1,SEARCH("TTL",$K17)-2),$V:$V),IF($EI17="",0,1/COUNTIF($EI:$EI,$EI17))) -> 3 | X17: =IF($Y17="","",VLOOKUP($Y17,CODE!$AE:$AF,CODE!$AF$1-1,FALSE)) | Z17: =$U17&$X17 | AA17: =VLOOKUP($Z17&$AX17,$EC:$EG,5,FALSE) | AB17: =IF($I17="TTL",SUMIF($C:$C,MID($K17,1,SEARCH("TTL",$K17)-2),$AB:$AB),IF($EJ17="",0,1/COUNTIF($EJ:$EJ,$EJ17))) -> 4 | AC17: 0 | AD17: 1 | AI17: =IF($AH17=0,"",IF($AH17<10,"0"&$AH17,$AH17)) | AL17: =IF($AK17=0,"",IF($AK17="KR",2,1)) | AM17: =IF(ISERROR(VLOOKUP($F17,[1]기획현황취합!$A$1:$E$64926,[1]기획현황취합!$B$1,FALSE))=TRUE,0,VLOOKUP($F17,[1]기획현황취합!$A$1:$E$64926,[1]기획현황취합!$B$1,FALSE)) -> 0 | AN17: =IF(ISERROR(VLOOKUP($F17,[1]기획현황취합!$A$1:$E$64926,[1]기획현황취합!$C$1,FALSE))=TRUE,0,VLOOKUP($F17,[1]기획현황취합!$A$1:$E$64926,[1]기획현황취합!$C$1,FALSE)) -> 0 | AO17: =IF(ISERROR(($AM17/1.1)/VLOOKUP($AG17,'TARGET MU'!$A:$D,'TARGET MU'!$D$1,FALSE))=TRUE,0,($AM17/1.1)/VLOOKUP($AG17,'TARGET MU'!$A:$D,'TARGET MU'!$D$1,FALSE)) -> 0 | AP17: =IF(OR(AF17=0,AND(AV17=0,AW17=0)),0,IF(AG17="캡보이2",AV17*$AQ$5+AU17,IF(OR(AK17="IN",AK17="BG",AK17="VT",AK17="CB"),$AU17+(($AV17*(1+$AW$4))*(HLOOKUP(VLOOKUP(AG17,'TARGET MU'!$A:$P,'TARGET MU'!$J$1,FALSE),$AO$4:$AR$5,2,FALSE)))+$AW17,$AU17+((($AV17*(1+$AW$4))*(1+HLOOKUP(VLOOKUP($P17,CODE!$K:$P,CODE!$P$1,FALSE),$AS$4:$AV$5,2,FALSE)))*(HLOOKUP(VLOOKUP(AG17,'TARGET MU'!$A:$P,'TARGET MU'!$J$1,FALSE),$AO$4:$AR$5,2,FALSE)))+$AW17))) -> 0 | AQ17: =AP17-AO17 -> 0 | AR17: 0 | AS17: 0 | AU17: =SUM(AR17:AT17) -> 0 | AV17: 0 | AW17: 0 | AX17: =IF(ISERROR(VLOOKUP($F17,[1]기획현황취합!$A$1:$E$64926,[1]기획현황취합!$D$1,FALSE))=TRUE,0,VLOOKUP($F17,[1]기획현황취합!$A$1:$E$64926,[1]기획현황취합!$D$1,FALSE)) -> 0 | AY17: 0 | AZ17: =IF(ISERROR(VLOOKUP($F17,[1]기획현황취합!$A$1:$E$64926,[1]기획현황취합!$E$1,FALSE))=TRUE,0,VLOOKUP($F17,[1]기획현황취합!$A$1:$E$64926,[1]기획현황취합!$E$1,FALSE)) -> 0 | BA17: 0 | BB17: 0 | BC17: 0 | BD17: 0 | BE17: 0 | BF17: 0 | BG17: 0 | BH17: 0 | BI17: =IF($I17="TTL",SUMIF($C:$C,MID($K17,1,SEARCH("TTL",$K17)-2),$BI:$BI),SUMIF(실입고현황!$A:$A,BB17&VLOOKUP($AG17,'TARGET MU'!$A:$D,'TARGET MU'!$B$1,FALSE)&$Z17&" "&$AE17,실입고현황!$C:$C)) -> 999 | BJ17: =IF($I17="TTL",SUMIF($C:$C,MID($K17,1,SEARCH("TTL",$K17)-2),$BJ:$BJ),SUMIF(실입고현황!$A:$A,BC17&VLOOKUP($AG17,'TARGET MU'!$A:$D,'TARGET MU'!$B$1,FALSE)&$Z17&" "&$AE17,실입고현황!$C:$C)) -> 0 | BK17: =IF($I17="TTL",SUMIF($C:$C,MID($K17,1,SEARCH("TTL",$K17)-2),$BK:$BK),SUMIF(실입고현황!$A:$A,BD17&VLOOKUP($AG17,'TARGET MU'!$A:$D,'TARGET MU'!$B$1,FALSE)&$Z17&" "&$AE17,실입고현황!$C:$C)) -> 0 | BL17: =IF($I17="TTL",SUMIF($C:$C,MID($K17,1,SEARCH("TTL",$K17)-2),$BL:$BL),SUMIF(실입고현황!$A:$A,BE17&VLOOKUP($AG17,'TARGET MU'!$A:$D,'TARGET MU'!$B$1,FALSE)&$Z17&" "&$AE17,실입고현황!$C:$C)) -> 0 | BM17: =IF($I17="TTL",SUMIF($C:$C,MID($K17,1,SEARCH("TTL",$K17)-2),$BM:$BM),SUMIF(실입고현황!$A:$A,BF17&VLOOKUP($AG17,'TARGET MU'!$A:$D,'TARGET MU'!$B$1,FALSE)&$Z17&" "&$AE17,실입고현황!$C:$C)) -> 0 | BN17: =IF($I17="TTL",SUMIF($C:$C,MID($K17,1,SEARCH("TTL",$K17)-2),$BN:$BN),IF(($BO17-SUM($BI17,$BJ17,$BK17,BL17,BM17))<$BO17*$BN$6,0,$BO17-SUM($BI17,$BJ17,$BK17,BL17,BM17))) -> 0 | BO17: =IF($I17="TTL",SUMIF($C:$C,MID($K17,1,SEARCH("TTL",$K17)-2),$BO:$BO),$AF17) -> 1000 | BP17: =IF($I17="TTL",SUMIF($C:$C,MID($K17,1,SEARCH("TTL",$K17)-2),$BP:$BP),IF($AO17=0,0,IF($AP17=0,$AO17*$AF17,$AP17*$AF17))) -> 9472797.5 | BQ17: =IF($I17="TTL",SUMIF($C:$C,MID($K17,1,SEARCH("TTL",$K17)-2),$BQ:$BQ),$AM17*$AF17) -> 55000000 | BR17: =IF(ISERROR($BQ17/($BP17*1.1))=TRUE,0,$BQ17/($BP17*1.1)) -> 5.2782718 | BT17: =IF(ISERROR(Z17&VLOOKUP($AG17,'TARGET MU'!$A:$D,'TARGET MU'!$B$1,FALSE))=TRUE,"",Z17&VLOOKUP($AG17,'TARGET MU'!$A:$D,'TARGET MU'!$B$1,FALSE)) | BU17: =AP17 -> 0 | BV17: =Z17&AE17&AF17&AM17&AG17&AI17&AK17 -> 0 | BX17: =IF($I17="TTL","",$L17) | BY17: =$O17 | BZ17: =$AJ17 -> 0 | CA17: =$P17 -> 0 | CB17: =$R17 -> 0 | CC17: =$AK17 -> 0 | CD17: =$W17 -> 0 | CE17: =$U17 | CF17: =$T17 | CG17: =$W17 -> 0 | CH17: =$X17 | CI17: =$AD17 -> 1 | CJ17: =$AE17 -> 0 | CK17: =IF($I17="TTL",SUMIF($C:$C,MID($K17,1,SEARCH("TTL",$K17)-2),$BO:$BO),$AF17) -> 1000 | CL17: =$AV17 -> 0 | CM17: =$AM17 -> 0 | CN17: =$AP17-$AU17 -> 0 | CO17: =$AU17 -> 0 | CP17: =$AL17 | CT17: =IF($I17="TTL",$K17,$Z17&$AE17) -> JOK-FOREMOST-02 TTL | CU17: =$M17 | CV17: =IF($I17="TTL","",IF($CX17="","",$Q17&"_"&$T17&IF(N17="K","_KIDS",IF(N17="I","_INFANT","")))) | CW17: =IF($I17="TTL","",IF($CT17="","",$Y17&"_"&$AE17)) | CX17: =$L17 -> 0 | CY17: =$T17 | CZ17: =IF($I17="TTL",SUMIF($C:$C,MID($K17,1,SEARCH("TTL",$K17)-2),$CZ:$CZ),$AF17) -> 1000 | DA17: =$AM17 -> 0 | DB17: =$Y17 -> 0 | DC17: =$AE17 -> 0 | DH17: =IF(OR($I17="TTL",$I17=""),"",AZ17-$DH$11) | DP17: =IF(OR($DN17="없음",$I17="TTL",$I17=""),"",AZ17-$DP$11) | EC17: =IF(OR(Z16&AX16=Z17&AX16,Z17&AX17=""),"",Z17&AX17) -> 0 | ED17: =IF(OR(Z16&AE16=Z17&AE17,Z17=""),"",Z17&AE17) | EE17: =IF(ED17="",0,IF(COUNTIF(ED$12:ED16,ED17)=0,0,COUNTIF(ED$12:ED16,ED17))) -> 0 | EF17: =IF(OR($AJ17="B",$ED17="",MID($U17,8,1)=$EF$9,MID($U17,8,1)=$EF$10),0,1) -> 0 | EG17: =IF(EE17+EF17=0,"","R"&(EE17+EF17)) | EI17: =IF($ED17="","",IF($EE17=0,U17,"")) | EJ17: =IF($ED17="","",IF($EE17=0,Z17,""))
A18: =IF(OR($I18="TTL",$I18=""),"",IF(ISERROR(VLOOKUP($B18,CODE!$D:$G,CODE!$F$1-2,FALSE))=TRUE,"전략",VLOOKUP($B18,CODE!$D:$G,CODE!$F$1-2,FALSE))) -> SPORTS | B18: =IF(OR($I18="TTL",$I18=""),"",IF(VLOOKUP($P18,CODE!$K:$O,CODE!$O$1,FALSE)="",$I18,$I18&"-"&VLOOKUP($P18,CODE!$K:$O,CODE!$O$1,FALSE))) -> NOK | C18: =IF($I18="TTL","",I18&"-"&$AG18&"-"&$AI18) -> NOK-FOREMOST-03 | D18: =$C18&$Z18 -> NOK-FOREMOST-03NOKERF5501CL | E18: =IF($I18="TTL",0,IF(ISERROR(IF($Z17=$Z18,$E17,$E17+1))=TRUE,1,IF($Z17=$Z18,$E17,$E17+1))) -> 1 | F18: =$C18&$E18 -> NOK-FOREMOST-031 | G18: =$F18&"-"&$U18&$Y18&$AE18 -> NOK-FOREMOST-031-NOKERF5501CAMELXSS | H18: =IF(ISERROR(I18&VLOOKUP(P18,CODE!$K:$N,CODE!$N$1,FALSE)&S18)=TRUE,0,I18&VLOOKUP(P18,CODE!$K:$N,CODE!$N$1,FALSE)&S18) -> NOK의류외501 | I18: =IF(ISERROR(SEARCH("TTL",$K18))=TRUE,IF($L18="","",VLOOKUP($L18,CODE!$B:$G,CODE!$D$1,FALSE)),"TTL") -> NOK | J18: =MID(W18,1,6) -> 14FW N | L18: NOK | M18: =IF(OR($I18="TTL",$L18=""),"",VLOOKUP($L18,CODE!$B:$D,CODE!$C$1,FALSE)) -> NOVENT KIDS | N18: =IF(OR($I18="TTL",$L18=""),"",VLOOKUP($K$2,CODE!$S:$T,CODE!$T$1-1,FALSE)) -> F | O18: 5 | P18: ER | Q18: =IF(OR($I18="TTL",$P18=""),"",VLOOKUP($P18,CODE!$K:$M,CODE!$L$1,FALSE)) -> EARCAP | R18: K | S18: 501 | T18: =IF(OR($I18="TTL",$S18=""),"",IF($S18<10,"00"&$S18,IF($S18<100,"0"&$S18,$S18))) -> 501 | U18: =IF($I18="TTL","",$L18&$P18&$N18&$O18&$T18) -> NOKERF5501 | V18: =IF($I18="TTL",SUMIF($C:$C,MID($K18,1,SEARCH("TTL",$K18)-2),$V:$V),IF($EI18="",0,1/COUNTIF($EI:$EI,$EI18))) -> 0.33333333 | W18: 14FW NV 02_WIRE_MU_KIDS | X18: =IF($Y18="","",VLOOKUP($Y18,CODE!$AE:$AF,CODE!$AF$1-1,FALSE)) -> CL | Y18: CAMEL | Z18: =$U18&$X18 -> NOKERF5501CL | AA18: =VLOOKUP($Z18&$AX18,$EC:$EG,5,FALSE) | AB18: =IF($I18="TTL",SUMIF($C:$C,MID($K18,1,SEARCH("TTL",$K18)-2),$AB:$AB),IF($EJ18="",0,1/COUNTIF($EJ:$EJ,$EJ18))) -> 0.33333333 | AC18: 0 | AD18: 1 | AE18: XSS | AF18: 200 | AG18: FOREMOST | AH18: 3 | AI18: =IF($AH18=0,"",IF($AH18<10,"0"&$AH18,$AH18)) -> 03 | AJ18: M | AK18: CN | AL18: =IF($AK18=0,"",IF($AK18="KR",2,1)) -> 1 | AM18: =IF(ISERROR(VLOOKUP($F18,[1]기획현황취합!$A$1:$E$64926,[1]기획현황취합!$B$1,FALSE))=TRUE,0,VLOOKUP($F18,[1]기획현황취합!$A$1:$E$64926,[1]기획현황취합!$B$1,FALSE)) -> 45000 | AN18: =IF(ISERROR(VLOOKUP($F18,[1]기획현황취합!$A$1:$E$64926,[1]기획현황취합!$C$1,FALSE))=TRUE,0,VLOOKUP($F18,[1]기획현황취합!$A$1:$E$64926,[1]기획현황취합!$C$1,FALSE)) -> 41820 | AO18: =IF(ISERROR(($AM18/1.1)/VLOOKUP($AG18,'TARGET MU'!$A:$D,'TARGET MU'!$D$1,FALSE))=TRUE,0,($AM18/1.1)/VLOOKUP($AG18,'TARGET MU'!$A:$D,'TARGET MU'!$D$1,FALSE)) -> 6818.1818 | AP18: =IF(OR(AF18=0,AND(AV18=0,AW18=0)),0,IF(AG18="캡보이2",AV18*$AQ$5+AU18,IF(OR(AK18="IN",AK18="BG",AK18="VT",AK18="CB"),$AU18+(($AV18*(1+$AW$4))*(HLOOKUP(VLOOKUP(AG18,'TARGET MU'!$A:$P,'TARGET MU'!$J$1,FALSE),$AO$4:$AR$5,2,FALSE)))+$AW18,$AU18+((($AV18*(1+$AW$4))*(1+HLOOKUP(VLOOKUP($P18,CODE!$K:$P,CODE!$P$1,FALSE),$AS$4:$AV$5,2,FALSE)))*(HLOOKUP(VLOOKUP(AG18,'TARGET MU'!$A:$P,'TARGET MU'!$J$1,FALSE),$AO$4:$AR$5,2,FALSE)))+$AW18))) -> 6797.3891 | AQ18: =AP18-AO18 -> -20.792727 | AR18: 290.90909 | AS18: 0 | AT18: 20 | AU18: =SUM(AR18:AT18) -> 310.90909 | AV18: 5.2 | AW18: 0 | AX18: =IF(ISERROR(VLOOKUP($F18,[1]기획현황취합!$A$1:$E$64926,[1]기획현황취합!$D$1,FALSE))=TRUE,0,VLOOKUP($F18,[1]기획현황취합!$A$1:$E$64926,[1]기획현황취합!$D$1,FALSE)) -> 41738 | AZ18: =IF(ISERROR(VLOOKUP($F18,[1]기획현황취합!$A$1:$E$64926,[1]기획현황취합!$E$1,FALSE))=TRUE,0,VLOOKUP($F18,[1]기획현황취합!$A$1:$E$64926,[1]기획현황취합!$E$1,FALSE)) -> 41844 | BA18: 41844 | BB18: 41878 | BC18: 0 | BD18: 0 | BE18: 0 | BF18: 0 | BG18: 확정 | BH18: 확정 | BI18: =IF($I18="TTL",SUMIF($C:$C,MID($K18,1,SEARCH("TTL",$K18)-2),$BI:$BI),SUMIF(실입고현황!$A:$A,BB18&VLOOKUP($AG18,'TARGET MU'!$A:$D,'TARGET MU'!$B$1,FALSE)&$Z18&" "&$AE18,실입고현황!$C:$C)) -> 200 | BJ18: =IF($I18="TTL",SUMIF($C:$C,MID($K18,1,SEARCH("TTL",$K18)-2),$BJ:$BJ),SUMIF(실입고현황!$A:$A,BC18&VLOOKUP($AG18,'TARGET MU'!$A:$D,'TARGET MU'!$B$1,FALSE)&$Z18&" "&$AE18,실입고현황!$C:$C)) -> 0 | BK18: =IF($I18="TTL",SUMIF($C:$C,MID($K18,1,SEARCH("TTL",$K18)-2),$BK:$BK),SUMIF(실입고현황!$A:$A,BD18&VLOOKUP($AG18,'TARGET MU'!$A:$D,'TARGET MU'!$B$1,FALSE)&$Z18&" "&$AE18,실입고현황!$C:$C)) -> 0 | BL18: =IF($I18="TTL",SUMIF($C:$C,MID($K18,1,SEARCH("TTL",$K18)-2),$BL:$BL),SUMIF(실입고현황!$A:$A,BE18&VLOOKUP($AG18,'TARGET MU'!$A:$D,'TARGET MU'!$B$1,FALSE)&$Z18&" "&$AE18,실입고현황!$C:$C)) -> 0 | BM18: =IF($I18="TTL",SUMIF($C:$C,MID($K18,1,SEARCH("TTL",$K18)-2),$BM:$BM),SUMIF(실입고현황!$A:$A,BF18&VLOOKUP($AG18,'TARGET MU'!$A:$D,'TARGET MU'!$B$1,FALSE)&$Z18&" "&$AE18,실입고현황!$C:$C)) -> 0 | BN18: =IF($I18="TTL",SUMIF($C:$C,MID($K18,1,SEARCH("TTL",$K18)-2),$BN:$BN),IF(($BO18-SUM($BI18,$BJ18,$BK18,BL18,BM18))<$BO18*$BN$6,0,$BO18-SUM($BI18,$BJ18,$BK18,BL18,BM18))) -> 0 | BO18: =IF($I18="TTL",SUMIF($C:$C,MID($K18,1,SEARCH("TTL",$K18)-2),$BO:$BO),$AF18) -> 200 | BP18: =IF($I18="TTL",SUMIF($C:$C,MID($K18,1,SEARCH("TTL",$K18)-2),$BP:$BP),IF($AO18=0,0,IF($AP18=0,$AO18*$AF18,$AP18*$AF18))) -> 1359477.8 | BQ18: =IF($I18="TTL",SUMIF($C:$C,MID($K18,1,SEARCH("TTL",$K18)-2),$BQ:$BQ),$AM18*$AF18) -> 9000000 | BR18: =IF(ISERROR($BQ18/($BP18*1.1))=TRUE,0,$BQ18/($BP18*1.1)) -> 6.0183536 | BT18: =IF(ISERROR(Z18&VLOOKUP($AG18,'TARGET MU'!$A:$D,'TARGET MU'!$B$1,FALSE))=TRUE,"",Z18&VLOOKUP($AG18,'TARGET MU'!$A:$D,'TARGET MU'!$B$1,FALSE)) -> NOKERF5501CL포모스트 | BU18: =AP18 -> 6797.3891 | BV18: =Z18&AE18&AF18&AM18&AG18&AI18&AK18 -> NOKERF5501CLXSS20045000FOREMOST03CN | BX18: =IF($I18="TTL","",$L18) -> NOK | BY18: =$O18 -> 5 | BZ18: =$AJ18 -> M | CA18: =$P18 -> ER | CB18: =$R18 -> K | CC18: =$AK18 -> CN | CD18: =$W18 -> 14FW NV 02_WIRE_MU_KIDS | CE18: =$U18 -> NOKERF5501 | CF18: =$T18 -> 501 | CG18: =$W18 -> 14FW NV 02_WIRE_MU_KIDS | CH18: =$X18 -> CL | CI18: =$AD18 -> 1 | CJ18: =$AE18 -> XSS | CK18: =IF($I18="TTL",SUMIF($C:$C,MID($K18,1,SEARCH("TTL",$K18)-2),$BO:$BO),$AF18) -> 200 | CL18: =$AV18 -> 5.2 | CM18: =$AM18 -> 45000 | CN18: =$AP18-$AU18 -> 6486.48 | CO18: =$AU18 -> 310.90909 | CP18: =$AL18 -> 1 | CQ18: 807 | CT18: =IF($I18="TTL",$K18,$Z18&$AE18) -> NOKERF5501CLXSS | CU18: =$M18 -> NOVENT KIDS | CV18: =IF($I18="TTL","",IF($CX18="","",$Q18&"_"&$T18&IF(N18="K","_KIDS",IF(N18="I","_INFANT","")))) -> EARCAP_501 | CW18: =IF($I18="TTL","",IF($CT18="","",$Y18&"_"&$AE18)) -> CAMEL_XSS | CX18: =$L18 -> NOK | CY18: =$T18 -> 501 | CZ18: =IF($I18="TTL",SUMIF($C:$C,MID($K18,1,SEARCH("TTL",$K18)-2),$CZ:$CZ),$AF18) -> 200 | DA18: =$AM18 -> 45000 | DB18: =$Y18 -> CAMEL | DC18: =$AE18 -> XSS | DG18: 41739 | DH18: =IF(OR($I18="TTL",$I18=""),"",AZ18-$DH$11) -> 41754 | DI18: 41739 | DJ18: 41740 | DK18: 41814 | DL18: 5 | DM18: 4 | DN18: 41750 | DO18: x | DP18: =IF(OR($DN18="없음",$I18="TTL",$I18=""),"",AZ18-$DP$11) -> 41784 | DQ18: 41754 | DR18: x | DS18: 41814 | DT18: 14/06/10 14/06/24 14/06/27 | DU18: 14/06/10 14/06/24 14/06/27 | DV18: 41829 | DW18: x | DX18: 41869 | DY18: 입고완료 | DZ18: 가격사정완료 | EC18: =IF(OR(Z17&AX17=Z18&AX17,Z18&AX18=""),"",Z18&AX18) -> NOKERF5501CL41738 | ED18: =IF(OR(Z17&AE17=Z18&AE18,Z18=""),"",Z18&AE18) -> NOKERF5501CLXSS | EE18: =IF(ED18="",0,IF(COUNTIF(ED$12:ED17,ED18)=0,0,COUNTIF(ED$12:ED17,ED18))) -> 0 | EF18: =IF(OR($AJ18="B",$ED18="",MID($U18,8,1)=$EF$9,MID($U18,8,1)=$EF$10),0,1) -> 0 | EG18: =IF(EE18+EF18=0,"","R"&(EE18+EF18)) | EI18: =IF($ED18="","",IF($EE18=0,U18,"")) -> NOKERF5501 | EJ18: =IF($ED18="","",IF($EE18=0,Z18,"")) -> NOKERF5501CL | EL18: 41817 | EM18: 41822 | EN18: 2308.8 | EO18: X | EP18: X | EQ18: X
A19: =IF(OR($I19="TTL",$I19=""),"",IF(ISERROR(VLOOKUP($B19,CODE!$D:$G,CODE!$F$1-2,FALSE))=TRUE,"전략",VLOOKUP($B19,CODE!$D:$G,CODE!$F$1-2,FALSE))) -> SPORTS | B19: =IF(OR($I19="TTL",$I19=""),"",IF(VLOOKUP($P19,CODE!$K:$O,CODE!$O$1,FALSE)="",$I19,$I19&"-"&VLOOKUP($P19,CODE!$K:$O,CODE!$O$1,FALSE))) -> NOK | C19: =IF($I19="TTL","",I19&"-"&$AG19&"-"&$AI19) -> NOK-FOREMOST-03 | D19: =$C19&$Z19 -> NOK-FOREMOST-03NOKERF5501CL | E19: =IF($I19="TTL",0,IF(ISERROR(IF($Z18=$Z19,$E18,$E18+1))=TRUE,1,IF($Z18=$Z19,$E18,$E18+1))) -> 1 | F19: =$C19&$E19 -> NOK-FOREMOST-031 | G19: =$F19&"-"&$U19&$Y19&$AE19 -> NOK-FOREMOST-031-NOKERF5501CAMELOSM | H19: =IF(ISERROR(I19&VLOOKUP(P19,CODE!$K:$N,CODE!$N$1,FALSE)&S19)=TRUE,0,I19&VLOOKUP(P19,CODE!$K:$N,CODE!$N$1,FALSE)&S19) -> NOK의류외501 | I19: =IF(ISERROR(SEARCH("TTL",$K19))=TRUE,IF($L19="","",VLOOKUP($L19,CODE!$B:$G,CODE!$D$1,FALSE)),"TTL") -> NOK | J19: =MID(W19,1,6) -> 14FW N | L19: NOK | M19: =IF(OR($I19="TTL",$L19=""),"",VLOOKUP($L19,CODE!$B:$D,CODE!$C$1,FALSE)) -> NOVENT KIDS | N19: =IF(OR($I19="TTL",$L19=""),"",VLOOKUP($K$2,CODE!$S:$T,CODE!$T$1-1,FALSE)) -> F | O19: 5 | P19: ER | Q19: =IF(OR($I19="TTL",$P19=""),"",VLOOKUP($P19,CODE!$K:$M,CODE!$L$1,FALSE)) -> EARCAP | R19: K | S19: 501 | T19: =IF(OR($I19="TTL",$S19=""),"",IF($S19<10,"00"&$S19,IF($S19<100,"0"&$S19,$S19))) -> 501 | U19: =IF($I19="TTL","",$L19&$P19&$N19&$O19&$T19) -> NOKERF5501 | V19: =IF($I19="TTL",SUMIF($C:$C,MID($K19,1,SEARCH("TTL",$K19)-2),$V:$V),IF($EI19="",0,1/COUNTIF($EI:$EI,$EI19))) -> 0.33333333 | W19: 14FW NV 02_WIRE_MU_KIDS | X19: =IF($Y19="","",VLOOKUP($Y19,CODE!$AE:$AF,CODE!$AF$1-1,FALSE)) -> CL | Y19: CAMEL | Z19: =$U19&$X19 -> NOKERF5501CL | AA19: =VLOOKUP($Z19&$AX19,$EC:$EG,5,FALSE) | AB19: =IF($I19="TTL",SUMIF($C:$C,MID($K19,1,SEARCH("TTL",$K19)-2),$AB:$AB),IF($EJ19="",0,1/COUNTIF($EJ:$EJ,$EJ19))) -> 0.33333333 | AC19: 0 | AD19: 1 | AE19: OSM | AF19: 200 | AG19: FOREMOST | AH19: 3 | AI19: =IF($AH19=0,"",IF($AH19<10,"0"&$AH19,$AH19)) -> 03 | AJ19: M | AK19: CN | AL19: =IF($AK19=0,"",IF($AK19="KR",2,1)) -> 1 | AM19: =IF(ISERROR(VLOOKUP($F19,[1]기획현황취합!$A$1:$E$64926,[1]기획현황취합!$B$1,FALSE))=TRUE,0,VLOOKUP($F19,[1]기획현황취합!$A$1:$E$64926,[1]기획현황취합!$B$1,FALSE)) -> 45000 | AN19: =IF(ISERROR(VLOOKUP($F19,[1]기획현황취합!$A$1:$E$64926,[1]기획현황취합!$C$1,FALSE))=TRUE,0,VLOOKUP($F19,[1]기획현황취합!$A$1:$E$64926,[1]기획현황취합!$C$1,FALSE)) -> 41820 | AO19: =IF(ISERROR(($AM19/1.1)/VLOOKUP($AG19,'TARGET MU'!$A:$D,'TARGET MU'!$D$1,FALSE))=TRUE,0,($AM19/1.1)/VLOOKUP($AG19,'TARGET MU'!$A:$D,'TARGET MU'!$D$1,FALSE)) -> 6818.1818 | AP19: =IF(OR(AF19=0,AND(AV19=0,AW19=0)),0,IF(AG19="캡보이2",AV19*$AQ$5+AU19,IF(OR(AK19="IN",AK19="BG",AK19="VT",AK19="CB"),$AU19+(($AV19*(1+$AW$4))*(HLOOKUP(VLOOKUP(AG19,'TARGET MU'!$A:$P,'TARGET MU'!$J$1,FALSE),$AO$4:$AR$5,2,FALSE)))+$AW19,$AU19+((($AV19*(1+$AW$4))*(1+HLOOKUP(VLOOKUP($P19,CODE!$K:$P,CODE!$P$1,FALSE),$AS$4:$AV$5,2,FALSE)))*(HLOOKUP(VLOOKUP(AG19,'TARGET MU'!$A:$P,'TARGET MU'!$J$1,FALSE),$AO$4:$AR$5,2,FALSE)))+$AW19))) -> 6797.3891 | AQ19: =AP19-AO19 -> -20.792727 | AR19: 290.90909 | AS19: 0 | AT19: 20 | AU19: =SUM(AR19:AT19) -> 310.90909 | AV19: 5.2 | AW19: 0 | AX19: =IF(ISERROR(VLOOKUP($F19,[1]기획현황취합!$A$1:$E$64926,[1]기획현황취합!$D$1,FALSE))=TRUE,0,VLOOKUP($F19,[1]기획현황취합!$A$1:$E$64926,[1]기획현황취합!$D$1,FALSE)) -> 41738 | AZ19: =IF(ISERROR(VLOOKUP($F19,[1]기획현황취합!$A$1:$E$64926,[1]기획현황취합!$E$1,FALSE))=TRUE,0,VLOOKUP($F19,[1]기획현황취합!$A$1:$E$64926,[1]기획현황취합!$E$1,FALSE)) -> 41844 | BA19: 41844 | BB19: 41878 | BC19: 0 | BD19: 0 | BE19: 0 | BF19: 0 | BG19: 확정 | BH19: 확정 | BI19: =IF($I19="TTL",SUMIF($C:$C,MID($K19,1,SEARCH("TTL",$K19)-2),$BI:$BI),SUMIF(실입고현황!$A:$A,BB19&VLOOKUP($AG19,'TARGET MU'!$A:$D,'TARGET MU'!$B$1,FALSE)&$Z19&" "&$AE19,실입고현황!$C:$C)) -> 199 | BJ19: =IF($I19="TTL",SUMIF($C:$C,MID($K19,1,SEARCH("TTL",$K19)-2),$BJ:$BJ),SUMIF(실입고현황!$A:$A,BC19&VLOOKUP($AG19,'TARGET MU'!$A:$D,'TARGET MU'!$B$1,FALSE)&$Z19&" "&$AE19,실입고현황!$C:$C)) -> 0 | BK19: =IF($I19="TTL",SUMIF($C:$C,MID($K19,1,SEARCH("TTL",$K19)-2),$BK:$BK),SUMIF(실입고현황!$A:$A,BD19&VLOOKUP($AG19,'TARGET MU'!$A:$D,'TARGET MU'!$B$1,FALSE)&$Z19&" "&$AE19,실입고현황!$C:$C)) -> 0 | BL19: =IF($I19="TTL",SUMIF($C:$C,MID($K19,1,SEARCH("TTL",$K19)-2),$BL:$BL),SUMIF(실입고현황!$A:$A,BE19&VLOOKUP($AG19,'TARGET MU'!$A:$D,'TARGET MU'!$B$1,FALSE)&$Z19&" "&$AE19,실입고현황!$C:$C)) -> 0 | BM19: =IF($I19="TTL",SUMIF($C:$C,MID($K19,1,SEARCH("TTL",$K19)-2),$BM:$BM),SUMIF(실입고현황!$A:$A,BF19&VLOOKUP($AG19,'TARGET MU'!$A:$D,'TARGET MU'!$B$1,FALSE)&$Z19&" "&$AE19,실입고현황!$C:$C)) -> 0 | BN19: =IF($I19="TTL",SUMIF($C:$C,MID($K19,1,SEARCH("TTL",$K19)-2),$BN:$BN),IF(($BO19-SUM($BI19,$BJ19,$BK19,BL19,BM19))<$BO19*$BN$6,0,$BO19-SUM($BI19,$BJ19,$BK19,BL19,BM19))) -> 0 | BO19: =IF($I19="TTL",SUMIF($C:$C,MID($K19,1,SEARCH("TTL",$K19)-2),$BO:$BO),$AF19) -> 200 | BP19: =IF($I19="TTL",SUMIF($C:$C,MID($K19,1,SEARCH("TTL",$K19)-2),$BP:$BP),IF($AO19=0,0,IF($AP19=0,$AO19*$AF19,$AP19*$AF19))) -> 1359477.8 | BQ19: =IF($I19="TTL",SUMIF($C:$C,MID($K19,1,SEARCH("TTL",$K19)-2),$BQ:$BQ),$AM19*$AF19) -> 9000000 | BR19: =IF(ISERROR($BQ19/($BP19*1.1))=TRUE,0,$BQ19/($BP19*1.1)) -> 6.0183536 | BT19: =IF(ISERROR(Z19&VLOOKUP($AG19,'TARGET MU'!$A:$D,'TARGET MU'!$B$1,FALSE))=TRUE,"",Z19&VLOOKUP($AG19,'TARGET MU'!$A:$D,'TARGET MU'!$B$1,FALSE)) -> NOKERF5501CL포모스트 | BU19: =AP19 -> 6797.3891 | BV19: =Z19&AE19&AF19&AM19&AG19&AI19&AK19 -> NOKERF5501CLOSM20045000FOREMOST03CN | BX19: =IF($I19="TTL","",$L19) -> NOK | BY19: =$O19 -> 5 | BZ19: =$AJ19 -> M | CA19: =$P19 -> ER | CB19: =$R19 -> K | CC19: =$AK19 -> CN | CD19: =$W19 -> 14FW NV 02_WIRE_MU_KIDS | CE19: =$U19 -> NOKERF5501 | CF19: =$T19 -> 501 | CG19: =$W19 -> 14FW NV 02_WIRE_MU_KIDS | CH19: =$X19 -> CL | CI19: =$AD19 -> 1 | CJ19: =$AE19 -> OSM | CK19: =IF($I19="TTL",SUMIF($C:$C,MID($K19,1,SEARCH("TTL",$K19)-2),$BO:$BO),$AF19) -> 200 | CL19: =$AV19 -> 5.2 | CM19: =$AM19 -> 45000 | CN19: =$AP19-$AU19 -> 6486.48 | CO19: =$AU19 -> 310.90909 | CP19: =$AL19 -> 1 | CQ19: 807 | CT19: =IF($I19="TTL",$K19,$Z19&$AE19) -> NOKERF5501CLOSM | CU19: =$M19 -> NOVENT KIDS | CV19: =IF($I19="TTL","",IF($CX19="","",$Q19&"_"&$T19&IF(N19="K","_KIDS",IF(N19="I","_INFANT","")))) -> EARCAP_501 | CW19: =IF($I19="TTL","",IF($CT19="","",$Y19&"_"&$AE19)) -> CAMEL_OSM | CX19: =$L19 -> NOK | CY19: =$T19 -> 501 | CZ19: =IF($I19="TTL",SUMIF($C:$C,MID($K19,1,SEARCH("TTL",$K19)-2),$CZ:$CZ),$AF19) -> 200 | DA19: =$AM19 -> 45000 | DB19: =$Y19 -> CAMEL | DC19: =$AE19 -> OSM | DG19: 41739 | DH19: =IF(OR($I19="TTL",$I19=""),"",AZ19-$DH$11) -> 41754 | DI19: 41739 | DJ19: 41740 | DK19: 41814 | DL19: 5 | DM19: 4 | DN19: 41750 | DO19: x | DP19: =IF(OR($DN19="없음",$I19="TTL",$I19=""),"",AZ19-$DP$11) -> 41784 | DQ19: 41754 | DR19: x | DS19: 41814 | DT19: 41800 | DU19: 41800 | DV19: 41829 | DW19: x | DX19: 41869 | DY19: 입고완료 | DZ19: 가격사정완료 | EC19: =IF(OR(Z18&AX18=Z19&AX18,Z19&AX19=""),"",Z19&AX19) | ED19: =IF(OR(Z18&AE18=Z19&AE19,Z19=""),"",Z19&AE19) -> NOKERF5501CLOSM | EE19: =IF(ED19="",0,IF(COUNTIF(ED$12:ED18,ED19)=0,0,COUNTIF(ED$12:ED18,ED19))) -> 0 | EF19: =IF(OR($AJ19="B",$ED19="",MID($U19,8,1)=$EF$9,MID($U19,8,1)=$EF$10),0,1) -> 0 | EG19: =IF(EE19+EF19=0,"","R"&(EE19+EF19)) | EI19: =IF($ED19="","",IF($EE19=0,U19,"")) -> NOKERF5501 | EJ19: =IF($ED19="","",IF($EE19=0,Z19,"")) -> NOKERF5501CL | EL19: 41817 | EM19: 41822 | EN19: X | EO19: X | EP19: X | EQ19: X
A20: =IF(OR($I20="TTL",$I20=""),"",IF(ISERROR(VLOOKUP($B20,CODE!$D:$G,CODE!$F$1-2,FALSE))=TRUE,"전략",VLOOKUP($B20,CODE!$D:$G,CODE!$F$1-2,FALSE))) -> SPORTS | B20: =IF(OR($I20="TTL",$I20=""),"",IF(VLOOKUP($P20,CODE!$K:$O,CODE!$O$1,FALSE)="",$I20,$I20&"-"&VLOOKUP($P20,CODE!$K:$O,CODE!$O$1,FALSE))) -> NOK | C20: =IF($I20="TTL","",I20&"-"&$AG20&"-"&$AI20) -> NOK-FOREMOST-03 | D20: =$C20&$Z20 -> NOK-FOREMOST-03NOKERF5501CL | E20: =IF($I20="TTL",0,IF(ISERROR(IF($Z19=$Z20,$E19,$E19+1))=TRUE,1,IF($Z19=$Z20,$E19,$E19+1))) -> 1 | F20: =$C20&$E20 -> NOK-FOREMOST-031 | G20: =$F20&"-"&$U20&$Y20&$AE20 -> NOK-FOREMOST-031-NOKERF5501CAMELOML | H20: =IF(ISERROR(I20&VLOOKUP(P20,CODE!$K:$N,CODE!$N$1,FALSE)&S20)=TRUE,0,I20&VLOOKUP(P20,CODE!$K:$N,CODE!$N$1,FALSE)&S20) -> NOK의류외501 | I20: =IF(ISERROR(SEARCH("TTL",$K20))=TRUE,IF($L20="","",VLOOKUP($L20,CODE!$B:$G,CODE!$D$1,FALSE)),"TTL") -> NOK | J20: =MID(W20,1,6) -> 14FW N | L20: NOK | M20: =IF(OR($I20="TTL",$L20=""),"",VLOOKUP($L20,CODE!$B:$D,CODE!$C$1,FALSE)) -> NOVENT KIDS | N20: =IF(OR($I20="TTL",$L20=""),"",VLOOKUP($K$2,CODE!$S:$T,CODE!$T$1-1,FALSE)) -> F | O20: 5 | P20: ER | Q20: =IF(OR($I20="TTL",$P20=""),"",VLOOKUP($P20,CODE!$K:$M,CODE!$L$1,FALSE)) -> EARCAP | R20: K | S20: 501 | T20: =IF(OR($I20="TTL",$S20=""),"",IF($S20<10,"00"&$S20,IF($S20<100,"0"&$S20,$S20))) -> 501 | U20: =IF($I20="TTL","",$L20&$P20&$N20&$O20&$T20) -> NOKERF5501 | V20: =IF($I20="TTL",SUMIF($C:$C,MID($K20,1,SEARCH("TTL",$K20)-2),$V:$V),IF($EI20="",0,1/COUNTIF($EI:$EI,$EI20))) -> 0.33333333 | W20: 14FW NV 02_WIRE_MU_KIDS | X20: =IF($Y20="","",VLOOKUP($Y20,CODE!$AE:$AF,CODE!$AF$1-1,FALSE)) -> CL | Y20: CAMEL | Z20: =$U20&$X20 -> NOKERF5501CL | AA20: =VLOOKUP($Z20&$AX20,$EC:$EG,5,FALSE) | AB20: =IF($I20="TTL",SUMIF($C:$C,MID($K20,1,SEARCH("TTL",$K20)-2),$AB:$AB),IF($EJ20="",0,1/COUNTIF($EJ:$EJ,$EJ20))) -> 0.33333333 | AC20: 0 | AD20: 1 | AE20: OML | AF20: 150 | AG20: FOREMOST | AH20: 3 | AI20: =IF($AH20=0,"",IF($AH20<10,"0"&$AH20,$AH20)) -> 03 | AJ20: M | AK20: CN | AL20: =IF($AK20=0,"",IF($AK20="KR",2,1)) -> 1 | AM20: =IF(ISERROR(VLOOKUP($F20,[1]기획현황취합!$A$1:$E$64926,[1]기획현황취합!$B$1,FALSE))=TRUE,0,VLOOKUP($F20,[1]기획현황취합!$A$1:$E$64926,[1]기획현황취합!$B$1,FALSE)) -> 45000 | AN20: =IF(ISERROR(VLOOKUP($F20,[1]기획현황취합!$A$1:$E$64926,[1]기획현황취합!$C$1,FALSE))=TRUE,0,VLOOKUP($F20,[1]기획현황취합!$A$1:$E$64926,[1]기획현황취합!$C$1,FALSE)) -> 41820 | AO20: =IF(ISERROR(($AM20/1.1)/VLOOKUP($AG20,'TARGET MU'!$A:$D,'TARGET MU'!$D$1,FALSE))=TRUE,0,($AM20/1.1)/VLOOKUP($AG20,'TARGET MU'!$A:$D,'TARGET MU'!$D$1,FALSE)) -> 6818.1818 | AP20: =IF(OR(AF20=0,AND(AV20=0,AW20=0)),0,IF(AG20="캡보이2",AV20*$AQ$5+AU20,IF(OR(AK20="IN",AK20="BG",AK20="VT",AK20="CB"),$AU20+(($AV20*(1+$AW$4))*(HLOOKUP(VLOOKUP(AG20,'TARGET MU'!$A:$P,'TARGET MU'!$J$1,FALSE),$AO$4:$AR$5,2,FALSE)))+$AW20,$AU20+((($AV20*(1+$AW$4))*(1+HLOOKUP(VLOOKUP($P20,CODE!$K:$P,CODE!$P$1,FALSE),$AS$4:$AV$5,2,FALSE)))*(HLOOKUP(VLOOKUP(AG20,'TARGET MU'!$A:$P,'TARGET MU'!$J$1,FALSE),$AO$4:$AR$5,2,FALSE)))+$AW20))) -> 6797.3891 | AQ20: =AP20-AO20 -> -20.792727 | AR20: 290.90909 | AS20: 0 | AT20: 20 | AU20: =SUM(AR20:AT20) -> 310.90909 | AV20: 5.2 | AW20: 0 | AX20: =IF(ISERROR(VLOOKUP($F20,[1]기획현황취합!$A$1:$E$64926,[1]기획현황취합!$D$1,FALSE))=TRUE,0,VLOOKUP($F20,[1]기획현황취합!$A$1:$E$64926,[1]기획현황취합!$D$1,FALSE)) -> 41738 | AZ20: =IF(ISERROR(VLOOKUP($F20,[1]기획현황취합!$A$1:$E$64926,[1]기획현황취합!$E$1,FALSE))=TRUE,0,VLOOKUP($F20,[1]기획현황취합!$A$1:$E$64926,[1]기획현황취합!$E$1,FALSE)) -> 41844 | BA20: 41844 | BB20: 41878 | BC20: 0 | BD20: 0 | BE20: 0 | BF20: 0 | BG20: 확정 | BH20: 확정 | BI20: =IF($I20="TTL",SUMIF($C:$C,MID($K20,1,SEARCH("TTL",$K20)-2),$BI:$BI),SUMIF(실입고현황!$A:$A,BB20&VLOOKUP($AG20,'TARGET MU'!$A:$D,'TARGET MU'!$B$1,FALSE)&$Z20&" "&$AE20,실입고현황!$C:$C)) -> 151 | BJ20: =IF($I20="TTL",SUMIF($C:$C,MID($K20,1,SEARCH("TTL",$K20)-2),$BJ:$BJ),SUMIF(실입고현황!$A:$A,BC20&VLOOKUP($AG20,'TARGET MU'!$A:$D,'TARGET MU'!$B$1,FALSE)&$Z20&" "&$AE20,실입고현황!$C:$C)) -> 0 | BK20: =IF($I20="TTL",SUMIF($C:$C,MID($K20,1,SEARCH("TTL",$K20)-2),$BK:$BK),SUMIF(실입고현황!$A:$A,BD20&VLOOKUP($AG20,'TARGET MU'!$A:$D,'TARGET MU'!$B$1,FALSE)&$Z20&" "&$AE20,실입고현황!$C:$C)) -> 0 | BL20: =IF($I20="TTL",SUMIF($C:$C,MID($K20,1,SEARCH("TTL",$K20)-2),$BL:$BL),SUMIF(실입고현황!$A:$A,BE20&VLOOKUP($AG20,'TARGET MU'!$A:$D,'TARGET MU'!$B$1,FALSE)&$Z20&" "&$AE20,실입고현황!$C:$C)) -> 0 | BM20: =IF($I20="TTL",SUMIF($C:$C,MID($K20,1,SEARCH("TTL",$K20)-2),$BM:$BM),SUMIF(실입고현황!$A:$A,BF20&VLOOKUP($AG20,'TARGET MU'!$A:$D,'TARGET MU'!$B$1,FALSE)&$Z20&" "&$AE20,실입고현황!$C:$C)) -> 0 | BN20: =IF($I20="TTL",SUMIF($C:$C,MID($K20,1,SEARCH("TTL",$K20)-2),$BN:$BN),IF(($BO20-SUM($BI20,$BJ20,$BK20,BL20,BM20))<$BO20*$BN$6,0,$BO20-SUM($BI20,$BJ20,$BK20,BL20,BM20))) -> 0 | BO20: =IF($I20="TTL",SUMIF($C:$C,MID($K20,1,SEARCH("TTL",$K20)-2),$BO:$BO),$AF20) -> 150 | BP20: =IF($I20="TTL",SUMIF($C:$C,MID($K20,1,SEARCH("TTL",$K20)-2),$BP:$BP),IF($AO20=0,0,IF($AP20=0,$AO20*$AF20,$AP20*$AF20))) -> 1019608.4 | BQ20: =IF($I20="TTL",SUMIF($C:$C,MID($K20,1,SEARCH("TTL",$K20)-2),$BQ:$BQ),$AM20*$AF20) -> 6750000 | BR20: =IF(ISERROR($BQ20/($BP20*1.1))=TRUE,0,$BQ20/($BP20*1.1)) -> 6.0183536 | BT20: =IF(ISERROR(Z20&VLOOKUP($AG20,'TARGET MU'!$A:$D,'TARGET MU'!$B$1,FALSE))=TRUE,"",Z20&VLOOKUP($AG20,'TARGET MU'!$A:$D,'TARGET MU'!$B$1,FALSE)) -> NOKERF5501CL포모스트 | BU20: =AP20 -> 6797.3891 | BV20: =Z20&AE20&AF20&AM20&AG20&AI20&AK20 -> NOKERF5501CLOML15045000FOREMOST03CN | BX20: =IF($I20="TTL","",$L20) -> NOK | BY20: =$O20 -> 5 | BZ20: =$AJ20 -> M | CA20: =$P20 -> ER | CB20: =$R20 -> K | CC20: =$AK20 -> CN | CD20: =$W20 -> 14FW NV 02_WIRE_MU_KIDS | CE20: =$U20 -> NOKERF5501 | CF20: =$T20 -> 501 | CG20: =$W20 -> 14FW NV 02_WIRE_MU_KIDS | CH20: =$X20 -> CL | CI20: =$AD20 -> 1 | CJ20: =$AE20 -> OML | CK20: =IF($I20="TTL",SUMIF($C:$C,MID($K20,1,SEARCH("TTL",$K20)-2),$BO:$BO),$AF20) -> 150 | CL20: =$AV20 -> 5.2 | CM20: =$AM20 -> 45000 | CN20: =$AP20-$AU20 -> 6486.48 | CO20: =$AU20 -> 310.90909 | CP20: =$AL20 -> 1 | CQ20: 807 | CT20: =IF($I20="TTL",$K20,$Z20&$AE20) -> NOKERF5501CLOML | CU20: =$M20 -> NOVENT KIDS | CV20: =IF($I20="TTL","",IF($CX20="","",$Q20&"_"&$T20&IF(N20="K","_KIDS",IF(N20="I","_INFANT","")))) -> EARCAP_501 | CW20: =IF($I20="TTL","",IF($CT20="","",$Y20&"_"&$AE20)) -> CAMEL_OML | CX20: =$L20 -> NOK | CY20: =$T20 -> 501 | CZ20: =IF($I20="TTL",SUMIF($C:$C,MID($K20,1,SEARCH("TTL",$K20)-2),$CZ:$CZ),$AF20) -> 150 | DA20: =$AM20 -> 45000 | DB20: =$Y20 -> CAMEL | DC20: =$AE20 -> OML | DG20: 41739 | DH20: =IF(OR($I20="TTL",$I20=""),"",AZ20-$DH$11) -> 41754 | DI20: 41739 | DJ20: 41740 | DK20: 41814 | DL20: 5 | DM20: 4 | DN20: 41750 | DO20: x | DP20: =IF(OR($DN20="없음",$I20="TTL",$I20=""),"",AZ20-$DP$11) -> 41784 | DQ20: 41754 | DR20: x | DS20: 41814 | DT20: 41800 | DU20: 41800 | DV20: 41829 | DW20: x | DX20: 41869 | DY20: 입고완료 | DZ20: 가격사정완료 | EC20: =IF(OR(Z19&AX19=Z20&AX19,Z20&AX20=""),"",Z20&AX20) | ED20: =IF(OR(Z19&AE19=Z20&AE20,Z20=""),"",Z20&AE20) -> NOKERF5501CLOML | EE20: =IF(ED20="",0,IF(COUNTIF(ED$12:ED19,ED20)=0,0,COUNTIF(ED$12:ED19,ED20))) -> 0 | EF20: =IF(OR($AJ20="B",$ED20="",MID($U20,8,1)=$EF$9,MID($U20,8,1)=$EF$10),0,1) -> 0 | EG20: =IF(EE20+EF20=0,"","R"&(EE20+EF20)) | EI20: =IF($ED20="","",IF($EE20=0,U20,"")) -> NOKERF5501 | EJ20: =IF($ED20="","",IF($EE20=0,Z20,"")) -> NOKERF5501CL | EL20: 41817 | EM20: 41822 | EN20: X | EO20: X | EP20: X | EQ20: X
A21: =IF(OR($I21="TTL",$I21=""),"",IF(ISERROR(VLOOKUP($B21,CODE!$D:$G,CODE!$F$1-2,FALSE))=TRUE,"전략",VLOOKUP($B21,CODE!$D:$G,CODE!$F$1-2,FALSE))) -> SPORTS | B21: =IF(OR($I21="TTL",$I21=""),"",IF(VLOOKUP($P21,CODE!$K:$O,CODE!$O$1,FALSE)="",$I21,$I21&"-"&VLOOKUP($P21,CODE!$K:$O,CODE!$O$1,FALSE))) -> NOK | C21: =IF($I21="TTL","",I21&"-"&$AG21&"-"&$AI21) -> NOK-FOREMOST-03 | D21: =$C21&$Z21 -> NOK-FOREMOST-03NOKBAF5502GY | E21: =IF($I21="TTL",0,IF(ISERROR(IF($Z20=$Z21,$E20,$E20+1))=TRUE,1,IF($Z20=$Z21,$E20,$E20+1))) -> 2 | F21: =$C21&$E21 -> NOK-FOREMOST-032 | G21: =$F21&"-"&$U21&$Y21&$AE21 -> NOK-FOREMOST-032-NOKBAF5502GREYOSM | H21: =IF(ISERROR(I21&VLOOKUP(P21,CODE!$K:$N,CODE!$N$1,FALSE)&S21)=TRUE,0,I21&VLOOKUP(P21,CODE!$K:$N,CODE!$N$1,FALSE)&S21) -> NOK의류외502 | I21: =IF(ISERROR(SEARCH("TTL",$K21))=TRUE,IF($L21="","",VLOOKUP($L21,CODE!$B:$G,CODE!$D$1,FALSE)),"TTL") -> NOK | J21: =MID(W21,1,6) -> 14FW N | L21: NOK | M21: =IF(OR($I21="TTL",$L21=""),"",VLOOKUP($L21,CODE!$B:$D,CODE!$C$1,FALSE)) -> NOVENT KIDS | N21: =IF(OR($I21="TTL",$L21=""),"",VLOOKUP($K$2,CODE!$S:$T,CODE!$T$1-1,FALSE)) -> F | O21: 5 | P21: BA | Q21: =IF(OR($I21="TTL",$P21=""),"",VLOOKUP($P21,CODE!$K:$M,CODE!$L$1,FALSE)) -> BASIC CAP | R21: K | S21: 502 | T21: =IF(OR($I21="TTL",$S21=""),"",IF($S21<10,"00"&$S21,IF($S21<100,"0"&$S21,$S21))) -> 502 | U21: =IF($I21="TTL","",$L21&$P21&$N21&$O21&$T21) -> NOKBAF5502 | V21: =IF($I21="TTL",SUMIF($C:$C,MID($K21,1,SEARCH("TTL",$K21)-2),$V:$V),IF($EI21="",0,1/COUNTIF($EI:$EI,$EI21))) -> 0.5 | W21: 14FW NV 05_CAMP_GY_KIDS | X21: =IF($Y21="","",VLOOKUP($Y21,CODE!$AE:$AF,CODE!$AF$1-1,FALSE)) -> GY | Y21: GREY | Z21: =$U21&$X21 -> NOKBAF5502GY | AA21: =VLOOKUP($Z21&$AX21,$EC:$EG,5,FALSE) | AB21: =IF($I21="TTL",SUMIF($C:$C,MID($K21,1,SEARCH("TTL",$K21)-2),$AB:$AB),IF($EJ21="",0,1/COUNTIF($EJ:$EJ,$EJ21))) -> 0.5 | AC21: 0 | AD21: 1 | AE21: OSM | AF21: 200 | AG21: FOREMOST | AH21: 3 | AI21: =IF($AH21=0,"",IF($AH21<10,"0"&$AH21,$AH21)) -> 03 | AJ21: M | AK21: CN | AL21: =IF($AK21=0,"",IF($AK21="KR",2,1)) -> 1 | AM21: =IF(ISERROR(VLOOKUP($F21,[1]기획현황취합!$A$1:$E$64926,[1]기획현황취합!$B$1,FALSE))=TRUE,0,VLOOKUP($F21,[1]기획현황취합!$A$1:$E$64926,[1]기획현황취합!$B$1,FALSE)) -> 43000 | AN21: =IF(ISERROR(VLOOKUP($F21,[1]기획현황취합!$A$1:$E$64926,[1]기획현황취합!$C$1,FALSE))=TRUE,0,VLOOKUP($F21,[1]기획현황취합!$A$1:$E$64926,[1]기획현황취합!$C$1,FALSE)) -> 41820 | AO21: =IF(ISERROR(($AM21/1.1)/VLOOKUP($AG21,'TARGET MU'!$A:$D,'TARGET MU'!$D$1,FALSE))=TRUE,0,($AM21/1.1)/VLOOKUP($AG21,'TARGET MU'!$A:$D,'TARGET MU'!$D$1,FALSE)) -> 6515.1515 | AP21: =IF(OR(AF21=0,AND(AV21=0,AW21=0)),0,IF(AG21="캡보이2",AV21*$AQ$5+AU21,IF(OR(AK21="IN",AK21="BG",AK21="VT",AK21="CB"),$AU21+(($AV21*(1+$AW$4))*(HLOOKUP(VLOOKUP(AG21,'TARGET MU'!$A:$P,'TARGET MU'!$J$1,FALSE),$AO$4:$AR$5,2,FALSE)))+$AW21,$AU21+((($AV21*(1+$AW$4))*(1+HLOOKUP(VLOOKUP($P21,CODE!$K:$P,CODE!$P$1,FALSE),$AS$4:$AV$5,2,FALSE)))*(HLOOKUP(VLOOKUP(AG21,'TARGET MU'!$A:$P,'TARGET MU'!$J$1,FALSE),$AO$4:$AR$5,2,FALSE)))+$AW21))) -> 5092.0686 | AQ21: =AP21-AO21 -> -1423.0829 | AR21: 581.42857 | AS21: 0 | AT21: 20 | AU21: =SUM(AR21:AT21) -> 601.42857 | AV21: 3.6 | AW21: 0 | AX21: =IF(ISERROR(VLOOKUP($F21,[1]기획현황취합!$A$1:$E$64926,[1]기획현황취합!$D$1,FALSE))=TRUE,0,VLOOKUP($F21,[1]기획현황취합!$A$1:$E$64926,[1]기획현황취합!$D$1,FALSE)) -> 41738 | AZ21: =IF(ISERROR(VLOOKUP($F21,[1]기획현황취합!$A$1:$E$64926,[1]기획현황취합!$E$1,FALSE))=TRUE,0,VLOOKUP($F21,[1]기획현황취합!$A$1:$E$64926,[1]기획현황취합!$E$1,FALSE)) -> 41844 | BA21: 41844 | BB21: 41873 | BD21: 0 | BE21: 0 | BF21: 0 | BG21: 확정 | BH21: 확정 | BI21: =IF($I21="TTL",SUMIF($C:$C,MID($K21,1,SEARCH("TTL",$K21)-2),$BI:$BI),SUMIF(실입고현황!$A:$A,BB21&VLOOKUP($AG21,'TARGET MU'!$A:$D,'TARGET MU'!$B$1,FALSE)&$Z21&" "&$AE21,실입고현황!$C:$C)) -> 200 | BJ21: =IF($I21="TTL",SUMIF($C:$C,MID($K21,1,SEARCH("TTL",$K21)-2),$BJ:$BJ),SUMIF(실입고현황!$A:$A,BC21&VLOOKUP($AG21,'TARGET MU'!$A:$D,'TARGET MU'!$B$1,FALSE)&$Z21&" "&$AE21,실입고현황!$C:$C)) -> 0 | BK21: =IF($I21="TTL",SUMIF($C:$C,MID($K21,1,SEARCH("TTL",$K21)-2),$BK:$BK),SUMIF(실입고현황!$A:$A,BD21&VLOOKUP($AG21,'TARGET MU'!$A:$D,'TARGET MU'!$B$1,FALSE)&$Z21&" "&$AE21,실입고현황!$C:$C)) -> 0 | BL21: =IF($I21="TTL",SUMIF($C:$C,MID($K21,1,SEARCH("TTL",$K21)-2),$BL:$BL),SUMIF(실입고현황!$A:$A,BE21&VLOOKUP($AG21,'TARGET MU'!$A:$D,'TARGET MU'!$B$1,FALSE)&$Z21&" "&$AE21,실입고현황!$C:$C)) -> 0 | BM21: =IF($I21="TTL",SUMIF($C:$C,MID($K21,1,SEARCH("TTL",$K21)-2),$BM:$BM),SUMIF(실입고현황!$A:$A,BF21&VLOOKUP($AG21,'TARGET MU'!$A:$D,'TARGET MU'!$B$1,FALSE)&$Z21&" "&$AE21,실입고현황!$C:$C)) -> 0 | BN21: =IF($I21="TTL",SUMIF($C:$C,MID($K21,1,SEARCH("TTL",$K21)-2),$BN:$BN),IF(($BO21-SUM($BI21,$BJ21,$BK21,BL21,BM21))<$BO21*$BN$6,0,$BO21-SUM($BI21,$BJ21,$BK21,BL21,BM21))) -> 0 | BO21: =IF($I21="TTL",SUMIF($C:$C,MID($K21,1,SEARCH("TTL",$K21)-2),$BO:$BO),$AF21) -> 200 | BP21: =IF($I21="TTL",SUMIF($C:$C,MID($K21,1,SEARCH("TTL",$K21)-2),$BP:$BP),IF($AO21=0,0,IF($AP21=0,$AO21*$AF21,$AP21*$AF21))) -> 1018413.7 | BQ21: =IF($I21="TTL",SUMIF($C:$C,MID($K21,1,SEARCH("TTL",$K21)-2),$BQ:$BQ),$AM21*$AF21) -> 8600000 | BR21: =IF(ISERROR($BQ21/($BP21*1.1))=TRUE,0,$BQ21/($BP21*1.1)) -> 7.676823 | BT21: =IF(ISERROR(Z21&VLOOKUP($AG21,'TARGET MU'!$A:$D,'TARGET MU'!$B$1,FALSE))=TRUE,"",Z21&VLOOKUP($AG21,'TARGET MU'!$A:$D,'TARGET MU'!$B$1,FALSE)) -> NOKBAF5502GY포모스트 | BU21: =AP21 -> 5092.0686 | BV21: =Z21&AE21&AF21&AM21&AG21&AI21&AK21 -> NOKBAF5502GYOSM20043000FOREMOST03CN | BX21: =IF($I21="TTL","",$L21) -> NOK | BY21: =$O21 -> 5 | BZ21: =$AJ21 -> M | CA21: =$P21 -> BA | CB21: =$R21 -> K | CC21: =$AK21 -> CN | CD21: =$W21 -> 14FW NV 05_CAMP_GY_KIDS | CE21: =$U21 -> NOKBAF5502 | CF21: =$T21 -> 502 | CG21: =$W21 -> 14FW NV 05_CAMP_GY_KIDS | CH21: =$X21 -> GY | CI21: =$AD21 -> 1 | CJ21: =$AE21 -> OSM | CK21: =IF($I21="TTL",SUMIF($C:$C,MID($K21,1,SEARCH("TTL",$K21)-2),$BO:$BO),$AF21) -> 200 | CL21: =$AV21 -> 3.6 | CM21: =$AM21 -> 43000 | CN21: =$AP21-$AU21 -> 4490.64 | CO21: =$AU21 -> 601.42857 | CP21: =$AL21 -> 1 | CQ21: 775/805 | CT21: =IF($I21="TTL",$K21,$Z21&$AE21) -> NOKBAF5502GYOSM | CU21: =$M21 -> NOVENT KIDS | CV21: =IF($I21="TTL","",IF($CX21="","",$Q21&"_"&$T21&IF(N21="K","_KIDS",IF(N21="I","_INFANT","")))) -> BASIC CAP_502 | CW21: =IF($I21="TTL","",IF($CT21="","",$Y21&"_"&$AE21)) -> GREY_OSM | CX21: =$L21 -> NOK | CY21: =$T21 -> 502 | CZ21: =IF($I21="TTL",SUMIF($C:$C,MID($K21,1,SEARCH("TTL",$K21)-2),$CZ:$CZ),$AF21) -> 200 | DA21: =$AM21 -> 43000 | DB21: =$Y21 -> GREY | DC21: =$AE21 -> OSM | DG21: 41739 | DH21: =IF(OR($I21="TTL",$I21=""),"",AZ21-$DH$11) -> 41754 | DI21: 41739 | DJ21: 41740 | DK21: 41814 | DL21: 2 | DM21: 1 | DN21: 41750 | DO21: x | DP21: =IF(OR($DN21="없음",$I21="TTL",$I21=""),"",AZ21-$DP$11) -> 41784 | DQ21: 41754 | DR21: x | DS21: 41814 | DT21: 41771 | DU21: 41771 | DV21: 41829 | DW21: x | DX21: 41869 | DY21: 입고완료 | DZ21: 가격사정완료 | EC21: =IF(OR(Z20&AX20=Z21&AX20,Z21&AX21=""),"",Z21&AX21) -> NOKBAF5502GY41738 | ED21: =IF(OR(Z20&AE20=Z21&AE21,Z21=""),"",Z21&AE21) -> NOKBAF5502GYOSM | EE21: =IF(ED21="",0,IF(COUNTIF(ED$12:ED20,ED21)=0,0,COUNTIF(ED$12:ED20,ED21))) -> 0 | EF21: =IF(OR($AJ21="B",$ED21="",MID($U21,8,1)=$EF$9,MID($U21,8,1)=$EF$10),0,1) -> 0 | EG21: =IF(EE21+EF21=0,"","R"&(EE21+EF21)) | EI21: =IF($ED21="","",IF($EE21=0,U21,"")) -> NOKBAF5502 | EJ21: =IF($ED21="","",IF($EE21=0,Z21,"")) -> NOKBAF5502GY | EL21: 41817 | EM21: 41822 | EN21: X | EO21: X | EP21: X | EQ21: X
A22: =IF(OR($I22="TTL",$I22=""),"",IF(ISERROR(VLOOKUP($B22,CODE!$D:$G,CODE!$F$1-2,FALSE))=TRUE,"전략",VLOOKUP($B22,CODE!$D:$G,CODE!$F$1-2,FALSE))) -> SPORTS | B22: =IF(OR($I22="TTL",$I22=""),"",IF(VLOOKUP($P22,CODE!$K:$O,CODE!$O$1,FALSE)="",$I22,$I22&"-"&VLOOKUP($P22,CODE!$K:$O,CODE!$O$1,FALSE))) -> NOK | C22: =IF($I22="TTL","",I22&"-"&$AG22&"-"&$AI22) -> NOK-FOREMOST-03 | D22: =$C22&$Z22 -> NOK-FOREMOST-03NOKBAF5502GY | E22: =IF($I22="TTL",0,IF(ISERROR(IF($Z21=$Z22,$E21,$E21+1))=TRUE,1,IF($Z21=$Z22,$E21,$E21+1))) -> 2 | F22: =$C22&$E22 -> NOK-FOREMOST-032 | G22: =$F22&"-"&$U22&$Y22&$AE22 -> NOK-FOREMOST-032-NOKBAF5502GREYOML | H22: =IF(ISERROR(I22&VLOOKUP(P22,CODE!$K:$N,CODE!$N$1,FALSE)&S22)=TRUE,0,I22&VLOOKUP(P22,CODE!$K:$N,CODE!$N$1,FALSE)&S22) -> NOK의류외502 | I22: =IF(ISERROR(SEARCH("TTL",$K22))=TRUE,IF($L22="","",VLOOKUP($L22,CODE!$B:$G,CODE!$D$1,FALSE)),"TTL") -> NOK | J22: =MID(W22,1,6) -> 14FW N | L22: NOK | M22: =IF(OR($I22="TTL",$L22=""),"",VLOOKUP($L22,CODE!$B:$D,CODE!$C$1,FALSE)) -> NOVENT KIDS | N22: =IF(OR($I22="TTL",$L22=""),"",VLOOKUP($K$2,CODE!$S:$T,CODE!$T$1-1,FALSE)) -> F | O22: 5 | P22: BA | Q22: =IF(OR($I22="TTL",$P22=""),"",VLOOKUP($P22,CODE!$K:$M,CODE!$L$1,FALSE)) -> BASIC CAP | R22: K | S22: 502 | T22: =IF(OR($I22="TTL",$S22=""),"",IF($S22<10,"00"&$S22,IF($S22<100,"0"&$S22,$S22))) -> 502 | U22: =IF($I22="TTL","",$L22&$P22&$N22&$O22&$T22) -> NOKBAF5502 | V22: =IF($I22="TTL",SUMIF($C:$C,MID($K22,1,SEARCH("TTL",$K22)-2),$V:$V),IF($EI22="",0,1/COUNTIF($EI:$EI,$EI22))) -> 0.5 | W22: 14FW NV 05_CAMP_GY_KIDS | X22: =IF($Y22="","",VLOOKUP($Y22,CODE!$AE:$AF,CODE!$AF$1-1,FALSE)) -> GY | Y22: GREY | Z22: =$U22&$X22 -> NOKBAF5502GY | AA22: =VLOOKUP($Z22&$AX22,$EC:$EG,5,FALSE) | AB22: =IF($I22="TTL",SUMIF($C:$C,MID($K22,1,SEARCH("TTL",$K22)-2),$AB:$AB),IF($EJ22="",0,1/COUNTIF($EJ:$EJ,$EJ22))) -> 0.5 | AC22: 0 | AD22: 1 | AE22: OML | AF22: 150 | AG22: FOREMOST | AH22: 3 | AI22: =IF($AH22=0,"",IF($AH22<10,"0"&$AH22,$AH22)) -> 03 | AJ22: M | AK22: CN | AL22: =IF($AK22=0,"",IF($AK22="KR",2,1)) -> 1 | AM22: =IF(ISERROR(VLOOKUP($F22,[1]기획현황취합!$A$1:$E$64926,[1]기획현황취합!$B$1,FALSE))=TRUE,0,VLOOKUP($F22,[1]기획현황취합!$A$1:$E$64926,[1]기획현황취합!$B$1,FALSE)) -> 43000 | AN22: =IF(ISERROR(VLOOKUP($F22,[1]기획현황취합!$A$1:$E$64926,[1]기획현황취합!$C$1,FALSE))=TRUE,0,VLOOKUP($F22,[1]기획현황취합!$A$1:$E$64926,[1]기획현황취합!$C$1,FALSE)) -> 41820 | AO22: =IF(ISERROR(($AM22/1.1)/VLOOKUP($AG22,'TARGET MU'!$A:$D,'TARGET MU'!$D$1,FALSE))=TRUE,0,($AM22/1.1)/VLOOKUP($AG22,'TARGET MU'!$A:$D,'TARGET MU'!$D$1,FALSE)) -> 6515.1515 | AP22: =IF(OR(AF22=0,AND(AV22=0,AW22=0)),0,IF(AG22="캡보이2",AV22*$AQ$5+AU22,IF(OR(AK22="IN",AK22="BG",AK22="VT",AK22="CB"),$AU22+(($AV22*(1+$AW$4))*(HLOOKUP(VLOOKUP(AG22,'TARGET MU'!$A:$P,'TARGET MU'!$J$1,FALSE),$AO$4:$AR$5,2,FALSE)))+$AW22,$AU22+((($AV22*(1+$AW$4))*(1+HLOOKUP(VLOOKUP($P22,CODE!$K:$P,CODE!$P$1,FALSE),$AS$4:$AV$5,2,FALSE)))*(HLOOKUP(VLOOKUP(AG22,'TARGET MU'!$A:$P,'TARGET MU'!$J$1,FALSE),$AO$4:$AR$5,2,FALSE)))+$AW22))) -> 5092.0686 | AQ22: =AP22-AO22 -> -1423.0829 | AR22: 581.42857 | AS22: 0 | AT22: 20 | AU22: =SUM(AR22:AT22) -> 601.42857 | AV22: 3.6 | AW22: 0 | AX22: =IF(ISERROR(VLOOKUP($F22,[1]기획현황취합!$A$1:$E$64926,[1]기획현황취합!$D$1,FALSE))=TRUE,0,VLOOKUP($F22,[1]기획현황취합!$A$1:$E$64926,[1]기획현황취합!$D$1,FALSE)) -> 41738 | AZ22: =IF(ISERROR(VLOOKUP($F22,[1]기획현황취합!$A$1:$E$64926,[1]기획현황취합!$E$1,FALSE))=TRUE,0,VLOOKUP($F22,[1]기획현황취합!$A$1:$E$64926,[1]기획현황취합!$E$1,FALSE)) -> 41844 | BA22: 41844 | BB22: 41873 | BC22: 0 | BD22: 0 | BE22: 0 | BF22: 0 | BG22: 확정 | BH22: 확정 | BI22: =IF($I22="TTL",SUMIF($C:$C,MID($K22,1,SEARCH("TTL",$K22)-2),$BI:$BI),SUMIF(실입고현황!$A:$A,BB22&VLOOKUP($AG22,'TARGET MU'!$A:$D,'TARGET MU'!$B$1,FALSE)&$Z22&" "&$AE22,실입고현황!$C:$C)) -> 150 | BJ22: =IF($I22="TTL",SUMIF($C:$C,MID($K22,1,SEARCH("TTL",$K22)-2),$BJ:$BJ),SUMIF(실입고현황!$A:$A,BC22&VLOOKUP($AG22,'TARGET MU'!$A:$D,'TARGET MU'!$B$1,FALSE)&$Z22&" "&$AE22,실입고현황!$C:$C)) -> 0 | BK22: =IF($I22="TTL",SUMIF($C:$C,MID($K22,1,SEARCH("TTL",$K22)-2),$BK:$BK),SUMIF(실입고현황!$A:$A,BD22&VLOOKUP($AG22,'TARGET MU'!$A:$D,'TARGET MU'!$B$1,FALSE)&$Z22&" "&$AE22,실입고현황!$C:$C)) -> 0 | BL22: =IF($I22="TTL",SUMIF($C:$C,MID($K22,1,SEARCH("TTL",$K22)-2),$BL:$BL),SUMIF(실입고현황!$A:$A,BE22&VLOOKUP($AG22,'TARGET MU'!$A:$D,'TARGET MU'!$B$1,FALSE)&$Z22&" "&$AE22,실입고현황!$C:$C)) -> 0 | BM22: =IF($I22="TTL",SUMIF($C:$C,MID($K22,1,SEARCH("TTL",$K22)-2),$BM:$BM),SUMIF(실입고현황!$A:$A,BF22&VLOOKUP($AG22,'TARGET MU'!$A:$D,'TARGET MU'!$B$1,FALSE)&$Z22&" "&$AE22,실입고현황!$C:$C)) -> 0 | BN22: =IF($I22="TTL",SUMIF($C:$C,MID($K22,1,SEARCH("TTL",$K22)-2),$BN:$BN),IF(($BO22-SUM($BI22,$BJ22,$BK22,BL22,BM22))<$BO22*$BN$6,0,$BO22-SUM($BI22,$BJ22,$BK22,BL22,BM22))) -> 0 | BO22: =IF($I22="TTL",SUMIF($C:$C,MID($K22,1,SEARCH("TTL",$K22)-2),$BO:$BO),$AF22) -> 150 | BP22: =IF($I22="TTL",SUMIF($C:$C,MID($K22,1,SEARCH("TTL",$K22)-2),$BP:$BP),IF($AO22=0,0,IF($AP22=0,$AO22*$AF22,$AP22*$AF22))) -> 763810.29 | BQ22: =IF($I22="TTL",SUMIF($C:$C,MID($K22,1,SEARCH("TTL",$K22)-2),$BQ:$BQ),$AM22*$AF22) -> 6450000 | BR22: =IF(ISERROR($BQ22/($BP22*1.1))=TRUE,0,$BQ22/($BP22*1.1)) -> 7.676823 | BT22: =IF(ISERROR(Z22&VLOOKUP($AG22,'TARGET MU'!$A:$D,'TARGET MU'!$B$1,FALSE))=TRUE,"",Z22&VLOOKUP($AG22,'TARGET MU'!$A:$D,'TARGET MU'!$B$1,FALSE)) -> NOKBAF5502GY포모스트 | BU22: =AP22 -> 5092.0686 | BV22: =Z22&AE22&AF22&AM22&AG22&AI22&AK22 -> NOKBAF5502GYOML15043000FOREMOST03CN | BX22: =IF($I22="TTL","",$L22) -> NOK | BY22: =$O22 -> 5 | BZ22: =$AJ22 -> M | CA22: =$P22 -> BA | CB22: =$R22 -> K | CC22: =$AK22 -> CN | CD22: =$W22 -> 14FW NV 05_CAMP_GY_KIDS | CE22: =$U22 -> NOKBAF5502 | CF22: =$T22 -> 502 | CG22: =$W22 -> 14FW NV 05_CAMP_GY_KIDS | CH22: =$X22 -> GY | CI22: =$AD22 -> 1 | CJ22: =$AE22 -> OML | CK22: =IF($I22="TTL",SUMIF($C:$C,MID($K22,1,SEARCH("TTL",$K22)-2),$BO:$BO),$AF22) -> 150 | CL22: =$AV22 -> 3.6 | CM22: =$AM22 -> 43000 | CN22: =$AP22-$AU22 -> 4490.64 | CO22: =$AU22 -> 601.42857 | CP22: =$AL22 -> 1 | CQ22: 775/805 | CT22: =IF($I22="TTL",$K22,$Z22&$AE22) -> NOKBAF5502GYOML | CU22: =$M22 -> NOVENT KIDS | CV22: =IF($I22="TTL","",IF($CX22="","",$Q22&"_"&$T22&IF(N22="K","_KIDS",IF(N22="I","_INFANT","")))) -> BASIC CAP_502 | CW22: =IF($I22="TTL","",IF($CT22="","",$Y22&"_"&$AE22)) -> GREY_OML | CX22: =$L22 -> NOK | CY22: =$T22 -> 502 | CZ22: =IF($I22="TTL",SUMIF($C:$C,MID($K22,1,SEARCH("TTL",$K22)-2),$CZ:$CZ),$AF22) -> 150 | DA22: =$AM22 -> 43000 | DB22: =$Y22 -> GREY | DC22: =$AE22 -> OML | DG22: 41739 | DH22: =IF(OR($I22="TTL",$I22=""),"",AZ22-$DH$11) -> 41754 | DI22: 41739 | DJ22: 41740 | DK22: 41814 | DL22: 2 | DM22: 1 | DN22: 41750 | DO22: x | DP22: =IF(OR($DN22="없음",$I22="TTL",$I22=""),"",AZ22-$DP$11) -> 41784 | DQ22: 41754 | DR22: x | DS22: 41814 | DT22: 41771 | DU22: 41771 | DV22: 41829 | DW22: x | DX22: 41869 | DY22: 입고완료 | DZ22: 가격사정완료 | EC22: =IF(OR(Z21&AX21=Z22&AX21,Z22&AX22=""),"",Z22&AX22) | ED22: =IF(OR(Z21&AE21=Z22&AE22,Z22=""),"",Z22&AE22) -> NOKBAF5502GYOML | EE22: =IF(ED22="",0,IF(COUNTIF(ED$12:ED21,ED22)=0,0,COUNTIF(ED$12:ED21,ED22))) -> 0 | EF22: =IF(OR($AJ22="B",$ED22="",MID($U22,8,1)=$EF$9,MID($U22,8,1)=$EF$10),0,1) -> 0 | EG22: =IF(EE22+EF22=0,"","R"&(EE22+EF22)) | EI22: =IF($ED22="","",IF($EE22=0,U22,"")) -> NOKBAF5502 | EJ22: =IF($ED22="","",IF($EE22=0,Z22,"")) -> NOKBAF5502GY | EL22: 41817 | EM22: 41822 | EN22: X | EO22: X | EP22: X | EQ22: X
A23: =IF(OR($I23="TTL",$I23=""),"",IF(ISERROR(VLOOKUP($B23,CODE!$D:$G,CODE!$F$1-2,FALSE))=TRUE,"전략",VLOOKUP($B23,CODE!$D:$G,CODE!$F$1-2,FALSE))) -> SPORTS | B23: =IF(OR($I23="TTL",$I23=""),"",IF(VLOOKUP($P23,CODE!$K:$O,CODE!$O$1,FALSE)="",$I23,$I23&"-"&VLOOKUP($P23,CODE!$K:$O,CODE!$O$1,FALSE))) -> NOK | C23: =IF($I23="TTL","",I23&"-"&$AG23&"-"&$AI23) -> NOK-FOREMOST-03 | D23: =$C23&$Z23 -> NOK-FOREMOST-03NOKFAF5503BW | E23: =IF($I23="TTL",0,IF(ISERROR(IF($Z22=$Z23,$E22,$E22+1))=TRUE,1,IF($Z22=$Z23,$E22,$E22+1))) -> 3 | F23: =$C23&$E23 -> NOK-FOREMOST-033 | G23: =$F23&"-"&$U23&$Y23&$AE23 -> NOK-FOREMOST-033-NOKFAF5503BROWNOSM | H23: =IF(ISERROR(I23&VLOOKUP(P23,CODE!$K:$N,CODE!$N$1,FALSE)&S23)=TRUE,0,I23&VLOOKUP(P23,CODE!$K:$N,CODE!$N$1,FALSE)&S23) -> NOK의류외503 | I23: =IF(ISERROR(SEARCH("TTL",$K23))=TRUE,IF($L23="","",VLOOKUP($L23,CODE!$B:$G,CODE!$D$1,FALSE)),"TTL") -> NOK | J23: =MID(W23,1,6) -> 14FW N | L23: NOK | M23: =IF(OR($I23="TTL",$L23=""),"",VLOOKUP($L23,CODE!$B:$D,CODE!$C$1,FALSE)) -> NOVENT KIDS | N23: =IF(OR($I23="TTL",$L23=""),"",VLOOKUP($K$2,CODE!$S:$T,CODE!$T$1-1,FALSE)) -> F | O23: 5 | P23: FA | Q23: =IF(OR($I23="TTL",$P23=""),"",VLOOKUP($P23,CODE!$K:$M,CODE!$L$1,FALSE)) -> FASHION HAT | R23: K | S23: 503 | T23: =IF(OR($I23="TTL",$S23=""),"",IF($S23<10,"00"&$S23,IF($S23<100,"0"&$S23,$S23))) -> 503 | U23: =IF($I23="TTL","",$L23&$P23&$N23&$O23&$T23) -> NOKFAF5503 | V23: =IF($I23="TTL",SUMIF($C:$C,MID($K23,1,SEARCH("TTL",$K23)-2),$V:$V),IF($EI23="",0,1/COUNTIF($EI:$EI,$EI23))) -> 0.5 | W23: 14FW NV 06_HAT_BR_KIDS | X23: =IF($Y23="","",VLOOKUP($Y23,CODE!$AE:$AF,CODE!$AF$1-1,FALSE)) -> BW | Y23: BROWN | Z23: =$U23&$X23 -> NOKFAF5503BW | AA23: =VLOOKUP($Z23&$AX23,$EC:$EG,5,FALSE) | AB23: =IF($I23="TTL",SUMIF($C:$C,MID($K23,1,SEARCH("TTL",$K23)-2),$AB:$AB),IF($EJ23="",0,1/COUNTIF($EJ:$EJ,$EJ23))) -> 0.5 | AC23: 0 | AD23: 1 | AE23: OSM | AF23: 200 | AG23: FOREMOST | AH23: 3 | AI23: =IF($AH23=0,"",IF($AH23<10,"0"&$AH23,$AH23)) -> 03 | AJ23: M | AK23: CN | AL23: =IF($AK23=0,"",IF($AK23="KR",2,1)) -> 1 | AM23: =IF(ISERROR(VLOOKUP($F23,[1]기획현황취합!$A$1:$E$64926,[1]기획현황취합!$B$1,FALSE))=TRUE,0,VLOOKUP($F23,[1]기획현황취합!$A$1:$E$64926,[1]기획현황취합!$B$1,FALSE)) -> 49000 | AN23: =IF(ISERROR(VLOOKUP($F23,[1]기획현황취합!$A$1:$E$64926,[1]기획현황취합!$C$1,FALSE))=TRUE,0,VLOOKUP($F23,[1]기획현황취합!$A$1:$E$64926,[1]기획현황취합!$C$1,FALSE)) -> 41820 | AO23: =IF(ISERROR(($AM23/1.1)/VLOOKUP($AG23,'TARGET MU'!$A:$D,'TARGET MU'!$D$1,FALSE))=TRUE,0,($AM23/1.1)/VLOOKUP($AG23,'TARGET MU'!$A:$D,'TARGET MU'!$D$1,FALSE)) -> 7424.2424 | AP23: =IF(OR(AF23=0,AND(AV23=0,AW23=0)),0,IF(AG23="캡보이2",AV23*$AQ$5+AU23,IF(OR(AK23="IN",AK23="BG",AK23="VT",AK23="CB"),$AU23+(($AV23*(1+$AW$4))*(HLOOKUP(VLOOKUP(AG23,'TARGET MU'!$A:$P,'TARGET MU'!$J$1,FALSE),$AO$4:$AR$5,2,FALSE)))+$AW23,$AU23+((($AV23*(1+$AW$4))*(1+HLOOKUP(VLOOKUP($P23,CODE!$K:$P,CODE!$P$1,FALSE),$AS$4:$AV$5,2,FALSE)))*(HLOOKUP(VLOOKUP(AG23,'TARGET MU'!$A:$P,'TARGET MU'!$J$1,FALSE),$AO$4:$AR$5,2,FALSE)))+$AW23))) -> 7424.8709 | AQ23: =AP23-AO23 -> 0.6284329 | AR23: 1517.1429 | AS23: 0 | AT23: 20 | AU23: =SUM(AR23:AT23) -> 1537.1429 | AV23: 4.72 | AW23: 0 | AX23: =IF(ISERROR(VLOOKUP($F23,[1]기획현황취합!$A$1:$E$64926,[1]기획현황취합!$D$1,FALSE))=TRUE,0,VLOOKUP($F23,[1]기획현황취합!$A$1:$E$64926,[1]기획현황취합!$D$1,FALSE)) -> 41738 | AZ23: =IF(ISERROR(VLOOKUP($F23,[1]기획현황취합!$A$1:$E$64926,[1]기획현황취합!$E$1,FALSE))=TRUE,0,VLOOKUP($F23,[1]기획현황취합!$A$1:$E$64926,[1]기획현황취합!$E$1,FALSE)) -> 41844 | BA23: 41844 | BB23: 41849 | BC23: 41873 | BD23: 0 | BE23: 0 | BF23: 0 | BG23: 확정 | BH23: 확정 | BI23: =IF($I23="TTL",SUMIF($C:$C,MID($K23,1,SEARCH("TTL",$K23)-2),$BI:$BI),SUMIF(실입고현황!$A:$A,BB23&VLOOKUP($AG23,'TARGET MU'!$A:$D,'TARGET MU'!$B$1,FALSE)&$Z23&" "&$AE23,실입고현황!$C:$C)) -> 163 | BJ23: =IF($I23="TTL",SUMIF($C:$C,MID($K23,1,SEARCH("TTL",$K23)-2),$BJ:$BJ),SUMIF(실입고현황!$A:$A,BC23&VLOOKUP($AG23,'TARGET MU'!$A:$D,'TARGET MU'!$B$1,FALSE)&$Z23&" "&$AE23,실입고현황!$C:$C)) -> 36 | BK23: =IF($I23="TTL",SUMIF($C:$C,MID($K23,1,SEARCH("TTL",$K23)-2),$BK:$BK),SUMIF(실입고현황!$A:$A,BD23&VLOOKUP($AG23,'TARGET MU'!$A:$D,'TARGET MU'!$B$1,FALSE)&$Z23&" "&$AE23,실입고현황!$C:$C)) -> 0 | BL23: =IF($I23="TTL",SUMIF($C:$C,MID($K23,1,SEARCH("TTL",$K23)-2),$BL:$BL),SUMIF(실입고현황!$A:$A,BE23&VLOOKUP($AG23,'TARGET MU'!$A:$D,'TARGET MU'!$B$1,FALSE)&$Z23&" "&$AE23,실입고현황!$C:$C)) -> 0 | BM23: =IF($I23="TTL",SUMIF($C:$C,MID($K23,1,SEARCH("TTL",$K23)-2),$BM:$BM),SUMIF(실입고현황!$A:$A,BF23&VLOOKUP($AG23,'TARGET MU'!$A:$D,'TARGET MU'!$B$1,FALSE)&$Z23&" "&$AE23,실입고현황!$C:$C)) -> 0 | BN23: =IF($I23="TTL",SUMIF($C:$C,MID($K23,1,SEARCH("TTL",$K23)-2),$BN:$BN),IF(($BO23-SUM($BI23,$BJ23,$BK23,BL23,BM23))<$BO23*$BN$6,0,$BO23-SUM($BI23,$BJ23,$BK23,BL23,BM23))) -> 0 | BO23: =IF($I23="TTL",SUMIF($C:$C,MID($K23,1,SEARCH("TTL",$K23)-2),$BO:$BO),$AF23) -> 200 | BP23: =IF($I23="TTL",SUMIF($C:$C,MID($K23,1,SEARCH("TTL",$K23)-2),$BP:$BP),IF($AO23=0,0,IF($AP23=0,$AO23*$AF23,$AP23*$AF23))) -> 1484974.2 | BQ23: =IF($I23="TTL",SUMIF($C:$C,MID($K23,1,SEARCH("TTL",$K23)-2),$BQ:$BQ),$AM23*$AF23) -> 9800000 | BR23: =IF(ISERROR($BQ23/($BP23*1.1))=TRUE,0,$BQ23/($BP23*1.1)) -> 5.9994922 | BT23: =IF(ISERROR(Z23&VLOOKUP($AG23,'TARGET MU'!$A:$D,'TARGET MU'!$B$1,FALSE))=TRUE,"",Z23&VLOOKUP($AG23,'TARGET MU'!$A:$D,'TARGET MU'!$B$1,FALSE)) -> NOKFAF5503BW포모스트 | BU23: =AP23 -> 7424.8709 | BV23: =Z23&AE23&AF23&AM23&AG23&AI23&AK23 -> NOKFAF5503BWOSM20049000FOREMOST03CN | BX23: =IF($I23="TTL","",$L23) -> NOK | BY23: =$O23 -> 5 | BZ23: =$AJ23 -> M | CA23: =$P23 -> FA | CB23: =$R23 -> K | CC23: =$AK23 -> CN | CD23: =$W23 -> 14FW NV 06_HAT_BR_KIDS | CE23: =$U23 -> NOKFAF5503 | CF23: =$T23 -> 503 | CG23: =$W23 -> 14FW NV 06_HAT_BR_KIDS | CH23: =$X23 -> BW | CI23: =$AD23 -> 1 | CJ23: =$AE23 -> OSM | CK23: =IF($I23="TTL",SUMIF($C:$C,MID($K23,1,SEARCH("TTL",$K23)-2),$BO:$BO),$AF23) -> 200 | CL23: =$AV23 -> 4.72 | CM23: =$AM23 -> 49000 | CN23: =$AP23-$AU23 -> 5887.728 | CO23: =$AU23 -> 1537.1429 | CP23: =$AL23 -> 1 | CQ23: 719/805 | CT23: =IF($I23="TTL",$K23,$Z23&$AE23) -> NOKFAF5503BWOSM | CU23: =$M23 -> NOVENT KIDS | CV23: =IF($I23="TTL","",IF($CX23="","",$Q23&"_"&$T23&IF(N23="K","_KIDS",IF(N23="I","_INFANT","")))) -> FASHION HAT_503 | CW23: =IF($I23="TTL","",IF($CT23="","",$Y23&"_"&$AE23)) -> BROWN_OSM | CX23: =$L23 -> NOK | CY23: =$T23 -> 503 | CZ23: =IF($I23="TTL",SUMIF($C:$C,MID($K23,1,SEARCH("TTL",$K23)-2),$CZ:$CZ),$AF23) -> 200 | DA23: =$AM23 -> 49000 | DB23: =$Y23 -> BROWN | DC23: =$AE23 -> OSM | DG23: 41739 | DH23: =IF(OR($I23="TTL",$I23=""),"",AZ23-$DH$11) -> 41754 | DI23: 41739 | DJ23: 41740 | DK23: 41814 | DL23: 2 | DM23: 1 | DN23: 41750 | DO23: x | DP23: =IF(OR($DN23="없음",$I23="TTL",$I23=""),"",AZ23-$DP$11) -> 41784 | DQ23: 41754 | DR23: x | DS23: 41814 | DT23: 41768 | DU23: 41768 | DV23: 41829 | DW23: x | DX23: 41852 | DY23: 입고완료 | DZ23: 가격사정완료 | EC23: =IF(OR(Z22&AX22=Z23&AX22,Z23&AX23=""),"",Z23&AX23) -> NOKFAF5503BW41738 | ED23: =IF(OR(Z22&AE22=Z23&AE23,Z23=""),"",Z23&AE23) -> NOKFAF5503BWOSM | EE23: =IF(ED23="",0,IF(COUNTIF(ED$12:ED22,ED23)=0,0,COUNTIF(ED$12:ED22,ED23))) -> 0 | EF23: =IF(OR($AJ23="B",$ED23="",MID($U23,8,1)=$EF$9,MID($U23,8,1)=$EF$10),0,1) -> 0 | EG23: =IF(EE23+EF23=0,"","R"&(EE23+EF23)) | EI23: =IF($ED23="","",IF($EE23=0,U23,"")) -> NOKFAF5503 | EJ23: =IF($ED23="","",IF($EE23=0,Z23,"")) -> NOKFAF5503BW | EL23: 41817 | EM23: 41822 | EN23: X | EO23: X | EP23: X | EQ23: X
A24: =IF(OR($I24="TTL",$I24=""),"",IF(ISERROR(VLOOKUP($B24,CODE!$D:$G,CODE!$F$1-2,FALSE))=TRUE,"전략",VLOOKUP($B24,CODE!$D:$G,CODE!$F$1-2,FALSE))) -> SPORTS | B24: =IF(OR($I24="TTL",$I24=""),"",IF(VLOOKUP($P24,CODE!$K:$O,CODE!$O$1,FALSE)="",$I24,$I24&"-"&VLOOKUP($P24,CODE!$K:$O,CODE!$O$1,FALSE))) -> NOK | C24: =IF($I24="TTL","",I24&"-"&$AG24&"-"&$AI24) -> NOK-FOREMOST-03 | D24: =$C24&$Z24 -> NOK-FOREMOST-03NOKFAF5503BW | E24: =IF($I24="TTL",0,IF(ISERROR(IF($Z23=$Z24,$E23,$E23+1))=TRUE,1,IF($Z23=$Z24,$E23,$E23+1))) -> 3 | F24: =$C24&$E24 -> NOK-FOREMOST-033 | G24: =$F24&"-"&$U24&$Y24&$AE24 -> NOK-FOREMOST-033-NOKFAF5503BROWNOML | H24: =IF(ISERROR(I24&VLOOKUP(P24,CODE!$K:$N,CODE!$N$1,FALSE)&S24)=TRUE,0,I24&VLOOKUP(P24,CODE!$K:$N,CODE!$N$1,FALSE)&S24) -> NOK의류외503 | I24: =IF(ISERROR(SEARCH("TTL",$K24))=TRUE,IF($L24="","",VLOOKUP($L24,CODE!$B:$G,CODE!$D$1,FALSE)),"TTL") -> NOK | J24: =MID(W24,1,6) -> 14FW N | L24: NOK | M24: =IF(OR($I24="TTL",$L24=""),"",VLOOKUP($L24,CODE!$B:$D,CODE!$C$1,FALSE)) -> NOVENT KIDS | N24: =IF(OR($I24="TTL",$L24=""),"",VLOOKUP($K$2,CODE!$S:$T,CODE!$T$1-1,FALSE)) -> F | O24: 5 | P24: FA | Q24: =IF(OR($I24="TTL",$P24=""),"",VLOOKUP($P24,CODE!$K:$M,CODE!$L$1,FALSE)) -> FASHION HAT | R24: K | S24: 503 | T24: =IF(OR($I24="TTL",$S24=""),"",IF($S24<10,"00"&$S24,IF($S24<100,"0"&$S24,$S24))) -> 503 | U24: =IF($I24="TTL","",$L24&$P24&$N24&$O24&$T24) -> NOKFAF5503 | V24: =IF($I24="TTL",SUMIF($C:$C,MID($K24,1,SEARCH("TTL",$K24)-2),$V:$V),IF($EI24="",0,1/COUNTIF($EI:$EI,$EI24))) -> 0.5 | W24: 14FW NV 06_HAT_BR_KIDS | X24: =IF($Y24="","",VLOOKUP($Y24,CODE!$AE:$AF,CODE!$AF$1-1,FALSE)) -> BW | Y24: BROWN | Z24: =$U24&$X24 -> NOKFAF5503BW | AA24: =VLOOKUP($Z24&$AX24,$EC:$EG,5,FALSE) | AB24: =IF($I24="TTL",SUMIF($C:$C,MID($K24,1,SEARCH("TTL",$K24)-2),$AB:$AB),IF($EJ24="",0,1/COUNTIF($EJ:$EJ,$EJ24))) -> 0.5 | AC24: 0 | AD24: 1 | AE24: OML | AF24: 150 | AG24: FOREMOST | AH24: 3 | AI24: =IF($AH24=0,"",IF($AH24<10,"0"&$AH24,$AH24)) -> 03 | AJ24: M | AK24: CN | AL24: =IF($AK24=0,"",IF($AK24="KR",2,1)) -> 1 | AM24: =IF(ISERROR(VLOOKUP($F24,[1]기획현황취합!$A$1:$E$64926,[1]기획현황취합!$B$1,FALSE))=TRUE,0,VLOOKUP($F24,[1]기획현황취합!$A$1:$E$64926,[1]기획현황취합!$B$1,FALSE)) -> 49000 | AN24: =IF(ISERROR(VLOOKUP($F24,[1]기획현황취합!$A$1:$E$64926,[1]기획현황취합!$C$1,FALSE))=TRUE,0,VLOOKUP($F24,[1]기획현황취합!$A$1:$E$64926,[1]기획현황취합!$C$1,FALSE)) -> 41820 | AO24: =IF(ISERROR(($AM24/1.1)/VLOOKUP($AG24,'TARGET MU'!$A:$D,'TARGET MU'!$D$1,FALSE))=TRUE,0,($AM24/1.1)/VLOOKUP($AG24,'TARGET MU'!$A:$D,'TARGET MU'!$D$1,FALSE)) -> 7424.2424 | AP24: =IF(OR(AF24=0,AND(AV24=0,AW24=0)),0,IF(AG24="캡보이2",AV24*$AQ$5+AU24,IF(OR(AK24="IN",AK24="BG",AK24="VT",AK24="CB"),$AU24+(($AV24*(1+$AW$4))*(HLOOKUP(VLOOKUP(AG24,'TARGET MU'!$A:$P,'TARGET MU'!$J$1,FALSE),$AO$4:$AR$5,2,FALSE)))+$AW24,$AU24+((($AV24*(1+$AW$4))*(1+HLOOKUP(VLOOKUP($P24,CODE!$K:$P,CODE!$P$1,FALSE),$AS$4:$AV$5,2,FALSE)))*(HLOOKUP(VLOOKUP(AG24,'TARGET MU'!$A:$P,'TARGET MU'!$J$1,FALSE),$AO$4:$AR$5,2,FALSE)))+$AW24))) -> 7424.8709 | AQ24: =AP24-AO24 -> 0.6284329 | AR24: 1517.1429 | AS24: 0 | AT24: 20 | AU24: =SUM(AR24:AT24) -> 1537.1429 | AV24: 4.72 | AW24: 0 | AX24: =IF(ISERROR(VLOOKUP($F24,[1]기획현황취합!$A$1:$E$64926,[1]기획현황취합!$D$1,FALSE))=TRUE,0,VLOOKUP($F24,[1]기획현황취합!$A$1:$E$64926,[1]기획현황취합!$D$1,FALSE)) -> 41738 | AZ24: =IF(ISERROR(VLOOKUP($F24,[1]기획현황취합!$A$1:$E$64926,[1]기획현황취합!$E$1,FALSE))=TRUE,0,VLOOKUP($F24,[1]기획현황취합!$A$1:$E$64926,[1]기획현황취합!$E$1,FALSE)) -> 41844 | BA24: 41844 | BB24: 41849 | BC24: 41873 | BD24: 0 | BE24: 0 | BF24: 0 | BG24: 확정 | BH24: 확정 | BI24: =IF($I24="TTL",SUMIF($C:$C,MID($K24,1,SEARCH("TTL",$K24)-2),$BI:$BI),SUMIF(실입고현황!$A:$A,BB24&VLOOKUP($AG24,'TARGET MU'!$A:$D,'TARGET MU'!$B$1,FALSE)&$Z24&" "&$AE24,실입고현황!$C:$C)) -> 137 | BJ24: =IF($I24="TTL",SUMIF($C:$C,MID($K24,1,SEARCH("TTL",$K24)-2),$BJ:$BJ),SUMIF(실입고현황!$A:$A,BC24&VLOOKUP($AG24,'TARGET MU'!$A:$D,'TARGET MU'!$B$1,FALSE)&$Z24&" "&$AE24,실입고현황!$C:$C)) -> 13 | BK24: =IF($I24="TTL",SUMIF($C:$C,MID($K24,1,SEARCH("TTL",$K24)-2),$BK:$BK),SUMIF(실입고현황!$A:$A,BD24&VLOOKUP($AG24,'TARGET MU'!$A:$D,'TARGET MU'!$B$1,FALSE)&$Z24&" "&$AE24,실입고현황!$C:$C)) -> 0 | BL24: =IF($I24="TTL",SUMIF($C:$C,MID($K24,1,SEARCH("TTL",$K24)-2),$BL:$BL),SUMIF(실입고현황!$A:$A,BE24&VLOOKUP($AG24,'TARGET MU'!$A:$D,'TARGET MU'!$B$1,FALSE)&$Z24&" "&$AE24,실입고현황!$C:$C)) -> 0 | BM24: =IF($I24="TTL",SUMIF($C:$C,MID($K24,1,SEARCH("TTL",$K24)-2),$BM:$BM),SUMIF(실입고현황!$A:$A,BF24&VLOOKUP($AG24,'TARGET MU'!$A:$D,'TARGET MU'!$B$1,FALSE)&$Z24&" "&$AE24,실입고현황!$C:$C)) -> 0 | BN24: =IF($I24="TTL",SUMIF($C:$C,MID($K24,1,SEARCH("TTL",$K24)-2),$BN:$BN),IF(($BO24-SUM($BI24,$BJ24,$BK24,BL24,BM24))<$BO24*$BN$6,0,$BO24-SUM($BI24,$BJ24,$BK24,BL24,BM24))) -> 0 | BO24: =IF($I24="TTL",SUMIF($C:$C,MID($K24,1,SEARCH("TTL",$K24)-2),$BO:$BO),$AF24) -> 150 | BP24: =IF($I24="TTL",SUMIF($C:$C,MID($K24,1,SEARCH("TTL",$K24)-2),$BP:$BP),IF($AO24=0,0,IF($AP24=0,$AO24*$AF24,$AP24*$AF24))) -> 1113730.6 | BQ24: =IF($I24="TTL",SUMIF($C:$C,MID($K24,1,SEARCH("TTL",$K24)-2),$BQ:$BQ),$AM24*$AF24) -> 7350000 | BR24: =IF(ISERROR($BQ24/($BP24*1.1))=TRUE,0,$BQ24/($BP24*1.1)) -> 5.9994922 | BT24: =IF(ISERROR(Z24&VLOOKUP($AG24,'TARGET MU'!$A:$D,'TARGET MU'!$B$1,FALSE))=TRUE,"",Z24&VLOOKUP($AG24,'TARGET MU'!$A:$D,'TARGET MU'!$B$1,FALSE)) -> NOKFAF5503BW포모스트 | BU24: =AP24 -> 7424.8709 | BV24: =Z24&AE24&AF24&AM24&AG24&AI24&AK24 -> NOKFAF5503BWOML15049000FOREMOST03CN | BX24: =IF($I24="TTL","",$L24) -> NOK | BY24: =$O24 -> 5 | BZ24: =$AJ24 -> M | CA24: =$P24 -> FA | CB24: =$R24 -> K | CC24: =$AK24 -> CN | CD24: =$W24 -> 14FW NV 06_HAT_BR_KIDS | CE24: =$U24 -> NOKFAF5503 | CF24: =$T24 -> 503 | CG24: =$W24 -> 14FW NV 06_HAT_BR_KIDS | CH24: =$X24 -> BW | CI24: =$AD24 -> 1 | CJ24: =$AE24 -> OML | CK24: =IF($I24="TTL",SUMIF($C:$C,MID($K24,1,SEARCH("TTL",$K24)-2),$BO:$BO),$AF24) -> 150 | CL24: =$AV24 -> 4.72 | CM24: =$AM24 -> 49000 | CN24: =$AP24-$AU24 -> 5887.728 | CO24: =$AU24 -> 1537.1429 | CP24: =$AL24 -> 1 | CQ24: 719/805 | CT24: =IF($I24="TTL",$K24,$Z24&$AE24) -> NOKFAF5503BWOML | CU24: =$M24 -> NOVENT KIDS | CV24: =IF($I24="TTL","",IF($CX24="","",$Q24&"_"&$T24&IF(N24="K","_KIDS",IF(N24="I","_INFANT","")))) -> FASHION HAT_503 | CW24: =IF($I24="TTL","",IF($CT24="","",$Y24&"_"&$AE24)) -> BROWN_OML | CX24: =$L24 -> NOK | CY24: =$T24 -> 503 | CZ24: =IF($I24="TTL",SUMIF($C:$C,MID($K24,1,SEARCH("TTL",$K24)-2),$CZ:$CZ),$AF24) -> 150 | DA24: =$AM24 -> 49000 | DB24: =$Y24 -> BROWN | DC24: =$AE24 -> OML | DG24: 41739 | DH24: =IF(OR($I24="TTL",$I24=""),"",AZ24-$DH$11) -> 41754 | DI24: 41739 | DJ24: 41740 | DK24: 41814 | DL24: 2 | DM24: 1 | DN24: 41750 | DO24: x | DP24: =IF(OR($DN24="없음",$I24="TTL",$I24=""),"",AZ24-$DP$11) -> 41784 | DQ24: 41754 | DR24: x | DS24: 41814 | DT24: 41768 | DU24: 41768 | DV24: 41829 | DW24: x | DX24: 41852 | DY24: 입고완료 | DZ24: 가격사정완료 | EC24: =IF(OR(Z23&AX23=Z24&AX23,Z24&AX24=""),"",Z24&AX24) | ED24: =IF(OR(Z23&AE23=Z24&AE24,Z24=""),"",Z24&AE24) -> NOKFAF5503BWOML | EE24: =IF(ED24="",0,IF(COUNTIF(ED$12:ED23,ED24)=0,0,COUNTIF(ED$12:ED23,ED24))) -> 0 | EF24: =IF(OR($AJ24="B",$ED24="",MID($U24,8,1)=$EF$9,MID($U24,8,1)=$EF$10),0,1) -> 0 | EG24: =IF(EE24+EF24=0,"","R"&(EE24+EF24)) | EI24: =IF($ED24="","",IF($EE24=0,U24,"")) -> NOKFAF5503 | EJ24: =IF($ED24="","",IF($EE24=0,Z24,"")) -> NOKFAF5503BW | EL24: 41817 | EM24: 41822 | EN24: X | EO24: X | EP24: X | EQ24: X
A25: =IF(OR($I25="TTL",$I25=""),"",IF(ISERROR(VLOOKUP($B25,CODE!$D:$G,CODE!$F$1-2,FALSE))=TRUE,"전략",VLOOKUP($B25,CODE!$D:$G,CODE!$F$1-2,FALSE))) | B25: =IF(OR($I25="TTL",$I25=""),"",IF(VLOOKUP($P25,CODE!$K:$O,CODE!$O$1,FALSE)="",$I25,$I25&"-"&VLOOKUP($P25,CODE!$K:$O,CODE!$O$1,FALSE))) | C25: =IF($I25="TTL","",I25&"-"&$AG25&"-"&$AI25) | D25: =$C25&$Z25 | E25: =IF($I25="TTL",0,IF(ISERROR(IF($Z24=$Z25,$E24,$E24+1))=TRUE,1,IF($Z24=$Z25,$E24,$E24+1))) -> 0 | F25: =$C25&$E25 -> 0 | G25: =$F25&"-"&$U25&$Y25&$AE25 -> 0- | H25: =IF(ISERROR(I25&VLOOKUP(P25,CODE!$K:$N,CODE!$N$1,FALSE)&S25)=TRUE,0,I25&VLOOKUP(P25,CODE!$K:$N,CODE!$N$1,FALSE)&S25) -> 0 | I25: =IF(ISERROR(SEARCH("TTL",$K25))=TRUE,IF($L25="","",VLOOKUP($L25,CODE!$B:$G,CODE!$D$1,FALSE)),"TTL") -> TTL | J25: =MID(W25,1,6) | K25: =C24&" TTL" -> NOK-FOREMOST-03 TTL | M25: =IF(OR($I25="TTL",$L25=""),"",VLOOKUP($L25,CODE!$B:$D,CODE!$C$1,FALSE)) | N25: =IF(OR($I25="TTL",$L25=""),"",VLOOKUP($K$2,CODE!$S:$T,CODE!$T$1-1,FALSE)) | O25: =IF(OR($I25="TTL",$L25=""),"",VLOOKUP($L$2,CODE!$X:$Y,CODE!$Y$1-1,FALSE)) | Q25: =IF(OR($I25="TTL",$P25=""),"",VLOOKUP($P25,CODE!$K:$M,CODE!$L$1,FALSE)) | R25: K | T25: =IF(OR($I25="TTL",$S25=""),"",IF($S25<10,"00"&$S25,IF($S25<100,"0"&$S25,$S25))) | U25: =IF($I25="TTL","",$L25&$P25&$N25&$O25&$T25) | V25: =IF($I25="TTL",SUMIF($C:$C,MID($K25,1,SEARCH("TTL",$K25)-2),$V:$V),IF($EI25="",0,1/COUNTIF($EI:$EI,$EI25))) -> 3 | X25: =IF($Y25="","",VLOOKUP($Y25,CODE!$AE:$AF,CODE!$AF$1-1,FALSE)) | Z25: =$U25&$X25 | AA25: =VLOOKUP($Z25&$AX25,$EC:$EG,5,FALSE) | AB25: =IF($I25="TTL",SUMIF($C:$C,MID($K25,1,SEARCH("TTL",$K25)-2),$AB:$AB),IF($EJ25="",0,1/COUNTIF($EJ:$EJ,$EJ25))) -> 3 | AC25: 0 | AD25: 1 | AI25: =IF($AH25=0,"",IF($AH25<10,"0"&$AH25,$AH25)) | AL25: =IF($AK25=0,"",IF($AK25="KR",2,1)) | AM25: =IF(ISERROR(VLOOKUP($F25,[1]기획현황취합!$A$1:$E$64926,[1]기획현황취합!$B$1,FALSE))=TRUE,0,VLOOKUP($F25,[1]기획현황취합!$A$1:$E$64926,[1]기획현황취합!$B$1,FALSE)) -> 0 | AN25: =IF(ISERROR(VLOOKUP($F25,[1]기획현황취합!$A$1:$E$64926,[1]기획현황취합!$C$1,FALSE))=TRUE,0,VLOOKUP($F25,[1]기획현황취합!$A$1:$E$64926,[1]기획현황취합!$C$1,FALSE)) -> 0 | AO25: =IF(ISERROR(($AM25/1.1)/VLOOKUP($AG25,'TARGET MU'!$A:$D,'TARGET MU'!$D$1,FALSE))=TRUE,0,($AM25/1.1)/VLOOKUP($AG25,'TARGET MU'!$A:$D,'TARGET MU'!$D$1,FALSE)) -> 0 | AP25: =IF(OR(AF25=0,AND(AV25=0,AW25=0)),0,IF(AG25="캡보이2",AV25*$AQ$5+AU25,IF(OR(AK25="IN",AK25="BG",AK25="VT",AK25="CB"),$AU25+(($AV25*(1+$AW$4))*(HLOOKUP(VLOOKUP(AG25,'TARGET MU'!$A:$P,'TARGET MU'!$J$1,FALSE),$AO$4:$AR$5,2,FALSE)))+$AW25,$AU25+((($AV25*(1+$AW$4))*(1+HLOOKUP(VLOOKUP($P25,CODE!$K:$P,CODE!$P$1,FALSE),$AS$4:$AV$5,2,FALSE)))*(HLOOKUP(VLOOKUP(AG25,'TARGET MU'!$A:$P,'TARGET MU'!$J$1,FALSE),$AO$4:$AR$5,2,FALSE)))+$AW25))) -> 0 | AQ25: =AP25-AO25 -> 0 | AR25: 0 | AS25: 0 | AU25: =SUM(AR25:AT25) -> 0 | AV25: 0 | AW25: 0 | AX25: =IF(ISERROR(VLOOKUP($F25,[1]기획현황취합!$A$1:$E$64926,[1]기획현황취합!$D$1,FALSE))=TRUE,0,VLOOKUP($F25,[1]기획현황취합!$A$1:$E$64926,[1]기획현황취합!$D$1,FALSE)) -> 0 | AY25: 0 | AZ25: =IF(ISERROR(VLOOKUP($F25,[1]기획현황취합!$A$1:$E$64926,[1]기획현황취합!$E$1,FALSE))=TRUE,0,VLOOKUP($F25,[1]기획현황취합!$A$1:$E$64926,[1]기획현황취합!$E$1,FALSE)) -> 0 | BA25: 0 | BB25: 0 | BC25: 0 | BD25: 0 | BE25: 0 | BF25: 0 | BG25: 0 | BH25: 0 | BI25: =IF($I25="TTL",SUMIF($C:$C,MID($K25,1,SEARCH("TTL",$K25)-2),$BI:$BI),SUMIF(실입고현황!$A:$A,BB25&VLOOKUP($AG25,'TARGET MU'!$A:$D,'TARGET MU'!$B$1,FALSE)&$Z25&" "&$AE25,실입고현황!$C:$C)) -> 1200 | BJ25: =IF($I25="TTL",SUMIF($C:$C,MID($K25,1,SEARCH("TTL",$K25)-2),$BJ:$BJ),SUMIF(실입고현황!$A:$A,BC25&VLOOKUP($AG25,'TARGET MU'!$A:$D,'TARGET MU'!$B$1,FALSE)&$Z25&" "&$AE25,실입고현황!$C:$C)) -> 49 | BK25: =IF($I25="TTL",SUMIF($C:$C,MID($K25,1,SEARCH("TTL",$K25)-2),$BK:$BK),SUMIF(실입고현황!$A:$A,BD25&VLOOKUP($AG25,'TARGET MU'!$A:$D,'TARGET MU'!$B$1,FALSE)&$Z25&" "&$AE25,실입고현황!$C:$C)) -> 0 | BL25: =IF($I25="TTL",SUMIF($C:$C,MID($K25,1,SEARCH("TTL",$K25)-2),$BL:$BL),SUMIF(실입고현황!$A:$A,BE25&VLOOKUP($AG25,'TARGET MU'!$A:$D,'TARGET MU'!$B$1,FALSE)&$Z25&" "&$AE25,실입고현황!$C:$C)) -> 0 | BM25: =IF($I25="TTL",SUMIF($C:$C,MID($K25,1,SEARCH("TTL",$K25)-2),$BM:$BM),SUMIF(실입고현황!$A:$A,BF25&VLOOKUP($AG25,'TARGET MU'!$A:$D,'TARGET MU'!$B$1,FALSE)&$Z25&" "&$AE25,실입고현황!$C:$C)) -> 0 | BN25: =IF($I25="TTL",SUMIF($C:$C,MID($K25,1,SEARCH("TTL",$K25)-2),$BN:$BN),IF(($BO25-SUM($BI25,$BJ25,$BK25,BL25,BM25))<$BO25*$BN$6,0,$BO25-SUM($BI25,$BJ25,$BK25,BL25,BM25))) -> 0 | BO25: =IF($I25="TTL",SUMIF($C:$C,MID($K25,1,SEARCH("TTL",$K25)-2),$BO:$BO),$AF25) -> 1250 | BP25: =IF($I25="TTL",SUMIF($C:$C,MID($K25,1,SEARCH("TTL",$K25)-2),$BP:$BP),IF($AO25=0,0,IF($AP25=0,$AO25*$AF25,$AP25*$AF25))) -> 8119492.8 | BQ25: =IF($I25="TTL",SUMIF($C:$C,MID($K25,1,SEARCH("TTL",$K25)-2),$BQ:$BQ),$AM25*$AF25) -> 56950000 | BR25: =IF(ISERROR($BQ25/($BP25*1.1))=TRUE,0,$BQ25/($BP25*1.1)) -> 6.3763499 | BT25: =IF(ISERROR(Z25&VLOOKUP($AG25,'TARGET MU'!$A:$D,'TARGET MU'!$B$1,FALSE))=TRUE,"",Z25&VLOOKUP($AG25,'TARGET MU'!$A:$D,'TARGET MU'!$B$1,FALSE)) | BU25: =AP25 -> 0 | BV25: =Z25&AE25&AF25&AM25&AG25&AI25&AK25 -> 0 | BX25: =IF($I25="TTL","",$L25) | BY25: =$O25 | BZ25: =$AJ25 -> 0 | CA25: =$P25 -> 0 | CB25: =$R25 -> K | CC25: =$AK25 -> 0 | CD25: =$W25 -> 0 | CE25: =$U25 | CF25: =$T25 | CG25: =$W25 -> 0 | CH25: =$X25 | CI25: =$AD25 -> 1 | CJ25: =$AE25 -> 0 | CK25: =IF($I25="TTL",SUMIF($C:$C,MID($K25,1,SEARCH("TTL",$K25)-2),$BO:$BO),$AF25) -> 1250 | CL25: =$AV25 -> 0 | CM25: =$AM25 -> 0 | CN25: =$AP25-$AU25 -> 0 | CO25: =$AU25 -> 0 | CP25: =$AL25 | CT25: =IF($I25="TTL",$K25,$Z25&$AE25) -> NOK-FOREMOST-03 TTL | CU25: =$M25 | CV25: =IF($I25="TTL","",IF($CX25="","",$Q25&"_"&$T25&IF(N25="K","_KIDS",IF(N25="I","_INFANT","")))) | CW25: =IF($I25="TTL","",IF($CT25="","",$Y25&"_"&$AE25)) | CX25: =$L25 -> 0 | CY25: =$T25 | CZ25: =IF($I25="TTL",SUMIF($C:$C,MID($K25,1,SEARCH("TTL",$K25)-2),$CZ:$CZ),$AF25) -> 1250 | DA25: =$AM25 -> 0 | DB25: =$Y25 -> 0 | DC25: =$AE25 -> 0 | DH25: =IF(OR($I25="TTL",$I25=""),"",AZ25-$DH$11) | DP25: =IF(OR($DN25="없음",$I25="TTL",$I25=""),"",AZ25-$DP$11) | EC25: =IF(OR(Z24&AX24=Z25&AX24,Z25&AX25=""),"",Z25&AX25) -> 0 | ED25: =IF(OR(Z24&AE24=Z25&AE25,Z25=""),"",Z25&AE25) | EE25: =IF(ED25="",0,IF(COUNTIF(ED$12:ED24,ED25)=0,0,COUNTIF(ED$12:ED24,ED25))) -> 0 | EF25: =IF(OR($AJ25="B",$ED25="",MID($U25,8,1)=$EF$9,MID($U25,8,1)=$EF$10),0,1) -> 0 | EG25: =IF(EE25+EF25=0,"","R"&(EE25+EF25)) | EI25: =IF($ED25="","",IF($EE25=0,U25,"")) | EJ25: =IF($ED25="","",IF($EE25=0,Z25,""))
A26: =IF(OR($I26="TTL",$I26=""),"",IF(ISERROR(VLOOKUP($B26,CODE!$D:$G,CODE!$F$1-2,FALSE))=TRUE,"전략",VLOOKUP($B26,CODE!$D:$G,CODE!$F$1-2,FALSE))) -> SPORTS | B26: =IF(OR($I26="TTL",$I26=""),"",IF(VLOOKUP($P26,CODE!$K:$O,CODE!$O$1,FALSE)="",$I26,$I26&"-"&VLOOKUP($P26,CODE!$K:$O,CODE!$O$1,FALSE))) -> NOK | C26: =IF($I26="TTL","",I26&"-"&$AG26&"-"&$AI26) -> NOK-FOREMOST-04 | D26: =$C26&$Z26 -> NOK-FOREMOST-04NOKERF5506BK | E26: =IF($I26="TTL",0,IF(ISERROR(IF($Z25=$Z26,$E25,$E25+1))=TRUE,1,IF($Z25=$Z26,$E25,$E25+1))) -> 1 | F26: =$C26&$E26 -> NOK-FOREMOST-041 | G26: =$F26&"-"&$U26&$Y26&$AE26 -> NOK-FOREMOST-041-NOKERF5506BLACKOSM | H26: =IF(ISERROR(I26&VLOOKUP(P26,CODE!$K:$N,CODE!$N$1,FALSE)&S26)=TRUE,0,I26&VLOOKUP(P26,CODE!$K:$N,CODE!$N$1,FALSE)&S26) -> NOK의류외506 | I26: =IF(ISERROR(SEARCH("TTL",$K26))=TRUE,IF($L26="","",VLOOKUP($L26,CODE!$B:$G,CODE!$D$1,FALSE)),"TTL") -> NOK | J26: =MID(W26,1,6) -> 14FW N | L26: NOK | M26: =IF(OR($I26="TTL",$L26=""),"",VLOOKUP($L26,CODE!$B:$D,CODE!$C$1,FALSE)) -> NOVENT KIDS | N26: =IF(OR($I26="TTL",$L26=""),"",VLOOKUP($K$2,CODE!$S:$T,CODE!$T$1-1,FALSE)) -> F | O26: 5 | P26: ER | Q26: =IF(OR($I26="TTL",$P26=""),"",VLOOKUP($P26,CODE!$K:$M,CODE!$L$1,FALSE)) -> EARCAP | R26: K | S26: 506 | T26: =IF(OR($I26="TTL",$S26=""),"",IF($S26<10,"00"&$S26,IF($S26<100,"0"&$S26,$S26))) -> 506 | U26: =IF($I26="TTL","",$L26&$P26&$N26&$O26&$T26) -> NOKERF5506 | V26: =IF($I26="TTL",SUMIF($C:$C,MID($K26,1,SEARCH("TTL",$K26)-2),$V:$V),IF($EI26="",0,1/COUNTIF($EI:$EI,$EI26))) -> 0.25 | W26: 14FW NV 13_WIRE_BK_KIDS | X26: =IF($Y26="","",VLOOKUP($Y26,CODE!$AE:$AF,CODE!$AF$1-1,FALSE)) -> BK | Y26: BLACK | Z26: =$U26&$X26 -> NOKERF5506BK | AA26: =VLOOKUP($Z26&$AX26,$EC:$EG,5,FALSE) | AB26: =IF($I26="TTL",SUMIF($C:$C,MID($K26,1,SEARCH("TTL",$K26)-2),$AB:$AB),IF($EJ26="",0,1/COUNTIF($EJ:$EJ,$EJ26))) -> 0.5 | AC26: 0 | AD26: 1 | AE26: OSM | AF26: 200 | AG26: FOREMOST | AH26: 4 | AI26: =IF($AH26=0,"",IF($AH26<10,"0"&$AH26,$AH26)) -> 04 | AJ26: M | AK26: CN | AL26: =IF($AK26=0,"",IF($AK26="KR",2,1)) -> 1 | AM26: =IF(ISERROR(VLOOKUP($F26,[1]기획현황취합!$A$1:$E$64926,[1]기획현황취합!$B$1,FALSE))=TRUE,0,VLOOKUP($F26,[1]기획현황취합!$A$1:$E$64926,[1]기획현황취합!$B$1,FALSE)) -> 65000 | AN26: =IF(ISERROR(VLOOKUP($F26,[1]기획현황취합!$A$1:$E$64926,[1]기획현황취합!$C$1,FALSE))=TRUE,0,VLOOKUP($F26,[1]기획현황취합!$A$1:$E$64926,[1]기획현황취합!$C$1,FALSE)) -> 41820 | AO26: =IF(ISERROR(($AM26/1.1)/VLOOKUP($AG26,'TARGET MU'!$A:$D,'TARGET MU'!$D$1,FALSE))=TRUE,0,($AM26/1.1)/VLOOKUP($AG26,'TARGET MU'!$A:$D,'TARGET MU'!$D$1,FALSE)) -> 9848.4848 | AP26: =IF(OR(AF26=0,AND(AV26=0,AW26=0)),0,IF(AG26="캡보이2",AV26*$AQ$5+AU26,IF(OR(AK26="IN",AK26="BG",AK26="VT",AK26="CB"),$AU26+(($AV26*(1+$AW$4))*(HLOOKUP(VLOOKUP(AG26,'TARGET MU'!$A:$P,'TARGET MU'!$J$1,FALSE),$AO$4:$AR$5,2,FALSE)))+$AW26,$AU26+((($AV26*(1+$AW$4))*(1+HLOOKUP(VLOOKUP($P26,CODE!$K:$P,CODE!$P$1,FALSE),$AS$4:$AV$5,2,FALSE)))*(HLOOKUP(VLOOKUP(AG26,'TARGET MU'!$A:$P,'TARGET MU'!$J$1,FALSE),$AO$4:$AR$5,2,FALSE)))+$AW26))) -> 13278.52 | AQ26: =AP26-AO26 -> 3430.0352 | AR26: 1034 | AS26: 0 | AT26: 20 | AU26: =SUM(AR26:AT26) -> 1054 | AV26: 9.8 | AW26: 0 | AX26: =IF(ISERROR(VLOOKUP($F26,[1]기획현황취합!$A$1:$E$64926,[1]기획현황취합!$D$1,FALSE))=TRUE,0,VLOOKUP($F26,[1]기획현황취합!$A$1:$E$64926,[1]기획현황취합!$D$1,FALSE)) -> 41738 | AY26: 41899 | AZ26: =IF(ISERROR(VLOOKUP($F26,[1]기획현황취합!$A$1:$E$64926,[1]기획현황취합!$E$1,FALSE))=TRUE,0,VLOOKUP($F26,[1]기획현황취합!$A$1:$E$64926,[1]기획현황취합!$E$1,FALSE)) -> 41879 | BA26: 41879 | BB26: 41906 | BC26: 0 | BD26: 0 | BE26: 0 | BF26: 0 | BG26: 확정 | BH26: 확정 | BI26: =IF($I26="TTL",SUMIF($C:$C,MID($K26,1,SEARCH("TTL",$K26)-2),$BI:$BI),SUMIF(실입고현황!$A:$A,BB26&VLOOKUP($AG26,'TARGET MU'!$A:$D,'TARGET MU'!$B$1,FALSE)&$Z26&" "&$AE26,실입고현황!$C:$C)) -> 200 | BJ26: =IF($I26="TTL",SUMIF($C:$C,MID($K26,1,SEARCH("TTL",$K26)-2),$BJ:$BJ),SUMIF(실입고현황!$A:$A,BC26&VLOOKUP($AG26,'TARGET MU'!$A:$D,'TARGET MU'!$B$1,FALSE)&$Z26&" "&$AE26,실입고현황!$C:$C)) -> 0 | BK26: =IF($I26="TTL",SUMIF($C:$C,MID($K26,1,SEARCH("TTL",$K26)-2),$BK:$BK),SUMIF(실입고현황!$A:$A,BD26&VLOOKUP($AG26,'TARGET MU'!$A:$D,'TARGET MU'!$B$1,FALSE)&$Z26&" "&$AE26,실입고현황!$C:$C)) -> 0 | BL26: =IF($I26="TTL",SUMIF($C:$C,MID($K26,1,SEARCH("TTL",$K26)-2),$BL:$BL),SUMIF(실입고현황!$A:$A,BE26&VLOOKUP($AG26,'TARGET MU'!$A:$D,'TARGET MU'!$B$1,FALSE)&$Z26&" "&$AE26,실입고현황!$C:$C)) -> 0 | BM26: =IF($I26="TTL",SUMIF($C:$C,MID($K26,1,SEARCH("TTL",$K26)-2),$BM:$BM),SUMIF(실입고현황!$A:$A,BF26&VLOOKUP($AG26,'TARGET MU'!$A:$D,'TARGET MU'!$B$1,FALSE)&$Z26&" "&$AE26,실입고현황!$C:$C)) -> 0 | BN26: =IF($I26="TTL",SUMIF($C:$C,MID($K26,1,SEARCH("TTL",$K26)-2),$BN:$BN),IF(($BO26-SUM($BI26,$BJ26,$BK26,BL26,BM26))<$BO26*$BN$6,0,$BO26-SUM($BI26,$BJ26,$BK26,BL26,BM26))) -> 0 | BO26: =IF($I26="TTL",SUMIF($C:$C,MID($K26,1,SEARCH("TTL",$K26)-2),$BO:$BO),$AF26) -> 200 | BP26: =IF($I26="TTL",SUMIF($C:$C,MID($K26,1,SEARCH("TTL",$K26)-2),$BP:$BP),IF($AO26=0,0,IF($AP26=0,$AO26*$AF26,$AP26*$AF26))) -> 2655704 | BQ26: =IF($I26="TTL",SUMIF($C:$C,MID($K26,1,SEARCH("TTL",$K26)-2),$BQ:$BQ),$AM26*$AF26) -> 13000000 | BR26: =IF(ISERROR($BQ26/($BP26*1.1))=TRUE,0,$BQ26/($BP26*1.1)) -> 4.4501126 | BT26: =IF(ISERROR(Z26&VLOOKUP($AG26,'TARGET MU'!$A:$D,'TARGET MU'!$B$1,FALSE))=TRUE,"",Z26&VLOOKUP($AG26,'TARGET MU'!$A:$D,'TARGET MU'!$B$1,FALSE)) -> NOKERF5506BK포모스트 | BU26: =AP26 -> 13278.52 | BV26: =Z26&AE26&AF26&AM26&AG26&AI26&AK26 -> NOKERF5506BKOSM20065000FOREMOST04CN | BX26: =IF($I26="TTL","",$L26) -> NOK | BY26: =$O26 -> 5 | BZ26: =$AJ26 -> M | CA26: =$P26 -> ER | CB26: =$R26 -> K | CC26: =$AK26 -> CN | CD26: =$W26 -> 14FW NV 13_WIRE_BK_KIDS | CE26: =$U26 -> NOKERF5506 | CF26: =$T26 -> 506 | CG26: =$W26 -> 14FW NV 13_WIRE_BK_KIDS | CH26: =$X26 -> BK | CI26: =$AD26 -> 1 | CJ26: =$AE26 -> OSM | CK26: =IF($I26="TTL",SUMIF($C:$C,MID($K26,1,SEARCH("TTL",$K26)-2),$BO:$BO),$AF26) -> 200 | CL26: =$AV26 -> 9.8 | CM26: =$AM26 -> 65000 | CN26: =$AP26-$AU26 -> 12224.52 | CO26: =$AU26 -> 1054 | CP26: =$AL26 -> 1 | CQ26: 931 | CT26: =IF($I26="TTL",$K26,$Z26&$AE26) -> NOKERF5506BKOSM | CU26: =$M26 -> NOVENT KIDS | CV26: =IF($I26="TTL","",IF($CX26="","",$Q26&"_"&$T26&IF(N26="K","_KIDS",IF(N26="I","_INFANT","")))) -> EARCAP_506 | CW26: =IF($I26="TTL","",IF($CT26="","",$Y26&"_"&$AE26)) -> BLACK_OSM | CX26: =$L26 -> NOK | CY26: =$T26 -> 506 | CZ26: =IF($I26="TTL",SUMIF($C:$C,MID($K26,1,SEARCH("TTL",$K26)-2),$CZ:$CZ),$AF26) -> 200 | DA26: =$AM26 -> 65000 | DB26: =$Y26 -> BLACK | DC26: =$AE26 -> OSM | DG26: 41739 | DH26: =IF(OR($I26="TTL",$I26=""),"",AZ26-$DH$11) -> 41789 | DI26: 41740 | DJ26: 41740 | DK26: 41814 | DL26: 2 | DM26: 1 | DN26: 41772 | DO26: x | DP26: =IF(OR($DN26="없음",$I26="TTL",$I26=""),"",AZ26-$DP$11) -> 41819 | DQ26: 41782 | DR26: x | DS26: 41821 | DT26: 41767 | DU26: 41768 | DV26: 7/17 발송완료 | DW26: x | DX26: 41879 | DY26: 입고완료 | DZ26: 가격사정완료 | EC26: =IF(OR(Z25&AX25=Z26&AX25,Z26&AX26=""),"",Z26&AX26) -> NOKERF5506BK41738 | ED26: =IF(OR(Z25&AE25=Z26&AE26,Z26=""),"",Z26&AE26) -> NOKERF5506BKOSM | EE26: =IF(ED26="",0,IF(COUNTIF(ED$12:ED25,ED26)=0,0,COUNTIF(ED$12:ED25,ED26))) -> 0 | EF26: =IF(OR($AJ26="B",$ED26="",MID($U26,8,1)=$EF$9,MID($U26,8,1)=$EF$10),0,1) -> 0 | EG26: =IF(EE26+EF26=0,"","R"&(EE26+EF26)) | EI26: =IF($ED26="","",IF($EE26=0,U26,"")) -> NOKERF5506 | EJ26: =IF($ED26="","",IF($EE26=0,Z26,"")) -> NOKERF5506BK | EL26: 41827 | EM26: 41831 | EN26: 2744 | EO26: X | EP26: X | EQ26: X
A27: =IF(OR($I27="TTL",$I27=""),"",IF(ISERROR(VLOOKUP($B27,CODE!$D:$G,CODE!$F$1-2,FALSE))=TRUE,"전략",VLOOKUP($B27,CODE!$D:$G,CODE!$F$1-2,FALSE))) -> SPORTS | B27: =IF(OR($I27="TTL",$I27=""),"",IF(VLOOKUP($P27,CODE!$K:$O,CODE!$O$1,FALSE)="",$I27,$I27&"-"&VLOOKUP($P27,CODE!$K:$O,CODE!$O$1,FALSE))) -> NOK | C27: =IF($I27="TTL","",I27&"-"&$AG27&"-"&$AI27) -> NOK-FOREMOST-04 | D27: =$C27&$Z27 -> NOK-FOREMOST-04NOKERF5506BK | E27: =IF($I27="TTL",0,IF(ISERROR(IF($Z26=$Z27,$E26,$E26+1))=TRUE,1,IF($Z26=$Z27,$E26,$E26+1))) -> 1 | F27: =$C27&$E27 -> NOK-FOREMOST-041 | G27: =$F27&"-"&$U27&$Y27&$AE27 -> NOK-FOREMOST-041-NOKERF5506BLACKOML | H27: =IF(ISERROR(I27&VLOOKUP(P27,CODE!$K:$N,CODE!$N$1,FALSE)&S27)=TRUE,0,I27&VLOOKUP(P27,CODE!$K:$N,CODE!$N$1,FALSE)&S27) -> NOK의류외506 | I27: =IF(ISERROR(SEARCH("TTL",$K27))=TRUE,IF($L27="","",VLOOKUP($L27,CODE!$B:$G,CODE!$D$1,FALSE)),"TTL") -> NOK | J27: =MID(W27,1,6) -> 14FW N | L27: NOK | M27: =IF(OR($I27="TTL",$L27=""),"",VLOOKUP($L27,CODE!$B:$D,CODE!$C$1,FALSE)) -> NOVENT KIDS | N27: =IF(OR($I27="TTL",$L27=""),"",VLOOKUP($K$2,CODE!$S:$T,CODE!$T$1-1,FALSE)) -> F | O27: 5 | P27: ER | Q27: =IF(OR($I27="TTL",$P27=""),"",VLOOKUP($P27,CODE!$K:$M,CODE!$L$1,FALSE)) -> EARCAP | R27: K | S27: 506 | T27: =IF(OR($I27="TTL",$S27=""),"",IF($S27<10,"00"&$S27,IF($S27<100,"0"&$S27,$S27))) -> 506 | U27: =IF($I27="TTL","",$L27&$P27&$N27&$O27&$T27) -> NOKERF5506 | V27: =IF($I27="TTL",SUMIF($C:$C,MID($K27,1,SEARCH("TTL",$K27)-2),$V:$V),IF($EI27="",0,1/COUNTIF($EI:$EI,$EI27))) -> 0.25 | W27: 14FW NV 13_WIRE_BK_KIDS | X27: =IF($Y27="","",VLOOKUP($Y27,CODE!$AE:$AF,CODE!$AF$1-1,FALSE)) -> BK | Y27: BLACK | Z27: =$U27&$X27 -> NOKERF5506BK | AA27: =VLOOKUP($Z27&$AX27,$EC:$EG,5,FALSE) | AB27: =IF($I27="TTL",SUMIF($C:$C,MID($K27,1,SEARCH("TTL",$K27)-2),$AB:$AB),IF($EJ27="",0,1/COUNTIF($EJ:$EJ,$EJ27))) -> 0.5 | AC27: 0 | AD27: 1 | AE27: OML | AF27: 150 | AG27: FOREMOST | AH27: 4 | AI27: =IF($AH27=0,"",IF($AH27<10,"0"&$AH27,$AH27)) -> 04 | AJ27: M | AK27: CN | AL27: =IF($AK27=0,"",IF($AK27="KR",2,1)) -> 1 | AM27: =IF(ISERROR(VLOOKUP($F27,[1]기획현황취합!$A$1:$E$64926,[1]기획현황취합!$B$1,FALSE))=TRUE,0,VLOOKUP($F27,[1]기획현황취합!$A$1:$E$64926,[1]기획현황취합!$B$1,FALSE)) -> 65000 | AN27: =IF(ISERROR(VLOOKUP($F27,[1]기획현황취합!$A$1:$E$64926,[1]기획현황취합!$C$1,FALSE))=TRUE,0,VLOOKUP($F27,[1]기획현황취합!$A$1:$E$64926,[1]기획현황취합!$C$1,FALSE)) -> 41820 | AO27: =IF(ISERROR(($AM27/1.1)/VLOOKUP($AG27,'TARGET MU'!$A:$D,'TARGET MU'!$D$1,FALSE))=TRUE,0,($AM27/1.1)/VLOOKUP($AG27,'TARGET MU'!$A:$D,'TARGET MU'!$D$1,FALSE)) -> 9848.4848 | AP27: =IF(OR(AF27=0,AND(AV27=0,AW27=0)),0,IF(AG27="캡보이2",AV27*$AQ$5+AU27,IF(OR(AK27="IN",AK27="BG",AK27="VT",AK27="CB"),$AU27+(($AV27*(1+$AW$4))*(HLOOKUP(VLOOKUP(AG27,'TARGET MU'!$A:$P,'TARGET MU'!$J$1,FALSE),$AO$4:$AR$5,2,FALSE)))+$AW27,$AU27+((($AV27*(1+$AW$4))*(1+HLOOKUP(VLOOKUP($P27,CODE!$K:$P,CODE!$P$1,FALSE),$AS$4:$AV$5,2,FALSE)))*(HLOOKUP(VLOOKUP(AG27,'TARGET MU'!$A:$P,'TARGET MU'!$J$1,FALSE),$AO$4:$AR$5,2,FALSE)))+$AW27))) -> 13278.52 | AQ27: =AP27-AO27 -> 3430.0352 | AR27: 1034 | AS27: 0 | AT27: 20 | AU27: =SUM(AR27:AT27) -> 1054 | AV27: 9.8 | AW27: 0 | AX27: =IF(ISERROR(VLOOKUP($F27,[1]기획현황취합!$A$1:$E$64926,[1]기획현황취합!$D$1,FALSE))=TRUE,0,VLOOKUP($F27,[1]기획현황취합!$A$1:$E$64926,[1]기획현황취합!$D$1,FALSE)) -> 41738 | AY27: 41899 | AZ27: =IF(ISERROR(VLOOKUP($F27,[1]기획현황취합!$A$1:$E$64926,[1]기획현황취합!$E$1,FALSE))=TRUE,0,VLOOKUP($F27,[1]기획현황취합!$A$1:$E$64926,[1]기획현황취합!$E$1,FALSE)) -> 41879 | BA27: 41879 | BB27: 41906 | BC27: 0 | BD27: 0 | BE27: 0 | BF27: 0 | BG27: 확정 | BH27: 확정 | BI27: =IF($I27="TTL",SUMIF($C:$C,MID($K27,1,SEARCH("TTL",$K27)-2),$BI:$BI),SUMIF(실입고현황!$A:$A,BB27&VLOOKUP($AG27,'TARGET MU'!$A:$D,'TARGET MU'!$B$1,FALSE)&$Z27&" "&$AE27,실입고현황!$C:$C)) -> 150 | BJ27: =IF($I27="TTL",SUMIF($C:$C,MID($K27,1,SEARCH("TTL",$K27)-2),$BJ:$BJ),SUMIF(실입고현황!$A:$A,BC27&VLOOKUP($AG27,'TARGET MU'!$A:$D,'TARGET MU'!$B$1,FALSE)&$Z27&" "&$AE27,실입고현황!$C:$C)) -> 0 | BK27: =IF($I27="TTL",SUMIF($C:$C,MID($K27,1,SEARCH("TTL",$K27)-2),$BK:$BK),SUMIF(실입고현황!$A:$A,BD27&VLOOKUP($AG27,'TARGET MU'!$A:$D,'TARGET MU'!$B$1,FALSE)&$Z27&" "&$AE27,실입고현황!$C:$C)) -> 0 | BL27: =IF($I27="TTL",SUMIF($C:$C,MID($K27,1,SEARCH("TTL",$K27)-2),$BL:$BL),SUMIF(실입고현황!$A:$A,BE27&VLOOKUP($AG27,'TARGET MU'!$A:$D,'TARGET MU'!$B$1,FALSE)&$Z27&" "&$AE27,실입고현황!$C:$C)) -> 0 | BM27: =IF($I27="TTL",SUMIF($C:$C,MID($K27,1,SEARCH("TTL",$K27)-2),$BM:$BM),SUMIF(실입고현황!$A:$A,BF27&VLOOKUP($AG27,'TARGET MU'!$A:$D,'TARGET MU'!$B$1,FALSE)&$Z27&" "&$AE27,실입고현황!$C:$C)) -> 0 | BN27: =IF($I27="TTL",SUMIF($C:$C,MID($K27,1,SEARCH("TTL",$K27)-2),$BN:$BN),IF(($BO27-SUM($BI27,$BJ27,$BK27,BL27,BM27))<$BO27*$BN$6,0,$BO27-SUM($BI27,$BJ27,$BK27,BL27,BM27))) -> 0 | BO27: =IF($I27="TTL",SUMIF($C:$C,MID($K27,1,SEARCH("TTL",$K27)-2),$BO:$BO),$AF27) -> 150 | BP27: =IF($I27="TTL",SUMIF($C:$C,MID($K27,1,SEARCH("TTL",$K27)-2),$BP:$BP),IF($AO27=0,0,IF($AP27=0,$AO27*$AF27,$AP27*$AF27))) -> 1991778 | BQ27: =IF($I27="TTL",SUMIF($C:$C,MID($K27,1,SEARCH("TTL",$K27)-2),$BQ:$BQ),$AM27*$AF27) -> 9750000 | BR27: =IF(ISERROR($BQ27/($BP27*1.1))=TRUE,0,$BQ27/($BP27*1.1)) -> 4.4501126 | BT27: =IF(ISERROR(Z27&VLOOKUP($AG27,'TARGET MU'!$A:$D,'TARGET MU'!$B$1,FALSE))=TRUE,"",Z27&VLOOKUP($AG27,'TARGET MU'!$A:$D,'TARGET MU'!$B$1,FALSE)) -> NOKERF5506BK포모스트 | BU27: =AP27 -> 13278.52 | BV27: =Z27&AE27&AF27&AM27&AG27&AI27&AK27 -> NOKERF5506BKOML15065000FOREMOST04CN | BX27: =IF($I27="TTL","",$L27) -> NOK | BY27: =$O27 -> 5 | BZ27: =$AJ27 -> M | CA27: =$P27 -> ER | CB27: =$R27 -> K | CC27: =$AK27 -> CN | CD27: =$W27 -> 14FW NV 13_WIRE_BK_KIDS | CE27: =$U27 -> NOKERF5506 | CF27: =$T27 -> 506 | CG27: =$W27 -> 14FW NV 13_WIRE_BK_KIDS | CH27: =$X27 -> BK | CI27: =$AD27 -> 1 | CJ27: =$AE27 -> OML | CK27: =IF($I27="TTL",SUMIF($C:$C,MID($K27,1,SEARCH("TTL",$K27)-2),$BO:$BO),$AF27) -> 150 | CL27: =$AV27 -> 9.8 | CM27: =$AM27 -> 65000 | CN27: =$AP27-$AU27 -> 12224.52 | CO27: =$AU27 -> 1054 | CP27: =$AL27 -> 1 | CQ27: 931 | CT27: =IF($I27="TTL",$K27,$Z27&$AE27) -> NOKERF5506BKOML | CU27: =$M27 -> NOVENT KIDS | CV27: =IF($I27="TTL","",IF($CX27="","",$Q27&"_"&$T27&IF(N27="K","_KIDS",IF(N27="I","_INFANT","")))) -> EARCAP_506 | CW27: =IF($I27="TTL","",IF($CT27="","",$Y27&"_"&$AE27)) -> BLACK_OML | CX27: =$L27 -> NOK | CY27: =$T27 -> 506 | CZ27: =IF($I27="TTL",SUMIF($C:$C,MID($K27,1,SEARCH("TTL",$K27)-2),$CZ:$CZ),$AF27) -> 150 | DA27: =$AM27 -> 65000 | DB27: =$Y27 -> BLACK | DC27: =$AE27 -> OML | DG27: 41739 | DH27: =IF(OR($I27="TTL",$I27=""),"",AZ27-$DH$11) -> 41789 | DI27: 41740 | DJ27: 41740 | DK27: 41814 | DL27: 2 | DM27: 1 | DN27: 41772 | DO27: x | DP27: =IF(OR($DN27="없음",$I27="TTL",$I27=""),"",AZ27-$DP$11) -> 41819 | DQ27: 41782 | DR27: x | DS27: 41821 | DT27: 41767 | DU27: 41768 | DV27: 7/17 발송완료 | DW27: x | DX27: 41879 | DY27: 입고완료 | DZ27: 가격사정완료 | EC27: =IF(OR(Z26&AX26=Z27&AX26,Z27&AX27=""),"",Z27&AX27) | ED27: =IF(OR(Z26&AE26=Z27&AE27,Z27=""),"",Z27&AE27) -> NOKERF5506BKOML | EE27: =IF(ED27="",0,IF(COUNTIF(ED$12:ED26,ED27)=0,0,COUNTIF(ED$12:ED26,ED27))) -> 0 | EF27: =IF(OR($AJ27="B",$ED27="",MID($U27,8,1)=$EF$9,MID($U27,8,1)=$EF$10),0,1) -> 0 | EG27: =IF(EE27+EF27=0,"","R"&(EE27+EF27)) | EI27: =IF($ED27="","",IF($EE27=0,U27,"")) -> NOKERF5506 | EJ27: =IF($ED27="","",IF($EE27=0,Z27,"")) -> NOKERF5506BK | EL27: 41827 | EM27: 41831 | EN27: X | EO27: X | EP27: X | EQ27: X
A28: =IF(OR($I28="TTL",$I28=""),"",IF(ISERROR(VLOOKUP($B28,CODE!$D:$G,CODE!$F$1-2,FALSE))=TRUE,"전략",VLOOKUP($B28,CODE!$D:$G,CODE!$F$1-2,FALSE))) -> SPORTS | B28: =IF(OR($I28="TTL",$I28=""),"",IF(VLOOKUP($P28,CODE!$K:$O,CODE!$O$1,FALSE)="",$I28,$I28&"-"&VLOOKUP($P28,CODE!$K:$O,CODE!$O$1,FALSE))) -> NOK | C28: =IF($I28="TTL","",I28&"-"&$AG28&"-"&$AI28) -> NOK-FOREMOST-04 | D28: =$C28&$Z28 -> NOK-FOREMOST-04NOKERF5506PK | E28: =IF($I28="TTL",0,IF(ISERROR(IF($Z27=$Z28,$E27,$E27+1))=TRUE,1,IF($Z27=$Z28,$E27,$E27+1))) -> 2 | F28: =$C28&$E28 -> NOK-FOREMOST-042 | G28: =$F28&"-"&$U28&$Y28&$AE28 -> NOK-FOREMOST-042-NOKERF5506PINKOSM | H28: =IF(ISERROR(I28&VLOOKUP(P28,CODE!$K:$N,CODE!$N$1,FALSE)&S28)=TRUE,0,I28&VLOOKUP(P28,CODE!$K:$N,CODE!$N$1,FALSE)&S28) -> NOK의류외506 | I28: =IF(ISERROR(SEARCH("TTL",$K28))=TRUE,IF($L28="","",VLOOKUP($L28,CODE!$B:$G,CODE!$D$1,FALSE)),"TTL") -> NOK | J28: =MID(W28,1,6) -> 14FW N | L28: NOK | M28: =IF(OR($I28="TTL",$L28=""),"",VLOOKUP($L28,CODE!$B:$D,CODE!$C$1,FALSE)) -> NOVENT KIDS | N28: =IF(OR($I28="TTL",$L28=""),"",VLOOKUP($K$2,CODE!$S:$T,CODE!$T$1-1,FALSE)) -> F | O28: 5 | P28: ER | Q28: =IF(OR($I28="TTL",$P28=""),"",VLOOKUP($P28,CODE!$K:$M,CODE!$L$1,FALSE)) -> EARCAP | R28: K | S28: 506 | T28: =IF(OR($I28="TTL",$S28=""),"",IF($S28<10,"00"&$S28,IF($S28<100,"0"&$S28,$S28))) -> 506 | U28: =IF($I28="TTL","",$L28&$P28&$N28&$O28&$T28) -> NOKERF5506 | V28: =IF($I28="TTL",SUMIF($C:$C,MID($K28,1,SEARCH("TTL",$K28)-2),$V:$V),IF($EI28="",0,1/COUNTIF($EI:$EI,$EI28))) -> 0.25 | W28: 14FW NV 13_WIRE_PK_KIDS | X28: =IF($Y28="","",VLOOKUP($Y28,CODE!$AE:$AF,CODE!$AF$1-1,FALSE)) -> PK | Y28: PINK | Z28: =$U28&$X28 -> NOKERF5506PK | AA28: =VLOOKUP($Z28&$AX28,$EC:$EG,5,FALSE) | AB28: =IF($I28="TTL",SUMIF($C:$C,MID($K28,1,SEARCH("TTL",$K28)-2),$AB:$AB),IF($EJ28="",0,1/COUNTIF($EJ:$EJ,$EJ28))) -> 0.5 | AC28: 0 | AD28: 1 | AE28: OSM | AF28: 200 | AG28: FOREMOST | AH28: 4 | AI28: =IF($AH28=0,"",IF($AH28<10,"0"&$AH28,$AH28)) -> 04 | AJ28: M | AK28: CN | AL28: =IF($AK28=0,"",IF($AK28="KR",2,1)) -> 1 | AM28: =IF(ISERROR(VLOOKUP($F28,[1]기획현황취합!$A$1:$E$64926,[1]기획현황취합!$B$1,FALSE))=TRUE,0,VLOOKUP($F28,[1]기획현황취합!$A$1:$E$64926,[1]기획현황취합!$B$1,FALSE)) -> 65000 | AN28: =IF(ISERROR(VLOOKUP($F28,[1]기획현황취합!$A$1:$E$64926,[1]기획현황취합!$C$1,FALSE))=TRUE,0,VLOOKUP($F28,[1]기획현황취합!$A$1:$E$64926,[1]기획현황취합!$C$1,FALSE)) -> 41820 | AO28: =IF(ISERROR(($AM28/1.1)/VLOOKUP($AG28,'TARGET MU'!$A:$D,'TARGET MU'!$D$1,FALSE))=TRUE,0,($AM28/1.1)/VLOOKUP($AG28,'TARGET MU'!$A:$D,'TARGET MU'!$D$1,FALSE)) -> 9848.4848 | AP28: =IF(OR(AF28=0,AND(AV28=0,AW28=0)),0,IF(AG28="캡보이2",AV28*$AQ$5+AU28,IF(OR(AK28="IN",AK28="BG",AK28="VT",AK28="CB"),$AU28+(($AV28*(1+$AW$4))*(HLOOKUP(VLOOKUP(AG28,'TARGET MU'!$A:$P,'TARGET MU'!$J$1,FALSE),$AO$4:$AR$5,2,FALSE)))+$AW28,$AU28+((($AV28*(1+$AW$4))*(1+HLOOKUP(VLOOKUP($P28,CODE!$K:$P,CODE!$P$1,FALSE),$AS$4:$AV$5,2,FALSE)))*(HLOOKUP(VLOOKUP(AG28,'TARGET MU'!$A:$P,'TARGET MU'!$J$1,FALSE),$AO$4:$AR$5,2,FALSE)))+$AW28))) -> 13454.52 | AQ28: =AP28-AO28 -> 3606.0352 | AR28: 1210 | AS28: 0 | AT28: 20 | AU28: =SUM(AR28:AT28) -> 1230 | AV28: 9.8 | AW28: 0 | AX28: =IF(ISERROR(VLOOKUP($F28,[1]기획현황취합!$A$1:$E$64926,[1]기획현황취합!$D$1,FALSE))=TRUE,0,VLOOKUP($F28,[1]기획현황취합!$A$1:$E$64926,[1]기획현황취합!$D$1,FALSE)) -> 41738 | AY28: 41899 | AZ28: =IF(ISERROR(VLOOKUP($F28,[1]기획현황취합!$A$1:$E$64926,[1]기획현황취합!$E$1,FALSE))=TRUE,0,VLOOKUP($F28,[1]기획현황취합!$A$1:$E$64926,[1]기획현황취합!$E$1,FALSE)) -> 41879 | BA28: 41879 | BB28: 41906 | BD28: 0 | BE28: 0 | BF28: 0 | BG28: 확정 | BH28: 확정 | BI28: =IF($I28="TTL",SUMIF($C:$C,MID($K28,1,SEARCH("TTL",$K28)-2),$BI:$BI),SUMIF(실입고현황!$A:$A,BB28&VLOOKUP($AG28,'TARGET MU'!$A:$D,'TARGET MU'!$B$1,FALSE)&$Z28&" "&$AE28,실입고현황!$C:$C)) -> 200 | BJ28: =IF($I28="TTL",SUMIF($C:$C,MID($K28,1,SEARCH("TTL",$K28)-2),$BJ:$BJ),SUMIF(실입고현황!$A:$A,BC28&VLOOKUP($AG28,'TARGET MU'!$A:$D,'TARGET MU'!$B$1,FALSE)&$Z28&" "&$AE28,실입고현황!$C:$C)) -> 0 | BK28: =IF($I28="TTL",SUMIF($C:$C,MID($K28,1,SEARCH("TTL",$K28)-2),$BK:$BK),SUMIF(실입고현황!$A:$A,BD28&VLOOKUP($AG28,'TARGET MU'!$A:$D,'TARGET MU'!$B$1,FALSE)&$Z28&" "&$AE28,실입고현황!$C:$C)) -> 0 | BL28: =IF($I28="TTL",SUMIF($C:$C,MID($K28,1,SEARCH("TTL",$K28)-2),$BL:$BL),SUMIF(실입고현황!$A:$A,BE28&VLOOKUP($AG28,'TARGET MU'!$A:$D,'TARGET MU'!$B$1,FALSE)&$Z28&" "&$AE28,실입고현황!$C:$C)) -> 0 | BM28: =IF($I28="TTL",SUMIF($C:$C,MID($K28,1,SEARCH("TTL",$K28)-2),$BM:$BM),SUMIF(실입고현황!$A:$A,BF28&VLOOKUP($AG28,'TARGET MU'!$A:$D,'TARGET MU'!$B$1,FALSE)&$Z28&" "&$AE28,실입고현황!$C:$C)) -> 0 | BN28: =IF($I28="TTL",SUMIF($C:$C,MID($K28,1,SEARCH("TTL",$K28)-2),$BN:$BN),IF(($BO28-SUM($BI28,$BJ28,$BK28,BL28,BM28))<$BO28*$BN$6,0,$BO28-SUM($BI28,$BJ28,$BK28,BL28,BM28))) -> 0 | BO28: =IF($I28="TTL",SUMIF($C:$C,MID($K28,1,SEARCH("TTL",$K28)-2),$BO:$BO),$AF28) -> 200 | BP28: =IF($I28="TTL",SUMIF($C:$C,MID($K28,1,SEARCH("TTL",$K28)-2),$BP:$BP),IF($AO28=0,0,IF($AP28=0,$AO28*$AF28,$AP28*$AF28))) -> 2690904 | BQ28: =IF($I28="TTL",SUMIF($C:$C,MID($K28,1,SEARCH("TTL",$K28)-2),$BQ:$BQ),$AM28*$AF28) -> 13000000 | BR28: =IF(ISERROR($BQ28/($BP28*1.1))=TRUE,0,$BQ28/($BP28*1.1)) -> 4.3919002 | BT28: =IF(ISERROR(Z28&VLOOKUP($AG28,'TARGET MU'!$A:$D,'TARGET MU'!$B$1,FALSE))=TRUE,"",Z28&VLOOKUP($AG28,'TARGET MU'!$A:$D,'TARGET MU'!$B$1,FALSE)) -> NOKERF5506PK포모스트 | BU28: =AP28 -> 13454.52 | BV28: =Z28&AE28&AF28&AM28&AG28&AI28&AK28 -> NOKERF5506PKOSM20065000FOREMOST04CN | BX28: =IF($I28="TTL","",$L28) -> NOK | BY28: =$O28 -> 5 | BZ28: =$AJ28 -> M | CA28: =$P28 -> ER | CB28: =$R28 -> K | CC28: =$AK28 -> CN | CD28: =$W28 -> 14FW NV 13_WIRE_PK_KIDS | CE28: =$U28 -> NOKERF5506 | CF28: =$T28 -> 506 | CG28: =$W28 -> 14FW NV 13_WIRE_PK_KIDS | CH28: =$X28 -> PK | CI28: =$AD28 -> 1 | CJ28: =$AE28 -> OSM | CK28: =IF($I28="TTL",SUMIF($C:$C,MID($K28,1,SEARCH("TTL",$K28)-2),$BO:$BO),$AF28) -> 200 | CL28: =$AV28 -> 9.8 | CM28: =$AM28 -> 65000 | CN28: =$AP28-$AU28 -> 12224.52 | CO28: =$AU28 -> 1230 | CP28: =$AL28 -> 1 | CQ28: 931 | CT28: =IF($I28="TTL",$K28,$Z28&$AE28) -> NOKERF5506PKOSM | CU28: =$M28 -> NOVENT KIDS | CV28: =IF($I28="TTL","",IF($CX28="","",$Q28&"_"&$T28&IF(N28="K","_KIDS",IF(N28="I","_INFANT","")))) -> EARCAP_506 | CW28: =IF($I28="TTL","",IF($CT28="","",$Y28&"_"&$AE28)) -> PINK_OSM | CX28: =$L28 -> NOK | CY28: =$T28 -> 506 | CZ28: =IF($I28="TTL",SUMIF($C:$C,MID($K28,1,SEARCH("TTL",$K28)-2),$CZ:$CZ),$AF28) -> 200 | DA28: =$AM28 -> 65000 | DB28: =$Y28 -> PINK | DC28: =$AE28 -> OSM | DG28: 41739 | DH28: =IF(OR($I28="TTL",$I28=""),"",AZ28-$DH$11) -> 41789 | DI28: 41740 | DJ28: 41740 | DK28: 41814 | DL28: 2 | DM28: 1 | DN28: 41772 | DO28: x | DP28: =IF(OR($DN28="없음",$I28="TTL",$I28=""),"",AZ28-$DP$11) -> 41819 | DQ28: 41782 | DR28: x | DS28: 41821 | DT28: 41767 | DU28: 41768 | DV28: 7/17 발송완료 | DW28: x | DX28: 41879 | DY28: 입고완료 | DZ28: 가격사정완료 | EC28: =IF(OR(Z27&AX27=Z28&AX27,Z28&AX28=""),"",Z28&AX28) -> NOKERF5506PK41738 | ED28: =IF(OR(Z27&AE27=Z28&AE28,Z28=""),"",Z28&AE28) -> NOKERF5506PKOSM | EE28: =IF(ED28="",0,IF(COUNTIF(ED$12:ED27,ED28)=0,0,COUNTIF(ED$12:ED27,ED28))) -> 0 | EF28: =IF(OR($AJ28="B",$ED28="",MID($U28,8,1)=$EF$9,MID($U28,8,1)=$EF$10),0,1) -> 0 | EG28: =IF(EE28+EF28=0,"","R"&(EE28+EF28)) | EI28: =IF($ED28="","",IF($EE28=0,U28,"")) -> NOKERF5506 | EJ28: =IF($ED28="","",IF($EE28=0,Z28,"")) -> NOKERF5506PK | EL28: 41827 | EM28: 41831 | EN28: X | EO28: X | EP28: X | EQ28: X
A29: =IF(OR($I29="TTL",$I29=""),"",IF(ISERROR(VLOOKUP($B29,CODE!$D:$G,CODE!$F$1-2,FALSE))=TRUE,"전략",VLOOKUP($B29,CODE!$D:$G,CODE!$F$1-2,FALSE))) -> SPORTS | B29: =IF(OR($I29="TTL",$I29=""),"",IF(VLOOKUP($P29,CODE!$K:$O,CODE!$O$1,FALSE)="",$I29,$I29&"-"&VLOOKUP($P29,CODE!$K:$O,CODE!$O$1,FALSE))) -> NOK | C29: =IF($I29="TTL","",I29&"-"&$AG29&"-"&$AI29) -> NOK-FOREMOST-04 | D29: =$C29&$Z29 -> NOK-FOREMOST-04NOKERF5506PK | E29: =IF($I29="TTL",0,IF(ISERROR(IF($Z28=$Z29,$E28,$E28+1))=TRUE,1,IF($Z28=$Z29,$E28,$E28+1))) -> 2 | F29: =$C29&$E29 -> NOK-FOREMOST-042 | G29: =$F29&"-"&$U29&$Y29&$AE29 -> NOK-FOREMOST-042-NOKERF5506PINKOML | H29: =IF(ISERROR(I29&VLOOKUP(P29,CODE!$K:$N,CODE!$N$1,FALSE)&S29)=TRUE,0,I29&VLOOKUP(P29,CODE!$K:$N,CODE!$N$1,FALSE)&S29) -> NOK의류외506 | I29: =IF(ISERROR(SEARCH("TTL",$K29))=TRUE,IF($L29="","",VLOOKUP($L29,CODE!$B:$G,CODE!$D$1,FALSE)),"TTL") -> NOK | J29: =MID(W29,1,6) -> 14FW N | L29: NOK | M29: =IF(OR($I29="TTL",$L29=""),"",VLOOKUP($L29,CODE!$B:$D,CODE!$C$1,FALSE)) -> NOVENT KIDS | N29: =IF(OR($I29="TTL",$L29=""),"",VLOOKUP($K$2,CODE!$S:$T,CODE!$T$1-1,FALSE)) -> F | O29: 5 | P29: ER | Q29: =IF(OR($I29="TTL",$P29=""),"",VLOOKUP($P29,CODE!$K:$M,CODE!$L$1,FALSE)) -> EARCAP | R29: K | S29: 506 | T29: =IF(OR($I29="TTL",$S29=""),"",IF($S29<10,"00"&$S29,IF($S29<100,"0"&$S29,$S29))) -> 506 | U29: =IF($I29="TTL","",$L29&$P29&$N29&$O29&$T29) -> NOKERF5506 | V29: =IF($I29="TTL",SUMIF($C:$C,MID($K29,1,SEARCH("TTL",$K29)-2),$V:$V),IF($EI29="",0,1/COUNTIF($EI:$EI,$EI29))) -> 0.25 | W29: 14FW NV 13_WIRE_PK_KIDS | X29: =IF($Y29="","",VLOOKUP($Y29,CODE!$AE:$AF,CODE!$AF$1-1,FALSE)) -> PK | Y29: PINK | Z29: =$U29&$X29 -> NOKERF5506PK | AA29: =VLOOKUP($Z29&$AX29,$EC:$EG,5,FALSE) | AB29: =IF($I29="TTL",SUMIF($C:$C,MID($K29,1,SEARCH("TTL",$K29)-2),$AB:$AB),IF($EJ29="",0,1/COUNTIF($EJ:$EJ,$EJ29))) -> 0.5 | AC29: 0 | AD29: 1 | AE29: OML | AF29: 150 | AG29: FOREMOST | AH29: 4 | AI29: =IF($AH29=0,"",IF($AH29<10,"0"&$AH29,$AH29)) -> 04 | AJ29: M | AK29: CN | AL29: =IF($AK29=0,"",IF($AK29="KR",2,1)) -> 1 | AM29: =IF(ISERROR(VLOOKUP($F29,[1]기획현황취합!$A$1:$E$64926,[1]기획현황취합!$B$1,FALSE))=TRUE,0,VLOOKUP($F29,[1]기획현황취합!$A$1:$E$64926,[1]기획현황취합!$B$1,FALSE)) -> 65000 | AN29: =IF(ISERROR(VLOOKUP($F29,[1]기획현황취합!$A$1:$E$64926,[1]기획현황취합!$C$1,FALSE))=TRUE,0,VLOOKUP($F29,[1]기획현황취합!$A$1:$E$64926,[1]기획현황취합!$C$1,FALSE)) -> 41820 | AO29: =IF(ISERROR(($AM29/1.1)/VLOOKUP($AG29,'TARGET MU'!$A:$D,'TARGET MU'!$D$1,FALSE))=TRUE,0,($AM29/1.1)/VLOOKUP($AG29,'TARGET MU'!$A:$D,'TARGET MU'!$D$1,FALSE)) -> 9848.4848 | AP29: =IF(OR(AF29=0,AND(AV29=0,AW29=0)),0,IF(AG29="캡보이2",AV29*$AQ$5+AU29,IF(OR(AK29="IN",AK29="BG",AK29="VT",AK29="CB"),$AU29+(($AV29*(1+$AW$4))*(HLOOKUP(VLOOKUP(AG29,'TARGET MU'!$A:$P,'TARGET MU'!$J$1,FALSE),$AO$4:$AR$5,2,FALSE)))+$AW29,$AU29+((($AV29*(1+$AW$4))*(1+HLOOKUP(VLOOKUP($P29,CODE!$K:$P,CODE!$P$1,FALSE),$AS$4:$AV$5,2,FALSE)))*(HLOOKUP(VLOOKUP(AG29,'TARGET MU'!$A:$P,'TARGET MU'!$J$1,FALSE),$AO$4:$AR$5,2,FALSE)))+$AW29))) -> 13454.52 | AQ29: =AP29-AO29 -> 3606.0352 | AR29: 1210 | AS29: 0 | AT29: 20 | AU29: =SUM(AR29:AT29) -> 1230 | AV29: 9.8 | AW29: 0 | AX29: =IF(ISERROR(VLOOKUP($F29,[1]기획현황취합!$A$1:$E$64926,[1]기획현황취합!$D$1,FALSE))=TRUE,0,VLOOKUP($F29,[1]기획현황취합!$A$1:$E$64926,[1]기획현황취합!$D$1,FALSE)) -> 41738 | AY29: 41899 | AZ29: =IF(ISERROR(VLOOKUP($F29,[1]기획현황취합!$A$1:$E$64926,[1]기획현황취합!$E$1,FALSE))=TRUE,0,VLOOKUP($F29,[1]기획현황취합!$A$1:$E$64926,[1]기획현황취합!$E$1,FALSE)) -> 41879 | BA29: 41879 | BB29: 41906 | BC29: 0 | BD29: 0 | BE29: 0 | BF29: 0 | BG29: 확정 | BH29: 확정 | BI29: =IF($I29="TTL",SUMIF($C:$C,MID($K29,1,SEARCH("TTL",$K29)-2),$BI:$BI),SUMIF(실입고현황!$A:$A,BB29&VLOOKUP($AG29,'TARGET MU'!$A:$D,'TARGET MU'!$B$1,FALSE)&$Z29&" "&$AE29,실입고현황!$C:$C)) -> 149 | BJ29: =IF($I29="TTL",SUMIF($C:$C,MID($K29,1,SEARCH("TTL",$K29)-2),$BJ:$BJ),SUMIF(실입고현황!$A:$A,BC29&VLOOKUP($AG29,'TARGET MU'!$A:$D,'TARGET MU'!$B$1,FALSE)&$Z29&" "&$AE29,실입고현황!$C:$C)) -> 0 | BK29: =IF($I29="TTL",SUMIF($C:$C,MID($K29,1,SEARCH("TTL",$K29)-2),$BK:$BK),SUMIF(실입고현황!$A:$A,BD29&VLOOKUP($AG29,'TARGET MU'!$A:$D,'TARGET MU'!$B$1,FALSE)&$Z29&" "&$AE29,실입고현황!$C:$C)) -> 0 | BL29: =IF($I29="TTL",SUMIF($C:$C,MID($K29,1,SEARCH("TTL",$K29)-2),$BL:$BL),SUMIF(실입고현황!$A:$A,BE29&VLOOKUP($AG29,'TARGET MU'!$A:$D,'TARGET MU'!$B$1,FALSE)&$Z29&" "&$AE29,실입고현황!$C:$C)) -> 0 | BM29: =IF($I29="TTL",SUMIF($C:$C,MID($K29,1,SEARCH("TTL",$K29)-2),$BM:$BM),SUMIF(실입고현황!$A:$A,BF29&VLOOKUP($AG29,'TARGET MU'!$A:$D,'TARGET MU'!$B$1,FALSE)&$Z29&" "&$AE29,실입고현황!$C:$C)) -> 0 | BN29: =IF($I29="TTL",SUMIF($C:$C,MID($K29,1,SEARCH("TTL",$K29)-2),$BN:$BN),IF(($BO29-SUM($BI29,$BJ29,$BK29,BL29,BM29))<$BO29*$BN$6,0,$BO29-SUM($BI29,$BJ29,$BK29,BL29,BM29))) -> 0 | BO29: =IF($I29="TTL",SUMIF($C:$C,MID($K29,1,SEARCH("TTL",$K29)-2),$BO:$BO),$AF29) -> 150 | BP29: =IF($I29="TTL",SUMIF($C:$C,MID($K29,1,SEARCH("TTL",$K29)-2),$BP:$BP),IF($AO29=0,0,IF($AP29=0,$AO29*$AF29,$AP29*$AF29))) -> 2018178 | BQ29: =IF($I29="TTL",SUMIF($C:$C,MID($K29,1,SEARCH("TTL",$K29)-2),$BQ:$BQ),$AM29*$AF29) -> 9750000 | BR29: =IF(ISERROR($BQ29/($BP29*1.1))=TRUE,0,$BQ29/($BP29*1.1)) -> 4.3919002 | BT29: =IF(ISERROR(Z29&VLOOKUP($AG29,'TARGET MU'!$A:$D,'TARGET MU'!$B$1,FALSE))=TRUE,"",Z29&VLOOKUP($AG29,'TARGET MU'!$A:$D,'TARGET MU'!$B$1,FALSE)) -> NOKERF5506PK포모스트 | BU29: =AP29 -> 13454.52 | BV29: =Z29&AE29&AF29&AM29&AG29&AI29&AK29 -> NOKERF5506PKOML15065000FOREMOST04CN | BX29: =IF($I29="TTL","",$L29) -> NOK | BY29: =$O29 -> 5 | BZ29: =$AJ29 -> M | CA29: =$P29 -> ER | CB29: =$R29 -> K | CC29: =$AK29 -> CN | CD29: =$W29 -> 14FW NV 13_WIRE_PK_KIDS | CE29: =$U29 -> NOKERF5506 | CF29: =$T29 -> 506 | CG29: =$W29 -> 14FW NV 13_WIRE_PK_KIDS | CH29: =$X29 -> PK | CI29: =$AD29 -> 1 | CJ29: =$AE29 -> OML | CK29: =IF($I29="TTL",SUMIF($C:$C,MID($K29,1,SEARCH("TTL",$K29)-2),$BO:$BO),$AF29) -> 150 | CL29: =$AV29 -> 9.8 | CM29: =$AM29 -> 65000 | CN29: =$AP29-$AU29 -> 12224.52 | CO29: =$AU29 -> 1230 | CP29: =$AL29 -> 1 | CQ29: 931 | CT29: =IF($I29="TTL",$K29,$Z29&$AE29) -> NOKERF5506PKOML | CU29: =$M29 -> NOVENT KIDS | CV29: =IF($I29="TTL","",IF($CX29="","",$Q29&"_"&$T29&IF(N29="K","_KIDS",IF(N29="I","_INFANT","")))) -> EARCAP_506 | CW29: =IF($I29="TTL","",IF($CT29="","",$Y29&"_"&$AE29)) -> PINK_OML | CX29: =$L29 -> NOK | CY29: =$T29 -> 506 | CZ29: =IF($I29="TTL",SUMIF($C:$C,MID($K29,1,SEARCH("TTL",$K29)-2),$CZ:$CZ),$AF29) -> 150 | DA29: =$AM29 -> 65000 | DB29: =$Y29 -> PINK | DC29: =$AE29 -> OML | DG29: 41739 | DH29: =IF(OR($I29="TTL",$I29=""),"",AZ29-$DH$11) -> 41789 | DI29: 41740 | DJ29: 41740 | DK29: 41814 | DL29: 2 | DM29: 1 | DN29: 41772 | DO29: x | DP29: =IF(OR($DN29="없음",$I29="TTL",$I29=""),"",AZ29-$DP$11) -> 41819 | DQ29: 41782 | DR29: x | DS29: 41821 | DT29: 41767 | DU29: 41768 | DV29: 7/17 발송완료 | DW29: x | DX29: 41879 | DY29: 입고완료 | DZ29: 가격사정완료 | EC29: =IF(OR(Z28&AX28=Z29&AX28,Z29&AX29=""),"",Z29&AX29) | ED29: =IF(OR(Z28&AE28=Z29&AE29,Z29=""),"",Z29&AE29) -> NOKERF5506PKOML | EE29: =IF(ED29="",0,IF(COUNTIF(ED$12:ED28,ED29)=0,0,COUNTIF(ED$12:ED28,ED29))) -> 0 | EF29: =IF(OR($AJ29="B",$ED29="",MID($U29,8,1)=$EF$9,MID($U29,8,1)=$EF$10),0,1) -> 0 | EG29: =IF(EE29+EF29=0,"","R"&(EE29+EF29)) | EI29: =IF($ED29="","",IF($EE29=0,U29,"")) -> NOKERF5506 | EJ29: =IF($ED29="","",IF($EE29=0,Z29,"")) -> NOKERF5506PK | EL29: 41827 | EM29: 41831 | EN29: X | EO29: X | EP29: X | EQ29: X
A30: =IF(OR($I30="TTL",$I30=""),"",IF(ISERROR(VLOOKUP($B30,CODE!$D:$G,CODE!$F$1-2,FALSE))=TRUE,"전략",VLOOKUP($B30,CODE!$D:$G,CODE!$F$1-2,FALSE))) | B30: =IF(OR($I30="TTL",$I30=""),"",IF(VLOOKUP($P30,CODE!$K:$O,CODE!$O$1,FALSE)="",$I30,$I30&"-"&VLOOKUP($P30,CODE!$K:$O,CODE!$O$1,FALSE))) | C30: =IF($I30="TTL","",I30&"-"&$AG30&"-"&$AI30) | D30: =$C30&$Z30 | E30: =IF($I30="TTL",0,IF(ISERROR(IF($Z29=$Z30,$E29,$E29+1))=TRUE,1,IF($Z29=$Z30,$E29,$E29+1))) -> 0 | F30: =$C30&$E30 -> 0 | G30: =$F30&"-"&$U30&$Y30&$AE30 -> 0- | H30: =IF(ISERROR(I30&VLOOKUP(P30,CODE!$K:$N,CODE!$N$1,FALSE)&S30)=TRUE,0,I30&VLOOKUP(P30,CODE!$K:$N,CODE!$N$1,FALSE)&S30) -> 0 | I30: =IF(ISERROR(SEARCH("TTL",$K30))=TRUE,IF($L30="","",VLOOKUP($L30,CODE!$B:$G,CODE!$D$1,FALSE)),"TTL") -> TTL | J30: =MID(W30,1,6) | K30: =C29&" TTL" -> NOK-FOREMOST-04 TTL | M30: =IF(OR($I30="TTL",$L30=""),"",VLOOKUP($L30,CODE!$B:$D,CODE!$C$1,FALSE)) | N30: =IF(OR($I30="TTL",$L30=""),"",VLOOKUP($K$2,CODE!$S:$T,CODE!$T$1-1,FALSE)) | O30: =IF(OR($I30="TTL",$L30=""),"",VLOOKUP($L$2,CODE!$X:$Y,CODE!$Y$1-1,FALSE)) | Q30: =IF(OR($I30="TTL",$P30=""),"",VLOOKUP($P30,CODE!$K:$M,CODE!$L$1,FALSE)) | R30: K | T30: =IF(OR($I30="TTL",$S30=""),"",IF($S30<10,"00"&$S30,IF($S30<100,"0"&$S30,$S30))) | U30: =IF($I30="TTL","",$L30&$P30&$N30&$O30&$T30) | V30: =IF($I30="TTL",SUMIF($C:$C,MID($K30,1,SEARCH("TTL",$K30)-2),$V:$V),IF($EI30="",0,1/COUNTIF($EI:$EI,$EI30))) -> 1 | X30: =IF($Y30="","",VLOOKUP($Y30,CODE!$AE:$AF,CODE!$AF$1-1,FALSE)) | Z30: =$U30&$X30 | AA30: =VLOOKUP($Z30&$AX30,$EC:$EG,5,FALSE) | AB30: =IF($I30="TTL",SUMIF($C:$C,MID($K30,1,SEARCH("TTL",$K30)-2),$AB:$AB),IF($EJ30="",0,1/COUNTIF($EJ:$EJ,$EJ30))) -> 2 | AC30: 0 | AD30: 1 | AI30: =IF($AH30=0,"",IF($AH30<10,"0"&$AH30,$AH30)) | AL30: =IF($AK30=0,"",IF($AK30="KR",2,1)) | AM30: =IF(ISERROR(VLOOKUP($F30,[1]기획현황취합!$A$1:$E$64926,[1]기획현황취합!$B$1,FALSE))=TRUE,0,VLOOKUP($F30,[1]기획현황취합!$A$1:$E$64926,[1]기획현황취합!$B$1,FALSE)) -> 0 | AN30: =IF(ISERROR(VLOOKUP($F30,[1]기획현황취합!$A$1:$E$64926,[1]기획현황취합!$C$1,FALSE))=TRUE,0,VLOOKUP($F30,[1]기획현황취합!$A$1:$E$64926,[1]기획현황취합!$C$1,FALSE)) -> 0 | AO30: =IF(ISERROR(($AM30/1.1)/VLOOKUP($AG30,'TARGET MU'!$A:$D,'TARGET MU'!$D$1,FALSE))=TRUE,0,($AM30/1.1)/VLOOKUP($AG30,'TARGET MU'!$A:$D,'TARGET MU'!$D$1,FALSE)) -> 0 | AP30: =IF(OR(AF30=0,AND(AV30=0,AW30=0)),0,IF(AG30="캡보이2",AV30*$AQ$5+AU30,IF(OR(AK30="IN",AK30="BG",AK30="VT",AK30="CB"),$AU30+(($AV30*(1+$AW$4))*(HLOOKUP(VLOOKUP(AG30,'TARGET MU'!$A:$P,'TARGET MU'!$J$1,FALSE),$AO$4:$AR$5,2,FALSE)))+$AW30,$AU30+((($AV30*(1+$AW$4))*(1+HLOOKUP(VLOOKUP($P30,CODE!$K:$P,CODE!$P$1,FALSE),$AS$4:$AV$5,2,FALSE)))*(HLOOKUP(VLOOKUP(AG30,'TARGET MU'!$A:$P,'TARGET MU'!$J$1,FALSE),$AO$4:$AR$5,2,FALSE)))+$AW30))) -> 0 | AQ30: =AP30-AO30 -> 0 | AR30: 0 | AS30: 0 | AU30: =SUM(AR30:AT30) -> 0 | AV30: 0 | AW30: 0 | AX30: =IF(ISERROR(VLOOKUP($F30,[1]기획현황취합!$A$1:$E$64926,[1]기획현황취합!$D$1,FALSE))=TRUE,0,VLOOKUP($F30,[1]기획현황취합!$A$1:$E$64926,[1]기획현황취합!$D$1,FALSE)) -> 0 | AY30: 0 | AZ30: =IF(ISERROR(VLOOKUP($F30,[1]기획현황취합!$A$1:$E$64926,[1]기획현황취합!$E$1,FALSE))=TRUE,0,VLOOKUP($F30,[1]기획현황취합!$A$1:$E$64926,[1]기획현황취합!$E$1,FALSE)) -> 0 | BA30: 0 | BB30: 0 | BC30: 0 | BD30: 0 | BE30: 0 | BF30: 0 | BG30: 0 | BH30: 0 | BI30: =IF($I30="TTL",SUMIF($C:$C,MID($K30,1,SEARCH("TTL",$K30)-2),$BI:$BI),SUMIF(실입고현황!$A:$A,BB30&VLOOKUP($AG30,'TARGET MU'!$A:$D,'TARGET MU'!$B$1,FALSE)&$Z30&" "&$AE30,실입고현황!$C:$C)) -> 699 | BJ30: =IF($I30="TTL",SUMIF($C:$C,MID($K30,1,SEARCH("TTL",$K30)-2),$BJ:$BJ),SUMIF(실입고현황!$A:$A,BC30&VLOOKUP($AG30,'TARGET MU'!$A:$D,'TARGET MU'!$B$1,FALSE)&$Z30&" "&$AE30,실입고현황!$C:$C)) -> 0 | BK30: =IF($I30="TTL",SUMIF($C:$C,MID($K30,1,SEARCH("TTL",$K30)-2),$BK:$BK),SUMIF(실입고현황!$A:$A,BD30&VLOOKUP($AG30,'TARGET MU'!$A:$D,'TARGET MU'!$B$1,FALSE)&$Z30&" "&$AE30,실입고현황!$C:$C)) -> 0 | BL30: =IF($I30="TTL",SUMIF($C:$C,MID($K30,1,SEARCH("TTL",$K30)-2),$BL:$BL),SUMIF(실입고현황!$A:$A,BE30&VLOOKUP($AG30,'TARGET MU'!$A:$D,'TARGET MU'!$B$1,FALSE)&$Z30&" "&$AE30,실입고현황!$C:$C)) -> 0 | BM30: =IF($I30="TTL",SUMIF($C:$C,MID($K30,1,SEARCH("TTL",$K30)-2),$BM:$BM),SUMIF(실입고현황!$A:$A,BF30&VLOOKUP($AG30,'TARGET MU'!$A:$D,'TARGET MU'!$B$1,FALSE)&$Z30&" "&$AE30,실입고현황!$C:$C)) -> 0 | BN30: =IF($I30="TTL",SUMIF($C:$C,MID($K30,1,SEARCH("TTL",$K30)-2),$BN:$BN),IF(($BO30-SUM($BI30,$BJ30,$BK30,BL30,BM30))<$BO30*$BN$6,0,$BO30-SUM($BI30,$BJ30,$BK30,BL30,BM30))) -> 0 | BO30: =IF($I30="TTL",SUMIF($C:$C,MID($K30,1,SEARCH("TTL",$K30)-2),$BO:$BO),$AF30) -> 700 | BP30: =IF($I30="TTL",SUMIF($C:$C,MID($K30,1,SEARCH("TTL",$K30)-2),$BP:$BP),IF($AO30=0,0,IF($AP30=0,$AO30*$AF30,$AP30*$AF30))) -> 9356564 | BQ30: =IF($I30="TTL",SUMIF($C:$C,MID($K30,1,SEARCH("TTL",$K30)-2),$BQ:$BQ),$AM30*$AF30) -> 45500000 | BR30: =IF(ISERROR($BQ30/($BP30*1.1))=TRUE,0,$BQ30/($BP30*1.1)) -> 4.4208148 | BT30: =IF(ISERROR(Z30&VLOOKUP($AG30,'TARGET MU'!$A:$D,'TARGET MU'!$B$1,FALSE))=TRUE,"",Z30&VLOOKUP($AG30,'TARGET MU'!$A:$D,'TARGET MU'!$B$1,FALSE)) | BU30: =AP30 -> 0 | BV30: =Z30&AE30&AF30&AM30&AG30&AI30&AK30 -> 0 | BX30: =IF($I30="TTL","",$L30) | BY30: =$O30 | BZ30: =$AJ30 -> 0 | CA30: =$P30 -> 0 | CB30: =$R30 -> K | CC30: =$AK30 -> 0 | CD30: =$W30 -> 0 | CE30: =$U30 | CF30: =$T30 | CG30: =$W30 -> 0 | CH30: =$X30 | CI30: =$AD30 -> 1 | CJ30: =$AE30 -> 0 | CK30: =IF($I30="TTL",SUMIF($C:$C,MID($K30,1,SEARCH("TTL",$K30)-2),$BO:$BO),$AF30) -> 700 | CL30: =$AV30 -> 0 | CM30: =$AM30 -> 0 | CN30: =$AP30-$AU30 -> 0 | CO30: =$AU30 -> 0 | CP30: =$AL30 | CT30: =IF($I30="TTL",$K30,$Z30&$AE30) -> NOK-FOREMOST-04 TTL | CU30: =$M30 | CV30: =IF($I30="TTL","",IF($CX30="","",$Q30&"_"&$T30&IF(N30="K","_KIDS",IF(N30="I","_INFANT","")))) | CW30: =IF($I30="TTL","",IF($CT30="","",$Y30&"_"&$AE30)) | CX30: =$L30 -> 0 | CY30: =$T30 | CZ30: =IF($I30="TTL",SUMIF($C:$C,MID($K30,1,SEARCH("TTL",$K30)-2),$CZ:$CZ),$AF30) -> 700 | DA30: =$AM30 -> 0 | DB30: =$Y30 -> 0 | DC30: =$AE30 -> 0 | DH30: =IF(OR($I30="TTL",$I30=""),"",AZ30-$DH$11) | DP30: =IF(OR($DN30="없음",$I30="TTL",$I30=""),"",AZ30-$DP$11) | EC30: =IF(OR(Z29&AX29=Z30&AX29,Z30&AX30=""),"",Z30&AX30) -> 0 | ED30: =IF(OR(Z29&AE29=Z30&AE30,Z30=""),"",Z30&AE30) | EE30: =IF(ED30="",0,IF(COUNTIF(ED$12:ED29,ED30)=0,0,COUNTIF(ED$12:ED29,ED30))) -> 0 | EF30: =IF(OR($AJ30="B",$ED30="",MID($U30,8,1)=$EF$9,MID($U30,8,1)=$EF$10),0,1) -> 0 | EG30: =IF(EE30+EF30=0,"","R"&(EE30+EF30)) | EI30: =IF($ED30="","",IF($EE30=0,U30,"")) | EJ30: =IF($ED30="","",IF($EE30=0,Z30,""))
A31: =IF(OR($I31="TTL",$I31=""),"",IF(ISERROR(VLOOKUP($B31,CODE!$D:$G,CODE!$F$1-2,FALSE))=TRUE,"전략",VLOOKUP($B31,CODE!$D:$G,CODE!$F$1-2,FALSE))) -> SPORTS | B31: =IF(OR($I31="TTL",$I31=""),"",IF(VLOOKUP($P31,CODE!$K:$O,CODE!$O$1,FALSE)="",$I31,$I31&"-"&VLOOKUP($P31,CODE!$K:$O,CODE!$O$1,FALSE))) -> NOK | C31: =IF($I31="TTL","",I31&"-"&$AG31&"-"&$AI31) -> NOK-EVERRICH TEXTILE-01 | D31: =$C31&$Z31 -> NOK-EVERRICH TEXTILE-01NOKTPF5508BK | E31: =IF($I31="TTL",0,IF(ISERROR(IF($Z30=$Z31,$E30,$E30+1))=TRUE,1,IF($Z30=$Z31,$E30,$E30+1))) -> 1 | F31: =$C31&$E31 -> NOK-EVERRICH TEXTILE-011 | G31: =$F31&"-"&$U31&$Y31&$AE31 -> NOK-EVERRICH TEXTILE-011-NOKTPF5508BLACKFRE | H31: =IF(ISERROR(I31&VLOOKUP(P31,CODE!$K:$N,CODE!$N$1,FALSE)&S31)=TRUE,0,I31&VLOOKUP(P31,CODE!$K:$N,CODE!$N$1,FALSE)&S31) -> NOK의류외508 | I31: =IF(ISERROR(SEARCH("TTL",$K31))=TRUE,IF($L31="","",VLOOKUP($L31,CODE!$B:$G,CODE!$D$1,FALSE)),"TTL") -> NOK | J31: =MID(W31,1,6) -> 14FW N | L31: NOK | M31: =IF(OR($I31="TTL",$L31=""),"",VLOOKUP($L31,CODE!$B:$D,CODE!$C$1,FALSE)) -> NOVENT KIDS | N31: =IF(OR($I31="TTL",$L31=""),"",VLOOKUP($K$2,CODE!$S:$T,CODE!$T$1-1,FALSE)) -> F | O31: 5 | P31: TP | Q31: =IF(OR($I31="TTL",$P31=""),"",VLOOKUP($P31,CODE!$K:$M,CODE!$L$1,FALSE)) -> TROOPER | R31: K | S31: 508 | T31: =IF(OR($I31="TTL",$S31=""),"",IF($S31<10,"00"&$S31,IF($S31<100,"0"&$S31,$S31))) -> 508 | U31: =IF($I31="TTL","",$L31&$P31&$N31&$O31&$T31) -> NOKTPF5508 | V31: =IF($I31="TTL",SUMIF($C:$C,MID($K31,1,SEARCH("TTL",$K31)-2),$V:$V),IF($EI31="",0,1/COUNTIF($EI:$EI,$EI31))) -> 1 | W31: 14FW NV 07_TROOPER_BK_KIDS | X31: =IF($Y31="","",VLOOKUP($Y31,CODE!$AE:$AF,CODE!$AF$1-1,FALSE)) -> BK | Y31: BLACK | Z31: =$U31&$X31 -> NOKTPF5508BK | AA31: =VLOOKUP($Z31&$AX31,$EC:$EG,5,FALSE) | AB31: =IF($I31="TTL",SUMIF($C:$C,MID($K31,1,SEARCH("TTL",$K31)-2),$AB:$AB),IF($EJ31="",0,1/COUNTIF($EJ:$EJ,$EJ31))) -> 1 | AC31: 0 | AD31: 1 | AE31: FRE | AF31: 200 | AG31: EVERRICH TEXTILE | AH31: 1 | AI31: =IF($AH31=0,"",IF($AH31<10,"0"&$AH31,$AH31)) -> 01 | AJ31: M | AK31: CN | AL31: =IF($AK31=0,"",IF($AK31="KR",2,1)) -> 1 | AM31: =IF(ISERROR(VLOOKUP($F31,[1]기획현황취합!$A$1:$E$64926,[1]기획현황취합!$B$1,FALSE))=TRUE,0,VLOOKUP($F31,[1]기획현황취합!$A$1:$E$64926,[1]기획현황취합!$B$1,FALSE)) -> 75000 | AN31: =IF(ISERROR(VLOOKUP($F31,[1]기획현황취합!$A$1:$E$64926,[1]기획현황취합!$C$1,FALSE))=TRUE,0,VLOOKUP($F31,[1]기획현황취합!$A$1:$E$64926,[1]기획현황취합!$C$1,FALSE)) -> 41795 | AO31: =IF(ISERROR(($AM31/1.1)/VLOOKUP($AG31,'TARGET MU'!$A:$D,'TARGET MU'!$D$1,FALSE))=TRUE,0,($AM31/1.1)/VLOOKUP($AG31,'TARGET MU'!$A:$D,'TARGET MU'!$D$1,FALSE)) -> 11363.636 | AP31: =IF(OR(AF31=0,AND(AV31=0,AW31=0)),0,IF(AG31="캡보이2",AV31*$AQ$5+AU31,IF(OR(AK31="IN",AK31="BG",AK31="VT",AK31="CB"),$AU31+(($AV31*(1+$AW$4))*(HLOOKUP(VLOOKUP(AG31,'TARGET MU'!$A:$P,'TARGET MU'!$J$1,FALSE),$AO$4:$AR$5,2,FALSE)))+$AW31,$AU31+((($AV31*(1+$AW$4))*(1+HLOOKUP(VLOOKUP($P31,CODE!$K:$P,CODE!$P$1,FALSE),$AS$4:$AV$5,2,FALSE)))*(HLOOKUP(VLOOKUP(AG31,'TARGET MU'!$A:$P,'TARGET MU'!$J$1,FALSE),$AO$4:$AR$5,2,FALSE)))+$AW31))) -> 13491.82 | AQ31: =AP31-AO31 -> 2128.1836 | AR31: 1601 | AS31: 270 | AT31: 20 | AU31: =SUM(AR31:AT31) -> 1891 | AV31: 9.3 | AW31: 0 | AX31: =IF(ISERROR(VLOOKUP($F31,[1]기획현황취합!$A$1:$E$64926,[1]기획현황취합!$D$1,FALSE))=TRUE,0,VLOOKUP($F31,[1]기획현황취합!$A$1:$E$64926,[1]기획현황취합!$D$1,FALSE)) -> 41738 | AY31: 41907 | AZ31: =IF(ISERROR(VLOOKUP($F31,[1]기획현황취합!$A$1:$E$64926,[1]기획현황취합!$E$1,FALSE))=TRUE,0,VLOOKUP($F31,[1]기획현황취합!$A$1:$E$64926,[1]기획현황취합!$E$1,FALSE)) -> 41907 | BA31: 41907 | BB31: 41918 | BC31: 0 | BD31: 0 | BE31: 0 | BF31: 0 | BG31: 확정 | BH31: 확정 | BI31: =IF($I31="TTL",SUMIF($C:$C,MID($K31,1,SEARCH("TTL",$K31)-2),$BI:$BI),SUMIF(실입고현황!$A:$A,BB31&VLOOKUP($AG31,'TARGET MU'!$A:$D,'TARGET MU'!$B$1,FALSE)&$Z31&" "&$AE31,실입고현황!$C:$C)) -> 199 | BJ31: =IF($I31="TTL",SUMIF($C:$C,MID($K31,1,SEARCH("TTL",$K31)-2),$BJ:$BJ),SUMIF(실입고현황!$A:$A,BC31&VLOOKUP($AG31,'TARGET MU'!$A:$D,'TARGET MU'!$B$1,FALSE)&$Z31&" "&$AE31,실입고현황!$C:$C)) -> 0 | BK31: =IF($I31="TTL",SUMIF($C:$C,MID($K31,1,SEARCH("TTL",$K31)-2),$BK:$BK),SUMIF(실입고현황!$A:$A,BD31&VLOOKUP($AG31,'TARGET MU'!$A:$D,'TARGET MU'!$B$1,FALSE)&$Z31&" "&$AE31,실입고현황!$C:$C)) -> 0 | BL31: =IF($I31="TTL",SUMIF($C:$C,MID($K31,1,SEARCH("TTL",$K31)-2),$BL:$BL),SUMIF(실입고현황!$A:$A,BE31&VLOOKUP($AG31,'TARGET MU'!$A:$D,'TARGET MU'!$B$1,FALSE)&$Z31&" "&$AE31,실입고현황!$C:$C)) -> 0 | BM31: =IF($I31="TTL",SUMIF($C:$C,MID($K31,1,SEARCH("TTL",$K31)-2),$BM:$BM),SUMIF(실입고현황!$A:$A,BF31&VLOOKUP($AG31,'TARGET MU'!$A:$D,'TARGET MU'!$B$1,FALSE)&$Z31&" "&$AE31,실입고현황!$C:$C)) -> 0 | BN31: =IF($I31="TTL",SUMIF($C:$C,MID($K31,1,SEARCH("TTL",$K31)-2),$BN:$BN),IF(($BO31-SUM($BI31,$BJ31,$BK31,BL31,BM31))<$BO31*$BN$6,0,$BO31-SUM($BI31,$BJ31,$BK31,BL31,BM31))) -> 0 | BO31: =IF($I31="TTL",SUMIF($C:$C,MID($K31,1,SEARCH("TTL",$K31)-2),$BO:$BO),$AF31) -> 200 | BP31: =IF($I31="TTL",SUMIF($C:$C,MID($K31,1,SEARCH("TTL",$K31)-2),$BP:$BP),IF($AO31=0,0,IF($AP31=0,$AO31*$AF31,$AP31*$AF31))) -> 2698364 | BQ31: =IF($I31="TTL",SUMIF($C:$C,MID($K31,1,SEARCH("TTL",$K31)-2),$BQ:$BQ),$AM31*$AF31) -> 15000000 | BR31: =IF(ISERROR($BQ31/($BP31*1.1))=TRUE,0,$BQ31/($BP31*1.1)) -> 5.0535671 | BT31: =IF(ISERROR(Z31&VLOOKUP($AG31,'TARGET MU'!$A:$D,'TARGET MU'!$B$1,FALSE))=TRUE,"",Z31&VLOOKUP($AG31,'TARGET MU'!$A:$D,'TARGET MU'!$B$1,FALSE)) -> NOKTPF5508BKZHENJIANG EVERRICH | BU31: =AP31 -> 13491.82 | BV31: =Z31&AE31&AF31&AM31&AG31&AI31&AK31 -> NOKTPF5508BKFRE20075000EVERRICH TEXTILE01CN | BX31: =IF($I31="TTL","",$L31) -> NOK | BY31: =$O31 -> 5 | BZ31: =$AJ31 -> M | CA31: =$P31 -> TP | CB31: =$R31 -> K | CC31: =$AK31 -> CN | CD31: =$W31 -> 14FW NV 07_TROOPER_BK_KIDS | CE31: =$U31 -> NOKTPF5508 | CF31: =$T31 -> 508 | CG31: =$W31 -> 14FW NV 07_TROOPER_BK_KIDS | CH31: =$X31 -> BK | CI31: =$AD31 -> 1 | CJ31: =$AE31 -> FRE | CK31: =IF($I31="TTL",SUMIF($C:$C,MID($K31,1,SEARCH("TTL",$K31)-2),$BO:$BO),$AF31) -> 200 | CL31: =$AV31 -> 9.3 | CM31: =$AM31 -> 75000 | CN31: =$AP31-$AU31 -> 11600.82 | CO31: =$AU31 -> 1891 | CP31: =$AL31 -> 1 | CQ31: 1011 | CT31: =IF($I31="TTL",$K31,$Z31&$AE31) -> NOKTPF5508BKFRE | CU31: =$M31 -> NOVENT KIDS | CV31: =IF($I31="TTL","",IF($CX31="","",$Q31&"_"&$T31&IF(N31="K","_KIDS",IF(N31="I","_INFANT","")))) -> TROOPER_508 | CW31: =IF($I31="TTL","",IF($CT31="","",$Y31&"_"&$AE31)) -> BLACK_FRE | CX31: =$L31 -> NOK | CY31: =$T31 -> 508 | CZ31: =IF($I31="TTL",SUMIF($C:$C,MID($K31,1,SEARCH("TTL",$K31)-2),$CZ:$CZ),$AF31) -> 200 | DA31: =$AM31 -> 75000 | DB31: =$Y31 -> BLACK | DC31: =$AE31 -> FRE | DG31: 41739 | DH31: =IF(OR($I31="TTL",$I31=""),"",AZ31-$DH$11) -> 41817 | DI31: 41743 | DJ31: 41743 | DK31: 41795 | DL31: 4 | DM31: 3 | DN31: 41750 | DO31: 41795 | DP31: =IF(OR($DN31="없음",$I31="TTL",$I31=""),"",AZ31-$DP$11) -> 41847 | DQ31: 41768 | DR31: 41810 | DS31: 41795 | DT31: 41836 | DU31: 41836 | DV31: 7/17 발송완료 | DW31: x | DX31: 41904 | DY31: 입고완료 | EC31: =IF(OR(Z30&AX30=Z31&AX30,Z31&AX31=""),"",Z31&AX31) -> NOKTPF5508BK41738 | ED31: =IF(OR(Z30&AE30=Z31&AE31,Z31=""),"",Z31&AE31) -> NOKTPF5508BKFRE | EE31: =IF(ED31="",0,IF(COUNTIF(ED$12:ED30,ED31)=0,0,COUNTIF(ED$12:ED30,ED31))) -> 0 | EF31: =IF(OR($AJ31="B",$ED31="",MID($U31,8,1)=$EF$9,MID($U31,8,1)=$EF$10),0,1) -> 0 | EG31: =IF(EE31+EF31=0,"","R"&(EE31+EF31)) | EI31: =IF($ED31="","",IF($EE31=0,U31,"")) -> NOKTPF5508 | EJ31: =IF($ED31="","",IF($EE31=0,Z31,"")) -> NOKTPF5508BK | EL31: 41801 | EM31: 41824 | EN31: 2536.5 | EO31: X | EP31: X | EQ31: X
A32: =IF(OR($I32="TTL",$I32=""),"",IF(ISERROR(VLOOKUP($B32,CODE!$D:$G,CODE!$F$1-2,FALSE))=TRUE,"전략",VLOOKUP($B32,CODE!$D:$G,CODE!$F$1-2,FALSE))) -> SPORTS | B32: =IF(OR($I32="TTL",$I32=""),"",IF(VLOOKUP($P32,CODE!$K:$O,CODE!$O$1,FALSE)="",$I32,$I32&"-"&VLOOKUP($P32,CODE!$K:$O,CODE!$O$1,FALSE))) -> NOK | C32: =IF($I32="TTL","",I32&"-"&$AG32&"-"&$AI32) -> NOK-EVERRICH TEXTILE-01 | D32: =$C32&$Z32 -> NOK-EVERRICH TEXTILE-01NOKTPF5511BK | E32: =IF($I32="TTL",0,IF(ISERROR(IF($Z31=$Z32,$E31,$E31+1))=TRUE,1,IF($Z31=$Z32,$E31,$E31+1))) -> 2 | F32: =$C32&$E32 -> NOK-EVERRICH TEXTILE-012 | G32: =$F32&"-"&$U32&$Y32&$AE32 -> NOK-EVERRICH TEXTILE-012-NOKTPF5511BLACKFRE | H32: =IF(ISERROR(I32&VLOOKUP(P32,CODE!$K:$N,CODE!$N$1,FALSE)&S32)=TRUE,0,I32&VLOOKUP(P32,CODE!$K:$N,CODE!$N$1,FALSE)&S32) -> NOK의류외511 | I32: =IF(ISERROR(SEARCH("TTL",$K32))=TRUE,IF($L32="","",VLOOKUP($L32,CODE!$B:$G,CODE!$D$1,FALSE)),"TTL") -> NOK | J32: =MID(W32,1,6) -> 14FW N | L32: NOK | M32: =IF(OR($I32="TTL",$L32=""),"",VLOOKUP($L32,CODE!$B:$D,CODE!$C$1,FALSE)) -> NOVENT KIDS | N32: =IF(OR($I32="TTL",$L32=""),"",VLOOKUP($K$2,CODE!$S:$T,CODE!$T$1-1,FALSE)) -> F | O32: 5 | P32: TP | Q32: =IF(OR($I32="TTL",$P32=""),"",VLOOKUP($P32,CODE!$K:$M,CODE!$L$1,FALSE)) -> TROOPER | R32: K | S32: 511 | T32: =IF(OR($I32="TTL",$S32=""),"",IF($S32<10,"00"&$S32,IF($S32<100,"0"&$S32,$S32))) -> 511 | U32: =IF($I32="TTL","",$L32&$P32&$N32&$O32&$T32) -> NOKTPF5511 | V32: =IF($I32="TTL",SUMIF($C:$C,MID($K32,1,SEARCH("TTL",$K32)-2),$V:$V),IF($EI32="",0,1/COUNTIF($EI:$EI,$EI32))) -> 0.33333333 | W32: 14FW NV 09_TROOPER_BK_KIDS | X32: =IF($Y32="","",VLOOKUP($Y32,CODE!$AE:$AF,CODE!$AF$1-1,FALSE)) -> BK | Y32: BLACK | Z32: =$U32&$X32 -> NOKTPF5511BK | AA32: =VLOOKUP($Z32&$AX32,$EC:$EG,5,FALSE) | AB32: =IF($I32="TTL",SUMIF($C:$C,MID($K32,1,SEARCH("TTL",$K32)-2),$AB:$AB),IF($EJ32="",0,1/COUNTIF($EJ:$EJ,$EJ32))) -> 1 | AC32: 0 | AD32: 1 | AE32: FRE | AF32: 200 | AG32: EVERRICH TEXTILE | AH32: 1 | AI32: =IF($AH32=0,"",IF($AH32<10,"0"&$AH32,$AH32)) -> 01 | AJ32: M | AK32: CN | AL32: =IF($AK32=0,"",IF($AK32="KR",2,1)) -> 1 | AM32: =IF(ISERROR(VLOOKUP($F32,[1]기획현황취합!$A$1:$E$64926,[1]기획현황취합!$B$1,FALSE))=TRUE,0,VLOOKUP($F32,[1]기획현황취합!$A$1:$E$64926,[1]기획현황취합!$B$1,FALSE)) -> 75000 | AN32: =IF(ISERROR(VLOOKUP($F32,[1]기획현황취합!$A$1:$E$64926,[1]기획현황취합!$C$1,FALSE))=TRUE,0,VLOOKUP($F32,[1]기획현황취합!$A$1:$E$64926,[1]기획현황취합!$C$1,FALSE)) -> 41795 | AO32: =IF(ISERROR(($AM32/1.1)/VLOOKUP($AG32,'TARGET MU'!$A:$D,'TARGET MU'!$D$1,FALSE))=TRUE,0,($AM32/1.1)/VLOOKUP($AG32,'TARGET MU'!$A:$D,'TARGET MU'!$D$1,FALSE)) -> 11363.636 | AP32: =IF(OR(AF32=0,AND(AV32=0,AW32=0)),0,IF(AG32="캡보이2",AV32*$AQ$5+AU32,IF(OR(AK32="IN",AK32="BG",AK32="VT",AK32="CB"),$AU32+(($AV32*(1+$AW$4))*(HLOOKUP(VLOOKUP(AG32,'TARGET MU'!$A:$P,'TARGET MU'!$J$1,FALSE),$AO$4:$AR$5,2,FALSE)))+$AW32,$AU32+((($AV32*(1+$AW$4))*(1+HLOOKUP(VLOOKUP($P32,CODE!$K:$P,CODE!$P$1,FALSE),$AS$4:$AV$5,2,FALSE)))*(HLOOKUP(VLOOKUP(AG32,'TARGET MU'!$A:$P,'TARGET MU'!$J$1,FALSE),$AO$4:$AR$5,2,FALSE)))+$AW32))) -> 12265.04 | AQ32: =AP32-AO32 -> 901.40364 | AS32: 270 | AT32: 20 | AU32: =SUM(AR32:AT32) -> 290 | AV32: 9.6 | AW32: 0 | AX32: =IF(ISERROR(VLOOKUP($F32,[1]기획현황취합!$A$1:$E$64926,[1]기획현황취합!$D$1,FALSE))=TRUE,0,VLOOKUP($F32,[1]기획현황취합!$A$1:$E$64926,[1]기획현황취합!$D$1,FALSE)) -> 41738 | AY32: 41907 | AZ32: =IF(ISERROR(VLOOKUP($F32,[1]기획현황취합!$A$1:$E$64926,[1]기획현황취합!$E$1,FALSE))=TRUE,0,VLOOKUP($F32,[1]기획현황취합!$A$1:$E$64926,[1]기획현황취합!$E$1,FALSE)) -> 41907 | BA32: 41907 | BB32: 41918 | BC32: 0 | BD32: 0 | BE32: 0 | BF32: 0 | BG32: 확정 | BH32: 확정 | BI32: =IF($I32="TTL",SUMIF($C:$C,MID($K32,1,SEARCH("TTL",$K32)-2),$BI:$BI),SUMIF(실입고현황!$A:$A,BB32&VLOOKUP($AG32,'TARGET MU'!$A:$D,'TARGET MU'!$B$1,FALSE)&$Z32&" "&$AE32,실입고현황!$C:$C)) -> 198 | BJ32: =IF($I32="TTL",SUMIF($C:$C,MID($K32,1,SEARCH("TTL",$K32)-2),$BJ:$BJ),SUMIF(실입고현황!$A:$A,BC32&VLOOKUP($AG32,'TARGET MU'!$A:$D,'TARGET MU'!$B$1,FALSE)&$Z32&" "&$AE32,실입고현황!$C:$C)) -> 0 | BK32: =IF($I32="TTL",SUMIF($C:$C,MID($K32,1,SEARCH("TTL",$K32)-2),$BK:$BK),SUMIF(실입고현황!$A:$A,BD32&VLOOKUP($AG32,'TARGET MU'!$A:$D,'TARGET MU'!$B$1,FALSE)&$Z32&" "&$AE32,실입고현황!$C:$C)) -> 0 | BL32: =IF($I32="TTL",SUMIF($C:$C,MID($K32,1,SEARCH("TTL",$K32)-2),$BL:$BL),SUMIF(실입고현황!$A:$A,BE32&VLOOKUP($AG32,'TARGET MU'!$A:$D,'TARGET MU'!$B$1,FALSE)&$Z32&" "&$AE32,실입고현황!$C:$C)) -> 0 | BM32: =IF($I32="TTL",SUMIF($C:$C,MID($K32,1,SEARCH("TTL",$K32)-2),$BM:$BM),SUMIF(실입고현황!$A:$A,BF32&VLOOKUP($AG32,'TARGET MU'!$A:$D,'TARGET MU'!$B$1,FALSE)&$Z32&" "&$AE32,실입고현황!$C:$C)) -> 0 | BN32: =IF($I32="TTL",SUMIF($C:$C,MID($K32,1,SEARCH("TTL",$K32)-2),$BN:$BN),IF(($BO32-SUM($BI32,$BJ32,$BK32,BL32,BM32))<$BO32*$BN$6,0,$BO32-SUM($BI32,$BJ32,$BK32,BL32,BM32))) -> 0 | BO32: =IF($I32="TTL",SUMIF($C:$C,MID($K32,1,SEARCH("TTL",$K32)-2),$BO:$BO),$AF32) -> 200 | BP32: =IF($I32="TTL",SUMIF($C:$C,MID($K32,1,SEARCH("TTL",$K32)-2),$BP:$BP),IF($AO32=0,0,IF($AP32=0,$AO32*$AF32,$AP32*$AF32))) -> 2453008 | BQ32: =IF($I32="TTL",SUMIF($C:$C,MID($K32,1,SEARCH("TTL",$K32)-2),$BQ:$BQ),$AM32*$AF32) -> 15000000 | BR32: =IF(ISERROR($BQ32/($BP32*1.1))=TRUE,0,$BQ32/($BP32*1.1)) -> 5.5590376 | BT32: =IF(ISERROR(Z32&VLOOKUP($AG32,'TARGET MU'!$A:$D,'TARGET MU'!$B$1,FALSE))=TRUE,"",Z32&VLOOKUP($AG32,'TARGET MU'!$A:$D,'TARGET MU'!$B$1,FALSE)) -> NOKTPF5511BKZHENJIANG EVERRICH | BU32: =AP32 -> 12265.04 | BV32: =Z32&AE32&AF32&AM32&AG32&AI32&AK32 -> NOKTPF5511BKFRE20075000EVERRICH TEXTILE01CN | BX32: =IF($I32="TTL","",$L32) -> NOK | BY32: =$O32 -> 5 | BZ32: =$AJ32 -> M | CA32: =$P32 -> TP | CB32: =$R32 -> K | CC32: =$AK32 -> CN | CD32: =$W32 -> 14FW NV 09_TROOPER_BK_KIDS | CE32: =$U32 -> NOKTPF5511 | CF32: =$T32 -> 511 | CG32: =$W32 -> 14FW NV 09_TROOPER_BK_KIDS | CH32: =$X32 -> BK | CI32: =$AD32 -> 1 | CJ32: =$AE32 -> FRE | CK32: =IF($I32="TTL",SUMIF($C:$C,MID($K32,1,SEARCH("TTL",$K32)-2),$BO:$BO),$AF32) -> 200 | CL32: =$AV32 -> 9.6 | CM32: =$AM32 -> 75000 | CN32: =$AP32-$AU32 -> 11975.04 | CO32: =$AU32 -> 290 | CP32: =$AL32 -> 1 | CQ32: 1011 | CT32: =IF($I32="TTL",$K32,$Z32&$AE32) -> NOKTPF5511BKFRE | CU32: =$M32 -> NOVENT KIDS | CV32: =IF($I32="TTL","",IF($CX32="","",$Q32&"_"&$T32&IF(N32="K","_KIDS",IF(N32="I","_INFANT","")))) -> TROOPER_511 | CW32: =IF($I32="TTL","",IF($CT32="","",$Y32&"_"&$AE32)) -> BLACK_FRE | CX32: =$L32 -> NOK | CY32: =$T32 -> 511 | CZ32: =IF($I32="TTL",SUMIF($C:$C,MID($K32,1,SEARCH("TTL",$K32)-2),$CZ:$CZ),$AF32) -> 200 | DA32: =$AM32 -> 75000 | DB32: =$Y32 -> BLACK | DC32: =$AE32 -> FRE | DG32: 41739 | DH32: =IF(OR($I32="TTL",$I32=""),"",AZ32-$DH$11) -> 41817 | DI32: 41743 | DJ32: 41744 | DK32: 41795 | DL32: 3 | DM32: 3 | DN32: x | DO32: 41778 | DP32: =IF(OR($DN32="없음",$I32="TTL",$I32=""),"",AZ32-$DP$11) -> 41847 | DQ32: x | DR32: 41810 | DS32: 41795 | DT32: 06/10 07/10 | DU32: 06/12 07/10 | DV32: 7/17 발송완료 | DW32: x | DX32: 41904 | DY32: 입고완료 | EC32: =IF(OR(Z31&AX31=Z32&AX31,Z32&AX32=""),"",Z32&AX32) -> NOKTPF5511BK41738 | ED32: =IF(OR(Z31&AE31=Z32&AE32,Z32=""),"",Z32&AE32) -> NOKTPF5511BKFRE | EE32: =IF(ED32="",0,IF(COUNTIF(ED$12:ED31,ED32)=0,0,COUNTIF(ED$12:ED31,ED32))) -> 0 | EF32: =IF(OR($AJ32="B",$ED32="",MID($U32,8,1)=$EF$9,MID($U32,8,1)=$EF$10),0,1) -> 0 | EG32: =IF(EE32+EF32=0,"","R"&(EE32+EF32)) | EI32: =IF($ED32="","",IF($EE32=0,U32,"")) -> NOKTPF5511 | EJ32: =IF($ED32="","",IF($EE32=0,Z32,"")) -> NOKTPF5511BK | EL32: 41801 | EM32: 41824 | EN32: x | EO32: X | EP32: X | EQ32: X
A33: =IF(OR($I33="TTL",$I33=""),"",IF(ISERROR(VLOOKUP($B33,CODE!$D:$G,CODE!$F$1-2,FALSE))=TRUE,"전략",VLOOKUP($B33,CODE!$D:$G,CODE!$F$1-2,FALSE))) -> SPORTS | B33: =IF(OR($I33="TTL",$I33=""),"",IF(VLOOKUP($P33,CODE!$K:$O,CODE!$O$1,FALSE)="",$I33,$I33&"-"&VLOOKUP($P33,CODE!$K:$O,CODE!$O$1,FALSE))) -> NOK | C33: =IF($I33="TTL","",I33&"-"&$AG33&"-"&$AI33) -> NOK-EVERRICH TEXTILE-01 | D33: =$C33&$Z33 -> NOK-EVERRICH TEXTILE-01NOKTPF5511RE | E33: =IF($I33="TTL",0,IF(ISERROR(IF($Z32=$Z33,$E32,$E32+1))=TRUE,1,IF($Z32=$Z33,$E32,$E32+1))) -> 3 | F33: =$C33&$E33 -> NOK-EVERRICH TEXTILE-013 | G33: =$F33&"-"&$U33&$Y33&$AE33 -> NOK-EVERRICH TEXTILE-013-NOKTPF5511REDFRE | H33: =IF(ISERROR(I33&VLOOKUP(P33,CODE!$K:$N,CODE!$N$1,FALSE)&S33)=TRUE,0,I33&VLOOKUP(P33,CODE!$K:$N,CODE!$N$1,FALSE)&S33) -> NOK의류외511 | I33: =IF(ISERROR(SEARCH("TTL",$K33))=TRUE,IF($L33="","",VLOOKUP($L33,CODE!$B:$G,CODE!$D$1,FALSE)),"TTL") -> NOK | J33: =MID(W33,1,6) -> 14FW N | L33: NOK | M33: =IF(OR($I33="TTL",$L33=""),"",VLOOKUP($L33,CODE!$B:$D,CODE!$C$1,FALSE)) -> NOVENT KIDS | N33: =IF(OR($I33="TTL",$L33=""),"",VLOOKUP($K$2,CODE!$S:$T,CODE!$T$1-1,FALSE)) -> F | O33: 5 | P33: TP | Q33: =IF(OR($I33="TTL",$P33=""),"",VLOOKUP($P33,CODE!$K:$M,CODE!$L$1,FALSE)) -> TROOPER | R33: K | S33: 511 | T33: =IF(OR($I33="TTL",$S33=""),"",IF($S33<10,"00"&$S33,IF($S33<100,"0"&$S33,$S33))) -> 511 | U33: =IF($I33="TTL","",$L33&$P33&$N33&$O33&$T33) -> NOKTPF5511 | V33: =IF($I33="TTL",SUMIF($C:$C,MID($K33,1,SEARCH("TTL",$K33)-2),$V:$V),IF($EI33="",0,1/COUNTIF($EI:$EI,$EI33))) -> 0.33333333 | W33: 14FW NV 09_TROOPER_RE_KIDS | X33: =IF($Y33="","",VLOOKUP($Y33,CODE!$AE:$AF,CODE!$AF$1-1,FALSE)) -> RE | Y33: RED | Z33: =$U33&$X33 -> NOKTPF5511RE | AA33: =VLOOKUP($Z33&$AX33,$EC:$EG,5,FALSE) | AB33: =IF($I33="TTL",SUMIF($C:$C,MID($K33,1,SEARCH("TTL",$K33)-2),$AB:$AB),IF($EJ33="",0,1/COUNTIF($EJ:$EJ,$EJ33))) -> 1 | AC33: 0 | AD33: 1 | AE33: FRE | AF33: 250 | AG33: EVERRICH TEXTILE | AH33: 1 | AI33: =IF($AH33=0,"",IF($AH33<10,"0"&$AH33,$AH33)) -> 01 | AJ33: M | AK33: CN | AL33: =IF($AK33=0,"",IF($AK33="KR",2,1)) -> 1 | AM33: =IF(ISERROR(VLOOKUP($F33,[1]기획현황취합!$A$1:$E$64926,[1]기획현황취합!$B$1,FALSE))=TRUE,0,VLOOKUP($F33,[1]기획현황취합!$A$1:$E$64926,[1]기획현황취합!$B$1,FALSE)) -> 75000 | AN33: =IF(ISERROR(VLOOKUP($F33,[1]기획현황취합!$A$1:$E$64926,[1]기획현황취합!$C$1,FALSE))=TRUE,0,VLOOKUP($F33,[1]기획현황취합!$A$1:$E$64926,[1]기획현황취합!$C$1,FALSE)) -> 41795 | AO33: =IF(ISERROR(($AM33/1.1)/VLOOKUP($AG33,'TARGET MU'!$A:$D,'TARGET MU'!$D$1,FALSE))=TRUE,0,($AM33/1.1)/VLOOKUP($AG33,'TARGET MU'!$A:$D,'TARGET MU'!$D$1,FALSE)) -> 11363.636 | AP33: =IF(OR(AF33=0,AND(AV33=0,AW33=0)),0,IF(AG33="캡보이2",AV33*$AQ$5+AU33,IF(OR(AK33="IN",AK33="BG",AK33="VT",AK33="CB"),$AU33+(($AV33*(1+$AW$4))*(HLOOKUP(VLOOKUP(AG33,'TARGET MU'!$A:$P,'TARGET MU'!$J$1,FALSE),$AO$4:$AR$5,2,FALSE)))+$AW33,$AU33+((($AV33*(1+$AW$4))*(1+HLOOKUP(VLOOKUP($P33,CODE!$K:$P,CODE!$P$1,FALSE),$AS$4:$AV$5,2,FALSE)))*(HLOOKUP(VLOOKUP(AG33,'TARGET MU'!$A:$P,'TARGET MU'!$J$1,FALSE),$AO$4:$AR$5,2,FALSE)))+$AW33))) -> 12690.82 | AQ33: =AP33-AO33 -> 1327.1836 | AR33: 800 | AS33: 270 | AT33: 20 | AU33: =SUM(AR33:AT33) -> 1090 | AV33: 9.3 | AW33: 0 | AX33: =IF(ISERROR(VLOOKUP($F33,[1]기획현황취합!$A$1:$E$64926,[1]기획현황취합!$D$1,FALSE))=TRUE,0,VLOOKUP($F33,[1]기획현황취합!$A$1:$E$64926,[1]기획현황취합!$D$1,FALSE)) -> 41738 | AY33: 41907 | AZ33: =IF(ISERROR(VLOOKUP($F33,[1]기획현황취합!$A$1:$E$64926,[1]기획현황취합!$E$1,FALSE))=TRUE,0,VLOOKUP($F33,[1]기획현황취합!$A$1:$E$64926,[1]기획현황취합!$E$1,FALSE)) -> 41907 | BA33: 41907 | BB33: 41918 | BC33: 0 | BD33: 0 | BE33: 0 | BF33: 0 | BG33: 확정 | BH33: 확정 | BI33: =IF($I33="TTL",SUMIF($C:$C,MID($K33,1,SEARCH("TTL",$K33)-2),$BI:$BI),SUMIF(실입고현황!$A:$A,BB33&VLOOKUP($AG33,'TARGET MU'!$A:$D,'TARGET MU'!$B$1,FALSE)&$Z33&" "&$AE33,실입고현황!$C:$C)) -> 245 | BJ33: =IF($I33="TTL",SUMIF($C:$C,MID($K33,1,SEARCH("TTL",$K33)-2),$BJ:$BJ),SUMIF(실입고현황!$A:$A,BC33&VLOOKUP($AG33,'TARGET MU'!$A:$D,'TARGET MU'!$B$1,FALSE)&$Z33&" "&$AE33,실입고현황!$C:$C)) -> 0 | BK33: =IF($I33="TTL",SUMIF($C:$C,MID($K33,1,SEARCH("TTL",$K33)-2),$BK:$BK),SUMIF(실입고현황!$A:$A,BD33&VLOOKUP($AG33,'TARGET MU'!$A:$D,'TARGET MU'!$B$1,FALSE)&$Z33&" "&$AE33,실입고현황!$C:$C)) -> 0 | BL33: =IF($I33="TTL",SUMIF($C:$C,MID($K33,1,SEARCH("TTL",$K33)-2),$BL:$BL),SUMIF(실입고현황!$A:$A,BE33&VLOOKUP($AG33,'TARGET MU'!$A:$D,'TARGET MU'!$B$1,FALSE)&$Z33&" "&$AE33,실입고현황!$C:$C)) -> 0 | BM33: =IF($I33="TTL",SUMIF($C:$C,MID($K33,1,SEARCH("TTL",$K33)-2),$BM:$BM),SUMIF(실입고현황!$A:$A,BF33&VLOOKUP($AG33,'TARGET MU'!$A:$D,'TARGET MU'!$B$1,FALSE)&$Z33&" "&$AE33,실입고현황!$C:$C)) -> 0 | BN33: =IF($I33="TTL",SUMIF($C:$C,MID($K33,1,SEARCH("TTL",$K33)-2),$BN:$BN),IF(($BO33-SUM($BI33,$BJ33,$BK33,BL33,BM33))<$BO33*$BN$6,0,$BO33-SUM($BI33,$BJ33,$BK33,BL33,BM33))) -> 0 | BO33: =IF($I33="TTL",SUMIF($C:$C,MID($K33,1,SEARCH("TTL",$K33)-2),$BO:$BO),$AF33) -> 250 | BP33: =IF($I33="TTL",SUMIF($C:$C,MID($K33,1,SEARCH("TTL",$K33)-2),$BP:$BP),IF($AO33=0,0,IF($AP33=0,$AO33*$AF33,$AP33*$AF33))) -> 3172705 | BQ33: =IF($I33="TTL",SUMIF($C:$C,MID($K33,1,SEARCH("TTL",$K33)-2),$BQ:$BQ),$AM33*$AF33) -> 18750000 | BR33: =IF(ISERROR($BQ33/($BP33*1.1))=TRUE,0,$BQ33/($BP33*1.1)) -> 5.3725306 | BT33: =IF(ISERROR(Z33&VLOOKUP($AG33,'TARGET MU'!$A:$D,'TARGET MU'!$B$1,FALSE))=TRUE,"",Z33&VLOOKUP($AG33,'TARGET MU'!$A:$D,'TARGET MU'!$B$1,FALSE)) -> NOKTPF5511REZHENJIANG EVERRICH | BU33: =AP33 -> 12690.82 | BV33: =Z33&AE33&AF33&AM33&AG33&AI33&AK33 -> NOKTPF5511REFRE25075000EVERRICH TEXTILE01CN | BX33: =IF($I33="TTL","",$L33) -> NOK | BY33: =$O33 -> 5 | BZ33: =$AJ33 -> M | CA33: =$P33 -> TP | CB33: =$R33 -> K | CC33: =$AK33 -> CN | CD33: =$W33 -> 14FW NV 09_TROOPER_RE_KIDS | CE33: =$U33 -> NOKTPF5511 | CF33: =$T33 -> 511 | CG33: =$W33 -> 14FW NV 09_TROOPER_RE_KIDS | CH33: =$X33 -> RE | CI33: =$AD33 -> 1 | CJ33: =$AE33 -> FRE | CK33: =IF($I33="TTL",SUMIF($C:$C,MID($K33,1,SEARCH("TTL",$K33)-2),$BO:$BO),$AF33) -> 250 | CL33: =$AV33 -> 9.3 | CM33: =$AM33 -> 75000 | CN33: =$AP33-$AU33 -> 11600.82 | CO33: =$AU33 -> 1090 | CP33: =$AL33 -> 1 | CQ33: 1011 | CT33: =IF($I33="TTL",$K33,$Z33&$AE33) -> NOKTPF5511REFRE | CU33: =$M33 -> NOVENT KIDS | CV33: =IF($I33="TTL","",IF($CX33="","",$Q33&"_"&$T33&IF(N33="K","_KIDS",IF(N33="I","_INFANT","")))) -> TROOPER_511 | CW33: =IF($I33="TTL","",IF($CT33="","",$Y33&"_"&$AE33)) -> RED_FRE | CX33: =$L33 -> NOK | CY33: =$T33 -> 511 | CZ33: =IF($I33="TTL",SUMIF($C:$C,MID($K33,1,SEARCH("TTL",$K33)-2),$CZ:$CZ),$AF33) -> 250 | DA33: =$AM33 -> 75000 | DB33: =$Y33 -> RED | DC33: =$AE33 -> FRE | DG33: 41739 | DH33: =IF(OR($I33="TTL",$I33=""),"",AZ33-$DH$11) -> 41817 | DI33: 41743 | DJ33: 41744 | DK33: 41795 | DL33: 3 | DM33: 3 | DN33: x | DO33: 41778 | DP33: =IF(OR($DN33="없음",$I33="TTL",$I33=""),"",AZ33-$DP$11) -> 41847 | DQ33: x | DR33: 41810 | DS33: 41795 | DT33: 06/10 07/10 | DU33: 06/12 07/10 | DV33: 7/17 발송완료 | DW33: x | DX33: 41904 | DY33: 입고완료 | EC33: =IF(OR(Z32&AX32=Z33&AX32,Z33&AX33=""),"",Z33&AX33) -> NOKTPF5511RE41738 | ED33: =IF(OR(Z32&AE32=Z33&AE33,Z33=""),"",Z33&AE33) -> NOKTPF5511REFRE | EE33: =IF(ED33="",0,IF(COUNTIF(ED$12:ED32,ED33)=0,0,COUNTIF(ED$12:ED32,ED33))) -> 0 | EF33: =IF(OR($AJ33="B",$ED33="",MID($U33,8,1)=$EF$9,MID($U33,8,1)=$EF$10),0,1) -> 0 | EG33: =IF(EE33+EF33=0,"","R"&(EE33+EF33)) | EI33: =IF($ED33="","",IF($EE33=0,U33,"")) -> NOKTPF5511 | EJ33: =IF($ED33="","",IF($EE33=0,Z33,"")) -> NOKTPF5511RE | EL33: 41801 | EM33: 41824 | EN33: x | EO33: X | EP33: X | EQ33: X
A34: =IF(OR($I34="TTL",$I34=""),"",IF(ISERROR(VLOOKUP($B34,CODE!$D:$G,CODE!$F$1-2,FALSE))=TRUE,"전략",VLOOKUP($B34,CODE!$D:$G,CODE!$F$1-2,FALSE))) -> SPORTS | B34: =IF(OR($I34="TTL",$I34=""),"",IF(VLOOKUP($P34,CODE!$K:$O,CODE!$O$1,FALSE)="",$I34,$I34&"-"&VLOOKUP($P34,CODE!$K:$O,CODE!$O$1,FALSE))) -> NOK | C34: =IF($I34="TTL","",I34&"-"&$AG34&"-"&$AI34) -> NOK-EVERRICH TEXTILE-01 | D34: =$C34&$Z34 -> NOK-EVERRICH TEXTILE-01NOKTPF5511PK | E34: =IF($I34="TTL",0,IF(ISERROR(IF($Z33=$Z34,$E33,$E33+1))=TRUE,1,IF($Z33=$Z34,$E33,$E33+1))) -> 4 | F34: =$C34&$E34 -> NOK-EVERRICH TEXTILE-014 | G34: =$F34&"-"&$U34&$Y34&$AE34 -> NOK-EVERRICH TEXTILE-014-NOKTPF5511PINKFRE | H34: =IF(ISERROR(I34&VLOOKUP(P34,CODE!$K:$N,CODE!$N$1,FALSE)&S34)=TRUE,0,I34&VLOOKUP(P34,CODE!$K:$N,CODE!$N$1,FALSE)&S34) -> NOK의류외511 | I34: =IF(ISERROR(SEARCH("TTL",$K34))=TRUE,IF($L34="","",VLOOKUP($L34,CODE!$B:$G,CODE!$D$1,FALSE)),"TTL") -> NOK | J34: =MID(W34,1,6) -> 14FW N | L34: NOK | M34: =IF(OR($I34="TTL",$L34=""),"",VLOOKUP($L34,CODE!$B:$D,CODE!$C$1,FALSE)) -> NOVENT KIDS | N34: =IF(OR($I34="TTL",$L34=""),"",VLOOKUP($K$2,CODE!$S:$T,CODE!$T$1-1,FALSE)) -> F | O34: 5 | P34: TP | Q34: =IF(OR($I34="TTL",$P34=""),"",VLOOKUP($P34,CODE!$K:$M,CODE!$L$1,FALSE)) -> TROOPER | R34: K | S34: 511 | T34: =IF(OR($I34="TTL",$S34=""),"",IF($S34<10,"00"&$S34,IF($S34<100,"0"&$S34,$S34))) -> 511 | U34: =IF($I34="TTL","",$L34&$P34&$N34&$O34&$T34) -> NOKTPF5511 | V34: =IF($I34="TTL",SUMIF($C:$C,MID($K34,1,SEARCH("TTL",$K34)-2),$V:$V),IF($EI34="",0,1/COUNTIF($EI:$EI,$EI34))) -> 0.33333333 | W34: 14FW NV 09_TROOPER_PK_KIDS | X34: =IF($Y34="","",VLOOKUP($Y34,CODE!$AE:$AF,CODE!$AF$1-1,FALSE)) -> PK | Y34: PINK | Z34: =$U34&$X34 -> NOKTPF5511PK | AA34: =VLOOKUP($Z34&$AX34,$EC:$EG,5,FALSE) | AB34: =IF($I34="TTL",SUMIF($C:$C,MID($K34,1,SEARCH("TTL",$K34)-2),$AB:$AB),IF($EJ34="",0,1/COUNTIF($EJ:$EJ,$EJ34))) -> 1 | AC34: 0 | AD34: 1 | AE34: FRE | AF34: 250 | AG34: EVERRICH TEXTILE | AH34: 1 | AI34: =IF($AH34=0,"",IF($AH34<10,"0"&$AH34,$AH34)) -> 01 | AJ34: M | AK34: CN | AL34: =IF($AK34=0,"",IF($AK34="KR",2,1)) -> 1 | AM34: =IF(ISERROR(VLOOKUP($F34,[1]기획현황취합!$A$1:$E$64926,[1]기획현황취합!$B$1,FALSE))=TRUE,0,VLOOKUP($F34,[1]기획현황취합!$A$1:$E$64926,[1]기획현황취합!$B$1,FALSE)) -> 75000 | AN34: =IF(ISERROR(VLOOKUP($F34,[1]기획현황취합!$A$1:$E$64926,[1]기획현황취합!$C$1,FALSE))=TRUE,0,VLOOKUP($F34,[1]기획현황취합!$A$1:$E$64926,[1]기획현황취합!$C$1,FALSE)) -> 41795 | AO34: =IF(ISERROR(($AM34/1.1)/VLOOKUP($AG34,'TARGET MU'!$A:$D,'TARGET MU'!$D$1,FALSE))=TRUE,0,($AM34/1.1)/VLOOKUP($AG34,'TARGET MU'!$A:$D,'TARGET MU'!$D$1,FALSE)) -> 11363.636 | AP34: =IF(OR(AF34=0,AND(AV34=0,AW34=0)),0,IF(AG34="캡보이2",AV34*$AQ$5+AU34,IF(OR(AK34="IN",AK34="BG",AK34="VT",AK34="CB"),$AU34+(($AV34*(1+$AW$4))*(HLOOKUP(VLOOKUP(AG34,'TARGET MU'!$A:$P,'TARGET MU'!$J$1,FALSE),$AO$4:$AR$5,2,FALSE)))+$AW34,$AU34+((($AV34*(1+$AW$4))*(1+HLOOKUP(VLOOKUP($P34,CODE!$K:$P,CODE!$P$1,FALSE),$AS$4:$AV$5,2,FALSE)))*(HLOOKUP(VLOOKUP(AG34,'TARGET MU'!$A:$P,'TARGET MU'!$J$1,FALSE),$AO$4:$AR$5,2,FALSE)))+$AW34))) -> 12741.34 | AQ34: =AP34-AO34 -> 1377.7036 | AR34: 1100 | AS34: 270 | AT34: 20 | AU34: =SUM(AR34:AT34) -> 1390 | AV34: 9.1 | AW34: 0 | AX34: =IF(ISERROR(VLOOKUP($F34,[1]기획현황취합!$A$1:$E$64926,[1]기획현황취합!$D$1,FALSE))=TRUE,0,VLOOKUP($F34,[1]기획현황취합!$A$1:$E$64926,[1]기획현황취합!$D$1,FALSE)) -> 41738 | AY34: 41907 | AZ34: =IF(ISERROR(VLOOKUP($F34,[1]기획현황취합!$A$1:$E$64926,[1]기획현황취합!$E$1,FALSE))=TRUE,0,VLOOKUP($F34,[1]기획현황취합!$A$1:$E$64926,[1]기획현황취합!$E$1,FALSE)) -> 41907 | BA34: 41907 | BB34: 41918 | BC34: 0 | BD34: 0 | BE34: 0 | BF34: 0 | BG34: 확정 | BH34: 확정 | BI34: =IF($I34="TTL",SUMIF($C:$C,MID($K34,1,SEARCH("TTL",$K34)-2),$BI:$BI),SUMIF(실입고현황!$A:$A,BB34&VLOOKUP($AG34,'TARGET MU'!$A:$D,'TARGET MU'!$B$1,FALSE)&$Z34&" "&$AE34,실입고현황!$C:$C)) -> 245 | BJ34: =IF($I34="TTL",SUMIF($C:$C,MID($K34,1,SEARCH("TTL",$K34)-2),$BJ:$BJ),SUMIF(실입고현황!$A:$A,BC34&VLOOKUP($AG34,'TARGET MU'!$A:$D,'TARGET MU'!$B$1,FALSE)&$Z34&" "&$AE34,실입고현황!$C:$C)) -> 0 | BK34: =IF($I34="TTL",SUMIF($C:$C,MID($K34,1,SEARCH("TTL",$K34)-2),$BK:$BK),SUMIF(실입고현황!$A:$A,BD34&VLOOKUP($AG34,'TARGET MU'!$A:$D,'TARGET MU'!$B$1,FALSE)&$Z34&" "&$AE34,실입고현황!$C:$C)) -> 0 | BL34: =IF($I34="TTL",SUMIF($C:$C,MID($K34,1,SEARCH("TTL",$K34)-2),$BL:$BL),SUMIF(실입고현황!$A:$A,BE34&VLOOKUP($AG34,'TARGET MU'!$A:$D,'TARGET MU'!$B$1,FALSE)&$Z34&" "&$AE34,실입고현황!$C:$C)) -> 0 | BM34: =IF($I34="TTL",SUMIF($C:$C,MID($K34,1,SEARCH("TTL",$K34)-2),$BM:$BM),SUMIF(실입고현황!$A:$A,BF34&VLOOKUP($AG34,'TARGET MU'!$A:$D,'TARGET MU'!$B$1,FALSE)&$Z34&" "&$AE34,실입고현황!$C:$C)) -> 0 | BN34: =IF($I34="TTL",SUMIF($C:$C,MID($K34,1,SEARCH("TTL",$K34)-2),$BN:$BN),IF(($BO34-SUM($BI34,$BJ34,$BK34,BL34,BM34))<$BO34*$BN$6,0,$BO34-SUM($BI34,$BJ34,$BK34,BL34,BM34))) -> 0 | BO34: =IF($I34="TTL",SUMIF($C:$C,MID($K34,1,SEARCH("TTL",$K34)-2),$BO:$BO),$AF34) -> 250 | BP34: =IF($I34="TTL",SUMIF($C:$C,MID($K34,1,SEARCH("TTL",$K34)-2),$BP:$BP),IF($AO34=0,0,IF($AP34=0,$AO34*$AF34,$AP34*$AF34))) -> 3185335 | BQ34: =IF($I34="TTL",SUMIF($C:$C,MID($K34,1,SEARCH("TTL",$K34)-2),$BQ:$BQ),$AM34*$AF34) -> 18750000 | BR34: =IF(ISERROR($BQ34/($BP34*1.1))=TRUE,0,$BQ34/($BP34*1.1)) -> 5.3512282 | BT34: =IF(ISERROR(Z34&VLOOKUP($AG34,'TARGET MU'!$A:$D,'TARGET MU'!$B$1,FALSE))=TRUE,"",Z34&VLOOKUP($AG34,'TARGET MU'!$A:$D,'TARGET MU'!$B$1,FALSE)) -> NOKTPF5511PKZHENJIANG EVERRICH | BU34: =AP34 -> 12741.34 | BV34: =Z34&AE34&AF34&AM34&AG34&AI34&AK34 -> NOKTPF5511PKFRE25075000EVERRICH TEXTILE01CN | BX34: =IF($I34="TTL","",$L34) -> NOK | BY34: =$O34 -> 5 | BZ34: =$AJ34 -> M | CA34: =$P34 -> TP | CB34: =$R34 -> K | CC34: =$AK34 -> CN | CD34: =$W34 -> 14FW NV 09_TROOPER_PK_KIDS | CE34: =$U34 -> NOKTPF5511 | CF34: =$T34 -> 511 | CG34: =$W34 -> 14FW NV 09_TROOPER_PK_KIDS | CH34: =$X34 -> PK | CI34: =$AD34 -> 1 | CJ34: =$AE34 -> FRE | CK34: =IF($I34="TTL",SUMIF($C:$C,MID($K34,1,SEARCH("TTL",$K34)-2),$BO:$BO),$AF34) -> 250 | CL34: =$AV34 -> 9.1 | CM34: =$AM34 -> 75000 | CN34: =$AP34-$AU34 -> 11351.34 | CO34: =$AU34 -> 1390 | CP34: =$AL34 -> 1 | CQ34: 1011 | CT34: =IF($I34="TTL",$K34,$Z34&$AE34) -> NOKTPF5511PKFRE | CU34: =$M34 -> NOVENT KIDS | CV34: =IF($I34="TTL","",IF($CX34="","",$Q34&"_"&$T34&IF(N34="K","_KIDS",IF(N34="I","_INFANT","")))) -> TROOPER_511 | CW34: =IF($I34="TTL","",IF($CT34="","",$Y34&"_"&$AE34)) -> PINK_FRE | CX34: =$L34 -> NOK | CY34: =$T34 -> 511 | CZ34: =IF($I34="TTL",SUMIF($C:$C,MID($K34,1,SEARCH("TTL",$K34)-2),$CZ:$CZ),$AF34) -> 250 | DA34: =$AM34 -> 75000 | DB34: =$Y34 -> PINK | DC34: =$AE34 -> FRE | DG34: 41739 | DH34: =IF(OR($I34="TTL",$I34=""),"",AZ34-$DH$11) -> 41817 | DI34: 41743 | DJ34: 41744 | DK34: 41795 | DL34: 3 | DM34: 2 | DN34: 41751 | DO34: 41778 | DP34: =IF(OR($DN34="없음",$I34="TTL",$I34=""),"",AZ34-$DP$11) -> 41847 | DQ34: 41766 | DR34: 41810 | DS34: 41795 | DT34: 06/10 07/10 | DU34: 06/12 07/10 | DV34: 7/17 발송완료 | DW34: x | DX34: 41904 | DY34: 입고완료 | EC34: =IF(OR(Z33&AX33=Z34&AX33,Z34&AX34=""),"",Z34&AX34) -> NOKTPF5511PK41738 | ED34: =IF(OR(Z33&AE33=Z34&AE34,Z34=""),"",Z34&AE34) -> NOKTPF5511PKFRE | EE34: =IF(ED34="",0,IF(COUNTIF(ED$12:ED33,ED34)=0,0,COUNTIF(ED$12:ED33,ED34))) -> 0 | EF34: =IF(OR($AJ34="B",$ED34="",MID($U34,8,1)=$EF$9,MID($U34,8,1)=$EF$10),0,1) -> 0 | EG34: =IF(EE34+EF34=0,"","R"&(EE34+EF34)) | EI34: =IF($ED34="","",IF($EE34=0,U34,"")) -> NOKTPF5511 | EJ34: =IF($ED34="","",IF($EE34=0,Z34,"")) -> NOKTPF5511PK | EL34: 41801 | EM34: 41824 | EN34: x | EO34: X | EP34: X | EQ34: X
A35: =IF(OR($I35="TTL",$I35=""),"",IF(ISERROR(VLOOKUP($B35,CODE!$D:$G,CODE!$F$1-2,FALSE))=TRUE,"전략",VLOOKUP($B35,CODE!$D:$G,CODE!$F$1-2,FALSE))) | B35: =IF(OR($I35="TTL",$I35=""),"",IF(VLOOKUP($P35,CODE!$K:$O,CODE!$O$1,FALSE)="",$I35,$I35&"-"&VLOOKUP($P35,CODE!$K:$O,CODE!$O$1,FALSE))) | C35: =IF($I35="TTL","",I35&"-"&$AG35&"-"&$AI35) | D35: =$C35&$Z35 | E35: =IF($I35="TTL",0,IF(ISERROR(IF($Z34=$Z35,$E34,$E34+1))=TRUE,1,IF($Z34=$Z35,$E34,$E34+1))) -> 0 | F35: =$C35&$E35 -> 0 | G35: =$F35&"-"&$U35&$Y35&$AE35 -> 0- | H35: =IF(ISERROR(I35&VLOOKUP(P35,CODE!$K:$N,CODE!$N$1,FALSE)&S35)=TRUE,0,I35&VLOOKUP(P35,CODE!$K:$N,CODE!$N$1,FALSE)&S35) -> 0 | I35: =IF(ISERROR(SEARCH("TTL",$K35))=TRUE,IF($L35="","",VLOOKUP($L35,CODE!$B:$G,CODE!$D$1,FALSE)),"TTL") -> TTL | J35: =MID(W35,1,6) | K35: =C34&" TTL" -> NOK-EVERRICH TEXTILE-01 TTL | M35: =IF(OR($I35="TTL",$L35=""),"",VLOOKUP($L35,CODE!$B:$D,CODE!$C$1,FALSE)) | N35: =IF(OR($I35="TTL",$L35=""),"",VLOOKUP($K$2,CODE!$S:$T,CODE!$T$1-1,FALSE)) | O35: =IF(OR($I35="TTL",$L35=""),"",VLOOKUP($L$2,CODE!$X:$Y,CODE!$Y$1-1,FALSE)) | Q35: =IF(OR($I35="TTL",$P35=""),"",VLOOKUP($P35,CODE!$K:$M,CODE!$L$1,FALSE)) | R35: K | T35: =IF(OR($I35="TTL",$S35=""),"",IF($S35<10,"00"&$S35,IF($S35<100,"0"&$S35,$S35))) | U35: =IF($I35="TTL","",$L35&$P35&$N35&$O35&$T35) | V35: =IF($I35="TTL",SUMIF($C:$C,MID($K35,1,SEARCH("TTL",$K35)-2),$V:$V),IF($EI35="",0,1/COUNTIF($EI:$EI,$EI35))) -> 2 | X35: =IF($Y35="","",VLOOKUP($Y35,CODE!$AE:$AF,CODE!$AF$1-1,FALSE)) | Z35: =$U35&$X35 | AA35: =VLOOKUP($Z35&$AX35,$EC:$EG,5,FALSE) | AB35: =IF($I35="TTL",SUMIF($C:$C,MID($K35,1,SEARCH("TTL",$K35)-2),$AB:$AB),IF($EJ35="",0,1/COUNTIF($EJ:$EJ,$EJ35))) -> 4 | AC35: 0 | AD35: 1 | AI35: =IF($AH35=0,"",IF($AH35<10,"0"&$AH35,$AH35)) | AL35: =IF($AK35=0,"",IF($AK35="KR",2,1)) | AM35: =IF(ISERROR(VLOOKUP($F35,[1]기획현황취합!$A$1:$E$64926,[1]기획현황취합!$B$1,FALSE))=TRUE,0,VLOOKUP($F35,[1]기획현황취합!$A$1:$E$64926,[1]기획현황취합!$B$1,FALSE)) -> 0 | AN35: =IF(ISERROR(VLOOKUP($F35,[1]기획현황취합!$A$1:$E$64926,[1]기획현황취합!$C$1,FALSE))=TRUE,0,VLOOKUP($F35,[1]기획현황취합!$A$1:$E$64926,[1]기획현황취합!$C$1,FALSE)) -> 0 | AO35: =IF(ISERROR(($AM35/1.1)/VLOOKUP($AG35,'TARGET MU'!$A:$D,'TARGET MU'!$D$1,FALSE))=TRUE,0,($AM35/1.1)/VLOOKUP($AG35,'TARGET MU'!$A:$D,'TARGET MU'!$D$1,FALSE)) -> 0 | AP35: =IF(OR(AF35=0,AND(AV35=0,AW35=0)),0,IF(AG35="캡보이2",AV35*$AQ$5+AU35,IF(OR(AK35="IN",AK35="BG",AK35="VT",AK35="CB"),$AU35+(($AV35*(1+$AW$4))*(HLOOKUP(VLOOKUP(AG35,'TARGET MU'!$A:$P,'TARGET MU'!$J$1,FALSE),$AO$4:$AR$5,2,FALSE)))+$AW35,$AU35+((($AV35*(1+$AW$4))*(1+HLOOKUP(VLOOKUP($P35,CODE!$K:$P,CODE!$P$1,FALSE),$AS$4:$AV$5,2,FALSE)))*(HLOOKUP(VLOOKUP(AG35,'TARGET MU'!$A:$P,'TARGET MU'!$J$1,FALSE),$AO$4:$AR$5,2,FALSE)))+$AW35))) -> 0 | AQ35: =AP35-AO35 -> 0 | AR35: 0 | AS35: 0 | AU35: =SUM(AR35:AT35) -> 0 | AV35: 0 | AW35: 0 | AX35: =IF(ISERROR(VLOOKUP($F35,[1]기획현황취합!$A$1:$E$64926,[1]기획현황취합!$D$1,FALSE))=TRUE,0,VLOOKUP($F35,[1]기획현황취합!$A$1:$E$64926,[1]기획현황취합!$D$1,FALSE)) -> 0 | AY35: 0 | AZ35: =IF(ISERROR(VLOOKUP($F35,[1]기획현황취합!$A$1:$E$64926,[1]기획현황취합!$E$1,FALSE))=TRUE,0,VLOOKUP($F35,[1]기획현황취합!$A$1:$E$64926,[1]기획현황취합!$E$1,FALSE)) -> 0 | BA35: 0 | BB35: 0 | BC35: 0 | BD35: 0 | BE35: 0 | BF35: 0 | BG35: 0 | BH35: 0 | BI35: =IF($I35="TTL",SUMIF($C:$C,MID($K35,1,SEARCH("TTL",$K35)-2),$BI:$BI),SUMIF(실입고현황!$A:$A,BB35&VLOOKUP($AG35,'TARGET MU'!$A:$D,'TARGET MU'!$B$1,FALSE)&$Z35&" "&$AE35,실입고현황!$C:$C)) -> 887 | BJ35: =IF($I35="TTL",SUMIF($C:$C,MID($K35,1,SEARCH("TTL",$K35)-2),$BJ:$BJ),SUMIF(실입고현황!$A:$A,BC35&VLOOKUP($AG35,'TARGET MU'!$A:$D,'TARGET MU'!$B$1,FALSE)&$Z35&" "&$AE35,실입고현황!$C:$C)) -> 0 | BK35: =IF($I35="TTL",SUMIF($C:$C,MID($K35,1,SEARCH("TTL",$K35)-2),$BK:$BK),SUMIF(실입고현황!$A:$A,BD35&VLOOKUP($AG35,'TARGET MU'!$A:$D,'TARGET MU'!$B$1,FALSE)&$Z35&" "&$AE35,실입고현황!$C:$C)) -> 0 | BL35: =IF($I35="TTL",SUMIF($C:$C,MID($K35,1,SEARCH("TTL",$K35)-2),$BL:$BL),SUMIF(실입고현황!$A:$A,BE35&VLOOKUP($AG35,'TARGET MU'!$A:$D,'TARGET MU'!$B$1,FALSE)&$Z35&" "&$AE35,실입고현황!$C:$C)) -> 0 | BM35: =IF($I35="TTL",SUMIF($C:$C,MID($K35,1,SEARCH("TTL",$K35)-2),$BM:$BM),SUMIF(실입고현황!$A:$A,BF35&VLOOKUP($AG35,'TARGET MU'!$A:$D,'TARGET MU'!$B$1,FALSE)&$Z35&" "&$AE35,실입고현황!$C:$C)) -> 0 | BN35: =IF($I35="TTL",SUMIF($C:$C,MID($K35,1,SEARCH("TTL",$K35)-2),$BN:$BN),IF(($BO35-SUM($BI35,$BJ35,$BK35,BL35,BM35))<$BO35*$BN$6,0,$BO35-SUM($BI35,$BJ35,$BK35,BL35,BM35))) -> 0 | BO35: =IF($I35="TTL",SUMIF($C:$C,MID($K35,1,SEARCH("TTL",$K35)-2),$BO:$BO),$AF35) -> 900 | BP35: =IF($I35="TTL",SUMIF($C:$C,MID($K35,1,SEARCH("TTL",$K35)-2),$BP:$BP),IF($AO35=0,0,IF($AP35=0,$AO35*$AF35,$AP35*$AF35))) -> 11509412 | BQ35: =IF($I35="TTL",SUMIF($C:$C,MID($K35,1,SEARCH("TTL",$K35)-2),$BQ:$BQ),$AM35*$AF35) -> 67500000 | BR35: =IF(ISERROR($BQ35/($BP35*1.1))=TRUE,0,$BQ35/($BP35*1.1)) -> 5.3316048 | BT35: =IF(ISERROR(Z35&VLOOKUP($AG35,'TARGET MU'!$A:$D,'TARGET MU'!$B$1,FALSE))=TRUE,"",Z35&VLOOKUP($AG35,'TARGET MU'!$A:$D,'TARGET MU'!$B$1,FALSE)) | BU35: =AP35 -> 0 | BV35: =Z35&AE35&AF35&AM35&AG35&AI35&AK35 -> 0 | BX35: =IF($I35="TTL","",$L35) | BY35: =$O35 | BZ35: =$AJ35 -> 0 | CA35: =$P35 -> 0 | CB35: =$R35 -> K | CC35: =$AK35 -> 0 | CD35: =$W35 -> 0 | CE35: =$U35 | CF35: =$T35 | CG35: =$W35 -> 0 | CH35: =$X35 | CI35: =$AD35 -> 1 | CJ35: =$AE35 -> 0 | CK35: =IF($I35="TTL",SUMIF($C:$C,MID($K35,1,SEARCH("TTL",$K35)-2),$BO:$BO),$AF35) -> 900 | CL35: =$AV35 -> 0 | CM35: =$AM35 -> 0 | CN35: =$AP35-$AU35 -> 0 | CO35: =$AU35 -> 0 | CP35: =$AL35 | CT35: =IF($I35="TTL",$K35,$Z35&$AE35) -> NOK-EVERRICH TEXTILE-01 TTL | CU35: =$M35 | CV35: =IF($I35="TTL","",IF($CX35="","",$Q35&"_"&$T35&IF(N35="K","_KIDS",IF(N35="I","_INFANT","")))) | CW35: =IF($I35="TTL","",IF($CT35="","",$Y35&"_"&$AE35)) | CX35: =$L35 -> 0 | CY35: =$T35 | CZ35: =IF($I35="TTL",SUMIF($C:$C,MID($K35,1,SEARCH("TTL",$K35)-2),$CZ:$CZ),$AF35) -> 900 | DA35: =$AM35 -> 0 | DB35: =$Y35 -> 0 | DC35: =$AE35 -> 0 | DH35: =IF(OR($I35="TTL",$I35=""),"",AZ35-$DH$11) | DP35: =IF(OR($DN35="없음",$I35="TTL",$I35=""),"",AZ35-$DP$11) | EC35: =IF(OR(Z34&AX34=Z35&AX34,Z35&AX35=""),"",Z35&AX35) -> 0 | ED35: =IF(OR(Z34&AE34=Z35&AE35,Z35=""),"",Z35&AE35) | EE35: =IF(ED35="",0,IF(COUNTIF(ED$12:ED34,ED35)=0,0,COUNTIF(ED$12:ED34,ED35))) -> 0 | EF35: =IF(OR($AJ35="B",$ED35="",MID($U35,8,1)=$EF$9,MID($U35,8,1)=$EF$10),0,1) -> 0 | EG35: =IF(EE35+EF35=0,"","R"&(EE35+EF35)) | EI35: =IF($ED35="","",IF($EE35=0,U35,"")) | EJ35: =IF($ED35="","",IF($EE35=0,Z35,""))
A36: =IF(OR($I36="TTL",$I36=""),"",IF(ISERROR(VLOOKUP($B36,CODE!$D:$G,CODE!$F$1-2,FALSE))=TRUE,"전략",VLOOKUP($B36,CODE!$D:$G,CODE!$F$1-2,FALSE))) -> F-CAP | B36: =IF(OR($I36="TTL",$I36=""),"",IF(VLOOKUP($P36,CODE!$K:$O,CODE!$O$1,FALSE)="",$I36,$I36&"-"&VLOOKUP($P36,CODE!$K:$O,CODE!$O$1,FALSE))) -> BRK | C36: =IF($I36="TTL","",I36&"-"&$AG36&"-"&$AI36) -> BRK-동일모자-07 | D36: =$C36&$Z36 -> BRK-동일모자-07BRKBAF5501GY | E36: =IF($I36="TTL",0,IF(ISERROR(IF($Z35=$Z36,$E35,$E35+1))=TRUE,1,IF($Z35=$Z36,$E35,$E35+1))) -> 1 | F36: =$C36&$E36 -> BRK-동일모자-071 | G36: =$F36&"-"&$U36&$Y36&$AE36 -> BRK-동일모자-071-BRKBAF5501GREYXSS | H36: =IF(ISERROR(I36&VLOOKUP(P36,CODE!$K:$N,CODE!$N$1,FALSE)&S36)=TRUE,0,I36&VLOOKUP(P36,CODE!$K:$N,CODE!$N$1,FALSE)&S36) -> BRK의류외501 | I36: =IF(ISERROR(SEARCH("TTL",$K36))=TRUE,IF($L36="","",VLOOKUP($L36,CODE!$B:$G,CODE!$D$1,FALSE)),"TTL") -> BRK | J36: =MID(W36,1,6) -> 14FW B | L36: BRK | M36: =IF(OR($I36="TTL",$L36=""),"",VLOOKUP($L36,CODE!$B:$D,CODE!$C$1,FALSE)) -> BROWN SQURE KIDS | N36: =IF(OR($I36="TTL",$L36=""),"",VLOOKUP($K$2,CODE!$S:$T,CODE!$T$1-1,FALSE)) -> F | O36: 5 | P36: BA | Q36: =IF(OR($I36="TTL",$P36=""),"",VLOOKUP($P36,CODE!$K:$M,CODE!$L$1,FALSE)) -> BASIC CAP | R36: K | S36: 501 | T36: =IF(OR($I36="TTL",$S36=""),"",IF($S36<10,"00"&$S36,IF($S36<100,"0"&$S36,$S36))) -> 501 | U36: =IF($I36="TTL","",$L36&$P36&$N36&$O36&$T36) -> BRKBAF5501 | V36: =IF($I36="TTL",SUMIF($C:$C,MID($K36,1,SEARCH("TTL",$K36)-2),$V:$V),IF($EI36="",0,1/COUNTIF($EI:$EI,$EI36))) -> 0.16666667 | W36: 14FW BROWN_SQURE_CAP-01-GY_KIDS | X36: =IF($Y36="","",VLOOKUP($Y36,CODE!$AE:$AF,CODE!$AF$1-1,FALSE)) -> GY | Y36: GREY | Z36: =$U36&$X36 -> BRKBAF5501GY | AA36: =VLOOKUP($Z36&$AX36,$EC:$EG,5,FALSE) | AB36: =IF($I36="TTL",SUMIF($C:$C,MID($K36,1,SEARCH("TTL",$K36)-2),$AB:$AB),IF($EJ36="",0,1/COUNTIF($EJ:$EJ,$EJ36))) -> 0.33333333 | AC36: 0 | AD36: 1 | AE36: XSS | AF36: 250 | AG36: 동일모자 | AH36: 7 | AI36: =IF($AH36=0,"",IF($AH36<10,"0"&$AH36,$AH36)) -> 07 | AJ36: M | AK36: CN | AL36: =IF($AK36=0,"",IF($AK36="KR",2,1)) -> 1 | AM36: =IF(ISERROR(VLOOKUP($F36,[1]기획현황취합!$A$1:$E$64926,[1]기획현황취합!$B$1,FALSE))=TRUE,0,VLOOKUP($F36,[1]기획현황취합!$A$1:$E$64926,[1]기획현황취합!$B$1,FALSE)) -> 45000 | AN36: =IF(ISERROR(VLOOKUP($F36,[1]기획현황취합!$A$1:$E$64926,[1]기획현황취합!$C$1,FALSE))=TRUE,0,VLOOKUP($F36,[1]기획현황취합!$A$1:$E$64926,[1]기획현황취합!$C$1,FALSE)) -> 41820 | AO36: =IF(ISERROR(($AM36/1.1)/VLOOKUP($AG36,'TARGET MU'!$A:$D,'TARGET MU'!$D$1,FALSE))=TRUE,0,($AM36/1.1)/VLOOKUP($AG36,'TARGET MU'!$A:$D,'TARGET MU'!$D$1,FALSE)) -> 6818.1818 | AP36: =IF(OR(AF36=0,AND(AV36=0,AW36=0)),0,IF(AG36="캡보이2",AV36*$AQ$5+AU36,IF(OR(AK36="IN",AK36="BG",AK36="VT",AK36="CB"),$AU36+(($AV36*(1+$AW$4))*(HLOOKUP(VLOOKUP(AG36,'TARGET MU'!$A:$P,'TARGET MU'!$J$1,FALSE),$AO$4:$AR$5,2,FALSE)))+$AW36,$AU36+((($AV36*(1+$AW$4))*(1+HLOOKUP(VLOOKUP($P36,CODE!$K:$P,CODE!$P$1,FALSE),$AS$4:$AV$5,2,FALSE)))*(HLOOKUP(VLOOKUP(AG36,'TARGET MU'!$A:$P,'TARGET MU'!$J$1,FALSE),$AO$4:$AR$5,2,FALSE)))+$AW36))) -> 7379.66 | AQ36: =AP36-AO36 -> 561.47818 | AS36: 0 | AT36: 20 | AU36: =SUM(AR36:AT36) -> 20 | AV36: 5.9 | AW36: 0 | AX36: =IF(ISERROR(VLOOKUP($F36,[1]기획현황취합!$A$1:$E$64926,[1]기획현황취합!$D$1,FALSE))=TRUE,0,VLOOKUP($F36,[1]기획현황취합!$A$1:$E$64926,[1]기획현황취합!$D$1,FALSE)) -> 41738 | AY36: 0 | AZ36: =IF(ISERROR(VLOOKUP($F36,[1]기획현황취합!$A$1:$E$64926,[1]기획현황취합!$E$1,FALSE))=TRUE,0,VLOOKUP($F36,[1]기획현황취합!$A$1:$E$64926,[1]기획현황취합!$E$1,FALSE)) -> 41848 | BA36: 41848 | BB36: 41859 | BC36: 41883 | BD36: 0 | BE36: 0 | BF36: 0 | BG36: 확정 | BH36: 확정 | BI36: =IF($I36="TTL",SUMIF($C:$C,MID($K36,1,SEARCH("TTL",$K36)-2),$BI:$BI),SUMIF(실입고현황!$A:$A,BB36&VLOOKUP($AG36,'TARGET MU'!$A:$D,'TARGET MU'!$B$1,FALSE)&$Z36&" "&$AE36,실입고현황!$C:$C)) -> 219 | BJ36: =IF($I36="TTL",SUMIF($C:$C,MID($K36,1,SEARCH("TTL",$K36)-2),$BJ:$BJ),SUMIF(실입고현황!$A:$A,BC36&VLOOKUP($AG36,'TARGET MU'!$A:$D,'TARGET MU'!$B$1,FALSE)&$Z36&" "&$AE36,실입고현황!$C:$C)) -> 0 | BK36: =IF($I36="TTL",SUMIF($C:$C,MID($K36,1,SEARCH("TTL",$K36)-2),$BK:$BK),SUMIF(실입고현황!$A:$A,BD36&VLOOKUP($AG36,'TARGET MU'!$A:$D,'TARGET MU'!$B$1,FALSE)&$Z36&" "&$AE36,실입고현황!$C:$C)) -> 0 | BL36: =IF($I36="TTL",SUMIF($C:$C,MID($K36,1,SEARCH("TTL",$K36)-2),$BL:$BL),SUMIF(실입고현황!$A:$A,BE36&VLOOKUP($AG36,'TARGET MU'!$A:$D,'TARGET MU'!$B$1,FALSE)&$Z36&" "&$AE36,실입고현황!$C:$C)) -> 0 | BM36: =IF($I36="TTL",SUMIF($C:$C,MID($K36,1,SEARCH("TTL",$K36)-2),$BM:$BM),SUMIF(실입고현황!$A:$A,BF36&VLOOKUP($AG36,'TARGET MU'!$A:$D,'TARGET MU'!$B$1,FALSE)&$Z36&" "&$AE36,실입고현황!$C:$C)) -> 0 | BO36: =IF($I36="TTL",SUMIF($C:$C,MID($K36,1,SEARCH("TTL",$K36)-2),$BO:$BO),$AF36) -> 250 | BP36: =IF($I36="TTL",SUMIF($C:$C,MID($K36,1,SEARCH("TTL",$K36)-2),$BP:$BP),IF($AO36=0,0,IF($AP36=0,$AO36*$AF36,$AP36*$AF36))) -> 1844915 | BQ36: =IF($I36="TTL",SUMIF($C:$C,MID($K36,1,SEARCH("TTL",$K36)-2),$BQ:$BQ),$AM36*$AF36) -> 11250000 | BR36: =IF(ISERROR($BQ36/($BP36*1.1))=TRUE,0,$BQ36/($BP36*1.1)) -> 5.5434926 | BT36: =IF(ISERROR(Z36&VLOOKUP($AG36,'TARGET MU'!$A:$D,'TARGET MU'!$B$1,FALSE))=TRUE,"",Z36&VLOOKUP($AG36,'TARGET MU'!$A:$D,'TARGET MU'!$B$1,FALSE)) -> BRKBAF5501GY동일모자(청도) | BU36: =AP36 -> 7379.66 | BV36: =Z36&AE36&AF36&AM36&AG36&AI36&AK36 -> BRKBAF5501GYXSS25045000동일모자07CN | BX36: =IF($I36="TTL","",$L36) -> BRK | BY36: =$O36 -> 5 | BZ36: =$AJ36 -> M | CA36: =$P36 -> BA | CB36: =$R36 -> K | CC36: =$AK36 -> CN | CD36: =$W36 -> 14FW BROWN_SQURE_CAP-01-GY_KIDS | CE36: =$U36 -> BRKBAF5501 | CF36: =$T36 -> 501 | CG36: =$W36 -> 14FW BROWN_SQURE_CAP-01-GY_KIDS | CH36: =$X36 -> GY | CI36: =$AD36 -> 1 | CJ36: =$AE36 -> XSS | CK36: =IF($I36="TTL",SUMIF($C:$C,MID($K36,1,SEARCH("TTL",$K36)-2),$BO:$BO),$AF36) -> 250 | CL36: =$AV36 -> 5.9 | CM36: =$AM36 -> 45000 | CN36: =$AP36-$AU36 -> 7359.66 | CO36: =$AU36 -> 20 | CP36: =$AL36 -> 1 | CQ36: 738 | CT36: =IF($I36="TTL",$K36,$Z36&$AE36) -> BRKBAF5501GYXSS | CU36: =$M36 -> BROWN SQURE KIDS | CV36: =IF($I36="TTL","",IF($CX36="","",$Q36&"_"&$T36&IF(N36="K","_KIDS",IF(N36="I","_INFANT","")))) -> BASIC CAP_501 | CW36: =IF($I36="TTL","",IF($CT36="","",$Y36&"_"&$AE36)) -> GREY_XSS | CX36: =$L36 -> BRK | CY36: =$T36 -> 501 | CZ36: =IF($I36="TTL",SUMIF($C:$C,MID($K36,1,SEARCH("TTL",$K36)-2),$CZ:$CZ),$AF36) -> 250 | DA36: =$AM36 -> 45000 | DB36: =$Y36 -> GREY | DC36: =$AE36 -> XSS | DG36: 41739 | DH36: =IF(OR($I36="TTL",$I36=""),"",AZ36-$DH$11) -> 41758 | DI36: 41744 | DJ36: 41745 | DK36: 41809 | DL36: 2 | DM36: 2 | DN36: x | DO36: x | DP36: =IF(OR($DN36="없음",$I36="TTL",$I36=""),"",AZ36-$DP$11) -> 41788 | DQ36: x | DR36: x | DS36: x | DT36: 6/3 광고 초두요청 | DU36: 41820 | DV36: 41830 | DW36: x | DX36: 41859 | DY36: 입고완료 | DZ36: 가격사정완료 | EC36: =IF(OR(Z35&AX35=Z36&AX35,Z36&AX36=""),"",Z36&AX36) -> BRKBAF5501GY41738 | ED36: =IF(OR(Z35&AE35=Z36&AE36,Z36=""),"",Z36&AE36) -> BRKBAF5501GYXSS | EE36: =IF(ED36="",0,IF(COUNTIF(ED$12:ED35,ED36)=0,0,COUNTIF(ED$12:ED35,ED36))) -> 0 | EF36: =IF(OR($AJ36="B",$ED36="",MID($U36,8,1)=$EF$9,MID($U36,8,1)=$EF$10),0,1) -> 0 | EG36: =IF(EE36+EF36=0,"","R"&(EE36+EF36)) | EI36: =IF($ED36="","",IF($EE36=0,U36,"")) -> BRKBAF5501 | EJ36: =IF($ED36="","",IF($EE36=0,Z36,"")) -> BRKBAF5501GY | EL36: X | EM36: X | EN36: X | EO36: X | EP36: X | EQ36: X
