Workbook

Sheet 순점검
A1: 업체차수점검 | K1: 품번순서
K3: 브랜드 | N3: 사용가
E4: 데이터 | K4: SMB | N4: 사용불가
A5: 업체명 | B5: 차수 | C5: 발주일 | D5: 브랜드 | E5: 품번수 | F5: 색상수 | G5: 수량 | H5: 원가금액 | I5: TAG가금액 | K5: 의류외
A6: FOREMOST | B6: 1 | C6: 41711 | D6: ELK | E6: 2 | F6: 2 | G6: 500 | H6: 3790760 | I6: 25000000
B7: 10 | C7: 41750 | D7: ELK | E7: 2 | F7: 2 | G7: 725 | H7: 5073127.2 | I7: 34125000 | K7: REORDER | N7: MAIN (U,M,W) | Q7: MAIN (K)
B8: 11 | C8: 41750 | D8: ELK | E8: 4 | F8: 4 | G8: 630 | H8: 6109224.4 | I8: 30450000 | K8: 품번순서 | N8: 품번순서 | Q8: 품번순서
A9: 동일모자 | B9: 3 | C9: 41736 | D9: ELK | E9: 3 | F9: 3 | G9: 1250 | H9: 9246255 | I9: 56250000 | K9: 1 | L9: =IF(ISERROR(VLOOKUP($K$4&$K$5&$K9,기획현황!$H:$H,1,FALSE))=TRUE,"",VLOOKUP($K$4&$K$5&$K9,기획현황!$H:$H,1,FALSE)) | N9: 1 | O9: =IF(ISERROR(VLOOKUP($K$4&$K$5&$N9,기획현황!$H:$H,1,FALSE))=TRUE,"",VLOOKUP($K$4&$K$5&$N9,기획현황!$H:$H,1,FALSE)) | Q9: =N9+500 -> 501 | R9: =IF(ISERROR(VLOOKUP($K$4&$K$5&$Q9,기획현황!$H:$H,1,FALSE))=TRUE,"",VLOOKUP($K$4&$K$5&$Q9,기획현황!$H:$H,1,FALSE))
B10: 4 | C10: 41736 | D10: ELK | E10: 3 | F10: 3 | G10: 450 | H10: 4103788 | I10: 24750000 | K10: =K9+1 -> 2 | L10: =IF(ISERROR(VLOOKUP($K$4&$K$5&$K10,기획현황!$H:$H,1,FALSE))=TRUE,"",VLOOKUP($K$4&$K$5&$K10,기획현황!$H:$H,1,FALSE)) | N10: =N9+1 -> 2 | O10: =IF(ISERROR(VLOOKUP($K$4&$K$5&$N10,기획현황!$H:$H,1,FALSE))=TRUE,"",VLOOKUP($K$4&$K$5&$N10,기획현황!$H:$H,1,FALSE)) | Q10: =Q9+1 -> 502 | R10: =IF(ISERROR(VLOOKUP($K$4&$K$5&$Q10,기획현황!$H:$H,1,FALSE))=TRUE,"",VLOOKUP($K$4&$K$5&$Q10,기획현황!$H:$H,1,FALSE))
B11: 11 | C11: 41750 | D11: ELK | E11: 4 | F11: 4 | G11: 1090 | H11: 9901349.4 | I11: 59950000 | K11: =K10+1 -> 3 | L11: =IF(ISERROR(VLOOKUP($K$4&$K$5&$K11,기획현황!$H:$H,1,FALSE))=TRUE,"",VLOOKUP($K$4&$K$5&$K11,기획현황!$H:$H,1,FALSE)) | N11: =N10+1 -> 3 | O11: =IF(ISERROR(VLOOKUP($K$4&$K$5&$N11,기획현황!$H:$H,1,FALSE))=TRUE,"",VLOOKUP($K$4&$K$5&$N11,기획현황!$H:$H,1,FALSE)) | Q11: =Q10+1 -> 503 | R11: =IF(ISERROR(VLOOKUP($K$4&$K$5&$Q11,기획현황!$H:$H,1,FALSE))=TRUE,"",VLOOKUP($K$4&$K$5&$Q11,기획현황!$H:$H,1,FALSE))
B12: 14 | C12: 41750 | D12: ELK | E12: 1 | F12: 2 | G12: 240 | H12: 2719399.2 | I12: 14160000 | K12: =K11+1 -> 4 | L12: =IF(ISERROR(VLOOKUP($K$4&$K$5&$K12,기획현황!$H:$H,1,FALSE))=TRUE,"",VLOOKUP($K$4&$K$5&$K12,기획현황!$H:$H,1,FALSE)) | N12: =N11+1 -> 4 | O12: =IF(ISERROR(VLOOKUP($K$4&$K$5&$N12,기획현황!$H:$H,1,FALSE))=TRUE,"",VLOOKUP($K$4&$K$5&$N12,기획현황!$H:$H,1,FALSE)) | Q12: =Q11+1 -> 504 | R12: =IF(ISERROR(VLOOKUP($K$4&$K$5&$Q12,기획현황!$H:$H,1,FALSE))=TRUE,"",VLOOKUP($K$4&$K$5&$Q12,기획현황!$H:$H,1,FALSE))
B13: 20 | C13: 41772 | D13: ELK | E13: 1 | F13: 2 | G13: 1200 | H13: 8556216 | I13: 63600000 | K13: =K12+1 -> 5 | L13: =IF(ISERROR(VLOOKUP($K$4&$K$5&$K13,기획현황!$H:$H,1,FALSE))=TRUE,"",VLOOKUP($K$4&$K$5&$K13,기획현황!$H:$H,1,FALSE)) | N13: =N12+1 -> 5 | O13: =IF(ISERROR(VLOOKUP($K$4&$K$5&$N13,기획현황!$H:$H,1,FALSE))=TRUE,"",VLOOKUP($K$4&$K$5&$N13,기획현황!$H:$H,1,FALSE)) | Q13: =Q12+1 -> 505 | R13: =IF(ISERROR(VLOOKUP($K$4&$K$5&$Q13,기획현황!$H:$H,1,FALSE))=TRUE,"",VLOOKUP($K$4&$K$5&$Q13,기획현황!$H:$H,1,FALSE))
B14: 21 | C14: 41773 | D14: ELK | E14: 2 | F14: 2 | G14: 410 | H14: 3572408.1 | I14: 21170000 | K14: =K13+1 -> 6 | L14: =IF(ISERROR(VLOOKUP($K$4&$K$5&$K14,기획현황!$H:$H,1,FALSE))=TRUE,"",VLOOKUP($K$4&$K$5&$K14,기획현황!$H:$H,1,FALSE)) | N14: =N13+1 -> 6 | O14: =IF(ISERROR(VLOOKUP($K$4&$K$5&$N14,기획현황!$H:$H,1,FALSE))=TRUE,"",VLOOKUP($K$4&$K$5&$N14,기획현황!$H:$H,1,FALSE)) | Q14: =Q13+1 -> 506 | R14: =IF(ISERROR(VLOOKUP($K$4&$K$5&$Q14,기획현황!$H:$H,1,FALSE))=TRUE,"",VLOOKUP($K$4&$K$5&$Q14,기획현황!$H:$H,1,FALSE))
B15: 29 | C15: 41961 | D15: ELK | E15: 0 | F15: 0 | G15: 600 | H15: 5213658 | I15: 33000000 | K15: =K14+1 -> 7 | L15: =IF(ISERROR(VLOOKUP($K$4&$K$5&$K15,기획현황!$H:$H,1,FALSE))=TRUE,"",VLOOKUP($K$4&$K$5&$K15,기획현황!$H:$H,1,FALSE)) | N15: =N14+1 -> 7 | O15: =IF(ISERROR(VLOOKUP($K$4&$K$5&$N15,기획현황!$H:$H,1,FALSE))=TRUE,"",VLOOKUP($K$4&$K$5&$N15,기획현황!$H:$H,1,FALSE)) | Q15: =Q14+1 -> 507 | R15: =IF(ISERROR(VLOOKUP($K$4&$K$5&$Q15,기획현황!$H:$H,1,FALSE))=TRUE,"",VLOOKUP($K$4&$K$5&$Q15,기획현황!$H:$H,1,FALSE))
A16: 바이칼 | B16: 1 | C16: 41773 | D16: ELK | E16: 3 | F16: 3 | G16: 300 | H16: 5956000 | I16: 25700000 | K16: =K15+1 -> 8 | L16: =IF(ISERROR(VLOOKUP($K$4&$K$5&$K16,기획현황!$H:$H,1,FALSE))=TRUE,"",VLOOKUP($K$4&$K$5&$K16,기획현황!$H:$H,1,FALSE)) | N16: =N15+1 -> 8 | O16: =IF(ISERROR(VLOOKUP($K$4&$K$5&$N16,기획현황!$H:$H,1,FALSE))=TRUE,"",VLOOKUP($K$4&$K$5&$N16,기획현황!$H:$H,1,FALSE)) | Q16: =Q15+1 -> 508 | R16: =IF(ISERROR(VLOOKUP($K$4&$K$5&$Q16,기획현황!$H:$H,1,FALSE))=TRUE,"",VLOOKUP($K$4&$K$5&$Q16,기획현황!$H:$H,1,FALSE))
B17: 3 | C17: 41822 | D17: ELK | E17: 1 | F17: 1 | G17: 100 | H17: 982000 | I17: 4500000 | K17: =K16+1 -> 9 | L17: =IF(ISERROR(VLOOKUP($K$4&$K$5&$K17,기획현황!$H:$H,1,FALSE))=TRUE,"",VLOOKUP($K$4&$K$5&$K17,기획현황!$H:$H,1,FALSE)) | N17: =N16+1 -> 9 | O17: =IF(ISERROR(VLOOKUP($K$4&$K$5&$N17,기획현황!$H:$H,1,FALSE))=TRUE,"",VLOOKUP($K$4&$K$5&$N17,기획현황!$H:$H,1,FALSE)) | Q17: =Q16+1 -> 509 | R17: =IF(ISERROR(VLOOKUP($K$4&$K$5&$Q17,기획현황!$H:$H,1,FALSE))=TRUE,"",VLOOKUP($K$4&$K$5&$Q17,기획현황!$H:$H,1,FALSE))
B18: 4 | C18: 41824 | D18: ELK | E18: 1 | F18: 1 | G18: 150 | H18: 3528000 | I18: 16350000 | K18: =K17+1 -> 10 | L18: =IF(ISERROR(VLOOKUP($K$4&$K$5&$K18,기획현황!$H:$H,1,FALSE))=TRUE,"",VLOOKUP($K$4&$K$5&$K18,기획현황!$H:$H,1,FALSE)) | N18: =N17+1 -> 10 | O18: =IF(ISERROR(VLOOKUP($K$4&$K$5&$N18,기획현황!$H:$H,1,FALSE))=TRUE,"",VLOOKUP($K$4&$K$5&$N18,기획현황!$H:$H,1,FALSE)) | Q18: =Q17+1 -> 510 | R18: =IF(ISERROR(VLOOKUP($K$4&$K$5&$Q18,기획현황!$H:$H,1,FALSE))=TRUE,"",VLOOKUP($K$4&$K$5&$Q18,기획현황!$H:$H,1,FALSE))
A19: 성진 | B19: 5 | C19: 41736 | D19: ELK | E19: 1 | F19: 1 | G19: 550 | H19: 3839825 | I19: 24750000 | K19: =K18+1 -> 11 | L19: =IF(ISERROR(VLOOKUP($K$4&$K$5&$K19,기획현황!$H:$H,1,FALSE))=TRUE,"",VLOOKUP($K$4&$K$5&$K19,기획현황!$H:$H,1,FALSE)) | N19: =N18+1 -> 11 | O19: =IF(ISERROR(VLOOKUP($K$4&$K$5&$N19,기획현황!$H:$H,1,FALSE))=TRUE,"",VLOOKUP($K$4&$K$5&$N19,기획현황!$H:$H,1,FALSE)) | Q19: =Q18+1 -> 511 | R19: =IF(ISERROR(VLOOKUP($K$4&$K$5&$Q19,기획현황!$H:$H,1,FALSE))=TRUE,"",VLOOKUP($K$4&$K$5&$Q19,기획현황!$H:$H,1,FALSE))
A20: 총합계 | E20: 28 | F20: 30 | G20: 8195 | H20: 72592010 | I20: 433755000 | K20: =K19+1 -> 12 | L20: =IF(ISERROR(VLOOKUP($K$4&$K$5&$K20,기획현황!$H:$H,1,FALSE))=TRUE,"",VLOOKUP($K$4&$K$5&$K20,기획현황!$H:$H,1,FALSE)) | N20: =N19+1 -> 12 | O20: =IF(ISERROR(VLOOKUP($K$4&$K$5&$N20,기획현황!$H:$H,1,FALSE))=TRUE,"",VLOOKUP($K$4&$K$5&$N20,기획현황!$H:$H,1,FALSE)) | Q20: =Q19+1 -> 512 | R20: =IF(ISERROR(VLOOKUP($K$4&$K$5&$Q20,기획현황!$H:$H,1,FALSE))=TRUE,"",VLOOKUP($K$4&$K$5&$Q20,기획현황!$H:$H,1,FALSE))
K21: =K20+1 -> 13 | L21: =IF(ISERROR(VLOOKUP($K$4&$K$5&$K21,기획현황!$H:$H,1,FALSE))=TRUE,"",VLOOKUP($K$4&$K$5&$K21,기획현황!$H:$H,1,FALSE)) | N21: =N20+1 -> 13 | O21: =IF(ISERROR(VLOOKUP($K$4&$K$5&$N21,기획현황!$H:$H,1,FALSE))=TRUE,"",VLOOKUP($K$4&$K$5&$N21,기획현황!$H:$H,1,FALSE)) | Q21: =Q20+1 -> 513 | R21: =IF(ISERROR(VLOOKUP($K$4&$K$5&$Q21,기획현황!$H:$H,1,FALSE))=TRUE,"",VLOOKUP($K$4&$K$5&$Q21,기획현황!$H:$H,1,FALSE))
K22: =K21+1 -> 14 | L22: =IF(ISERROR(VLOOKUP($K$4&$K$5&$K22,기획현황!$H:$H,1,FALSE))=TRUE,"",VLOOKUP($K$4&$K$5&$K22,기획현황!$H:$H,1,FALSE)) | N22: =N21+1 -> 14 | O22: =IF(ISERROR(VLOOKUP($K$4&$K$5&$N22,기획현황!$H:$H,1,FALSE))=TRUE,"",VLOOKUP($K$4&$K$5&$N22,기획현황!$H:$H,1,FALSE)) | Q22: =Q21+1 -> 514 | R22: =IF(ISERROR(VLOOKUP($K$4&$K$5&$Q22,기획현황!$H:$H,1,FALSE))=TRUE,"",VLOOKUP($K$4&$K$5&$Q22,기획현황!$H:$H,1,FALSE))
K23: =K22+1 -> 15 | L23: =IF(ISERROR(VLOOKUP($K$4&$K$5&$K23,기획현황!$H:$H,1,FALSE))=TRUE,"",VLOOKUP($K$4&$K$5&$K23,기획현황!$H:$H,1,FALSE)) | N23: =N22+1 -> 15 | O23: =IF(ISERROR(VLOOKUP($K$4&$K$5&$N23,기획현황!$H:$H,1,FALSE))=TRUE,"",VLOOKUP($K$4&$K$5&$N23,기획현황!$H:$H,1,FALSE)) | Q23: =Q22+1 -> 515 | R23: =IF(ISERROR(VLOOKUP($K$4&$K$5&$Q23,기획현황!$H:$H,1,FALSE))=TRUE,"",VLOOKUP($K$4&$K$5&$Q23,기획현황!$H:$H,1,FALSE))
K24: =K23+1 -> 16 | L24: =IF(ISERROR(VLOOKUP($K$4&$K$5&$K24,기획현황!$H:$H,1,FALSE))=TRUE,"",VLOOKUP($K$4&$K$5&$K24,기획현황!$H:$H,1,FALSE)) | N24: =N23+1 -> 16 | O24: =IF(ISERROR(VLOOKUP($K$4&$K$5&$N24,기획현황!$H:$H,1,FALSE))=TRUE,"",VLOOKUP($K$4&$K$5&$N24,기획현황!$H:$H,1,FALSE)) | Q24: =Q23+1 -> 516 | R24: =IF(ISERROR(VLOOKUP($K$4&$K$5&$Q24,기획현황!$H:$H,1,FALSE))=TRUE,"",VLOOKUP($K$4&$K$5&$Q24,기획현황!$H:$H,1,FALSE))
K25: =K24+1 -> 17 | L25: =IF(ISERROR(VLOOKUP($K$4&$K$5&$K25,기획현황!$H:$H,1,FALSE))=TRUE,"",VLOOKUP($K$4&$K$5&$K25,기획현황!$H:$H,1,FALSE)) | N25: =N24+1 -> 17 | O25: =IF(ISERROR(VLOOKUP($K$4&$K$5&$N25,기획현황!$H:$H,1,FALSE))=TRUE,"",VLOOKUP($K$4&$K$5&$N25,기획현황!$H:$H,1,FALSE)) | Q25: =Q24+1 -> 517 | R25: =IF(ISERROR(VLOOKUP($K$4&$K$5&$Q25,기획현황!$H:$H,1,FALSE))=TRUE,"",VLOOKUP($K$4&$K$5&$Q25,기획현황!$H:$H,1,FALSE))
K26: =K25+1 -> 18 | L26: =IF(ISERROR(VLOOKUP($K$4&$K$5&$K26,기획현황!$H:$H,1,FALSE))=TRUE,"",VLOOKUP($K$4&$K$5&$K26,기획현황!$H:$H,1,FALSE)) | N26: =N25+1 -> 18 | O26: =IF(ISERROR(VLOOKUP($K$4&$K$5&$N26,기획현황!$H:$H,1,FALSE))=TRUE,"",VLOOKUP($K$4&$K$5&$N26,기획현황!$H:$H,1,FALSE)) | Q26: =Q25+1 -> 518 | R26: =IF(ISERROR(VLOOKUP($K$4&$K$5&$Q26,기획현황!$H:$H,1,FALSE))=TRUE,"",VLOOKUP($K$4&$K$5&$Q26,기획현황!$H:$H,1,FALSE))
K27: =K26+1 -> 19 | L27: =IF(ISERROR(VLOOKUP($K$4&$K$5&$K27,기획현황!$H:$H,1,FALSE))=TRUE,"",VLOOKUP($K$4&$K$5&$K27,기획현황!$H:$H,1,FALSE)) | N27: =N26+1 -> 19 | O27: =IF(ISERROR(VLOOKUP($K$4&$K$5&$N27,기획현황!$H:$H,1,FALSE))=TRUE,"",VLOOKUP($K$4&$K$5&$N27,기획현황!$H:$H,1,FALSE)) | Q27: =Q26+1 -> 519 | R27: =IF(ISERROR(VLOOKUP($K$4&$K$5&$Q27,기획현황!$H:$H,1,FALSE))=TRUE,"",VLOOKUP($K$4&$K$5&$Q27,기획현황!$H:$H,1,FALSE))
K28: =K27+1 -> 20 | L28: =IF(ISERROR(VLOOKUP($K$4&$K$5&$K28,기획현황!$H:$H,1,FALSE))=TRUE,"",VLOOKUP($K$4&$K$5&$K28,기획현황!$H:$H,1,FALSE)) | N28: =N27+1 -> 20 | O28: =IF(ISERROR(VLOOKUP($K$4&$K$5&$N28,기획현황!$H:$H,1,FALSE))=TRUE,"",VLOOKUP($K$4&$K$5&$N28,기획현황!$H:$H,1,FALSE)) | Q28: =Q27+1 -> 520 | R28: =IF(ISERROR(VLOOKUP($K$4&$K$5&$Q28,기획현황!$H:$H,1,FALSE))=TRUE,"",VLOOKUP($K$4&$K$5&$Q28,기획현황!$H:$H,1,FALSE))
K29: =K28+1 -> 21 | L29: =IF(ISERROR(VLOOKUP($K$4&$K$5&$K29,기획현황!$H:$H,1,FALSE))=TRUE,"",VLOOKUP($K$4&$K$5&$K29,기획현황!$H:$H,1,FALSE)) | N29: =N28+1 -> 21 | O29: =IF(ISERROR(VLOOKUP($K$4&$K$5&$N29,기획현황!$H:$H,1,FALSE))=TRUE,"",VLOOKUP($K$4&$K$5&$N29,기획현황!$H:$H,1,FALSE)) | Q29: =Q28+1 -> 521 | R29: =IF(ISERROR(VLOOKUP($K$4&$K$5&$Q29,기획현황!$H:$H,1,FALSE))=TRUE,"",VLOOKUP($K$4&$K$5&$Q29,기획현황!$H:$H,1,FALSE))
K30: =K29+1 -> 22 | L30: =IF(ISERROR(VLOOKUP($K$4&$K$5&$K30,기획현황!$H:$H,1,FALSE))=TRUE,"",VLOOKUP($K$4&$K$5&$K30,기획현황!$H:$H,1,FALSE)) | N30: =N29+1 -> 22 | O30: =IF(ISERROR(VLOOKUP($K$4&$K$5&$N30,기획현황!$H:$H,1,FALSE))=TRUE,"",VLOOKUP($K$4&$K$5&$N30,기획현황!$H:$H,1,FALSE)) | Q30: =Q29+1 -> 522 | R30: =IF(ISERROR(VLOOKUP($K$4&$K$5&$Q30,기획현황!$H:$H,1,FALSE))=TRUE,"",VLOOKUP($K$4&$K$5&$Q30,기획현황!$H:$H,1,FALSE))
K31: =K30+1 -> 23 | L31: =IF(ISERROR(VLOOKUP($K$4&$K$5&$K31,기획현황!$H:$H,1,FALSE))=TRUE,"",VLOOKUP($K$4&$K$5&$K31,기획현황!$H:$H,1,FALSE)) | N31: =N30+1 -> 23 | O31: =IF(ISERROR(VLOOKUP($K$4&$K$5&$N31,기획현황!$H:$H,1,FALSE))=TRUE,"",VLOOKUP($K$4&$K$5&$N31,기획현황!$H:$H,1,FALSE)) | Q31: =Q30+1 -> 523 | R31: =IF(ISERROR(VLOOKUP($K$4&$K$5&$Q31,기획현황!$H:$H,1,FALSE))=TRUE,"",VLOOKUP($K$4&$K$5&$Q31,기획현황!$H:$H,1,FALSE))
K32: =K31+1 -> 24 | L32: =IF(ISERROR(VLOOKUP($K$4&$K$5&$K32,기획현황!$H:$H,1,FALSE))=TRUE,"",VLOOKUP($K$4&$K$5&$K32,기획현황!$H:$H,1,FALSE)) | N32: =N31+1 -> 24 | O32: =IF(ISERROR(VLOOKUP($K$4&$K$5&$N32,기획현황!$H:$H,1,FALSE))=TRUE,"",VLOOKUP($K$4&$K$5&$N32,기획현황!$H:$H,1,FALSE)) | Q32: =Q31+1 -> 524 | R32: =IF(ISERROR(VLOOKUP($K$4&$K$5&$Q32,기획현황!$H:$H,1,FALSE))=TRUE,"",VLOOKUP($K$4&$K$5&$Q32,기획현황!$H:$H,1,FALSE))
... K107: =K106+1 -> 99 | L107: =IF(ISERROR(VLOOKUP($K$4&$K$5&$K107,기획현황!$H:$H,1,FALSE))=TRUE,"",VLOOKUP($K$4&$K$5&$K107,기획현황!$H:$H,1,FALSE)) | N107: =N106+1 -> 99 | O107: =IF(ISERROR(VLOOKUP($K$4&$K$5&$N107,기획현황!$H:$H,1,FALSE))=TRUE,"",VLOOKUP($K$4&$K$5&$N107,기획현황!$H:$H,1,FALSE)) | Q107: =Q106+1 -> 599 | R107: =IF(ISERROR(VLOOKUP($K$4&$K$5&$Q107,기획현황!$H:$H,1,FALSE))=TRUE,"",VLOOKUP($K$4&$K$5&$Q107,기획현황!$H:$H,1,FALSE))
K108: =K107+1 -> 100 | L108: =IF(ISERROR(VLOOKUP($K$4&$K$5&$K108,기획현황!$H:$H,1,FALSE))=TRUE,"",VLOOKUP($K$4&$K$5&$K108,기획현황!$H:$H,1,FALSE))
K109: =K108+1 -> 101 | L109: =IF(ISERROR(VLOOKUP($K$4&$K$5&$K109,기획현황!$H:$H,1,FALSE))=TRUE,"",VLOOKUP($K$4&$K$5&$K109,기획현황!$H:$H,1,FALSE))
K110: =K109+1 -> 102 | L110: =IF(ISERROR(VLOOKUP($K$4&$K$5&$K110,기획현황!$H:$H,1,FALSE))=TRUE,"",VLOOKUP($K$4&$K$5&$K110,기획현황!$H:$H,1,FALSE))
K111: =K110+1 -> 103 | L111: =IF(ISERROR(VLOOKUP($K$4&$K$5&$K111,기획현황!$H:$H,1,FALSE))=TRUE,"",VLOOKUP($K$4&$K$5&$K111,기획현황!$H:$H,1,FALSE))
K112: =K111+1 -> 104 | L112: =IF(ISERROR(VLOOKUP($K$4&$K$5&$K112,기획현황!$H:$H,1,FALSE))=TRUE,"",VLOOKUP($K$4&$K$5&$K112,기획현황!$H:$H,1,FALSE))
K113: =K112+1 -> 105 | L113: =IF(ISERROR(VLOOKUP($K$4&$K$5&$K113,기획현황!$H:$H,1,FALSE))=TRUE,"",VLOOKUP($K$4&$K$5&$K113,기획현황!$H:$H,1,FALSE))
K114: =K113+1 -> 106 | L114: =IF(ISERROR(VLOOKUP($K$4&$K$5&$K114,기획현황!$H:$H,1,FALSE))=TRUE,"",VLOOKUP($K$4&$K$5&$K114,기획현황!$H:$H,1,FALSE))
K115: =K114+1 -> 107 | L115: =IF(ISERROR(VLOOKUP($K$4&$K$5&$K115,기획현황!$H:$H,1,FALSE))=TRUE,"",VLOOKUP($K$4&$K$5&$K115,기획현황!$H:$H,1,FALSE))
K116: =K115+1 -> 108 | L116: =IF(ISERROR(VLOOKUP($K$4&$K$5&$K116,기획현황!$H:$H,1,FALSE))=TRUE,"",VLOOKUP($K$4&$K$5&$K116,기획현황!$H:$H,1,FALSE))
K117: =K116+1 -> 109 | L117: =IF(ISERROR(VLOOKUP($K$4&$K$5&$K117,기획현황!$H:$H,1,FALSE))=TRUE,"",VLOOKUP($K$4&$K$5&$K117,기획현황!$H:$H,1,FALSE))
K118: =K117+1 -> 110 | L118: =IF(ISERROR(VLOOKUP($K$4&$K$5&$K118,기획현황!$H:$H,1,FALSE))=TRUE,"",VLOOKUP($K$4&$K$5&$K118,기획현황!$H:$H,1,FALSE))
K119: =K118+1 -> 111 | L119: =IF(ISERROR(VLOOKUP($K$4&$K$5&$K119,기획현황!$H:$H,1,FALSE))=TRUE,"",VLOOKUP($K$4&$K$5&$K119,기획현황!$H:$H,1,FALSE))
... K207: =K206+1 -> 199 | L207: =IF(ISERROR(VLOOKUP($K$4&$K$5&$K207,기획현황!$H:$H,1,FALSE))=TRUE,"",VLOOKUP($K$4&$K$5&$K207,기획현황!$H:$H,1,FALSE))

Sheet 기획현황
C1: PO ISSUE | F1: 1 | G1: =F1+1 -> 2 | H1: =G1+1 -> 3 | I1: =H1+1 -> 4 | J1: =I1+1 -> 5 | K1: =J1+1 -> 6 | L1: =K1+1 -> 7 | M1: =L1+1 -> 8 | N1: =M1+1 -> 9 | ... BR1: =BQ1+1 -> 65
K2: 2014 | L2: FW | M2: 기획현황 (조현정) | AT2: 180 | AU2: 20 | BX2: DATA UPLOAD FOR E-BIZ | CS2: TAG ISSUE | DG2: **PRODUCTION SCHEDULE
AO3: 환율 | AS3: 관세 | AW3: 제비용 | AX3: *인도네시아, 방글라데시 무관세 적용
AO4: KRW | AP4: EUR | AQ4: USD | AR4: JPY | AS4: 모자 | AT4: 의류 | AU4: 가방 | AV4: ACC | AW4: 0.05 | BN4: SHORTAGE | DV4: =TODAY() -> 42030
AO5: 1 | AP5: 1500 | AQ5: 1100 | AR5: 13 | AS5: 0.08 | AT5: 0.13 | AU5: 0.056 | AV5: 0.08 | BB5: =TODAY() -> 42030 | BG5: 건별계약서내용과 동일
K6: * 업체,업체차수,브랜드 정렬 | AZ6: 월,수요일 | BN6: 0.1
BX7: 컬렉션 | BY7: 시즌 | BZ7: 소재 | CA7: 품목 | CB7: 성별 | CC7: 국가 | CD7: 원산지 코드 | CE7: STYLE | CF7: 순번 | CG7: STYLE명 | CH7: COL | CI7: S_TYPE | CJ7: SIZE | CK7: 수량 | CL7: FOB | CM7: TAG가 | CN7: 원가 | CO7: 자재원가 | CP7: 구분
K8: 이미지 | L8: 브랜드 | M8: 브랜드명 | N8: 년도 | O8: 시즌 | P8: 품목 | Q8: 품목명 | R8: 성별 | S8: 순번 | T8: 순번 | U8: 품번 | V8: 품번수 | W8: 품명(=샘플명) | X8: 색상 | Y8: 색상명 | Z8: 품번색상 | AA8: 품번오더차수 | AB8: 색상수 | AC8: 원자재 혼용율 | AD8: 사이즈타입 | AE8: 사이즈 | AF8: 수량 | AG8: 업체 | AM8: TAG가 | AO8: 원가(-VAT) | AX8: 일정 | BG8: 원가 확정여부 | BH8: 입고일 확정여부 | BI8: 입고수량점검 | BO8: TOTAL | BX8: 브랜드 | BY8: 시즌 | BZ8: 분류 | CA8: 품목 | CB8: 성별 | CC8: 국가 | CD8: 샘플명 | CE8: 품번 | CF8: 순번 | CG8: 품번명 | CH8: 색상 | CI8: 사이즈타입 | CJ8: 사이즈 | CK8: 수량 | CL8: FOB($) | CM8: TAG가(\) | CN8: 원가(\,-VAT) | CO8: 자재원가(\,-VAT) | CP8: 수입1, 내수2 | CQ8: 발주번호 | CS8: NO. | CT8: 품번 (HAT'S ON CODE) | CU8: 명칭(상단) | CV8: 명칭(하단) | CW8: 명칭 (색상/사이즈) | CX8: 브랜드 | CY8: 순번 | CZ8: 수량 | DA8: TAG가(\) | DB8: 색상 | DC8: 사이즈 | DD8: 자율안전인증번호 | DE8: 최초순번 | DG8: PRODUCTION SCHEDULE | DZ8: 비고 | EF8: 순번
AG9: 업체명 | AH9: 차수 | AI9: 차수 | AJ9: 분류 | AK9: 국가 | AL9: 수입/내수 | AN9: 확정일 | AO9: 목표 | AP9: 조정 | AQ9: 차이 | AR9: 공급자재 | AV9: 해외(FOB, USD, JPY) | AW9: 국내(KRW) | AX9: 발주일 | AY9: 선적일 | AZ9: 납기일 | BO9: 수량 | BP9: 원가금액 (-VAT,백만원) | BQ9: TAG가금액 (백만원) | BR9: MU | DG9: PO 발송일 | DH9: 메인작지 수령 목표일 | DI9: 메인작지 수령일 | DJ9: 메인작지 발송일 | DK9: 건별계약서 작성(원가, 납기) | DL9: 중국원단사용유무 | DN9: 원자재 발주일 | DO9: 부자재 발주일 | DP9: 원부자재 발송 목표일 | DQ9: 원자재 발송일 | DR9: 부자재 발송일 | DS9: 최초상품대금 결재상신일 | DT9: PPS 수령일 | DU9: PPS 컨펌일 | DV9: 가격택 발송일 | DW9: INSPECTION일 | DX9: SPS 수령일 | DY9: 입고 완료여부 | EF9: 0 | EM9: 선급금 송금일 | EN9: 잔금 송금일 | EO9: 비고
AR10: 원자재 | AS10: 부자재 | AT10: 기타 | AU10: 계 | AZ10: 목표 | BA10: 계약 | BB10: 1차입고 | BC10: 2차입고 | BD10: 3차입고 | BE10: 4차입고 | BF10: 5차입고 | BI10: 1차입고 | BJ10: 2차입고 | BK10: 3차입고 | BL10: 4차입고 | BM10: 5차입고 | BN10: 미입고수량 | DE10: 최초순번 | DL10: 총가지수 | DM10: 중국가지수 | EF10: 5 | EI10: 품번수계산
V11: =SUM(V$13:V62596)-SUMIF($I:$I,"TTL",V:V) -> 28 | AB11: =SUM(AB$13:AB62596)-SUMIF($I:$I,"TTL",AB:AB) -> 30 | AF11: =SUM(AF$13:AF62596)-SUMIF($I:$I,"TTL",AF:AF) -> 8195 | BI11: =SUM(BI$13:BI62600)-SUMIF($I:$I,"TTL",BI:BI) -> 6444 | BJ11: =SUM(BJ$13:BJ62600)-SUMIF($I:$I,"TTL",BJ:BJ) -> 1259 | BK11: =SUM(BK$13:BK62600)-SUMIF($I:$I,"TTL",BK:BK) -> 417 | BL11: =SUM(BL$13:BL62600)-SUMIF($I:$I,"TTL",BL:BL) -> 3 | BM11: =SUM(BM$13:BM62600)-SUMIF($I:$I,"TTL",BM:BM) -> 0 | BN11: =SUM(BN$13:BN62600)-SUMIF($I:$I,"TTL",BN:BN) -> 0 | BO11: =SUM(BO$13:BO62596)-SUMIF($I:$I,"TTL",BO:BO) -> 8195 | BP11: =SUM(BP$13:BP62596)-SUMIF($I:$I,"TTL",BP:BP) -> 72978410 | BQ11: =SUM(BQ$13:BQ62596)-SUMIF($I:$I,"TTL",BQ:BQ) -> 433755000 | BR11: =IF(ISERROR($BQ11/($BP11*1.1))=TRUE,0,$BQ11/($BP11*1.1)) -> 5.4032792 | BV11: 품번/색상/사이즈/수량/업체/차수/국가 | DH11: 90 | DL11: 숫자로 표기 | DM11: 숫자로 표기 | DN11: '없음'표기 | DO11: '없음'표기 | DP11: 60 | DQ11: 최종일표기 | DR11: 최종일표기 | EC11: 품번색상/발주일 | ED11: 품번색상사이즈 | EE11: 리오더(NEW) | EF11: 리오더(RUNNING) | EG11: 품번차수 | EI11: 품번 | EJ11: 품번색상
A12: 구분 | B12: 브랜드품목 | C12: 브랜드/업체/차수 | D12: 브랜드/업체/차수/품번색상 | E12: 순서 | F12: 브랜드/업체/차수/순서 | G12: 브랜드/업체/차수/순서/품번색상/사이즈 | H12: 브랜드/순번 | I12: 브랜드 | J12: 공란 | K12: 이미지 | L12: 브랜드 | M12: 브랜드명 | N12: 년도 | O12: 시즌 | P12: 품목 | Q12: 품목명 | R12: 성별 | S12: 순번 | T12: 순번2 | U12: 품번 | V12: 품번수 | W12: 품명(=샘플명) | X12: 색상 | Y12: 색상명 | Z12: 품번색상 | AA12: 오더차수 | AB12: 색상수 | AC12: 혼용율 | AD12: 사이즈타입 | AE12: 사이즈 | AF12: 수량 | AG12: 업체명 | AH12: 차수 | AI12: 차수2 | AJ12: 분류 | AK12: 국가 | AL12: 수입/내수 | AM12: TAG가목표 | AN12: TAG가조정 | AO12: 원가목표 | AP12: 원가조정 | AQ12: 원가차이 | AR12: 공급원자재 | AS12: 공급부자재 | AT12: 공급기타 | AU12: 공급계 | AV12: 해외(FOB, USD, JPY) | AW12: 국내(KRW) | AX12: 발주일 | AY12: 선적일 | AZ12: 목표납기일 | BA12: 계약납기일 | BB12: 1차입고일 | BC12: 2차입고일 | BD12: 3차입고일 | BE12: 4차입고일 | BF12: 5차입고일 | BG12: 확정여부 | BH12: 확정여부 | BI12: 1차입고수량 | BJ12: 2차입고수량 | BK12: 3차입고수량 | BL12: 3차입고수량 | BM12: 3차입고수량 | BN12: 차이수량 | BO12: TOTAL수량 | BP12: TOTAL원가금액 | BQ12: TOTALTAG가금액 | BR12: MU
A13: =IF(OR($I13="TTL",$I13=""),"",IF(ISERROR(VLOOKUP($B13,CODE!$D:$G,CODE!$F$1-2,FALSE))=TRUE,"전략",VLOOKUP($B13,CODE!$D:$G,CODE!$F$1-2,FALSE))) -> F-CAP | B13: =IF(OR($I13="TTL",$I13=""),"",IF(VLOOKUP($P13,CODE!$K:$O,CODE!$O$1,FALSE)="",$I13,$I13&"-"&VLOOKUP($P13,CODE!$K:$O,CODE!$O$1,FALSE))) -> ELK | C13: =IF($I13="TTL","",I13&"-"&$AG13&"-"&$AI13) -> ELK-FOREMOST-01 | D13: =$C13&$Z13 -> ELK-FOREMOST-01ELKTPF5821MT | E13: =IF($I13="TTL",0,IF(ISERROR(IF($Z12=$Z13,$E12,$E12+1))=TRUE,1,IF($Z12=$Z13,$E12,$E12+1))) -> 1 | F13: =$C13&$E13 -> ELK-FOREMOST-011 | G13: =$F13&"-"&$U13&$Y13&$AE13 -> ELK-FOREMOST-011-ELKTPF5821MINTFRE | H13: =IF(ISERROR(I13&VLOOKUP(P13,CODE!$K:$N,CODE!$N$1,FALSE)&S13)=TRUE,0,I13&VLOOKUP(P13,CODE!$K:$N,CODE!$N$1,FALSE)&S13) -> ELK의류외821 | I13: =IF(ISERROR(SEARCH("TTL",$K13))=TRUE,IF($L13="","",VLOOKUP($L13,CODE!$B:$G,CODE!$D$1,FALSE)),"TTL") -> ELK | J13: =MID(W13,1,6) -> 13FW E | L13: ELK | M13: =IF(OR($I13="TTL",$L13=""),"",VLOOKUP($L13,CODE!$B:$D,CODE!$C$1,FALSE)) -> ELSTINKO KIDS | N13: =IF(OR($I13="TTL",$L13=""),"",VLOOKUP($K$2,CODE!$S:$T,CODE!$T$1-1,FALSE)) -> F | O13: 5 | P13: TP | Q13: =IF(OR($I13="TTL",$P13=""),"",VLOOKUP($P13,CODE!$K:$M,CODE!$L$1,FALSE)) -> TROOPER | R13: K | S13: 821 | T13: =IF(OR($I13="TTL",$S13=""),"",IF($S13<10,"00"&$S13,IF($S13<100,"0"&$S13,$S13))) -> 821 | U13: =IF($I13="TTL","",$L13&$P13&$N13&$O13&$T13) -> ELKTPF5821 | V13: =IF($I13="TTL",SUMIF($C:$C,MID($K13,1,SEARCH("TTL",$K13)-2),$V:$V),IF($EI13="",0,1/COUNTIF($EI:$EI,$EI13))) -> 1 | W13: 13FW ELS 22_WIRE_MIT_KIDS | X13: =IF($Y13="","",VLOOKUP($Y13,CODE!$AE:$AF,CODE!$AF$1-1,FALSE)) -> MT | Y13: MINT | Z13: =$U13&$X13 -> ELKTPF5821MT | AA13: =VLOOKUP($Z13&$AX13,$EC:$EG,5,FALSE) -> R1 | AB13: =IF($I13="TTL",SUMIF($C:$C,MID($K13,1,SEARCH("TTL",$K13)-2),$AB:$AB),IF($EJ13="",0,1/COUNTIF($EJ:$EJ,$EJ13))) -> 1 | AC13: 겉감 1: 면 75%, 폴리에스터 25%/겉감 2 :폴리에스터 65%, 아크릴 35% | AD13: 1 | AE13: FRE | AF13: 250 | AG13: FOREMOST | AH13: 1 | AI13: =IF($AH13=0,"",IF($AH13<10,"0"&$AH13,$AH13)) -> 01 | AJ13: M | AK13: CN | AL13: =IF($AK13=0,"",IF($AK13="KR",2,1)) -> 1 | AM13: =IF(ISERROR(VLOOKUP($F13,[1]기획현황취합!$A$1:$E$65474,[1]기획현황취합!$B$1,FALSE))=TRUE,0,VLOOKUP($F13,[1]기획현황취합!$A$1:$E$65474,[1]기획현황취합!$B$1,FALSE)) -> 45000 | AN13: =IF(ISERROR(VLOOKUP($F13,[1]기획현황취합!$A$1:$E$65474,[1]기획현황취합!$C$1,FALSE))=TRUE,0,VLOOKUP($F13,[1]기획현황취합!$A$1:$E$65474,[1]기획현황취합!$C$1,FALSE)) -> 41710 | AO13: =IF(ISERROR(($AM13/1.1)/VLOOKUP($AG13,'TARGET MU'!$A:$D,'TARGET MU'!$D$1,FALSE))=TRUE,0,($AM13/1.1)/VLOOKUP($AG13,'TARGET MU'!$A:$D,'TARGET MU'!$D$1,FALSE)) -> 6818.1818 | AP13: =IF(OR(AF13=0,AND(AV13=0,AW13=0)),0,IF(AG13="캡보이2",AV13*$AQ$5+AU13,IF(OR(AK13="IN",AK13="BG",AK13="VT",AK13="CB"),$AU13+(($AV13*(1+$AW$4))*(HLOOKUP(VLOOKUP(AG13,'TARGET MU'!$A:$P,'TARGET MU'!$J$1,FALSE),$AO$4:$AR$5,2,FALSE)))+$AW13,$AU13+((($AV13*(1+$AW$4))*(1+HLOOKUP(VLOOKUP($P13,CODE!$K:$P,CODE!$P$1,FALSE),$AS$4:$AV$5,2,FALSE)))*(HLOOKUP(VLOOKUP(AG13,'TARGET MU'!$A:$P,'TARGET MU'!$J$1,FALSE),$AO$4:$AR$5,2,FALSE)))+$AW13))) -> 6718.04 | AQ13: =AP13-AO13 -> -100.14182 | AR13: 960 | AT13: 20 | AU13: =SUM(AR13:AT13) -> 980 | AV13: 4.6 | AX13: =IF(ISERROR(VLOOKUP($F13,[1]기획현황취합!$A$1:$E$65474,[1]기획현황취합!$D$1,FALSE))=TRUE,0,VLOOKUP($F13,[1]기획현황취합!$A$1:$E$65474,[1]기획현황취합!$D$1,FALSE)) -> 41711 | AY13: 41861 | AZ13: =IF(ISERROR(VLOOKUP($F13,[1]기획현황취합!$A$1:$E$65474,[1]기획현황취합!$E$1,FALSE))=TRUE,0,VLOOKUP($F13,[1]기획현황취합!$A$1:$E$65474,[1]기획현황취합!$E$1,FALSE)) -> 41858 | BA13: 41866 | BB13: 41906 | BG13: 확정 | BH13: 확정 | BI13: =IF($I13="TTL",SUMIF($C:$C,MID($K13,1,SEARCH("TTL",$K13)-2),$BI:$BI),SUMIF(실입고현황!$A:$A,BB13&VLOOKUP($AG13,'TARGET MU'!$A:$D,'TARGET MU'!$B$1,FALSE)&$Z13&" "&$AE13,실입고현황!$C:$C)) -> 250 | BJ13: =IF($I13="TTL",SUMIF($C:$C,MID($K13,1,SEARCH("TTL",$K13)-2),$BJ:$BJ),SUMIF(실입고현황!$A:$A,BC13&VLOOKUP($AG13,'TARGET MU'!$A:$D,'TARGET MU'!$B$1,FALSE)&$Z13&" "&$AE13,실입고현황!$C:$C)) -> 0 | BK13: =IF($I13="TTL",SUMIF($C:$C,MID($K13,1,SEARCH("TTL",$K13)-2),$BK:$BK),SUMIF(실입고현황!$A:$A,BD13&VLOOKUP($AG13,'TARGET MU'!$A:$D,'TARGET MU'!$B$1,FALSE)&$Z13&" "&$AE13,실입고현황!$C:$C)) -> 0 | BL13: =IF($I13="TTL",SUMIF($C:$C,MID($K13,1,SEARCH("TTL",$K13)-2),$BL:$BL),SUMIF(실입고현황!$A:$A,BE13&VLOOKUP($AG13,'TARGET MU'!$A:$D,'TARGET MU'!$B$1,FALSE)&$Z13&" "&$AE13,실입고현황!$C:$C)) -> 0 | BM13: =IF($I13="TTL",SUMIF($C:$C,MID($K13,1,SEARCH("TTL",$K13)-2),$BM:$BM),SUMIF(실입고현황!$A:$A,BF13&VLOOKUP($AG13,'TARGET MU'!$A:$D,'TARGET MU'!$B$1,FALSE)&$Z13&" "&$AE13,실입고현황!$C:$C)) -> 0 | BN13: =IF($I13="TTL",SUMIF($C:$C,MID($K13,1,SEARCH("TTL",$K13)-2),$BN:$BN),IF(($BO13-SUM($BI13,$BJ13,$BK13,BL13,BM13))<$BO13*$BN$6,0,$BO13-SUM($BI13,$BJ13,$BK13,BL13,BM13))) -> 0 | BO13: =IF($I13="TTL",SUMIF($C:$C,MID($K13,1,SEARCH("TTL",$K13)-2),$BO:$BO),$AF13) -> 250 | BP13: =IF($I13="TTL",SUMIF($C:$C,MID($K13,1,SEARCH("TTL",$K13)-2),$BP:$BP),IF($AO13=0,0,IF($AP13=0,$AO13*$AF13,$AP13*$AF13))) -> 1679510 | BQ13: =IF($I13="TTL",SUMIF($C:$C,MID($K13,1,SEARCH("TTL",$K13)-2),$BQ:$BQ),$AM13*$AF13) -> 11250000 | BR13: =IF(ISERROR($BQ13/($BP13*1.1))=TRUE,0,$BQ13/($BP13*1.1)) -> 6.0894384 | BT13: =IF(ISERROR(Z13&VLOOKUP($AG13,'TARGET MU'!$A:$D,'TARGET MU'!$B$1,FALSE))=TRUE,"",Z13&VLOOKUP($AG13,'TARGET MU'!$A:$D,'TARGET MU'!$B$1,FALSE)) -> ELKTPF5821MT포모스트 | BU13: =AP13 -> 6718.04 | BV13: =Z13&AE13&AF13&AM13&AG13&AI13&AK13 -> ELKTPF5821MTFRE25045000FOREMOST01CN | BX13: =IF($I13="TTL","",$L13) -> ELK | BY13: =$O13 -> 5 | BZ13: =$AJ13 -> M | CA13: =$P13 -> TP | CB13: =$R13 -> K | CC13: =$AK13 -> CN | CD13: =$W13 -> 13FW ELS 22_WIRE_MIT_KIDS | CE13: =$U13 -> ELKTPF5821 | CF13: =$T13 -> 821 | CG13: =$W13 -> 13FW ELS 22_WIRE_MIT_KIDS | CH13: =$X13 -> MT | CI13: =$AD13 -> 1 | CJ13: =$AE13 -> FRE | CK13: =IF($I13="TTL",SUMIF($C:$C,MID($K13,1,SEARCH("TTL",$K13)-2),$BO:$BO),$AF13) -> 250 | CL13: =$AV13 -> 4.6 | CM13: =$AM13 -> 45000 | CN13: =$AP13-$AU13 -> 5738.04 | CO13: =$AU13 -> 980 | CP13: =$AL13 -> 1 | CQ13: 938 | CT13: =IF($I13="TTL",$K13,$Z13&$AE13) -> ELKTPF5821MTFRE | CU13: =$M13 -> ELSTINKO KIDS | CV13: =IF($I13="TTL","",IF($CX13="","",$Q13&"_"&$T13&IF(N13="K","_KIDS",IF(N13="I","_INFANT","")))) -> TROOPER_821 | CW13: =IF($I13="TTL","",IF($CT13="","",$Y13&"_"&$AE13)) -> MINT_FRE | CX13: =$L13 -> ELK | CY13: =$T13 -> 821 | CZ13: =IF($I13="TTL",SUMIF($C:$C,MID($K13,1,SEARCH("TTL",$K13)-2),$CZ:$CZ),$AF13) -> 250 | DA13: =$AM13 -> 45000 | DB13: =$Y13 -> MINT | DC13: =$AE13 -> FRE | DD13: 2014.06.25 택발주 | DG13: 41715 | DH13: =IF(OR($I13="TTL",$I13=""),"",AZ13-$DH$11) -> 41768 | DI13: 41712 | DJ13: 41715 | DK13: 41724 | DL13: 3 | DM13: 1 | DN13: 41723 | DO13: 없음 | DP13: =IF(OR($DN13="없음",$I13="TTL",$I13=""),"",AZ13-$DP$11) -> 41798 | DQ13: 없음 | DR13: 없음 | DS13: 41724 | EC13: =IF(OR(Z12&AX12=Z13&AX12,Z13&AX13=""),"",Z13&AX13) -> ELKTPF5821MT41711 | ED13: =IF(OR(Z12&AE12=Z13&AE13,Z13=""),"",Z13&AE13) -> ELKTPF5821MTFRE | EE13: =IF(ED13="",0,IF(COUNTIF(ED$12:ED12,ED13)=0,0,COUNTIF(ED$12:ED12,ED13))) -> 0 | EF13: =IF(OR($AJ13="B",$ED13="",MID($U13,8,1)=$EF$9,MID($U13,8,1)=$EF$10),0,1) -> 1 | EG13: =IF(EE13+EF13=0,"","R"&(EE13+EF13)) -> R1 | EI13: =IF($ED13="","",IF($EE13=0,U13,"")) -> ELKTPF5821 | EJ13: =IF($ED13="","",IF($EE13=0,Z13,"")) -> ELKTPF5821MT | EM13: 41751
A14: =IF(OR($I14="TTL",$I14=""),"",IF(ISERROR(VLOOKUP($B14,CODE!$D:$G,CODE!$F$1-2,FALSE))=TRUE,"전략",VLOOKUP($B14,CODE!$D:$G,CODE!$F$1-2,FALSE))) -> F-CAP | B14: =IF(OR($I14="TTL",$I14=""),"",IF(VLOOKUP($P14,CODE!$K:$O,CODE!$O$1,FALSE)="",$I14,$I14&"-"&VLOOKUP($P14,CODE!$K:$O,CODE!$O$1,FALSE))) -> ELK | C14: =IF($I14="TTL","",I14&"-"&$AG14&"-"&$AI14) -> ELK-FOREMOST-01 | D14: =$C14&$Z14 -> ELK-FOREMOST-01ELKTPF5801NY | E14: =IF($I14="TTL",0,IF(ISERROR(IF($Z13=$Z14,$E13,$E13+1))=TRUE,1,IF($Z13=$Z14,$E13,$E13+1))) -> 2 | F14: =$C14&$E14 -> ELK-FOREMOST-012 | G14: =$F14&"-"&$U14&$Y14&$AE14 -> ELK-FOREMOST-012-ELKTPF5801NAVYFRE | H14: =IF(ISERROR(I14&VLOOKUP(P14,CODE!$K:$N,CODE!$N$1,FALSE)&S14)=TRUE,0,I14&VLOOKUP(P14,CODE!$K:$N,CODE!$N$1,FALSE)&S14) -> ELK의류외801 | I14: =IF(ISERROR(SEARCH("TTL",$K14))=TRUE,IF($L14="","",VLOOKUP($L14,CODE!$B:$G,CODE!$D$1,FALSE)),"TTL") -> ELK | J14: =MID(W14,1,6) -> 13FW E | L14: ELK | M14: =IF(OR($I14="TTL",$L14=""),"",VLOOKUP($L14,CODE!$B:$D,CODE!$C$1,FALSE)) -> ELSTINKO KIDS | N14: =IF(OR($I14="TTL",$L14=""),"",VLOOKUP($K$2,CODE!$S:$T,CODE!$T$1-1,FALSE)) -> F | O14: 5 | P14: TP | Q14: =IF(OR($I14="TTL",$P14=""),"",VLOOKUP($P14,CODE!$K:$M,CODE!$L$1,FALSE)) -> TROOPER | R14: K | S14: 801 | T14: =IF(OR($I14="TTL",$S14=""),"",IF($S14<10,"00"&$S14,IF($S14<100,"0"&$S14,$S14))) -> 801 | U14: =IF($I14="TTL","",$L14&$P14&$N14&$O14&$T14) -> ELKTPF5801 | V14: =IF($I14="TTL",SUMIF($C:$C,MID($K14,1,SEARCH("TTL",$K14)-2),$V:$V),IF($EI14="",0,1/COUNTIF($EI:$EI,$EI14))) -> 1 | W14: 13FW ELS 07_TROOPER_NV_KIDS | X14: =IF($Y14="","",VLOOKUP($Y14,CODE!$AE:$AF,CODE!$AF$1-1,FALSE)) -> NY | Y14: NAVY | Z14: =$U14&$X14 -> ELKTPF5801NY | AA14: =VLOOKUP($Z14&$AX14,$EC:$EG,5,FALSE) -> R1 | AB14: =IF($I14="TTL",SUMIF($C:$C,MID($K14,1,SEARCH("TTL",$K14)-2),$AB:$AB),IF($EJ14="",0,1/COUNTIF($EJ:$EJ,$EJ14))) -> 1 | AC14: 겉감 1 : 폴리에스터 100% /겉감 2 : 아크릴 80%, 폴리에스터 20% | AD14: 1 | AE14: FRE | AF14: 250 | AG14: FOREMOST | AH14: 1 | AI14: =IF($AH14=0,"",IF($AH14<10,"0"&$AH14,$AH14)) -> 01 | AJ14: M | AK14: CN | AL14: =IF($AK14=0,"",IF($AK14="KR",2,1)) -> 1 | AM14: =IF(ISERROR(VLOOKUP($F14,[1]기획현황취합!$A$1:$E$65474,[1]기획현황취합!$B$1,FALSE))=TRUE,0,VLOOKUP($F14,[1]기획현황취합!$A$1:$E$65474,[1]기획현황취합!$B$1,FALSE)) -> 55000 | AN14: =IF(ISERROR(VLOOKUP($F14,[1]기획현황취합!$A$1:$E$65474,[1]기획현황취합!$C$1,FALSE))=TRUE,0,VLOOKUP($F14,[1]기획현황취합!$A$1:$E$65474,[1]기획현황취합!$C$1,FALSE)) -> 41710 | AO14: =IF(ISERROR(($AM14/1.1)/VLOOKUP($AG14,'TARGET MU'!$A:$D,'TARGET MU'!$D$1,FALSE))=TRUE,0,($AM14/1.1)/VLOOKUP($AG14,'TARGET MU'!$A:$D,'TARGET MU'!$D$1,FALSE)) -> 8333.3333 | AP14: =IF(OR(AF14=0,AND(AV14=0,AW14=0)),0,IF(AG14="캡보이2",AV14*$AQ$5+AU14,IF(OR(AK14="IN",AK14="BG",AK14="VT",AK14="CB"),$AU14+(($AV14*(1+$AW$4))*(HLOOKUP(VLOOKUP(AG14,'TARGET MU'!$A:$P,'TARGET MU'!$J$1,FALSE),$AO$4:$AR$5,2,FALSE)))+$AW14,$AU14+((($AV14*(1+$AW$4))*(1+HLOOKUP(VLOOKUP($P14,CODE!$K:$P,CODE!$P$1,FALSE),$AS$4:$AV$5,2,FALSE)))*(HLOOKUP(VLOOKUP(AG14,'TARGET MU'!$A:$P,'TARGET MU'!$J$1,FALSE),$AO$4:$AR$5,2,FALSE)))+$AW14))) -> 8445 | AQ14: =AP14-AO14 -> 111.66667 | AR14: 2188 | AS14: 0 | AT14: 20 | AU14: =SUM(AR14:AT14) -> 2208 | AV14: 5 | AW14: 0 | AX14: =IF(ISERROR(VLOOKUP($F14,[1]기획현황취합!$A$1:$E$65474,[1]기획현황취합!$D$1,FALSE))=TRUE,0,VLOOKUP($F14,[1]기획현황취합!$A$1:$E$65474,[1]기획현황취합!$D$1,FALSE)) -> 41711 | AY14: 41861 | AZ14: =IF(ISERROR(VLOOKUP($F14,[1]기획현황취합!$A$1:$E$65474,[1]기획현황취합!$E$1,FALSE))=TRUE,0,VLOOKUP($F14,[1]기획현황취합!$A$1:$E$65474,[1]기획현황취합!$E$1,FALSE)) -> 41858 | BA14: 41866 | BB14: 41906 | BC14: 0 | BD14: 0 | BE14: 0 | BF14: 0 | BG14: 확정 | BH14: 확정 | BI14: =IF($I14="TTL",SUMIF($C:$C,MID($K14,1,SEARCH("TTL",$K14)-2),$BI:$BI),SUMIF(실입고현황!$A:$A,BB14&VLOOKUP($AG14,'TARGET MU'!$A:$D,'TARGET MU'!$B$1,FALSE)&$Z14&" "&$AE14,실입고현황!$C:$C)) -> 250 | BJ14: =IF($I14="TTL",SUMIF($C:$C,MID($K14,1,SEARCH("TTL",$K14)-2),$BJ:$BJ),SUMIF(실입고현황!$A:$A,BC14&VLOOKUP($AG14,'TARGET MU'!$A:$D,'TARGET MU'!$B$1,FALSE)&$Z14&" "&$AE14,실입고현황!$C:$C)) -> 0 | BK14: =IF($I14="TTL",SUMIF($C:$C,MID($K14,1,SEARCH("TTL",$K14)-2),$BK:$BK),SUMIF(실입고현황!$A:$A,BD14&VLOOKUP($AG14,'TARGET MU'!$A:$D,'TARGET MU'!$B$1,FALSE)&$Z14&" "&$AE14,실입고현황!$C:$C)) -> 0 | BL14: =IF($I14="TTL",SUMIF($C:$C,MID($K14,1,SEARCH("TTL",$K14)-2),$BL:$BL),SUMIF(실입고현황!$A:$A,BE14&VLOOKUP($AG14,'TARGET MU'!$A:$D,'TARGET MU'!$B$1,FALSE)&$Z14&" "&$AE14,실입고현황!$C:$C)) -> 0 | BM14: =IF($I14="TTL",SUMIF($C:$C,MID($K14,1,SEARCH("TTL",$K14)-2),$BM:$BM),SUMIF(실입고현황!$A:$A,BF14&VLOOKUP($AG14,'TARGET MU'!$A:$D,'TARGET MU'!$B$1,FALSE)&$Z14&" "&$AE14,실입고현황!$C:$C)) -> 0 | BN14: =IF($I14="TTL",SUMIF($C:$C,MID($K14,1,SEARCH("TTL",$K14)-2),$BN:$BN),IF(($BO14-SUM($BI14,$BJ14,$BK14,BL14,BM14))<$BO14*$BN$6,0,$BO14-SUM($BI14,$BJ14,$BK14,BL14,BM14))) -> 0 | BO14: =IF($I14="TTL",SUMIF($C:$C,MID($K14,1,SEARCH("TTL",$K14)-2),$BO:$BO),$AF14) -> 250 | BP14: =IF($I14="TTL",SUMIF($C:$C,MID($K14,1,SEARCH("TTL",$K14)-2),$BP:$BP),IF($AO14=0,0,IF($AP14=0,$AO14*$AF14,$AP14*$AF14))) -> 2111250 | BQ14: =IF($I14="TTL",SUMIF($C:$C,MID($K14,1,SEARCH("TTL",$K14)-2),$BQ:$BQ),$AM14*$AF14) -> 13750000 | BR14: =IF(ISERROR($BQ14/($BP14*1.1))=TRUE,0,$BQ14/($BP14*1.1)) -> 5.9206631 | BT14: =IF(ISERROR(Z14&VLOOKUP($AG14,'TARGET MU'!$A:$D,'TARGET MU'!$B$1,FALSE))=TRUE,"",Z14&VLOOKUP($AG14,'TARGET MU'!$A:$D,'TARGET MU'!$B$1,FALSE)) -> ELKTPF5801NY포모스트 | BU14: =AP14 -> 8445 | BV14: =Z14&AE14&AF14&AM14&AG14&AI14&AK14 -> ELKTPF5801NYFRE25055000FOREMOST01CN | BX14: =IF($I14="TTL","",$L14) -> ELK | BY14: =$O14 -> 5 | BZ14: =$AJ14 -> M | CA14: =$P14 -> TP | CB14: =$R14 -> K | CC14: =$AK14 -> CN | CD14: =$W14 -> 13FW ELS 07_TROOPER_NV_KIDS | CE14: =$U14 -> ELKTPF5801 | CF14: =$T14 -> 801 | CG14: =$W14 -> 13FW ELS 07_TROOPER_NV_KIDS | CH14: =$X14 -> NY | CI14: =$AD14 -> 1 | CJ14: =$AE14 -> FRE | CK14: =IF($I14="TTL",SUMIF($C:$C,MID($K14,1,SEARCH("TTL",$K14)-2),$BO:$BO),$AF14) -> 250 | CL14: =$AV14 -> 5 | CM14: =$AM14 -> 55000 | CN14: =$AP14-$AU14 -> 6237 | CO14: =$AU14 -> 2208 | CP14: =$AL14 -> 1 | CQ14: 938 | CT14: =IF($I14="TTL",$K14,$Z14&$AE14) -> ELKTPF5801NYFRE | CU14: =$M14 -> ELSTINKO KIDS | CV14: =IF($I14="TTL","",IF($CX14="","",$Q14&"_"&$T14&IF(N14="K","_KIDS",IF(N14="I","_INFANT","")))) -> TROOPER_801 | CW14: =IF($I14="TTL","",IF($CT14="","",$Y14&"_"&$AE14)) -> NAVY_FRE | CX14: =$L14 -> ELK | CY14: =$T14 -> 801 | CZ14: =IF($I14="TTL",SUMIF($C:$C,MID($K14,1,SEARCH("TTL",$K14)-2),$CZ:$CZ),$AF14) -> 250 | DA14: =$AM14 -> 55000 | DB14: =$Y14 -> NAVY | DC14: =$AE14 -> FRE | DD14: 2014.06.25 택발주 | DG14: 41715 | DH14: =IF(OR($I14="TTL",$I14=""),"",AZ14-$DH$11) -> 41768 | DI14: 41712 | DJ14: 41715 | DK14: 41724 | DL14: 3 | DM14: 0 | DN14: 41723 | DO14: 없음 | DP14: =IF(OR($DN14="없음",$I14="TTL",$I14=""),"",AZ14-$DP$11) -> 41798 | DQ14: 없음 | DR14: 없음 | DS14: 41724 | EC14: =IF(OR(Z13&AX13=Z14&AX13,Z14&AX14=""),"",Z14&AX14) -> ELKTPF5801NY41711 | ED14: =IF(OR(Z13&AE13=Z14&AE14,Z14=""),"",Z14&AE14) -> ELKTPF5801NYFRE | EE14: =IF(ED14="",0,IF(COUNTIF(ED$12:ED13,ED14)=0,0,COUNTIF(ED$12:ED13,ED14))) -> 0 | EF14: =IF(OR($AJ14="B",$ED14="",MID($U14,8,1)=$EF$9,MID($U14,8,1)=$EF$10),0,1) -> 1 | EG14: =IF(EE14+EF14=0,"","R"&(EE14+EF14)) -> R1 | EI14: =IF($ED14="","",IF($EE14=0,U14,"")) -> ELKTPF5801 | EJ14: =IF($ED14="","",IF($EE14=0,Z14,"")) -> ELKTPF5801NY | EM14: 41751
A15: =IF(OR($I15="TTL",$I15=""),"",IF(ISERROR(VLOOKUP($B15,CODE!$D:$G,CODE!$F$1-2,FALSE))=TRUE,"전략",VLOOKUP($B15,CODE!$D:$G,CODE!$F$1-2,FALSE))) | B15: =IF(OR($I15="TTL",$I15=""),"",IF(VLOOKUP($P15,CODE!$K:$O,CODE!$O$1,FALSE)="",$I15,$I15&"-"&VLOOKUP($P15,CODE!$K:$O,CODE!$O$1,FALSE))) | C15: =IF($I15="TTL","",I15&"-"&$AG15&"-"&$AI15) | D15: =$C15&$Z15 | E15: =IF($I15="TTL",0,IF(ISERROR(IF($Z14=$Z15,$E14,$E14+1))=TRUE,1,IF($Z14=$Z15,$E14,$E14+1))) -> 0 | F15: =$C15&$E15 -> 0 | G15: =$F15&"-"&$U15&$Y15&$AE15 -> 0- | H15: =IF(ISERROR(I15&VLOOKUP(P15,CODE!$K:$N,CODE!$N$1,FALSE)&S15)=TRUE,0,I15&VLOOKUP(P15,CODE!$K:$N,CODE!$N$1,FALSE)&S15) -> 0 | I15: =IF(ISERROR(SEARCH("TTL",$K15))=TRUE,IF($L15="","",VLOOKUP($L15,CODE!$B:$G,CODE!$D$1,FALSE)),"TTL") -> TTL | J15: =MID(W15,1,6) | K15: =C14&" TTL" -> ELK-FOREMOST-01 TTL | M15: =IF(OR($I15="TTL",$L15=""),"",VLOOKUP($L15,CODE!$B:$D,CODE!$C$1,FALSE)) | N15: =IF(OR($I15="TTL",$L15=""),"",VLOOKUP($K$2,CODE!$S:$T,CODE!$T$1-1,FALSE)) | Q15: =IF(OR($I15="TTL",$P15=""),"",VLOOKUP($P15,CODE!$K:$M,CODE!$L$1,FALSE)) | T15: =IF(OR($I15="TTL",$S15=""),"",IF($S15<10,"00"&$S15,IF($S15<100,"0"&$S15,$S15))) | U15: =IF($I15="TTL","",$L15&$P15&$N15&$O15&$T15) | V15: =IF($I15="TTL",SUMIF($C:$C,MID($K15,1,SEARCH("TTL",$K15)-2),$V:$V),IF($EI15="",0,1/COUNTIF($EI:$EI,$EI15))) -> 2 | X15: =IF($Y15="","",VLOOKUP($Y15,CODE!$AE:$AF,CODE!$AF$1-1,FALSE)) | Z15: =$U15&$X15 | AA15: =VLOOKUP($Z15&$AX15,$EC:$EG,5,FALSE) | AB15: =IF($I15="TTL",SUMIF($C:$C,MID($K15,1,SEARCH("TTL",$K15)-2),$AB:$AB),IF($EJ15="",0,1/COUNTIF($EJ:$EJ,$EJ15))) -> 2 | AC15: 0 | AD15: 1 | AI15: =IF($AH15=0,"",IF($AH15<10,"0"&$AH15,$AH15)) | AL15: =IF($AK15=0,"",IF($AK15="KR",2,1)) | AM15: =IF(ISERROR(VLOOKUP($F15,[1]기획현황취합!$A$1:$E$65474,[1]기획현황취합!$B$1,FALSE))=TRUE,0,VLOOKUP($F15,[1]기획현황취합!$A$1:$E$65474,[1]기획현황취합!$B$1,FALSE)) -> 0 | AN15: =IF(ISERROR(VLOOKUP($F15,[1]기획현황취합!$A$1:$E$65474,[1]기획현황취합!$C$1,FALSE))=TRUE,0,VLOOKUP($F15,[1]기획현황취합!$A$1:$E$65474,[1]기획현황취합!$C$1,FALSE)) -> 0 | AO15: =IF(ISERROR(($AM15/1.1)/VLOOKUP($AG15,'TARGET MU'!$A:$D,'TARGET MU'!$D$1,FALSE))=TRUE,0,($AM15/1.1)/VLOOKUP($AG15,'TARGET MU'!$A:$D,'TARGET MU'!$D$1,FALSE)) -> 0 | AP15: =IF(OR(AF15=0,AND(AV15=0,AW15=0)),0,IF(AG15="캡보이2",AV15*$AQ$5+AU15,IF(OR(AK15="IN",AK15="BG",AK15="VT",AK15="CB"),$AU15+(($AV15*(1+$AW$4))*(HLOOKUP(VLOOKUP(AG15,'TARGET MU'!$A:$P,'TARGET MU'!$J$1,FALSE),$AO$4:$AR$5,2,FALSE)))+$AW15,$AU15+((($AV15*(1+$AW$4))*(1+HLOOKUP(VLOOKUP($P15,CODE!$K:$P,CODE!$P$1,FALSE),$AS$4:$AV$5,2,FALSE)))*(HLOOKUP(VLOOKUP(AG15,'TARGET MU'!$A:$P,'TARGET MU'!$J$1,FALSE),$AO$4:$AR$5,2,FALSE)))+$AW15))) -> 0 | AQ15: =AP15-AO15 -> 0 | AR15: 0 | AS15: 0 | AU15: =SUM(AR15:AT15) -> 0 | AV15: 0 | AW15: 0 | AX15: =IF(ISERROR(VLOOKUP($F15,[1]기획현황취합!$A$1:$E$65474,[1]기획현황취합!$D$1,FALSE))=TRUE,0,VLOOKUP($F15,[1]기획현황취합!$A$1:$E$65474,[1]기획현황취합!$D$1,FALSE)) -> 0 | AY15: 0 | AZ15: =IF(ISERROR(VLOOKUP($F15,[1]기획현황취합!$A$1:$E$65474,[1]기획현황취합!$E$1,FALSE))=TRUE,0,VLOOKUP($F15,[1]기획현황취합!$A$1:$E$65474,[1]기획현황취합!$E$1,FALSE)) -> 0 | BA15: 0 | BB15: 0 | BC15: 0 | BD15: 0 | BE15: 0 | BF15: 0 | BG15: 0 | BH15: 0 | BI15: =IF($I15="TTL",SUMIF($C:$C,MID($K15,1,SEARCH("TTL",$K15)-2),$BI:$BI),SUMIF(실입고현황!$A:$A,BB15&VLOOKUP($AG15,'TARGET MU'!$A:$D,'TARGET MU'!$B$1,FALSE)&$Z15&" "&$AE15,실입고현황!$C:$C)) -> 500 | BJ15: =IF($I15="TTL",SUMIF($C:$C,MID($K15,1,SEARCH("TTL",$K15)-2),$BJ:$BJ),SUMIF(실입고현황!$A:$A,BC15&VLOOKUP($AG15,'TARGET MU'!$A:$D,'TARGET MU'!$B$1,FALSE)&$Z15&" "&$AE15,실입고현황!$C:$C)) -> 0 | BK15: =IF($I15="TTL",SUMIF($C:$C,MID($K15,1,SEARCH("TTL",$K15)-2),$BK:$BK),SUMIF(실입고현황!$A:$A,BD15&VLOOKUP($AG15,'TARGET MU'!$A:$D,'TARGET MU'!$B$1,FALSE)&$Z15&" "&$AE15,실입고현황!$C:$C)) -> 0 | BL15: =IF($I15="TTL",SUMIF($C:$C,MID($K15,1,SEARCH("TTL",$K15)-2),$BL:$BL),SUMIF(실입고현황!$A:$A,BE15&VLOOKUP($AG15,'TARGET MU'!$A:$D,'TARGET MU'!$B$1,FALSE)&$Z15&" "&$AE15,실입고현황!$C:$C)) -> 0 | BM15: =IF($I15="TTL",SUMIF($C:$C,MID($K15,1,SEARCH("TTL",$K15)-2),$BM:$BM),SUMIF(실입고현황!$A:$A,BF15&VLOOKUP($AG15,'TARGET MU'!$A:$D,'TARGET MU'!$B$1,FALSE)&$Z15&" "&$AE15,실입고현황!$C:$C)) -> 0 | BN15: =IF($I15="TTL",SUMIF($C:$C,MID($K15,1,SEARCH("TTL",$K15)-2),$BN:$BN),IF(($BO15-SUM($BI15,$BJ15,$BK15,BL15,BM15))<$BO15*$BN$6,0,$BO15-SUM($BI15,$BJ15,$BK15,BL15,BM15))) -> 0 | BO15: =IF($I15="TTL",SUMIF($C:$C,MID($K15,1,SEARCH("TTL",$K15)-2),$BO:$BO),$AF15) -> 500 | BP15: =IF($I15="TTL",SUMIF($C:$C,MID($K15,1,SEARCH("TTL",$K15)-2),$BP:$BP),IF($AO15=0,0,IF($AP15=0,$AO15*$AF15,$AP15*$AF15))) -> 3790760 | BQ15: =IF($I15="TTL",SUMIF($C:$C,MID($K15,1,SEARCH("TTL",$K15)-2),$BQ:$BQ),$AM15*$AF15) -> 25000000 | BR15: =IF(ISERROR($BQ15/($BP15*1.1))=TRUE,0,$BQ15/($BP15*1.1)) -> 5.9954396 | BT15: =IF(ISERROR(Z15&VLOOKUP($AG15,'TARGET MU'!$A:$D,'TARGET MU'!$B$1,FALSE))=TRUE,"",Z15&VLOOKUP($AG15,'TARGET MU'!$A:$D,'TARGET MU'!$B$1,FALSE)) | BU15: =AP15 -> 0 | BV15: =Z15&AE15&AF15&AM15&AG15&AI15&AK15 -> 0 | BX15: =IF($I15="TTL","",$L15) | BY15: =$O15 | BZ15: =$AJ15 -> 0 | CA15: =$P15 -> 0 | CB15: =$R15 -> 0 | CC15: =$AK15 -> 0 | CD15: =$W15 -> 0 | CE15: =$U15 | CF15: =$T15 | CG15: =$W15 -> 0 | CH15: =$X15 | CI15: =$AD15 -> 1 | CJ15: =$AE15 -> 0 | CK15: =IF($I15="TTL",SUMIF($C:$C,MID($K15,1,SEARCH("TTL",$K15)-2),$BO:$BO),$AF15) -> 500 | CL15: =$AV15 -> 0 | CM15: =$AM15 -> 0 | CN15: =$AP15-$AU15 -> 0 | CO15: =$AU15 -> 0 | CP15: =$AL15 | CT15: =IF($I15="TTL",$K15,$Z15&$AE15) -> ELK-FOREMOST-01 TTL | CU15: =$M15 | CV15: =IF($I15="TTL","",IF($CX15="","",$Q15&"_"&$T15&IF(N15="K","_KIDS",IF(N15="I","_INFANT","")))) | CW15: =IF($I15="TTL","",IF($CT15="","",$Y15&"_"&$AE15)) | CX15: =$L15 -> 0 | CY15: =$T15 | CZ15: =IF($I15="TTL",SUMIF($C:$C,MID($K15,1,SEARCH("TTL",$K15)-2),$CZ:$CZ),$AF15) -> 500 | DA15: =$AM15 -> 0 | DB15: =$Y15 -> 0 | DC15: =$AE15 -> 0 | DH15: =IF(OR($I15="TTL",$I15=""),"",AZ15-$DH$11) | DP15: =IF(OR($DN15="없음",$I15="TTL",$I15=""),"",AZ15-$DP$11) | EC15: =IF(OR(Z14&AX14=Z15&AX14,Z15&AX15=""),"",Z15&AX15) -> 0 | ED15: =IF(OR(Z14&AE14=Z15&AE15,Z15=""),"",Z15&AE15) | EE15: =IF(ED15="",0,IF(COUNTIF(ED$12:ED14,ED15)=0,0,COUNTIF(ED$12:ED14,ED15))) -> 0 | EF15: =IF(OR($AJ15="B",$ED15="",MID($U15,8,1)=$EF$9,MID($U15,8,1)=$EF$10),0,1) -> 0 | EG15: =IF(EE15+EF15=0,"","R"&(EE15+EF15)) | EI15: =IF($ED15="","",IF($EE15=0,U15,"")) | EJ15: =IF($ED15="","",IF($EE15=0,Z15,""))
A16: =IF(OR($I16="TTL",$I16=""),"",IF(ISERROR(VLOOKUP($B16,CODE!$D:$G,CODE!$F$1-2,FALSE))=TRUE,"전략",VLOOKUP($B16,CODE!$D:$G,CODE!$F$1-2,FALSE))) -> F-CAP | B16: =IF(OR($I16="TTL",$I16=""),"",IF(VLOOKUP($P16,CODE!$K:$O,CODE!$O$1,FALSE)="",$I16,$I16&"-"&VLOOKUP($P16,CODE!$K:$O,CODE!$O$1,FALSE))) -> ELK | C16: =IF($I16="TTL","",I16&"-"&$AG16&"-"&$AI16) -> ELK-성진-05 | D16: =$C16&$Z16 -> ELK-성진-05ELKSNF5503RE | E16: =IF($I16="TTL",0,IF(ISERROR(IF($Z15=$Z16,$E15,$E15+1))=TRUE,1,IF($Z15=$Z16,$E15,$E15+1))) -> 1 | F16: =$C16&$E16 -> ELK-성진-051 | G16: =$F16&"-"&$U16&$Y16&$AE16 -> ELK-성진-051-ELKSNF5503REDXSS | H16: =IF(ISERROR(I16&VLOOKUP(P16,CODE!$K:$N,CODE!$N$1,FALSE)&S16)=TRUE,0,I16&VLOOKUP(P16,CODE!$K:$N,CODE!$N$1,FALSE)&S16) -> ELK의류외503 | I16: =IF(ISERROR(SEARCH("TTL",$K16))=TRUE,IF($L16="","",VLOOKUP($L16,CODE!$B:$G,CODE!$D$1,FALSE)),"TTL") -> ELK | J16: =MID(W16,1,6) -> 14FW E | L16: ELK | M16: =IF(OR($I16="TTL",$L16=""),"",VLOOKUP($L16,CODE!$B:$D,CODE!$C$1,FALSE)) -> ELSTINKO KIDS | N16: =IF(OR($I16="TTL",$L16=""),"",VLOOKUP($K$2,CODE!$S:$T,CODE!$T$1-1,FALSE)) -> F | O16: 5 | P16: SN | Q16: =IF(OR($I16="TTL",$P16=""),"",VLOOKUP($P16,CODE!$K:$M,CODE!$L$1,FALSE)) -> SNAPBACK | R16: K | S16: 503 | T16: =IF(OR($I16="TTL",$S16=""),"",IF($S16<10,"00"&$S16,IF($S16<100,"0"&$S16,$S16))) -> 503 | U16: =IF($I16="TTL","",$L16&$P16&$N16&$O16&$T16) -> ELKSNF5503 | V16: =IF($I16="TTL",SUMIF($C:$C,MID($K16,1,SEARCH("TTL",$K16)-2),$V:$V),IF($EI16="",0,1/COUNTIF($EI:$EI,$EI16))) -> 0.33333333 | W16: 14FW ELS_06_SNAP_RD_KIDS | X16: =IF($Y16="","",VLOOKUP($Y16,CODE!$AE:$AF,CODE!$AF$1-1,FALSE)) -> RE | Y16: RED | Z16: =$U16&$X16 -> ELKSNF5503RE | AA16: =VLOOKUP($Z16&$AX16,$EC:$EG,5,FALSE) | AB16: =IF($I16="TTL",SUMIF($C:$C,MID($K16,1,SEARCH("TTL",$K16)-2),$AB:$AB),IF($EJ16="",0,1/COUNTIF($EJ:$EJ,$EJ16))) -> 0.33333333 | AC16: 면15%, 폴리에스터 85% | AD16: 1 | AE16: XSS | AF16: 400 | AG16: 성진 | AH16: 5 | AI16: =IF($AH16=0,"",IF($AH16<10,"0"&$AH16,$AH16)) -> 05 | AJ16: M | AK16: BG | AL16: =IF($AK16=0,"",IF($AK16="KR",2,1)) -> 1 | AM16: =IF(ISERROR(VLOOKUP($F16,[1]기획현황취합!$A$1:$E$65474,[1]기획현황취합!$B$1,FALSE))=TRUE,0,VLOOKUP($F16,[1]기획현황취합!$A$1:$E$65474,[1]기획현황취합!$B$1,FALSE)) -> 45000 | AN16: =IF(ISERROR(VLOOKUP($F16,[1]기획현황취합!$A$1:$E$65474,[1]기획현황취합!$C$1,FALSE))=TRUE,0,VLOOKUP($F16,[1]기획현황취합!$A$1:$E$65474,[1]기획현황취합!$C$1,FALSE)) -> 41801 | AO16: =IF(ISERROR(($AM16/1.1)/VLOOKUP($AG16,'TARGET MU'!$A:$D,'TARGET MU'!$D$1,FALSE))=TRUE,0,($AM16/1.1)/VLOOKUP($AG16,'TARGET MU'!$A:$D,'TARGET MU'!$D$1,FALSE)) -> 6818.1818 | AP16: =IF(OR(AF16=0,AND(AV16=0,AW16=0)),0,IF(AG16="캡보이2",AV16*$AQ$5+AU16,IF(OR(AK16="IN",AK16="BG",AK16="VT",AK16="CB"),$AU16+(($AV16*(1+$AW$4))*(HLOOKUP(VLOOKUP(AG16,'TARGET MU'!$A:$P,'TARGET MU'!$J$1,FALSE),$AO$4:$AR$5,2,FALSE)))+$AW16,$AU16+((($AV16*(1+$AW$4))*(1+HLOOKUP(VLOOKUP($P16,CODE!$K:$P,CODE!$P$1,FALSE),$AS$4:$AV$5,2,FALSE)))*(HLOOKUP(VLOOKUP(AG16,'TARGET MU'!$A:$P,'TARGET MU'!$J$1,FALSE),$AO$4:$AR$5,2,FALSE)))+$AW16))) -> 6950 | AQ16: =AP16-AO16 -> 131.81818 | AR16: 0 | AS16: 0 | AT16: 20 | AU16: =SUM(AR16:AT16) -> 20 | AV16: 6 | AW16: 0 | AX16: =IF(ISERROR(VLOOKUP($F16,[1]기획현황취합!$A$1:$E$65474,[1]기획현황취합!$D$1,FALSE))=TRUE,0,VLOOKUP($F16,[1]기획현황취합!$A$1:$E$65474,[1]기획현황취합!$D$1,FALSE)) -> 41736 | AY16: 41867 | AZ16: =IF(ISERROR(VLOOKUP($F16,[1]기획현황취합!$A$1:$E$65474,[1]기획현황취합!$E$1,FALSE))=TRUE,0,VLOOKUP($F16,[1]기획현황취합!$A$1:$E$65474,[1]기획현황취합!$E$1,FALSE)) -> 41844 | BA16: 41871 | BB16: 41877 | BC16: 41887 | BD16: 41900 | BE16: 0 | BF16: 0 | BG16: 확정 | BH16: 확정 | BI16: =IF($I16="TTL",SUMIF($C:$C,MID($K16,1,SEARCH("TTL",$K16)-2),$BI:$BI),SUMIF(실입고현황!$A:$A,BB16&VLOOKUP($AG16,'TARGET MU'!$A:$D,'TARGET MU'!$B$1,FALSE)&$Z16&" "&$AE16,실입고현황!$C:$C)) -> 400 | BJ16: =IF($I16="TTL",SUMIF($C:$C,MID($K16,1,SEARCH("TTL",$K16)-2),$BJ:$BJ),SUMIF(실입고현황!$A:$A,BC16&VLOOKUP($AG16,'TARGET MU'!$A:$D,'TARGET MU'!$B$1,FALSE)&$Z16&" "&$AE16,실입고현황!$C:$C)) -> 0 | BK16: =IF($I16="TTL",SUMIF($C:$C,MID($K16,1,SEARCH("TTL",$K16)-2),$BK:$BK),SUMIF(실입고현황!$A:$A,BD16&VLOOKUP($AG16,'TARGET MU'!$A:$D,'TARGET MU'!$B$1,FALSE)&$Z16&" "&$AE16,실입고현황!$C:$C)) -> 0 | BL16: =IF($I16="TTL",SUMIF($C:$C,MID($K16,1,SEARCH("TTL",$K16)-2),$BL:$BL),SUMIF(실입고현황!$A:$A,BE16&VLOOKUP($AG16,'TARGET MU'!$A:$D,'TARGET MU'!$B$1,FALSE)&$Z16&" "&$AE16,실입고현황!$C:$C)) -> 0 | BM16: =IF($I16="TTL",SUMIF($C:$C,MID($K16,1,SEARCH("TTL",$K16)-2),$BM:$BM),SUMIF(실입고현황!$A:$A,BF16&VLOOKUP($AG16,'TARGET MU'!$A:$D,'TARGET MU'!$B$1,FALSE)&$Z16&" "&$AE16,실입고현황!$C:$C)) -> 0 | BN16: =IF($I16="TTL",SUMIF($C:$C,MID($K16,1,SEARCH("TTL",$K16)-2),$BN:$BN),IF(($BO16-SUM($BI16,$BJ16,$BK16,BL16,BM16))<$BO16*$BN$6,0,$BO16-SUM($BI16,$BJ16,$BK16,BL16,BM16))) -> 0 | BO16: =IF($I16="TTL",SUMIF($C:$C,MID($K16,1,SEARCH("TTL",$K16)-2),$BO:$BO),$AF16) -> 400 | BP16: =IF($I16="TTL",SUMIF($C:$C,MID($K16,1,SEARCH("TTL",$K16)-2),$BP:$BP),IF($AO16=0,0,IF($AP16=0,$AO16*$AF16,$AP16*$AF16))) -> 2780000 | BQ16: =IF($I16="TTL",SUMIF($C:$C,MID($K16,1,SEARCH("TTL",$K16)-2),$BQ:$BQ),$AM16*$AF16) -> 18000000 | BR16: =IF(ISERROR($BQ16/($BP16*1.1))=TRUE,0,$BQ16/($BP16*1.1)) -> 5.8862001 | BT16: =IF(ISERROR(Z16&VLOOKUP($AG16,'TARGET MU'!$A:$D,'TARGET MU'!$B$1,FALSE))=TRUE,"",Z16&VLOOKUP($AG16,'TARGET MU'!$A:$D,'TARGET MU'!$B$1,FALSE)) -> ELKSNF5503RE성진무역 | BU16: =AP16 -> 6950 | BV16: =Z16&AE16&AF16&AM16&AG16&AI16&AK16 -> ELKSNF5503REXSS40045000성진05BG | BX16: =IF($I16="TTL","",$L16) -> ELK | BY16: =$O16 -> 5 | BZ16: =$AJ16 -> M | CA16: =$P16 -> SN | CB16: =$R16 -> K | CC16: =$AK16 -> BG | CD16: =$W16 -> 14FW ELS_06_SNAP_RD_KIDS | CE16: =$U16 -> ELKSNF5503 | CF16: =$T16 -> 503 | CG16: =$W16 -> 14FW ELS_06_SNAP_RD_KIDS | CH16: =$X16 -> RE | CI16: =$AD16 -> 1 | CJ16: =$AE16 -> XSS | CK16: =IF($I16="TTL",SUMIF($C:$C,MID($K16,1,SEARCH("TTL",$K16)-2),$BO:$BO),$AF16) -> 400 | CL16: =$AV16 -> 6 | CM16: =$AM16 -> 45000 | CN16: =$AP16-$AU16 -> 6930 | CO16: =$AU16 -> 20 | CP16: =$AL16 -> 1 | CQ16: 811 | CT16: =IF($I16="TTL",$K16,$Z16&$AE16) -> ELKSNF5503REXSS | CU16: =$M16 -> ELSTINKO KIDS | CV16: =IF($I16="TTL","",IF($CX16="","",$Q16&"_"&$T16&IF(N16="K","_KIDS",IF(N16="I","_INFANT","")))) -> SNAPBACK_503 | CW16: =IF($I16="TTL","",IF($CT16="","",$Y16&"_"&$AE16)) -> RED_XSS | CX16: =$L16 -> ELK | CY16: =$T16 -> 503 | CZ16: =IF($I16="TTL",SUMIF($C:$C,MID($K16,1,SEARCH("TTL",$K16)-2),$CZ:$CZ),$AF16) -> 400 | DA16: =$AM16 -> 45000 | DB16: =$Y16 -> RED | DC16: =$AE16 -> XSS | DD16: 2014.07.03 택발주 (바원테크) | DG16: 41736 | DH16: =IF(OR($I16="TTL",$I16=""),"",AZ16-$DH$11) -> 41754 | DI16: 41745 | DJ16: 41746 | DK16: 41773 | DL16: 3 | DM16: 1 | DN16: 없음 | DO16: 없음 | DP16: =IF(OR($DN16="없음",$I16="TTL",$I16=""),"",AZ16-$DP$11) | DQ16: 없음 | DR16: 없음 | DS16: 41773 | EC16: =IF(OR(Z15&AX15=Z16&AX15,Z16&AX16=""),"",Z16&AX16) -> ELKSNF5503RE41736 | ED16: =IF(OR(Z15&AE15=Z16&AE16,Z16=""),"",Z16&AE16) -> ELKSNF5503REXSS | EE16: =IF(ED16="",0,IF(COUNTIF(ED$12:ED15,ED16)=0,0,COUNTIF(ED$12:ED15,ED16))) -> 0 | EF16: =IF(OR($AJ16="B",$ED16="",MID($U16,8,1)=$EF$9,MID($U16,8,1)=$EF$10),0,1) -> 0 | EG16: =IF(EE16+EF16=0,"","R"&(EE16+EF16)) | EI16: =IF($ED16="","",IF($EE16=0,U16,"")) -> ELKSNF5503 | EJ16: =IF($ED16="","",IF($EE16=0,Z16,"")) -> ELKSNF5503RE | EM16: 41801
A17: =IF(OR($I17="TTL",$I17=""),"",IF(ISERROR(VLOOKUP($B17,CODE!$D:$G,CODE!$F$1-2,FALSE))=TRUE,"전략",VLOOKUP($B17,CODE!$D:$G,CODE!$F$1-2,FALSE))) -> F-CAP | B17: =IF(OR($I17="TTL",$I17=""),"",IF(VLOOKUP($P17,CODE!$K:$O,CODE!$O$1,FALSE)="",$I17,$I17&"-"&VLOOKUP($P17,CODE!$K:$O,CODE!$O$1,FALSE))) -> ELK | C17: =IF($I17="TTL","",I17&"-"&$AG17&"-"&$AI17) -> ELK-성진-05 | D17: =$C17&$Z17 -> ELK-성진-05ELKSNF5503RE | E17: =IF($I17="TTL",0,IF(ISERROR(IF($Z16=$Z17,$E16,$E16+1))=TRUE,1,IF($Z16=$Z17,$E16,$E16+1))) -> 1 | F17: =$C17&$E17 -> ELK-성진-051 | G17: =$F17&"-"&$U17&$Y17&$AE17 -> ELK-성진-051-ELKSNF5503REDOSM | H17: =IF(ISERROR(I17&VLOOKUP(P17,CODE!$K:$N,CODE!$N$1,FALSE)&S17)=TRUE,0,I17&VLOOKUP(P17,CODE!$K:$N,CODE!$N$1,FALSE)&S17) -> ELK의류외503 | I17: =IF(ISERROR(SEARCH("TTL",$K17))=TRUE,IF($L17="","",VLOOKUP($L17,CODE!$B:$G,CODE!$D$1,FALSE)),"TTL") -> ELK | J17: =MID(W17,1,6) -> 14FW E | L17: ELK | M17: =IF(OR($I17="TTL",$L17=""),"",VLOOKUP($L17,CODE!$B:$D,CODE!$C$1,FALSE)) -> ELSTINKO KIDS | N17: =IF(OR($I17="TTL",$L17=""),"",VLOOKUP($K$2,CODE!$S:$T,CODE!$T$1-1,FALSE)) -> F | O17: 5 | P17: SN | Q17: =IF(OR($I17="TTL",$P17=""),"",VLOOKUP($P17,CODE!$K:$M,CODE!$L$1,FALSE)) -> SNAPBACK | R17: K | S17: 503 | T17: =IF(OR($I17="TTL",$S17=""),"",IF($S17<10,"00"&$S17,IF($S17<100,"0"&$S17,$S17))) -> 503 | U17: =IF($I17="TTL","",$L17&$P17&$N17&$O17&$T17) -> ELKSNF5503 | V17: =IF($I17="TTL",SUMIF($C:$C,MID($K17,1,SEARCH("TTL",$K17)-2),$V:$V),IF($EI17="",0,1/COUNTIF($EI:$EI,$EI17))) -> 0.33333333 | W17: 14FW ELS_06_SNAP_RD_KIDS | X17: =IF($Y17="","",VLOOKUP($Y17,CODE!$AE:$AF,CODE!$AF$1-1,FALSE)) -> RE | Y17: RED | Z17: =$U17&$X17 -> ELKSNF5503RE | AA17: =VLOOKUP($Z17&$AX17,$EC:$EG,5,FALSE) | AB17: =IF($I17="TTL",SUMIF($C:$C,MID($K17,1,SEARCH("TTL",$K17)-2),$AB:$AB),IF($EJ17="",0,1/COUNTIF($EJ:$EJ,$EJ17))) -> 0.33333333 | AC17: 면15%, 폴리에스터 85% | AD17: 1 | AE17: OSM | AF17: 100 | AG17: 성진 | AH17: 5 | AI17: =IF($AH17=0,"",IF($AH17<10,"0"&$AH17,$AH17)) -> 05 | AJ17: M | AK17: BG | AL17: =IF($AK17=0,"",IF($AK17="KR",2,1)) -> 1 | AM17: =IF(ISERROR(VLOOKUP($F17,[1]기획현황취합!$A$1:$E$65474,[1]기획현황취합!$B$1,FALSE))=TRUE,0,VLOOKUP($F17,[1]기획현황취합!$A$1:$E$65474,[1]기획현황취합!$B$1,FALSE)) -> 45000 | AN17: =IF(ISERROR(VLOOKUP($F17,[1]기획현황취합!$A$1:$E$65474,[1]기획현황취합!$C$1,FALSE))=TRUE,0,VLOOKUP($F17,[1]기획현황취합!$A$1:$E$65474,[1]기획현황취합!$C$1,FALSE)) -> 41801 | AO17: =IF(ISERROR(($AM17/1.1)/VLOOKUP($AG17,'TARGET MU'!$A:$D,'TARGET MU'!$D$1,FALSE))=TRUE,0,($AM17/1.1)/VLOOKUP($AG17,'TARGET MU'!$A:$D,'TARGET MU'!$D$1,FALSE)) -> 6818.1818 | AP17: =IF(OR(AF17=0,AND(AV17=0,AW17=0)),0,IF(AG17="캡보이2",AV17*$AQ$5+AU17,IF(OR(AK17="IN",AK17="BG",AK17="VT",AK17="CB"),$AU17+(($AV17*(1+$AW$4))*(HLOOKUP(VLOOKUP(AG17,'TARGET MU'!$A:$P,'TARGET MU'!$J$1,FALSE),$AO$4:$AR$5,2,FALSE)))+$AW17,$AU17+((($AV17*(1+$AW$4))*(1+HLOOKUP(VLOOKUP($P17,CODE!$K:$P,CODE!$P$1,FALSE),$AS$4:$AV$5,2,FALSE)))*(HLOOKUP(VLOOKUP(AG17,'TARGET MU'!$A:$P,'TARGET MU'!$J$1,FALSE),$AO$4:$AR$5,2,FALSE)))+$AW17))) -> 7065.5 | AQ17: =AP17-AO17 -> 247.31818 | AR17: 0 | AS17: 0 | AT17: 20 | AU17: =SUM(AR17:AT17) -> 20 | AV17: 6.1 | AW17: 0 | AX17: =IF(ISERROR(VLOOKUP($F17,[1]기획현황취합!$A$1:$E$65474,[1]기획현황취합!$D$1,FALSE))=TRUE,0,VLOOKUP($F17,[1]기획현황취합!$A$1:$E$65474,[1]기획현황취합!$D$1,FALSE)) -> 41736 | AY17: 41867 | AZ17: =IF(ISERROR(VLOOKUP($F17,[1]기획현황취합!$A$1:$E$65474,[1]기획현황취합!$E$1,FALSE))=TRUE,0,VLOOKUP($F17,[1]기획현황취합!$A$1:$E$65474,[1]기획현황취합!$E$1,FALSE)) -> 41844 | BA17: 41871 | BB17: 41877 | BC17: 41887 | BD17: 41900 | BE17: 0 | BF17: 0 | BG17: 확정 | BH17: 확정 | BI17: =IF($I17="TTL",SUMIF($C:$C,MID($K17,1,SEARCH("TTL",$K17)-2),$BI:$BI),SUMIF(실입고현황!$A:$A,BB17&VLOOKUP($AG17,'TARGET MU'!$A:$D,'TARGET MU'!$B$1,FALSE)&$Z17&" "&$AE17,실입고현황!$C:$C)) -> 50 | BJ17: =IF($I17="TTL",SUMIF($C:$C,MID($K17,1,SEARCH("TTL",$K17)-2),$BJ:$BJ),SUMIF(실입고현황!$A:$A,BC17&VLOOKUP($AG17,'TARGET MU'!$A:$D,'TARGET MU'!$B$1,FALSE)&$Z17&" "&$AE17,실입고현황!$C:$C)) -> 0 | BK17: =IF($I17="TTL",SUMIF($C:$C,MID($K17,1,SEARCH("TTL",$K17)-2),$BK:$BK),SUMIF(실입고현황!$A:$A,BD17&VLOOKUP($AG17,'TARGET MU'!$A:$D,'TARGET MU'!$B$1,FALSE)&$Z17&" "&$AE17,실입고현황!$C:$C)) -> 50 | BL17: =IF($I17="TTL",SUMIF($C:$C,MID($K17,1,SEARCH("TTL",$K17)-2),$BL:$BL),SUMIF(실입고현황!$A:$A,BE17&VLOOKUP($AG17,'TARGET MU'!$A:$D,'TARGET MU'!$B$1,FALSE)&$Z17&" "&$AE17,실입고현황!$C:$C)) -> 0 | BM17: =IF($I17="TTL",SUMIF($C:$C,MID($K17,1,SEARCH("TTL",$K17)-2),$BM:$BM),SUMIF(실입고현황!$A:$A,BF17&VLOOKUP($AG17,'TARGET MU'!$A:$D,'TARGET MU'!$B$1,FALSE)&$Z17&" "&$AE17,실입고현황!$C:$C)) -> 0 | BN17: =IF($I17="TTL",SUMIF($C:$C,MID($K17,1,SEARCH("TTL",$K17)-2),$BN:$BN),IF(($BO17-SUM($BI17,$BJ17,$BK17,BL17,BM17))<$BO17*$BN$6,0,$BO17-SUM($BI17,$BJ17,$BK17,BL17,BM17))) -> 0 | BO17: =IF($I17="TTL",SUMIF($C:$C,MID($K17,1,SEARCH("TTL",$K17)-2),$BO:$BO),$AF17) -> 100 | BP17: =IF($I17="TTL",SUMIF($C:$C,MID($K17,1,SEARCH("TTL",$K17)-2),$BP:$BP),IF($AO17=0,0,IF($AP17=0,$AO17*$AF17,$AP17*$AF17))) -> 706550 | BQ17: =IF($I17="TTL",SUMIF($C:$C,MID($K17,1,SEARCH("TTL",$K17)-2),$BQ:$BQ),$AM17*$AF17) -> 4500000 | BR17: =IF(ISERROR($BQ17/($BP17*1.1))=TRUE,0,$BQ17/($BP17*1.1)) -> 5.7899782 | BT17: =IF(ISERROR(Z17&VLOOKUP($AG17,'TARGET MU'!$A:$D,'TARGET MU'!$B$1,FALSE))=TRUE,"",Z17&VLOOKUP($AG17,'TARGET MU'!$A:$D,'TARGET MU'!$B$1,FALSE)) -> ELKSNF5503RE성진무역 | BU17: =AP17 -> 7065.5 | BV17: =Z17&AE17&AF17&AM17&AG17&AI17&AK17 -> ELKSNF5503REOSM10045000성진05BG | BX17: =IF($I17="TTL","",$L17) -> ELK | BY17: =$O17 -> 5 | BZ17: =$AJ17 -> M | CA17: =$P17 -> SN | CB17: =$R17 -> K | CC17: =$AK17 -> BG | CD17: =$W17 -> 14FW ELS_06_SNAP_RD_KIDS | CE17: =$U17 -> ELKSNF5503 | CF17: =$T17 -> 503 | CG17: =$W17 -> 14FW ELS_06_SNAP_RD_KIDS | CH17: =$X17 -> RE | CI17: =$AD17 -> 1 | CJ17: =$AE17 -> OSM | CK17: =IF($I17="TTL",SUMIF($C:$C,MID($K17,1,SEARCH("TTL",$K17)-2),$BO:$BO),$AF17) -> 100 | CL17: =$AV17 -> 6.1 | CM17: =$AM17 -> 45000 | CN17: =$AP17-$AU17 -> 7045.5 | CO17: =$AU17 -> 20 | CP17: =$AL17 -> 1 | CQ17: 811/929 | CT17: =IF($I17="TTL",$K17,$Z17&$AE17) -> ELKSNF5503REOSM | CU17: =$M17 -> ELSTINKO KIDS | CV17: =IF($I17="TTL","",IF($CX17="","",$Q17&"_"&$T17&IF(N17="K","_KIDS",IF(N17="I","_INFANT","")))) -> SNAPBACK_503 | CW17: =IF($I17="TTL","",IF($CT17="","",$Y17&"_"&$AE17)) -> RED_OSM | CX17: =$L17 -> ELK | CY17: =$T17 -> 503 | CZ17: =IF($I17="TTL",SUMIF($C:$C,MID($K17,1,SEARCH("TTL",$K17)-2),$CZ:$CZ),$AF17) -> 100 | DA17: =$AM17 -> 45000 | DB17: =$Y17 -> RED | DC17: =$AE17 -> OSM | DD17: 2014.07.03 택발주 (바원테크) | DG17: 41736 | DH17: =IF(OR($I17="TTL",$I17=""),"",AZ17-$DH$11) -> 41754 | DI17: 41745 | DJ17: 41746 | DK17: 41773 | DL17: 3 | DM17: 1 | DN17: 없음 | DO17: 없음 | DP17: =IF(OR($DN17="없음",$I17="TTL",$I17=""),"",AZ17-$DP$11) | DQ17: 없음 | DR17: 없음 | DS17: 41773 | EC17: =IF(OR(Z16&AX16=Z17&AX16,Z17&AX17=""),"",Z17&AX17) | ED17: =IF(OR(Z16&AE16=Z17&AE17,Z17=""),"",Z17&AE17) -> ELKSNF5503REOSM | EE17: =IF(ED17="",0,IF(COUNTIF(ED$12:ED16,ED17)=0,0,COUNTIF(ED$12:ED16,ED17))) -> 0 | EF17: =IF(OR($AJ17="B",$ED17="",MID($U17,8,1)=$EF$9,MID($U17,8,1)=$EF$10),0,1) -> 0 | EG17: =IF(EE17+EF17=0,"","R"&(EE17+EF17)) | EI17: =IF($ED17="","",IF($EE17=0,U17,"")) -> ELKSNF5503 | EJ17: =IF($ED17="","",IF($EE17=0,Z17,"")) -> ELKSNF5503RE | EM17: 41801
A18: =IF(OR($I18="TTL",$I18=""),"",IF(ISERROR(VLOOKUP($B18,CODE!$D:$G,CODE!$F$1-2,FALSE))=TRUE,"전략",VLOOKUP($B18,CODE!$D:$G,CODE!$F$1-2,FALSE))) -> F-CAP | B18: =IF(OR($I18="TTL",$I18=""),"",IF(VLOOKUP($P18,CODE!$K:$O,CODE!$O$1,FALSE)="",$I18,$I18&"-"&VLOOKUP($P18,CODE!$K:$O,CODE!$O$1,FALSE))) -> ELK | C18: =IF($I18="TTL","",I18&"-"&$AG18&"-"&$AI18) -> ELK-성진-05 | D18: =$C18&$Z18 -> ELK-성진-05ELKSNF5503RE | E18: =IF($I18="TTL",0,IF(ISERROR(IF($Z17=$Z18,$E17,$E17+1))=TRUE,1,IF($Z17=$Z18,$E17,$E17+1))) -> 1 | F18: =$C18&$E18 -> ELK-성진-051 | G18: =$F18&"-"&$U18&$Y18&$AE18 -> ELK-성진-051-ELKSNF5503REDOML | H18: =IF(ISERROR(I18&VLOOKUP(P18,CODE!$K:$N,CODE!$N$1,FALSE)&S18)=TRUE,0,I18&VLOOKUP(P18,CODE!$K:$N,CODE!$N$1,FALSE)&S18) -> ELK의류외503 | I18: =IF(ISERROR(SEARCH("TTL",$K18))=TRUE,IF($L18="","",VLOOKUP($L18,CODE!$B:$G,CODE!$D$1,FALSE)),"TTL") -> ELK | J18: =MID(W18,1,6) -> 14FW E | L18: ELK | M18: =IF(OR($I18="TTL",$L18=""),"",VLOOKUP($L18,CODE!$B:$D,CODE!$C$1,FALSE)) -> ELSTINKO KIDS | N18: =IF(OR($I18="TTL",$L18=""),"",VLOOKUP($K$2,CODE!$S:$T,CODE!$T$1-1,FALSE)) -> F | O18: 5 | P18: SN | Q18: =IF(OR($I18="TTL",$P18=""),"",VLOOKUP($P18,CODE!$K:$M,CODE!$L$1,FALSE)) -> SNAPBACK | R18: K | S18: 503 | T18: =IF(OR($I18="TTL",$S18=""),"",IF($S18<10,"00"&$S18,IF($S18<100,"0"&$S18,$S18))) -> 503 | U18: =IF($I18="TTL","",$L18&$P18&$N18&$O18&$T18) -> ELKSNF5503 | V18: =IF($I18="TTL",SUMIF($C:$C,MID($K18,1,SEARCH("TTL",$K18)-2),$V:$V),IF($EI18="",0,1/COUNTIF($EI:$EI,$EI18))) -> 0.33333333 | W18: 14FW ELS_06_SNAP_RD_KIDS | X18: =IF($Y18="","",VLOOKUP($Y18,CODE!$AE:$AF,CODE!$AF$1-1,FALSE)) -> RE | Y18: RED | Z18: =$U18&$X18 -> ELKSNF5503RE | AA18: =VLOOKUP($Z18&$AX18,$EC:$EG,5,FALSE) | AB18: =IF($I18="TTL",SUMIF($C:$C,MID($K18,1,SEARCH("TTL",$K18)-2),$AB:$AB),IF($EJ18="",0,1/COUNTIF($EJ:$EJ,$EJ18))) -> 0.33333333 | AC18: 면15%, 폴리에스터 85% | AD18: 1 | AE18: OML | AF18: 50 | AG18: 성진 | AH18: 5 | AI18: =IF($AH18=0,"",IF($AH18<10,"0"&$AH18,$AH18)) -> 05 | AJ18: M | AK18: BG | AL18: =IF($AK18=0,"",IF($AK18="KR",2,1)) -> 1 | AM18: =IF(ISERROR(VLOOKUP($F18,[1]기획현황취합!$A$1:$E$65474,[1]기획현황취합!$B$1,FALSE))=TRUE,0,VLOOKUP($F18,[1]기획현황취합!$A$1:$E$65474,[1]기획현황취합!$B$1,FALSE)) -> 45000 | AN18: =IF(ISERROR(VLOOKUP($F18,[1]기획현황취합!$A$1:$E$65474,[1]기획현황취합!$C$1,FALSE))=TRUE,0,VLOOKUP($F18,[1]기획현황취합!$A$1:$E$65474,[1]기획현황취합!$C$1,FALSE)) -> 41801 | AO18: =IF(ISERROR(($AM18/1.1)/VLOOKUP($AG18,'TARGET MU'!$A:$D,'TARGET MU'!$D$1,FALSE))=TRUE,0,($AM18/1.1)/VLOOKUP($AG18,'TARGET MU'!$A:$D,'TARGET MU'!$D$1,FALSE)) -> 6818.1818 | AP18: =IF(OR(AF18=0,AND(AV18=0,AW18=0)),0,IF(AG18="캡보이2",AV18*$AQ$5+AU18,IF(OR(AK18="IN",AK18="BG",AK18="VT",AK18="CB"),$AU18+(($AV18*(1+$AW$4))*(HLOOKUP(VLOOKUP(AG18,'TARGET MU'!$A:$P,'TARGET MU'!$J$1,FALSE),$AO$4:$AR$5,2,FALSE)))+$AW18,$AU18+((($AV18*(1+$AW$4))*(1+HLOOKUP(VLOOKUP($P18,CODE!$K:$P,CODE!$P$1,FALSE),$AS$4:$AV$5,2,FALSE)))*(HLOOKUP(VLOOKUP(AG18,'TARGET MU'!$A:$P,'TARGET MU'!$J$1,FALSE),$AO$4:$AR$5,2,FALSE)))+$AW18))) -> 7065.5 | AQ18: =AP18-AO18 -> 247.31818 | AR18: 0 | AS18: 0 | AT18: 20 | AU18: =SUM(AR18:AT18) -> 20 | AV18: 6.1 | AW18: 0 | AX18: =IF(ISERROR(VLOOKUP($F18,[1]기획현황취합!$A$1:$E$65474,[1]기획현황취합!$D$1,FALSE))=TRUE,0,VLOOKUP($F18,[1]기획현황취합!$A$1:$E$65474,[1]기획현황취합!$D$1,FALSE)) -> 41736 | AY18: 41867 | AZ18: =IF(ISERROR(VLOOKUP($F18,[1]기획현황취합!$A$1:$E$65474,[1]기획현황취합!$E$1,FALSE))=TRUE,0,VLOOKUP($F18,[1]기획현황취합!$A$1:$E$65474,[1]기획현황취합!$E$1,FALSE)) -> 41844 | BA18: 41871 | BB18: 41877 | BC18: 41887 | BD18: 41900 | BE18: 0 | BF18: 0 | BG18: 확정 | BH18: 확정 | BI18: =IF($I18="TTL",SUMIF($C:$C,MID($K18,1,SEARCH("TTL",$K18)-2),$BI:$BI),SUMIF(실입고현황!$A:$A,BB18&VLOOKUP($AG18,'TARGET MU'!$A:$D,'TARGET MU'!$B$1,FALSE)&$Z18&" "&$AE18,실입고현황!$C:$C)) -> 50 | BJ18: =IF($I18="TTL",SUMIF($C:$C,MID($K18,1,SEARCH("TTL",$K18)-2),$BJ:$BJ),SUMIF(실입고현황!$A:$A,BC18&VLOOKUP($AG18,'TARGET MU'!$A:$D,'TARGET MU'!$B$1,FALSE)&$Z18&" "&$AE18,실입고현황!$C:$C)) -> 50 | BK18: =IF($I18="TTL",SUMIF($C:$C,MID($K18,1,SEARCH("TTL",$K18)-2),$BK:$BK),SUMIF(실입고현황!$A:$A,BD18&VLOOKUP($AG18,'TARGET MU'!$A:$D,'TARGET MU'!$B$1,FALSE)&$Z18&" "&$AE18,실입고현황!$C:$C)) -> 0 | BL18: =IF($I18="TTL",SUMIF($C:$C,MID($K18,1,SEARCH("TTL",$K18)-2),$BL:$BL),SUMIF(실입고현황!$A:$A,BE18&VLOOKUP($AG18,'TARGET MU'!$A:$D,'TARGET MU'!$B$1,FALSE)&$Z18&" "&$AE18,실입고현황!$C:$C)) -> 0 | BM18: =IF($I18="TTL",SUMIF($C:$C,MID($K18,1,SEARCH("TTL",$K18)-2),$BM:$BM),SUMIF(실입고현황!$A:$A,BF18&VLOOKUP($AG18,'TARGET MU'!$A:$D,'TARGET MU'!$B$1,FALSE)&$Z18&" "&$AE18,실입고현황!$C:$C)) -> 0 | BN18: =IF($I18="TTL",SUMIF($C:$C,MID($K18,1,SEARCH("TTL",$K18)-2),$BN:$BN),IF(($BO18-SUM($BI18,$BJ18,$BK18,BL18,BM18))<$BO18*$BN$6,0,$BO18-SUM($BI18,$BJ18,$BK18,BL18,BM18))) -> 0 | BO18: =IF($I18="TTL",SUMIF($C:$C,MID($K18,1,SEARCH("TTL",$K18)-2),$BO:$BO),$AF18) -> 50 | BP18: =IF($I18="TTL",SUMIF($C:$C,MID($K18,1,SEARCH("TTL",$K18)-2),$BP:$BP),IF($AO18=0,0,IF($AP18=0,$AO18*$AF18,$AP18*$AF18))) -> 353275 | BQ18: =IF($I18="TTL",SUMIF($C:$C,MID($K18,1,SEARCH("TTL",$K18)-2),$BQ:$BQ),$AM18*$AF18) -> 2250000 | BR18: =IF(ISERROR($BQ18/($BP18*1.1))=TRUE,0,$BQ18/($BP18*1.1)) -> 5.7899782 | BT18: =IF(ISERROR(Z18&VLOOKUP($AG18,'TARGET MU'!$A:$D,'TARGET MU'!$B$1,FALSE))=TRUE,"",Z18&VLOOKUP($AG18,'TARGET MU'!$A:$D,'TARGET MU'!$B$1,FALSE)) -> ELKSNF5503RE성진무역 | BU18: =AP18 -> 7065.5 | BV18: =Z18&AE18&AF18&AM18&AG18&AI18&AK18 -> ELKSNF5503REOML5045000성진05BG | BX18: =IF($I18="TTL","",$L18) -> ELK | BY18: =$O18 -> 5 | BZ18: =$AJ18 -> M | CA18: =$P18 -> SN | CB18: =$R18 -> K | CC18: =$AK18 -> BG | CD18: =$W18 -> 14FW ELS_06_SNAP_RD_KIDS | CE18: =$U18 -> ELKSNF5503 | CF18: =$T18 -> 503 | CG18: =$W18 -> 14FW ELS_06_SNAP_RD_KIDS | CH18: =$X18 -> RE | CI18: =$AD18 -> 1 | CJ18: =$AE18 -> OML | CK18: =IF($I18="TTL",SUMIF($C:$C,MID($K18,1,SEARCH("TTL",$K18)-2),$BO:$BO),$AF18) -> 50 | CL18: =$AV18 -> 6.1 | CM18: =$AM18 -> 45000 | CN18: =$AP18-$AU18 -> 7045.5 | CO18: =$AU18 -> 20 | CP18: =$AL18 -> 1 | CQ18: 811/884 | CT18: =IF($I18="TTL",$K18,$Z18&$AE18) -> ELKSNF5503REOML | CU18: =$M18 -> ELSTINKO KIDS | CV18: =IF($I18="TTL","",IF($CX18="","",$Q18&"_"&$T18&IF(N18="K","_KIDS",IF(N18="I","_INFANT","")))) -> SNAPBACK_503 | CW18: =IF($I18="TTL","",IF($CT18="","",$Y18&"_"&$AE18)) -> RED_OML | CX18: =$L18 -> ELK | CY18: =$T18 -> 503 | CZ18: =IF($I18="TTL",SUMIF($C:$C,MID($K18,1,SEARCH("TTL",$K18)-2),$CZ:$CZ),$AF18) -> 50 | DA18: =$AM18 -> 45000 | DB18: =$Y18 -> RED | DC18: =$AE18 -> OML | DD18: 2014.07.03 택발주 (바원테크) | DG18: 41736 | DH18: =IF(OR($I18="TTL",$I18=""),"",AZ18-$DH$11) -> 41754 | DI18: 41745 | DJ18: 41746 | DK18: 41773 | DL18: 3 | DM18: 1 | DN18: 없음 | DO18: 없음 | DP18: =IF(OR($DN18="없음",$I18="TTL",$I18=""),"",AZ18-$DP$11) | DQ18: 없음 | DR18: 없음 | DS18: 41773 | EC18: =IF(OR(Z17&AX17=Z18&AX17,Z18&AX18=""),"",Z18&AX18) | ED18: =IF(OR(Z17&AE17=Z18&AE18,Z18=""),"",Z18&AE18) -> ELKSNF5503REOML | EE18: =IF(ED18="",0,IF(COUNTIF(ED$12:ED17,ED18)=0,0,COUNTIF(ED$12:ED17,ED18))) -> 0 | EF18: =IF(OR($AJ18="B",$ED18="",MID($U18,8,1)=$EF$9,MID($U18,8,1)=$EF$10),0,1) -> 0 | EG18: =IF(EE18+EF18=0,"","R"&(EE18+EF18)) | EI18: =IF($ED18="","",IF($EE18=0,U18,"")) -> ELKSNF5503 | EJ18: =IF($ED18="","",IF($EE18=0,Z18,"")) -> ELKSNF5503RE | EM18: 41801
A19: =IF(OR($I19="TTL",$I19=""),"",IF(ISERROR(VLOOKUP($B19,CODE!$D:$G,CODE!$F$1-2,FALSE))=TRUE,"전략",VLOOKUP($B19,CODE!$D:$G,CODE!$F$1-2,FALSE))) | B19: =IF(OR($I19="TTL",$I19=""),"",IF(VLOOKUP($P19,CODE!$K:$O,CODE!$O$1,FALSE)="",$I19,$I19&"-"&VLOOKUP($P19,CODE!$K:$O,CODE!$O$1,FALSE))) | C19: =IF($I19="TTL","",I19&"-"&$AG19&"-"&$AI19) | D19: =$C19&$Z19 | E19: =IF($I19="TTL",0,IF(ISERROR(IF($Z18=$Z19,$E18,$E18+1))=TRUE,1,IF($Z18=$Z19,$E18,$E18+1))) -> 0 | F19: =$C19&$E19 -> 0 | G19: =$F19&"-"&$U19&$Y19&$AE19 -> 0- | H19: =IF(ISERROR(I19&VLOOKUP(P19,CODE!$K:$N,CODE!$N$1,FALSE)&S19)=TRUE,0,I19&VLOOKUP(P19,CODE!$K:$N,CODE!$N$1,FALSE)&S19) -> 0 | I19: =IF(ISERROR(SEARCH("TTL",$K19))=TRUE,IF($L19="","",VLOOKUP($L19,CODE!$B:$G,CODE!$D$1,FALSE)),"TTL") -> TTL | J19: =MID(W19,1,6) | K19: =C18&" TTL" -> ELK-성진-05 TTL | M19: =IF(OR($I19="TTL",$L19=""),"",VLOOKUP($L19,CODE!$B:$D,CODE!$C$1,FALSE)) | N19: =IF(OR($I19="TTL",$L19=""),"",VLOOKUP($K$2,CODE!$S:$T,CODE!$T$1-1,FALSE)) | O19: =IF(OR($I19="TTL",$L19=""),"",VLOOKUP($L$2,CODE!$X:$Y,CODE!$Y$1-1,FALSE)) | Q19: =IF(OR($I19="TTL",$P19=""),"",VLOOKUP($P19,CODE!$K:$M,CODE!$L$1,FALSE)) | R19: K | T19: =IF(OR($I19="TTL",$S19=""),"",IF($S19<10,"00"&$S19,IF($S19<100,"0"&$S19,$S19))) | U19: =IF($I19="TTL","",$L19&$P19&$N19&$O19&$T19) | V19: =IF($I19="TTL",SUMIF($C:$C,MID($K19,1,SEARCH("TTL",$K19)-2),$V:$V),IF($EI19="",0,1/COUNTIF($EI:$EI,$EI19))) -> 1 | X19: =IF($Y19="","",VLOOKUP($Y19,CODE!$AE:$AF,CODE!$AF$1-1,FALSE)) | Z19: =$U19&$X19 | AA19: =VLOOKUP($Z19&$AX19,$EC:$EG,5,FALSE) | AB19: =IF($I19="TTL",SUMIF($C:$C,MID($K19,1,SEARCH("TTL",$K19)-2),$AB:$AB),IF($EJ19="",0,1/COUNTIF($EJ:$EJ,$EJ19))) -> 1 | AC19: 0 | AD19: 1 | AI19: =IF($AH19=0,"",IF($AH19<10,"0"&$AH19,$AH19)) | AL19: =IF($AK19=0,"",IF($AK19="KR",2,1)) | AM19: =IF(ISERROR(VLOOKUP($F19,[1]기획현황취합!$A$1:$E$65474,[1]기획현황취합!$B$1,FALSE))=TRUE,0,VLOOKUP($F19,[1]기획현황취합!$A$1:$E$65474,[1]기획현황취합!$B$1,FALSE)) -> 0 | AN19: =IF(ISERROR(VLOOKUP($F19,[1]기획현황취합!$A$1:$E$65474,[1]기획현황취합!$C$1,FALSE))=TRUE,0,VLOOKUP($F19,[1]기획현황취합!$A$1:$E$65474,[1]기획현황취합!$C$1,FALSE)) -> 0 | AO19: =IF(ISERROR(($AM19/1.1)/VLOOKUP($AG19,'TARGET MU'!$A:$D,'TARGET MU'!$D$1,FALSE))=TRUE,0,($AM19/1.1)/VLOOKUP($AG19,'TARGET MU'!$A:$D,'TARGET MU'!$D$1,FALSE)) -> 0 | AP19: =IF(OR(AF19=0,AND(AV19=0,AW19=0)),0,IF(AG19="캡보이2",AV19*$AQ$5+AU19,IF(OR(AK19="IN",AK19="BG",AK19="VT",AK19="CB"),$AU19+(($AV19*(1+$AW$4))*(HLOOKUP(VLOOKUP(AG19,'TARGET MU'!$A:$P,'TARGET MU'!$J$1,FALSE),$AO$4:$AR$5,2,FALSE)))+$AW19,$AU19+((($AV19*(1+$AW$4))*(1+HLOOKUP(VLOOKUP($P19,CODE!$K:$P,CODE!$P$1,FALSE),$AS$4:$AV$5,2,FALSE)))*(HLOOKUP(VLOOKUP(AG19,'TARGET MU'!$A:$P,'TARGET MU'!$J$1,FALSE),$AO$4:$AR$5,2,FALSE)))+$AW19))) -> 0 | AQ19: =AP19-AO19 -> 0 | AR19: 0 | AS19: 0 | AU19: =SUM(AR19:AT19) -> 0 | AV19: 0 | AW19: 0 | AX19: =IF(ISERROR(VLOOKUP($F19,[1]기획현황취합!$A$1:$E$65474,[1]기획현황취합!$D$1,FALSE))=TRUE,0,VLOOKUP($F19,[1]기획현황취합!$A$1:$E$65474,[1]기획현황취합!$D$1,FALSE)) -> 0 | AY19: 0 | AZ19: =IF(ISERROR(VLOOKUP($F19,[1]기획현황취합!$A$1:$E$65474,[1]기획현황취합!$E$1,FALSE))=TRUE,0,VLOOKUP($F19,[1]기획현황취합!$A$1:$E$65474,[1]기획현황취합!$E$1,FALSE)) -> 0 | BA19: 0 | BB19: 0 | BC19: 0 | BD19: 0 | BE19: 0 | BF19: 0 | BG19: 0 | BH19: 0 | BI19: =IF($I19="TTL",SUMIF($C:$C,MID($K19,1,SEARCH("TTL",$K19)-2),$BI:$BI),SUMIF(실입고현황!$A:$A,BB19&VLOOKUP($AG19,'TARGET MU'!$A:$D,'TARGET MU'!$B$1,FALSE)&$Z19&" "&$AE19,실입고현황!$C:$C)) -> 500 | BJ19: =IF($I19="TTL",SUMIF($C:$C,MID($K19,1,SEARCH("TTL",$K19)-2),$BJ:$BJ),SUMIF(실입고현황!$A:$A,BC19&VLOOKUP($AG19,'TARGET MU'!$A:$D,'TARGET MU'!$B$1,FALSE)&$Z19&" "&$AE19,실입고현황!$C:$C)) -> 50 | BK19: =IF($I19="TTL",SUMIF($C:$C,MID($K19,1,SEARCH("TTL",$K19)-2),$BK:$BK),SUMIF(실입고현황!$A:$A,BD19&VLOOKUP($AG19,'TARGET MU'!$A:$D,'TARGET MU'!$B$1,FALSE)&$Z19&" "&$AE19,실입고현황!$C:$C)) -> 50 | BL19: =IF($I19="TTL",SUMIF($C:$C,MID($K19,1,SEARCH("TTL",$K19)-2),$BL:$BL),SUMIF(실입고현황!$A:$A,BE19&VLOOKUP($AG19,'TARGET MU'!$A:$D,'TARGET MU'!$B$1,FALSE)&$Z19&" "&$AE19,실입고현황!$C:$C)) -> 0 | BM19: =IF($I19="TTL",SUMIF($C:$C,MID($K19,1,SEARCH("TTL",$K19)-2),$BM:$BM),SUMIF(실입고현황!$A:$A,BF19&VLOOKUP($AG19,'TARGET MU'!$A:$D,'TARGET MU'!$B$1,FALSE)&$Z19&" "&$AE19,실입고현황!$C:$C)) -> 0 | BN19: =IF($I19="TTL",SUMIF($C:$C,MID($K19,1,SEARCH("TTL",$K19)-2),$BN:$BN),IF(($BO19-SUM($BI19,$BJ19,$BK19,BL19,BM19))<$BO19*$BN$6,0,$BO19-SUM($BI19,$BJ19,$BK19,BL19,BM19))) -> 0 | BO19: =IF($I19="TTL",SUMIF($C:$C,MID($K19,1,SEARCH("TTL",$K19)-2),$BO:$BO),$AF19) -> 550 | BP19: =IF($I19="TTL",SUMIF($C:$C,MID($K19,1,SEARCH("TTL",$K19)-2),$BP:$BP),IF($AO19=0,0,IF($AP19=0,$AO19*$AF19,$AP19*$AF19))) -> 3839825 | BQ19: =IF($I19="TTL",SUMIF($C:$C,MID($K19,1,SEARCH("TTL",$K19)-2),$BQ:$BQ),$AM19*$AF19) -> 24750000 | BR19: =IF(ISERROR($BQ19/($BP19*1.1))=TRUE,0,$BQ19/($BP19*1.1)) -> 5.859642 | BT19: =IF(ISERROR(Z19&VLOOKUP($AG19,'TARGET MU'!$A:$D,'TARGET MU'!$B$1,FALSE))=TRUE,"",Z19&VLOOKUP($AG19,'TARGET MU'!$A:$D,'TARGET MU'!$B$1,FALSE)) | BU19: =AP19 -> 0 | BV19: =Z19&AE19&AF19&AM19&AG19&AI19&AK19 -> 0 | BX19: =IF($I19="TTL","",$L19) | BY19: =$O19 | BZ19: =$AJ19 -> 0 | CA19: =$P19 -> 0 | CB19: =$R19 -> K | CC19: =$AK19 -> 0 | CD19: =$W19 -> 0 | CE19: =$U19 | CF19: =$T19 | CG19: =$W19 -> 0 | CH19: =$X19 | CI19: =$AD19 -> 1 | CJ19: =$AE19 -> 0 | CK19: =IF($I19="TTL",SUMIF($C:$C,MID($K19,1,SEARCH("TTL",$K19)-2),$BO:$BO),$AF19) -> 550 | CL19: =$AV19 -> 0 | CM19: =$AM19 -> 0 | CN19: =$AP19-$AU19 -> 0 | CO19: =$AU19 -> 0 | CP19: =$AL19 | CT19: =IF($I19="TTL",$K19,$Z19&$AE19) -> ELK-성진-05 TTL | CU19: =$M19 | CV19: =IF($I19="TTL","",IF($CX19="","",$Q19&"_"&$T19&IF(N19="K","_KIDS",IF(N19="I","_INFANT","")))) | CW19: =IF($I19="TTL","",IF($CT19="","",$Y19&"_"&$AE19)) | CX19: =$L19 -> 0 | CY19: =$T19 | CZ19: =IF($I19="TTL",SUMIF($C:$C,MID($K19,1,SEARCH("TTL",$K19)-2),$CZ:$CZ),$AF19) -> 550 | DA19: =$AM19 -> 0 | DB19: =$Y19 -> 0 | DC19: =$AE19 -> 0 | DH19: =IF(OR($I19="TTL",$I19=""),"",AZ19-$DH$11) | DP19: =IF(OR($DN19="없음",$I19="TTL",$I19=""),"",AZ19-$DP$11) | EC19: =IF(OR(Z18&AX18=Z19&AX18,Z19&AX19=""),"",Z19&AX19) -> 0 | ED19: =IF(OR(Z18&AE18=Z19&AE19,Z19=""),"",Z19&AE19) | EE19: =IF(ED19="",0,IF(COUNTIF(ED$12:ED18,ED19)=0,0,COUNTIF(ED$12:ED18,ED19))) -> 0 | EF19: =IF(OR($AJ19="B",$ED19="",MID($U19,8,1)=$EF$9,MID($U19,8,1)=$EF$10),0,1) -> 0 | EG19: =IF(EE19+EF19=0,"","R"&(EE19+EF19)) | EI19: =IF($ED19="","",IF($EE19=0,U19,"")) | EJ19: =IF($ED19="","",IF($EE19=0,Z19,""))
A20: =IF(OR($I20="TTL",$I20=""),"",IF(ISERROR(VLOOKUP($B20,CODE!$D:$G,CODE!$F$1-2,FALSE))=TRUE,"전략",VLOOKUP($B20,CODE!$D:$G,CODE!$F$1-2,FALSE))) -> F-CAP | B20: =IF(OR($I20="TTL",$I20=""),"",IF(VLOOKUP($P20,CODE!$K:$O,CODE!$O$1,FALSE)="",$I20,$I20&"-"&VLOOKUP($P20,CODE!$K:$O,CODE!$O$1,FALSE))) -> ELK | C20: =IF($I20="TTL","",I20&"-"&$AG20&"-"&$AI20) -> ELK-동일모자-03 | D20: =$C20&$Z20 -> ELK-동일모자-03ELKBAF5506GR | E20: =IF($I20="TTL",0,IF(ISERROR(IF($Z19=$Z20,$E19,$E19+1))=TRUE,1,IF($Z19=$Z20,$E19,$E19+1))) -> 1 | F20: =$C20&$E20 -> ELK-동일모자-031 | G20: =$F20&"-"&$U20&$Y20&$AE20 -> ELK-동일모자-031-ELKBAF5506GREENOSM | H20: =IF(ISERROR(I20&VLOOKUP(P20,CODE!$K:$N,CODE!$N$1,FALSE)&S20)=TRUE,0,I20&VLOOKUP(P20,CODE!$K:$N,CODE!$N$1,FALSE)&S20) -> ELK의류외506 | I20: =IF(ISERROR(SEARCH("TTL",$K20))=TRUE,IF($L20="","",VLOOKUP($L20,CODE!$B:$G,CODE!$D$1,FALSE)),"TTL") -> ELK | J20: =MID(W20,1,6) -> 14FW E | L20: ELK | M20: =IF(OR($I20="TTL",$L20=""),"",VLOOKUP($L20,CODE!$B:$D,CODE!$C$1,FALSE)) -> ELSTINKO KIDS | N20: =IF(OR($I20="TTL",$L20=""),"",VLOOKUP($K$2,CODE!$S:$T,CODE!$T$1-1,FALSE)) -> F | O20: 5 | P20: BA | Q20: =IF(OR($I20="TTL",$P20=""),"",VLOOKUP($P20,CODE!$K:$M,CODE!$L$1,FALSE)) -> BASIC CAP | R20: K | S20: 506 | T20: =IF(OR($I20="TTL",$S20=""),"",IF($S20<10,"00"&$S20,IF($S20<100,"0"&$S20,$S20))) -> 506 | U20: =IF($I20="TTL","",$L20&$P20&$N20&$O20&$T20) -> ELKBAF5506 | V20: =IF($I20="TTL",SUMIF($C:$C,MID($K20,1,SEARCH("TTL",$K20)-2),$V:$V),IF($EI20="",0,1/COUNTIF($EI:$EI,$EI20))) -> 0.5 | W20: 14FW ELS_53_SNAP_GR_KIDS | X20: =IF($Y20="","",VLOOKUP($Y20,CODE!$AE:$AF,CODE!$AF$1-1,FALSE)) -> GR | Y20: GREEN | Z20: =$U20&$X20 -> ELKBAF5506GR | AA20: =VLOOKUP($Z20&$AX20,$EC:$EG,5,FALSE) | AB20: =IF($I20="TTL",SUMIF($C:$C,MID($K20,1,SEARCH("TTL",$K20)-2),$AB:$AB),IF($EJ20="",0,1/COUNTIF($EJ:$EJ,$EJ20))) -> 0.5 | AC20: 겉감 1: 울 50%, 폴리에스터 30%, 아크릴 20% / 겉감 2: 아크릴 100% | AD20: 1 | AE20: OSM | AF20: 100 | AG20: 동일모자 | AH20: 3 | AI20: =IF($AH20=0,"",IF($AH20<10,"0"&$AH20,$AH20)) -> 03 | AJ20: M | AK20: CN | AL20: =IF($AK20=0,"",IF($AK20="KR",2,1)) -> 1 | AM20: =IF(ISERROR(VLOOKUP($F20,[1]기획현황취합!$A$1:$E$65474,[1]기획현황취합!$B$1,FALSE))=TRUE,0,VLOOKUP($F20,[1]기획현황취합!$A$1:$E$65474,[1]기획현황취합!$B$1,FALSE)) -> 45000 | AN20: =IF(ISERROR(VLOOKUP($F20,[1]기획현황취합!$A$1:$E$65474,[1]기획현황취합!$C$1,FALSE))=TRUE,0,VLOOKUP($F20,[1]기획현황취합!$A$1:$E$65474,[1]기획현황취합!$C$1,FALSE)) -> 41801 | AO20: =IF(ISERROR(($AM20/1.1)/VLOOKUP($AG20,'TARGET MU'!$A:$D,'TARGET MU'!$D$1,FALSE))=TRUE,0,($AM20/1.1)/VLOOKUP($AG20,'TARGET MU'!$A:$D,'TARGET MU'!$D$1,FALSE)) -> 6818.1818 | AP20: =IF(OR(AF20=0,AND(AV20=0,AW20=0)),0,IF(AG20="캡보이2",AV20*$AQ$5+AU20,IF(OR(AK20="IN",AK20="BG",AK20="VT",AK20="CB"),$AU20+(($AV20*(1+$AW$4))*(HLOOKUP(VLOOKUP(AG20,'TARGET MU'!$A:$P,'TARGET MU'!$J$1,FALSE),$AO$4:$AR$5,2,FALSE)))+$AW20,$AU20+((($AV20*(1+$AW$4))*(1+HLOOKUP(VLOOKUP($P20,CODE!$K:$P,CODE!$P$1,FALSE),$AS$4:$AV$5,2,FALSE)))*(HLOOKUP(VLOOKUP(AG20,'TARGET MU'!$A:$P,'TARGET MU'!$J$1,FALSE),$AO$4:$AR$5,2,FALSE)))+$AW20))) -> 7607.92 | AQ20: =AP20-AO20 -> 789.73818 | AR20: 353 | AS20: 0 | AT20: 20 | AU20: =SUM(AR20:AT20) -> 373 | AV20: 5.8 | AW20: 0 | AX20: =IF(ISERROR(VLOOKUP($F20,[1]기획현황취합!$A$1:$E$65474,[1]기획현황취합!$D$1,FALSE))=TRUE,0,VLOOKUP($F20,[1]기획현황취합!$A$1:$E$65474,[1]기획현황취합!$D$1,FALSE)) -> 41736 | AY20: 41866 | AZ20: =IF(ISERROR(VLOOKUP($F20,[1]기획현황취합!$A$1:$E$65474,[1]기획현황취합!$E$1,FALSE))=TRUE,0,VLOOKUP($F20,[1]기획현황취합!$A$1:$E$65474,[1]기획현황취합!$E$1,FALSE)) -> 41844 | BA20: 41870 | BB20: 41883 | BD20: 0 | BE20: 0 | BF20: 0 | BG20: 확정 | BH20: 확정 | BI20: =IF($I20="TTL",SUMIF($C:$C,MID($K20,1,SEARCH("TTL",$K20)-2),$BI:$BI),SUMIF(실입고현황!$A:$A,BB20&VLOOKUP($AG20,'TARGET MU'!$A:$D,'TARGET MU'!$B$1,FALSE)&$Z20&" "&$AE20,실입고현황!$C:$C)) -> 93 | BJ20: =IF($I20="TTL",SUMIF($C:$C,MID($K20,1,SEARCH("TTL",$K20)-2),$BJ:$BJ),SUMIF(실입고현황!$A:$A,BC20&VLOOKUP($AG20,'TARGET MU'!$A:$D,'TARGET MU'!$B$1,FALSE)&$Z20&" "&$AE20,실입고현황!$C:$C)) -> 0 | BK20: =IF($I20="TTL",SUMIF($C:$C,MID($K20,1,SEARCH("TTL",$K20)-2),$BK:$BK),SUMIF(실입고현황!$A:$A,BD20&VLOOKUP($AG20,'TARGET MU'!$A:$D,'TARGET MU'!$B$1,FALSE)&$Z20&" "&$AE20,실입고현황!$C:$C)) -> 0 | BL20: =IF($I20="TTL",SUMIF($C:$C,MID($K20,1,SEARCH("TTL",$K20)-2),$BL:$BL),SUMIF(실입고현황!$A:$A,BE20&VLOOKUP($AG20,'TARGET MU'!$A:$D,'TARGET MU'!$B$1,FALSE)&$Z20&" "&$AE20,실입고현황!$C:$C)) -> 0 | BM20: =IF($I20="TTL",SUMIF($C:$C,MID($K20,1,SEARCH("TTL",$K20)-2),$BM:$BM),SUMIF(실입고현황!$A:$A,BF20&VLOOKUP($AG20,'TARGET MU'!$A:$D,'TARGET MU'!$B$1,FALSE)&$Z20&" "&$AE20,실입고현황!$C:$C)) -> 0 | BN20: =IF($I20="TTL",SUMIF($C:$C,MID($K20,1,SEARCH("TTL",$K20)-2),$BN:$BN),IF(($BO20-SUM($BI20,$BJ20,$BK20,BL20,BM20))<$BO20*$BN$6,0,$BO20-SUM($BI20,$BJ20,$BK20,BL20,BM20))) -> 0 | BO20: =IF($I20="TTL",SUMIF($C:$C,MID($K20,1,SEARCH("TTL",$K20)-2),$BO:$BO),$AF20) -> 100 | BP20: =IF($I20="TTL",SUMIF($C:$C,MID($K20,1,SEARCH("TTL",$K20)-2),$BP:$BP),IF($AO20=0,0,IF($AP20=0,$AO20*$AF20,$AP20*$AF20))) -> 760792 | BQ20: =IF($I20="TTL",SUMIF($C:$C,MID($K20,1,SEARCH("TTL",$K20)-2),$BQ:$BQ),$AM20*$AF20) -> 4500000 | BR20: =IF(ISERROR($BQ20/($BP20*1.1))=TRUE,0,$BQ20/($BP20*1.1)) -> 5.3771715 | BT20: =IF(ISERROR(Z20&VLOOKUP($AG20,'TARGET MU'!$A:$D,'TARGET MU'!$B$1,FALSE))=TRUE,"",Z20&VLOOKUP($AG20,'TARGET MU'!$A:$D,'TARGET MU'!$B$1,FALSE)) -> ELKBAF5506GR동일모자(청도) | BU20: =AP20 -> 7607.92 | BV20: =Z20&AE20&AF20&AM20&AG20&AI20&AK20 -> ELKBAF5506GROSM10045000동일모자03CN | BX20: =IF($I20="TTL","",$L20) -> ELK | BY20: =$O20 -> 5 | BZ20: =$AJ20 -> M | CA20: =$P20 -> BA | CB20: =$R20 -> K | CC20: =$AK20 -> CN | CD20: =$W20 -> 14FW ELS_53_SNAP_GR_KIDS | CE20: =$U20 -> ELKBAF5506 | CF20: =$T20 -> 506 | CG20: =$W20 -> 14FW ELS_53_SNAP_GR_KIDS | CH20: =$X20 -> GR | CI20: =$AD20 -> 1 | CJ20: =$AE20 -> OSM | CK20: =IF($I20="TTL",SUMIF($C:$C,MID($K20,1,SEARCH("TTL",$K20)-2),$BO:$BO),$AF20) -> 100 | CL20: =$AV20 -> 5.8 | CM20: =$AM20 -> 45000 | CN20: =$AP20-$AU20 -> 7234.92 | CO20: =$AU20 -> 373 | CP20: =$AL20 -> 1 | CQ20: 827 | CT20: =IF($I20="TTL",$K20,$Z20&$AE20) -> ELKBAF5506GROSM | CU20: =$M20 -> ELSTINKO KIDS | CV20: =IF($I20="TTL","",IF($CX20="","",$Q20&"_"&$T20&IF(N20="K","_KIDS",IF(N20="I","_INFANT","")))) -> BASIC CAP_506 | CW20: =IF($I20="TTL","",IF($CT20="","",$Y20&"_"&$AE20)) -> GREEN_OSM | CX20: =$L20 -> ELK | CY20: =$T20 -> 506 | CZ20: =IF($I20="TTL",SUMIF($C:$C,MID($K20,1,SEARCH("TTL",$K20)-2),$CZ:$CZ),$AF20) -> 100 | DA20: =$AM20 -> 45000 | DB20: =$Y20 -> GREEN | DC20: =$AE20 -> OSM | DD20: 2014.07.03 택발주 (바원테크) | DG20: 41736 | DH20: =IF(OR($I20="TTL",$I20=""),"",AZ20-$DH$11) -> 41754 | DI20: 41745 | DJ20: 41746 | DL20: 4 | DM20: 3 | DN20: 41768 | DO20: 없음 | DP20: =IF(OR($DN20="없음",$I20="TTL",$I20=""),"",AZ20-$DP$11) -> 41784 | DQ20: 41789 | DR20: 없음 | EC20: =IF(OR(Z19&AX19=Z20&AX19,Z20&AX20=""),"",Z20&AX20) -> ELKBAF5506GR41736 | ED20: =IF(OR(Z19&AE19=Z20&AE20,Z20=""),"",Z20&AE20) -> ELKBAF5506GROSM | EE20: =IF(ED20="",0,IF(COUNTIF(ED$12:ED19,ED20)=0,0,COUNTIF(ED$12:ED19,ED20))) -> 0 | EF20: =IF(OR($AJ20="B",$ED20="",MID($U20,8,1)=$EF$9,MID($U20,8,1)=$EF$10),0,1) -> 0 | EG20: =IF(EE20+EF20=0,"","R"&(EE20+EF20)) | EI20: =IF($ED20="","",IF($EE20=0,U20,"")) -> ELKBAF5506 | EJ20: =IF($ED20="","",IF($EE20=0,Z20,"")) -> ELKBAF5506GR
A21: =IF(OR($I21="TTL",$I21=""),"",IF(ISERROR(VLOOKUP($B21,CODE!$D:$G,CODE!$F$1-2,FALSE))=TRUE,"전략",VLOOKUP($B21,CODE!$D:$G,CODE!$F$1-2,FALSE))) -> F-CAP | B21: =IF(OR($I21="TTL",$I21=""),"",IF(VLOOKUP($P21,CODE!$K:$O,CODE!$O$1,FALSE)="",$I21,$I21&"-"&VLOOKUP($P21,CODE!$K:$O,CODE!$O$1,FALSE))) -> ELK | C21: =IF($I21="TTL","",I21&"-"&$AG21&"-"&$AI21) -> ELK-동일모자-03 | D21: =$C21&$Z21 -> ELK-동일모자-03ELKBAF5506GR | E21: =IF($I21="TTL",0,IF(ISERROR(IF($Z20=$Z21,$E20,$E20+1))=TRUE,1,IF($Z20=$Z21,$E20,$E20+1))) -> 1 | F21: =$C21&$E21 -> ELK-동일모자-031 | G21: =$F21&"-"&$U21&$Y21&$AE21 -> ELK-동일모자-031-ELKBAF5506GREENOML | H21: =IF(ISERROR(I21&VLOOKUP(P21,CODE!$K:$N,CODE!$N$1,FALSE)&S21)=TRUE,0,I21&VLOOKUP(P21,CODE!$K:$N,CODE!$N$1,FALSE)&S21) -> ELK의류외506 | I21: =IF(ISERROR(SEARCH("TTL",$K21))=TRUE,IF($L21="","",VLOOKUP($L21,CODE!$B:$G,CODE!$D$1,FALSE)),"TTL") -> ELK | J21: =MID(W21,1,6) -> 14FW E | L21: ELK | M21: =IF(OR($I21="TTL",$L21=""),"",VLOOKUP($L21,CODE!$B:$D,CODE!$C$1,FALSE)) -> ELSTINKO KIDS | N21: =IF(OR($I21="TTL",$L21=""),"",VLOOKUP($K$2,CODE!$S:$T,CODE!$T$1-1,FALSE)) -> F | O21: 5 | P21: BA | Q21: =IF(OR($I21="TTL",$P21=""),"",VLOOKUP($P21,CODE!$K:$M,CODE!$L$1,FALSE)) -> BASIC CAP | R21: K | S21: 506 | T21: =IF(OR($I21="TTL",$S21=""),"",IF($S21<10,"00"&$S21,IF($S21<100,"0"&$S21,$S21))) -> 506 | U21: =IF($I21="TTL","",$L21&$P21&$N21&$O21&$T21) -> ELKBAF5506 | V21: =IF($I21="TTL",SUMIF($C:$C,MID($K21,1,SEARCH("TTL",$K21)-2),$V:$V),IF($EI21="",0,1/COUNTIF($EI:$EI,$EI21))) -> 0.5 | W21: 14FW ELS_53_SNAP_GR_KIDS | X21: =IF($Y21="","",VLOOKUP($Y21,CODE!$AE:$AF,CODE!$AF$1-1,FALSE)) -> GR | Y21: GREEN | Z21: =$U21&$X21 -> ELKBAF5506GR | AA21: =VLOOKUP($Z21&$AX21,$EC:$EG,5,FALSE) | AB21: =IF($I21="TTL",SUMIF($C:$C,MID($K21,1,SEARCH("TTL",$K21)-2),$AB:$AB),IF($EJ21="",0,1/COUNTIF($EJ:$EJ,$EJ21))) -> 0.5 | AC21: 겉감 1: 울 50%, 폴리에스터 30%, 아크릴 20% / 겉감 2: 아크릴 100% | AD21: 1 | AE21: OML | AF21: 50 | AG21: 동일모자 | AH21: 3 | AI21: =IF($AH21=0,"",IF($AH21<10,"0"&$AH21,$AH21)) -> 03 | AJ21: M | AK21: CN | AL21: =IF($AK21=0,"",IF($AK21="KR",2,1)) -> 1 | AM21: =IF(ISERROR(VLOOKUP($F21,[1]기획현황취합!$A$1:$E$65474,[1]기획현황취합!$B$1,FALSE))=TRUE,0,VLOOKUP($F21,[1]기획현황취합!$A$1:$E$65474,[1]기획현황취합!$B$1,FALSE)) -> 45000 | AN21: =IF(ISERROR(VLOOKUP($F21,[1]기획현황취합!$A$1:$E$65474,[1]기획현황취합!$C$1,FALSE))=TRUE,0,VLOOKUP($F21,[1]기획현황취합!$A$1:$E$65474,[1]기획현황취합!$C$1,FALSE)) -> 41801 | AO21: =IF(ISERROR(($AM21/1.1)/VLOOKUP($AG21,'TARGET MU'!$A:$D,'TARGET MU'!$D$1,FALSE))=TRUE,0,($AM21/1.1)/VLOOKUP($AG21,'TARGET MU'!$A:$D,'TARGET MU'!$D$1,FALSE)) -> 6818.1818 | AP21: =IF(OR(AF21=0,AND(AV21=0,AW21=0)),0,IF(AG21="캡보이2",AV21*$AQ$5+AU21,IF(OR(AK21="IN",AK21="BG",AK21="VT",AK21="CB"),$AU21+(($AV21*(1+$AW$4))*(HLOOKUP(VLOOKUP(AG21,'TARGET MU'!$A:$P,'TARGET MU'!$J$1,FALSE),$AO$4:$AR$5,2,FALSE)))+$AW21,$AU21+((($AV21*(1+$AW$4))*(1+HLOOKUP(VLOOKUP($P21,CODE!$K:$P,CODE!$P$1,FALSE),$AS$4:$AV$5,2,FALSE)))*(HLOOKUP(VLOOKUP(AG21,'TARGET MU'!$A:$P,'TARGET MU'!$J$1,FALSE),$AO$4:$AR$5,2,FALSE)))+$AW21))) -> 7431.92 | AQ21: =AP21-AO21 -> 613.73818 | AR21: 177 | AS21: 0 | AT21: 20 | AU21: =SUM(AR21:AT21) -> 197 | AV21: 5.8 | AW21: 0 | AX21: =IF(ISERROR(VLOOKUP($F21,[1]기획현황취합!$A$1:$E$65474,[1]기획현황취합!$D$1,FALSE))=TRUE,0,VLOOKUP($F21,[1]기획현황취합!$A$1:$E$65474,[1]기획현황취합!$D$1,FALSE)) -> 41736 | AY21: 41866 | AZ21: =IF(ISERROR(VLOOKUP($F21,[1]기획현황취합!$A$1:$E$65474,[1]기획현황취합!$E$1,FALSE))=TRUE,0,VLOOKUP($F21,[1]기획현황취합!$A$1:$E$65474,[1]기획현황취합!$E$1,FALSE)) -> 41844 | BA21: 41870 | BB21: 41883 | BC21: 0 | BD21: 0 | BE21: 0 | BF21: 0 | BG21: 확정 | BH21: 확정 | BI21: =IF($I21="TTL",SUMIF($C:$C,MID($K21,1,SEARCH("TTL",$K21)-2),$BI:$BI),SUMIF(실입고현황!$A:$A,BB21&VLOOKUP($AG21,'TARGET MU'!$A:$D,'TARGET MU'!$B$1,FALSE)&$Z21&" "&$AE21,실입고현황!$C:$C)) -> 48 | BJ21: =IF($I21="TTL",SUMIF($C:$C,MID($K21,1,SEARCH("TTL",$K21)-2),$BJ:$BJ),SUMIF(실입고현황!$A:$A,BC21&VLOOKUP($AG21,'TARGET MU'!$A:$D,'TARGET MU'!$B$1,FALSE)&$Z21&" "&$AE21,실입고현황!$C:$C)) -> 0 | BK21: =IF($I21="TTL",SUMIF($C:$C,MID($K21,1,SEARCH("TTL",$K21)-2),$BK:$BK),SUMIF(실입고현황!$A:$A,BD21&VLOOKUP($AG21,'TARGET MU'!$A:$D,'TARGET MU'!$B$1,FALSE)&$Z21&" "&$AE21,실입고현황!$C:$C)) -> 0 | BL21: =IF($I21="TTL",SUMIF($C:$C,MID($K21,1,SEARCH("TTL",$K21)-2),$BL:$BL),SUMIF(실입고현황!$A:$A,BE21&VLOOKUP($AG21,'TARGET MU'!$A:$D,'TARGET MU'!$B$1,FALSE)&$Z21&" "&$AE21,실입고현황!$C:$C)) -> 0 | BM21: =IF($I21="TTL",SUMIF($C:$C,MID($K21,1,SEARCH("TTL",$K21)-2),$BM:$BM),SUMIF(실입고현황!$A:$A,BF21&VLOOKUP($AG21,'TARGET MU'!$A:$D,'TARGET MU'!$B$1,FALSE)&$Z21&" "&$AE21,실입고현황!$C:$C)) -> 0 | BN21: =IF($I21="TTL",SUMIF($C:$C,MID($K21,1,SEARCH("TTL",$K21)-2),$BN:$BN),IF(($BO21-SUM($BI21,$BJ21,$BK21,BL21,BM21))<$BO21*$BN$6,0,$BO21-SUM($BI21,$BJ21,$BK21,BL21,BM21))) -> 0 | BO21: =IF($I21="TTL",SUMIF($C:$C,MID($K21,1,SEARCH("TTL",$K21)-2),$BO:$BO),$AF21) -> 50 | BP21: =IF($I21="TTL",SUMIF($C:$C,MID($K21,1,SEARCH("TTL",$K21)-2),$BP:$BP),IF($AO21=0,0,IF($AP21=0,$AO21*$AF21,$AP21*$AF21))) -> 371596 | BQ21: =IF($I21="TTL",SUMIF($C:$C,MID($K21,1,SEARCH("TTL",$K21)-2),$BQ:$BQ),$AM21*$AF21) -> 2250000 | BR21: =IF(ISERROR($BQ21/($BP21*1.1))=TRUE,0,$BQ21/($BP21*1.1)) -> 5.5045117 | BT21: =IF(ISERROR(Z21&VLOOKUP($AG21,'TARGET MU'!$A:$D,'TARGET MU'!$B$1,FALSE))=TRUE,"",Z21&VLOOKUP($AG21,'TARGET MU'!$A:$D,'TARGET MU'!$B$1,FALSE)) -> ELKBAF5506GR동일모자(청도) | BU21: =AP21 -> 7431.92 | BV21: =Z21&AE21&AF21&AM21&AG21&AI21&AK21 -> ELKBAF5506GROML5045000동일모자03CN | BX21: =IF($I21="TTL","",$L21) -> ELK | BY21: =$O21 -> 5 | BZ21: =$AJ21 -> M | CA21: =$P21 -> BA | CB21: =$R21 -> K | CC21: =$AK21 -> CN | CD21: =$W21 -> 14FW ELS_53_SNAP_GR_KIDS | CE21: =$U21 -> ELKBAF5506 | CF21: =$T21 -> 506 | CG21: =$W21 -> 14FW ELS_53_SNAP_GR_KIDS | CH21: =$X21 -> GR | CI21: =$AD21 -> 1 | CJ21: =$AE21 -> OML | CK21: =IF($I21="TTL",SUMIF($C:$C,MID($K21,1,SEARCH("TTL",$K21)-2),$BO:$BO),$AF21) -> 50 | CL21: =$AV21 -> 5.8 | CM21: =$AM21 -> 45000 | CN21: =$AP21-$AU21 -> 7234.92 | CO21: =$AU21 -> 197 | CP21: =$AL21 -> 1 | CQ21: 827 | CT21: =IF($I21="TTL",$K21,$Z21&$AE21) -> ELKBAF5506GROML | CU21: =$M21 -> ELSTINKO KIDS | CV21: =IF($I21="TTL","",IF($CX21="","",$Q21&"_"&$T21&IF(N21="K","_KIDS",IF(N21="I","_INFANT","")))) -> BASIC CAP_506 | CW21: =IF($I21="TTL","",IF($CT21="","",$Y21&"_"&$AE21)) -> GREEN_OML | CX21: =$L21 -> ELK | CY21: =$T21 -> 506 | CZ21: =IF($I21="TTL",SUMIF($C:$C,MID($K21,1,SEARCH("TTL",$K21)-2),$CZ:$CZ),$AF21) -> 50 | DA21: =$AM21 -> 45000 | DB21: =$Y21 -> GREEN | DC21: =$AE21 -> OML | DD21: 2014.07.03 택발주 (바원테크) | DG21: 41736 | DH21: =IF(OR($I21="TTL",$I21=""),"",AZ21-$DH$11) -> 41754 | DI21: 41745 | DJ21: 41746 | DL21: 4 | DM21: 3 | DN21: 41768 | DO21: 없음 | DP21: =IF(OR($DN21="없음",$I21="TTL",$I21=""),"",AZ21-$DP$11) -> 41784 | DQ21: 41789 | DR21: 없음 | EC21: =IF(OR(Z20&AX20=Z21&AX20,Z21&AX21=""),"",Z21&AX21) | ED21: =IF(OR(Z20&AE20=Z21&AE21,Z21=""),"",Z21&AE21) -> ELKBAF5506GROML | EE21: =IF(ED21="",0,IF(COUNTIF(ED$12:ED20,ED21)=0,0,COUNTIF(ED$12:ED20,ED21))) -> 0 | EF21: =IF(OR($AJ21="B",$ED21="",MID($U21,8,1)=$EF$9,MID($U21,8,1)=$EF$10),0,1) -> 0 | EG21: =IF(EE21+EF21=0,"","R"&(EE21+EF21)) | EI21: =IF($ED21="","",IF($EE21=0,U21,"")) -> ELKBAF5506 | EJ21: =IF($ED21="","",IF($EE21=0,Z21,"")) -> ELKBAF5506GR
A22: =IF(OR($I22="TTL",$I22=""),"",IF(ISERROR(VLOOKUP($B22,CODE!$D:$G,CODE!$F$1-2,FALSE))=TRUE,"전략",VLOOKUP($B22,CODE!$D:$G,CODE!$F$1-2,FALSE))) -> F-CAP | B22: =IF(OR($I22="TTL",$I22=""),"",IF(VLOOKUP($P22,CODE!$K:$O,CODE!$O$1,FALSE)="",$I22,$I22&"-"&VLOOKUP($P22,CODE!$K:$O,CODE!$O$1,FALSE))) -> ELK | C22: =IF($I22="TTL","",I22&"-"&$AG22&"-"&$AI22) -> ELK-동일모자-03 | D22: =$C22&$Z22 -> ELK-동일모자-03ELKBAF5507RE | E22: =IF($I22="TTL",0,IF(ISERROR(IF($Z21=$Z22,$E21,$E21+1))=TRUE,1,IF($Z21=$Z22,$E21,$E21+1))) -> 2 | F22: =$C22&$E22 -> ELK-동일모자-032 | G22: =$F22&"-"&$U22&$Y22&$AE22 -> ELK-동일모자-032-ELKBAF5507REDXSS | H22: =IF(ISERROR(I22&VLOOKUP(P22,CODE!$K:$N,CODE!$N$1,FALSE)&S22)=TRUE,0,I22&VLOOKUP(P22,CODE!$K:$N,CODE!$N$1,FALSE)&S22) -> ELK의류외507 | I22: =IF(ISERROR(SEARCH("TTL",$K22))=TRUE,IF($L22="","",VLOOKUP($L22,CODE!$B:$G,CODE!$D$1,FALSE)),"TTL") -> ELK | J22: =MID(W22,1,6) -> 14FW E | L22: ELK | M22: =IF(OR($I22="TTL",$L22=""),"",VLOOKUP($L22,CODE!$B:$D,CODE!$C$1,FALSE)) -> ELSTINKO KIDS | N22: =IF(OR($I22="TTL",$L22=""),"",VLOOKUP($K$2,CODE!$S:$T,CODE!$T$1-1,FALSE)) -> F | O22: 5 | P22: BA | Q22: =IF(OR($I22="TTL",$P22=""),"",VLOOKUP($P22,CODE!$K:$M,CODE!$L$1,FALSE)) -> BASIC CAP | R22: K | S22: 507 | T22: =IF(OR($I22="TTL",$S22=""),"",IF($S22<10,"00"&$S22,IF($S22<100,"0"&$S22,$S22))) -> 507 | U22: =IF($I22="TTL","",$L22&$P22&$N22&$O22&$T22) -> ELKBAF5507 | V22: =IF($I22="TTL",SUMIF($C:$C,MID($K22,1,SEARCH("TTL",$K22)-2),$V:$V),IF($EI22="",0,1/COUNTIF($EI:$EI,$EI22))) -> 0.33333333 | W22: 14FW ELS_52_SNAP_RD_KIDS | X22: =IF($Y22="","",VLOOKUP($Y22,CODE!$AE:$AF,CODE!$AF$1-1,FALSE)) -> RE | Y22: RED | Z22: =$U22&$X22 -> ELKBAF5507RE | AA22: =VLOOKUP($Z22&$AX22,$EC:$EG,5,FALSE) | AB22: =IF($I22="TTL",SUMIF($C:$C,MID($K22,1,SEARCH("TTL",$K22)-2),$AB:$AB),IF($EJ22="",0,1/COUNTIF($EJ:$EJ,$EJ22))) -> 0.33333333 | AC22: 겉감 1: 울40%, 폴리에스터 60% /겉감 2: 아크릴 100% | AD22: 1 | AE22: XSS | AF22: 400 | AG22: 동일모자 | AH22: 3 | AI22: =IF($AH22=0,"",IF($AH22<10,"0"&$AH22,$AH22)) -> 03 | AJ22: M | AK22: CN | AL22: =IF($AK22=0,"",IF($AK22="KR",2,1)) -> 1 | AM22: =IF(ISERROR(VLOOKUP($F22,[1]기획현황취합!$A$1:$E$65474,[1]기획현황취합!$B$1,FALSE))=TRUE,0,VLOOKUP($F22,[1]기획현황취합!$A$1:$E$65474,[1]기획현황취합!$B$1,FALSE)) -> 45000 | AN22: =IF(ISERROR(VLOOKUP($F22,[1]기획현황취합!$A$1:$E$65474,[1]기획현황취합!$C$1,FALSE))=TRUE,0,VLOOKUP($F22,[1]기획현황취합!$A$1:$E$65474,[1]기획현황취합!$C$1,FALSE)) -> 41801 | AO22: =IF(ISERROR(($AM22/1.1)/VLOOKUP($AG22,'TARGET MU'!$A:$D,'TARGET MU'!$D$1,FALSE))=TRUE,0,($AM22/1.1)/VLOOKUP($AG22,'TARGET MU'!$A:$D,'TARGET MU'!$D$1,FALSE)) -> 6818.1818 | AP22: =IF(OR(AF22=0,AND(AV22=0,AW22=0)),0,IF(AG22="캡보이2",AV22*$AQ$5+AU22,IF(OR(AK22="IN",AK22="BG",AK22="VT",AK22="CB"),$AU22+(($AV22*(1+$AW$4))*(HLOOKUP(VLOOKUP(AG22,'TARGET MU'!$A:$P,'TARGET MU'!$J$1,FALSE),$AO$4:$AR$5,2,FALSE)))+$AW22,$AU22+((($AV22*(1+$AW$4))*(1+HLOOKUP(VLOOKUP($P22,CODE!$K:$P,CODE!$P$1,FALSE),$AS$4:$AV$5,2,FALSE)))*(HLOOKUP(VLOOKUP(AG22,'TARGET MU'!$A:$P,'TARGET MU'!$J$1,FALSE),$AO$4:$AR$5,2,FALSE)))+$AW22))) -> 7589.55 | AQ22: =AP22-AO22 -> 771.36818 | AR22: 397 | AS22: 0 | AT22: 20 | AU22: =SUM(AR22:AT22) -> 417 | AV22: 5.75 | AW22: 0 | AX22: =IF(ISERROR(VLOOKUP($F22,[1]기획현황취합!$A$1:$E$65474,[1]기획현황취합!$D$1,FALSE))=TRUE,0,VLOOKUP($F22,[1]기획현황취합!$A$1:$E$65474,[1]기획현황취합!$D$1,FALSE)) -> 41736 | AY22: 41866 | AZ22: =IF(ISERROR(VLOOKUP($F22,[1]기획현황취합!$A$1:$E$65474,[1]기획현황취합!$E$1,FALSE))=TRUE,0,VLOOKUP($F22,[1]기획현황취합!$A$1:$E$65474,[1]기획현황취합!$E$1,FALSE)) -> 41844 | BA22: 41870 | BB22: 41873 | BC22: 41883 | BD22: 41887 | BE22: 41925 | BF22: 0 | BG22: 확정 | BH22: 확정 | BI22: =IF($I22="TTL",SUMIF($C:$C,MID($K22,1,SEARCH("TTL",$K22)-2),$BI:$BI),SUMIF(실입고현황!$A:$A,BB22&VLOOKUP($AG22,'TARGET MU'!$A:$D,'TARGET MU'!$B$1,FALSE)&$Z22&" "&$AE22,실입고현황!$C:$C)) -> 20 | BJ22: =IF($I22="TTL",SUMIF($C:$C,MID($K22,1,SEARCH("TTL",$K22)-2),$BJ:$BJ),SUMIF(실입고현황!$A:$A,BC22&VLOOKUP($AG22,'TARGET MU'!$A:$D,'TARGET MU'!$B$1,FALSE)&$Z22&" "&$AE22,실입고현황!$C:$C)) -> 360 | BK22: =IF($I22="TTL",SUMIF($C:$C,MID($K22,1,SEARCH("TTL",$K22)-2),$BK:$BK),SUMIF(실입고현황!$A:$A,BD22&VLOOKUP($AG22,'TARGET MU'!$A:$D,'TARGET MU'!$B$1,FALSE)&$Z22&" "&$AE22,실입고현황!$C:$C)) -> 17 | BL22: =IF($I22="TTL",SUMIF($C:$C,MID($K22,1,SEARCH("TTL",$K22)-2),$BL:$BL),SUMIF(실입고현황!$A:$A,BE22&VLOOKUP($AG22,'TARGET MU'!$A:$D,'TARGET MU'!$B$1,FALSE)&$Z22&" "&$AE22,실입고현황!$C:$C)) -> 0 | BM22: =IF($I22="TTL",SUMIF($C:$C,MID($K22,1,SEARCH("TTL",$K22)-2),$BM:$BM),SUMIF(실입고현황!$A:$A,BF22&VLOOKUP($AG22,'TARGET MU'!$A:$D,'TARGET MU'!$B$1,FALSE)&$Z22&" "&$AE22,실입고현황!$C:$C)) -> 0 | BN22: =IF($I22="TTL",SUMIF($C:$C,MID($K22,1,SEARCH("TTL",$K22)-2),$BN:$BN),IF(($BO22-SUM($BI22,$BJ22,$BK22,BL22,BM22))<$BO22*$BN$6,0,$BO22-SUM($BI22,$BJ22,$BK22,BL22,BM22))) -> 0 | BO22: =IF($I22="TTL",SUMIF($C:$C,MID($K22,1,SEARCH("TTL",$K22)-2),$BO:$BO),$AF22) -> 400 | BP22: =IF($I22="TTL",SUMIF($C:$C,MID($K22,1,SEARCH("TTL",$K22)-2),$BP:$BP),IF($AO22=0,0,IF($AP22=0,$AO22*$AF22,$AP22*$AF22))) -> 3035820 | BQ22: =IF($I22="TTL",SUMIF($C:$C,MID($K22,1,SEARCH("TTL",$K22)-2),$BQ:$BQ),$AM22*$AF22) -> 18000000 | BR22: =IF(ISERROR($BQ22/($BP22*1.1))=TRUE,0,$BQ22/($BP22*1.1)) -> 5.3901866 | BT22: =IF(ISERROR(Z22&VLOOKUP($AG22,'TARGET MU'!$A:$D,'TARGET MU'!$B$1,FALSE))=TRUE,"",Z22&VLOOKUP($AG22,'TARGET MU'!$A:$D,'TARGET MU'!$B$1,FALSE)) -> ELKBAF5507RE동일모자(청도) | BU22: =AP22 -> 7589.55 | BV22: =Z22&AE22&AF22&AM22&AG22&AI22&AK22 -> ELKBAF5507REXSS40045000동일모자03CN | BX22: =IF($I22="TTL","",$L22) -> ELK | BY22: =$O22 -> 5 | BZ22: =$AJ22 -> M | CA22: =$P22 -> BA | CB22: =$R22 -> K | CC22: =$AK22 -> CN | CD22: =$W22 -> 14FW ELS_52_SNAP_RD_KIDS | CE22: =$U22 -> ELKBAF5507 | CF22: =$T22 -> 507 | CG22: =$W22 -> 14FW ELS_52_SNAP_RD_KIDS | CH22: =$X22 -> RE | CI22: =$AD22 -> 1 | CJ22: =$AE22 -> XSS | CK22: =IF($I22="TTL",SUMIF($C:$C,MID($K22,1,SEARCH("TTL",$K22)-2),$BO:$BO),$AF22) -> 400 | CL22: =$AV22 -> 5.75 | CM22: =$AM22 -> 45000 | CN22: =$AP22-$AU22 -> 7172.55 | CO22: =$AU22 -> 417 | CP22: =$AL22 -> 1 | CQ22: 790/827/882 | CT22: =IF($I22="TTL",$K22,$Z22&$AE22) -> ELKBAF5507REXSS | CU22: =$M22 -> ELSTINKO KIDS | CV22: =IF($I22="TTL","",IF($CX22="","",$Q22&"_"&$T22&IF(N22="K","_KIDS",IF(N22="I","_INFANT","")))) -> BASIC CAP_507 | CW22: =IF($I22="TTL","",IF($CT22="","",$Y22&"_"&$AE22)) -> RED_XSS | CX22: =$L22 -> ELK | CY22: =$T22 -> 507 | CZ22: =IF($I22="TTL",SUMIF($C:$C,MID($K22,1,SEARCH("TTL",$K22)-2),$CZ:$CZ),$AF22) -> 400 | DA22: =$AM22 -> 45000 | DB22: =$Y22 -> RED | DC22: =$AE22 -> XSS | DD22: 2014.07.03 택발주 (바원테크) | DG22: 41736 | DH22: =IF(OR($I22="TTL",$I22=""),"",AZ22-$DH$11) -> 41754 | DI22: 41745 | DJ22: 41746 | DL22: 5 | DM22: 4 | DN22: 41768 | DO22: 없음 | DP22: =IF(OR($DN22="없음",$I22="TTL",$I22=""),"",AZ22-$DP$11) -> 41784 | DQ22: 41789 | DR22: 없음 | EC22: =IF(OR(Z21&AX21=Z22&AX21,Z22&AX22=""),"",Z22&AX22) -> ELKBAF5507RE41736 | ED22: =IF(OR(Z21&AE21=Z22&AE22,Z22=""),"",Z22&AE22) -> ELKBAF5507REXSS | EE22: =IF(ED22="",0,IF(COUNTIF(ED$12:ED21,ED22)=0,0,COUNTIF(ED$12:ED21,ED22))) -> 0 | EF22: =IF(OR($AJ22="B",$ED22="",MID($U22,8,1)=$EF$9,MID($U22,8,1)=$EF$10),0,1) -> 0 | EG22: =IF(EE22+EF22=0,"","R"&(EE22+EF22)) | EI22: =IF($ED22="","",IF($EE22=0,U22,"")) -> ELKBAF5507 | EJ22: =IF($ED22="","",IF($EE22=0,Z22,"")) -> ELKBAF5507RE
A23: =IF(OR($I23="TTL",$I23=""),"",IF(ISERROR(VLOOKUP($B23,CODE!$D:$G,CODE!$F$1-2,FALSE))=TRUE,"전략",VLOOKUP($B23,CODE!$D:$G,CODE!$F$1-2,FALSE))) -> F-CAP | B23: =IF(OR($I23="TTL",$I23=""),"",IF(VLOOKUP($P23,CODE!$K:$O,CODE!$O$1,FALSE)="",$I23,$I23&"-"&VLOOKUP($P23,CODE!$K:$O,CODE!$O$1,FALSE))) -> ELK | C23: =IF($I23="TTL","",I23&"-"&$AG23&"-"&$AI23) -> ELK-동일모자-03 | D23: =$C23&$Z23 -> ELK-동일모자-03ELKBAF5507RE | E23: =IF($I23="TTL",0,IF(ISERROR(IF($Z22=$Z23,$E22,$E22+1))=TRUE,1,IF($Z22=$Z23,$E22,$E22+1))) -> 2 | F23: =$C23&$E23 -> ELK-동일모자-032 | G23: =$F23&"-"&$U23&$Y23&$AE23 -> ELK-동일모자-032-ELKBAF5507REDOSM | H23: =IF(ISERROR(I23&VLOOKUP(P23,CODE!$K:$N,CODE!$N$1,FALSE)&S23)=TRUE,0,I23&VLOOKUP(P23,CODE!$K:$N,CODE!$N$1,FALSE)&S23) -> ELK의류외507 | I23: =IF(ISERROR(SEARCH("TTL",$K23))=TRUE,IF($L23="","",VLOOKUP($L23,CODE!$B:$G,CODE!$D$1,FALSE)),"TTL") -> ELK | J23: =MID(W23,1,6) -> 14FW E | L23: ELK | M23: =IF(OR($I23="TTL",$L23=""),"",VLOOKUP($L23,CODE!$B:$D,CODE!$C$1,FALSE)) -> ELSTINKO KIDS | N23: =IF(OR($I23="TTL",$L23=""),"",VLOOKUP($K$2,CODE!$S:$T,CODE!$T$1-1,FALSE)) -> F | O23: 5 | P23: BA | Q23: =IF(OR($I23="TTL",$P23=""),"",VLOOKUP($P23,CODE!$K:$M,CODE!$L$1,FALSE)) -> BASIC CAP | R23: K | S23: 507 | T23: =IF(OR($I23="TTL",$S23=""),"",IF($S23<10,"00"&$S23,IF($S23<100,"0"&$S23,$S23))) -> 507 | U23: =IF($I23="TTL","",$L23&$P23&$N23&$O23&$T23) -> ELKBAF5507 | V23: =IF($I23="TTL",SUMIF($C:$C,MID($K23,1,SEARCH("TTL",$K23)-2),$V:$V),IF($EI23="",0,1/COUNTIF($EI:$EI,$EI23))) -> 0.33333333 | W23: 14FW ELS_52_SNAP_RD_KIDS | X23: =IF($Y23="","",VLOOKUP($Y23,CODE!$AE:$AF,CODE!$AF$1-1,FALSE)) -> RE | Y23: RED | Z23: =$U23&$X23 -> ELKBAF5507RE | AA23: =VLOOKUP($Z23&$AX23,$EC:$EG,5,FALSE) | AB23: =IF($I23="TTL",SUMIF($C:$C,MID($K23,1,SEARCH("TTL",$K23)-2),$AB:$AB),IF($EJ23="",0,1/COUNTIF($EJ:$EJ,$EJ23))) -> 0.33333333 | AC23: 겉감 1: 울40%, 폴리에스터 60% /겉감 2: 아크릴 100% | AD23: 1 | AE23: OSM | AF23: 100 | AG23: 동일모자 | AH23: 3 | AI23: =IF($AH23=0,"",IF($AH23<10,"0"&$AH23,$AH23)) -> 03 | AJ23: M | AK23: CN | AL23: =IF($AK23=0,"",IF($AK23="KR",2,1)) -> 1 | AM23: =IF(ISERROR(VLOOKUP($F23,[1]기획현황취합!$A$1:$E$65474,[1]기획현황취합!$B$1,FALSE))=TRUE,0,VLOOKUP($F23,[1]기획현황취합!$A$1:$E$65474,[1]기획현황취합!$B$1,FALSE)) -> 45000 | AN23: =IF(ISERROR(VLOOKUP($F23,[1]기획현황취합!$A$1:$E$65474,[1]기획현황취합!$C$1,FALSE))=TRUE,0,VLOOKUP($F23,[1]기획현황취합!$A$1:$E$65474,[1]기획현황취합!$C$1,FALSE)) -> 41801 | AO23: =IF(ISERROR(($AM23/1.1)/VLOOKUP($AG23,'TARGET MU'!$A:$D,'TARGET MU'!$D$1,FALSE))=TRUE,0,($AM23/1.1)/VLOOKUP($AG23,'TARGET MU'!$A:$D,'TARGET MU'!$D$1,FALSE)) -> 6818.1818 | AP23: =IF(OR(AF23=0,AND(AV23=0,AW23=0)),0,IF(AG23="캡보이2",AV23*$AQ$5+AU23,IF(OR(AK23="IN",AK23="BG",AK23="VT",AK23="CB"),$AU23+(($AV23*(1+$AW$4))*(HLOOKUP(VLOOKUP(AG23,'TARGET MU'!$A:$P,'TARGET MU'!$J$1,FALSE),$AO$4:$AR$5,2,FALSE)))+$AW23,$AU23+((($AV23*(1+$AW$4))*(1+HLOOKUP(VLOOKUP($P23,CODE!$K:$P,CODE!$P$1,FALSE),$AS$4:$AV$5,2,FALSE)))*(HLOOKUP(VLOOKUP(AG23,'TARGET MU'!$A:$P,'TARGET MU'!$J$1,FALSE),$AO$4:$AR$5,2,FALSE)))+$AW23))) -> 7481.66 | AQ23: =AP23-AO23 -> 663.47818 | AR23: 102 | AS23: 0 | AT23: 20 | AU23: =SUM(AR23:AT23) -> 122 | AV23: 5.9 | AW23: 0 | AX23: =IF(ISERROR(VLOOKUP($F23,[1]기획현황취합!$A$1:$E$65474,[1]기획현황취합!$D$1,FALSE))=TRUE,0,VLOOKUP($F23,[1]기획현황취합!$A$1:$E$65474,[1]기획현황취합!$D$1,FALSE)) -> 41736 | AY23: 41866 | AZ23: =IF(ISERROR(VLOOKUP($F23,[1]기획현황취합!$A$1:$E$65474,[1]기획현황취합!$E$1,FALSE))=TRUE,0,VLOOKUP($F23,[1]기획현황취합!$A$1:$E$65474,[1]기획현황취합!$E$1,FALSE)) -> 41844 | BA23: 41870 | BB23: 41873 | BC23: 41883 | BD23: 41887 | BE23: 41925 | BF23: 0 | BG23: 확정 | BH23: 확정 | BI23: =IF($I23="TTL",SUMIF($C:$C,MID($K23,1,SEARCH("TTL",$K23)-2),$BI:$BI),SUMIF(실입고현황!$A:$A,BB23&VLOOKUP($AG23,'TARGET MU'!$A:$D,'TARGET MU'!$B$1,FALSE)&$Z23&" "&$AE23,실입고현황!$C:$C)) -> 20 | BJ23: =IF($I23="TTL",SUMIF($C:$C,MID($K23,1,SEARCH("TTL",$K23)-2),$BJ:$BJ),SUMIF(실입고현황!$A:$A,BC23&VLOOKUP($AG23,'TARGET MU'!$A:$D,'TARGET MU'!$B$1,FALSE)&$Z23&" "&$AE23,실입고현황!$C:$C)) -> 73 | BK23: =IF($I23="TTL",SUMIF($C:$C,MID($K23,1,SEARCH("TTL",$K23)-2),$BK:$BK),SUMIF(실입고현황!$A:$A,BD23&VLOOKUP($AG23,'TARGET MU'!$A:$D,'TARGET MU'!$B$1,FALSE)&$Z23&" "&$AE23,실입고현황!$C:$C)) -> 0 | BL23: =IF($I23="TTL",SUMIF($C:$C,MID($K23,1,SEARCH("TTL",$K23)-2),$BL:$BL),SUMIF(실입고현황!$A:$A,BE23&VLOOKUP($AG23,'TARGET MU'!$A:$D,'TARGET MU'!$B$1,FALSE)&$Z23&" "&$AE23,실입고현황!$C:$C)) -> 3 | BM23: =IF($I23="TTL",SUMIF($C:$C,MID($K23,1,SEARCH("TTL",$K23)-2),$BM:$BM),SUMIF(실입고현황!$A:$A,BF23&VLOOKUP($AG23,'TARGET MU'!$A:$D,'TARGET MU'!$B$1,FALSE)&$Z23&" "&$AE23,실입고현황!$C:$C)) -> 0 | BN23: =IF($I23="TTL",SUMIF($C:$C,MID($K23,1,SEARCH("TTL",$K23)-2),$BN:$BN),IF(($BO23-SUM($BI23,$BJ23,$BK23,BL23,BM23))<$BO23*$BN$6,0,$BO23-SUM($BI23,$BJ23,$BK23,BL23,BM23))) -> 0 | BO23: =IF($I23="TTL",SUMIF($C:$C,MID($K23,1,SEARCH("TTL",$K23)-2),$BO:$BO),$AF23) -> 100 | BP23: =IF($I23="TTL",SUMIF($C:$C,MID($K23,1,SEARCH("TTL",$K23)-2),$BP:$BP),IF($AO23=0,0,IF($AP23=0,$AO23*$AF23,$AP23*$AF23))) -> 748166 | BQ23: =IF($I23="TTL",SUMIF($C:$C,MID($K23,1,SEARCH("TTL",$K23)-2),$BQ:$BQ),$AM23*$AF23) -> 4500000 | BR23: =IF(ISERROR($BQ23/($BP23*1.1))=TRUE,0,$BQ23/($BP23*1.1)) -> 5.4679163 | BT23: =IF(ISERROR(Z23&VLOOKUP($AG23,'TARGET MU'!$A:$D,'TARGET MU'!$B$1,FALSE))=TRUE,"",Z23&VLOOKUP($AG23,'TARGET MU'!$A:$D,'TARGET MU'!$B$1,FALSE)) -> ELKBAF5507RE동일모자(청도) | BU23: =AP23 -> 7481.66 | BV23: =Z23&AE23&AF23&AM23&AG23&AI23&AK23 -> ELKBAF5507REOSM10045000동일모자03CN | BX23: =IF($I23="TTL","",$L23) -> ELK | BY23: =$O23 -> 5 | BZ23: =$AJ23 -> M | CA23: =$P23 -> BA | CB23: =$R23 -> K | CC23: =$AK23 -> CN | CD23: =$W23 -> 14FW ELS_52_SNAP_RD_KIDS | CE23: =$U23 -> ELKBAF5507 | CF23: =$T23 -> 507 | CG23: =$W23 -> 14FW ELS_52_SNAP_RD_KIDS | CH23: =$X23 -> RE | CI23: =$AD23 -> 1 | CJ23: =$AE23 -> OSM | CK23: =IF($I23="TTL",SUMIF($C:$C,MID($K23,1,SEARCH("TTL",$K23)-2),$BO:$BO),$AF23) -> 100 | CL23: =$AV23 -> 5.9 | CM23: =$AM23 -> 45000 | CN23: =$AP23-$AU23 -> 7359.66 | CO23: =$AU23 -> 122 | CP23: =$AL23 -> 1 | CQ23: 790/827 | CT23: =IF($I23="TTL",$K23,$Z23&$AE23) -> ELKBAF5507REOSM | CU23: =$M23 -> ELSTINKO KIDS | CV23: =IF($I23="TTL","",IF($CX23="","",$Q23&"_"&$T23&IF(N23="K","_KIDS",IF(N23="I","_INFANT","")))) -> BASIC CAP_507 | CW23: =IF($I23="TTL","",IF($CT23="","",$Y23&"_"&$AE23)) -> RED_OSM | CX23: =$L23 -> ELK | CY23: =$T23 -> 507 | CZ23: =IF($I23="TTL",SUMIF($C:$C,MID($K23,1,SEARCH("TTL",$K23)-2),$CZ:$CZ),$AF23) -> 100 | DA23: =$AM23 -> 45000 | DB23: =$Y23 -> RED | DC23: =$AE23 -> OSM | DD23: 2014.07.03 택발주 (바원테크) | DG23: 41736 | DH23: =IF(OR($I23="TTL",$I23=""),"",AZ23-$DH$11) -> 41754 | DI23: 41745 | DJ23: 41746 | DL23: 5 | DM23: 4 | DN23: 41768 | DO23: 없음 | DP23: =IF(OR($DN23="없음",$I23="TTL",$I23=""),"",AZ23-$DP$11) -> 41784 | DQ23: 41789 | DR23: 없음 | EC23: =IF(OR(Z22&AX22=Z23&AX22,Z23&AX23=""),"",Z23&AX23) | ED23: =IF(OR(Z22&AE22=Z23&AE23,Z23=""),"",Z23&AE23) -> ELKBAF5507REOSM | EE23: =IF(ED23="",0,IF(COUNTIF(ED$12:ED22,ED23)=0,0,COUNTIF(ED$12:ED22,ED23))) -> 0 | EF23: =IF(OR($AJ23="B",$ED23="",MID($U23,8,1)=$EF$9,MID($U23,8,1)=$EF$10),0,1) -> 0 | EG23: =IF(EE23+EF23=0,"","R"&(EE23+EF23)) | EI23: =IF($ED23="","",IF($EE23=0,U23,"")) -> ELKBAF5507 | EJ23: =IF($ED23="","",IF($EE23=0,Z23,"")) -> ELKBAF5507RE
A24: =IF(OR($I24="TTL",$I24=""),"",IF(ISERROR(VLOOKUP($B24,CODE!$D:$G,CODE!$F$1-2,FALSE))=TRUE,"전략",VLOOKUP($B24,CODE!$D:$G,CODE!$F$1-2,FALSE))) -> F-CAP | B24: =IF(OR($I24="TTL",$I24=""),"",IF(VLOOKUP($P24,CODE!$K:$O,CODE!$O$1,FALSE)="",$I24,$I24&"-"&VLOOKUP($P24,CODE!$K:$O,CODE!$O$1,FALSE))) -> ELK | C24: =IF($I24="TTL","",I24&"-"&$AG24&"-"&$AI24) -> ELK-동일모자-03 | D24: =$C24&$Z24 -> ELK-동일모자-03ELKBAF5507RE | E24: =IF($I24="TTL",0,IF(ISERROR(IF($Z23=$Z24,$E23,$E23+1))=TRUE,1,IF($Z23=$Z24,$E23,$E23+1))) -> 2 | F24: =$C24&$E24 -> ELK-동일모자-032 | G24: =$F24&"-"&$U24&$Y24&$AE24 -> ELK-동일모자-032-ELKBAF5507REDOML | H24: =IF(ISERROR(I24&VLOOKUP(P24,CODE!$K:$N,CODE!$N$1,FALSE)&S24)=TRUE,0,I24&VLOOKUP(P24,CODE!$K:$N,CODE!$N$1,FALSE)&S24) -> ELK의류외507 | I24: =IF(ISERROR(SEARCH("TTL",$K24))=TRUE,IF($L24="","",VLOOKUP($L24,CODE!$B:$G,CODE!$D$1,FALSE)),"TTL") -> ELK | J24: =MID(W24,1,6) -> 14FW E | L24: ELK | M24: =IF(OR($I24="TTL",$L24=""),"",VLOOKUP($L24,CODE!$B:$D,CODE!$C$1,FALSE)) -> ELSTINKO KIDS | N24: =IF(OR($I24="TTL",$L24=""),"",VLOOKUP($K$2,CODE!$S:$T,CODE!$T$1-1,FALSE)) -> F | O24: 5 | P24: BA | Q24: =IF(OR($I24="TTL",$P24=""),"",VLOOKUP($P24,CODE!$K:$M,CODE!$L$1,FALSE)) -> BASIC CAP | R24: K | S24: 507 | T24: =IF(OR($I24="TTL",$S24=""),"",IF($S24<10,"00"&$S24,IF($S24<100,"0"&$S24,$S24))) -> 507 | U24: =IF($I24="TTL","",$L24&$P24&$N24&$O24&$T24) -> ELKBAF5507 | V24: =IF($I24="TTL",SUMIF($C:$C,MID($K24,1,SEARCH("TTL",$K24)-2),$V:$V),IF($EI24="",0,1/COUNTIF($EI:$EI,$EI24))) -> 0.33333333 | W24: 14FW ELS_52_SNAP_RD_KIDS | X24: =IF($Y24="","",VLOOKUP($Y24,CODE!$AE:$AF,CODE!$AF$1-1,FALSE)) -> RE | Y24: RED | Z24: =$U24&$X24 -> ELKBAF5507RE | AA24: =VLOOKUP($Z24&$AX24,$EC:$EG,5,FALSE) | AB24: =IF($I24="TTL",SUMIF($C:$C,MID($K24,1,SEARCH("TTL",$K24)-2),$AB:$AB),IF($EJ24="",0,1/COUNTIF($EJ:$EJ,$EJ24))) -> 0.33333333 | AC24: 겉감 1: 울40%, 폴리에스터 60% /겉감 2: 아크릴 100% | AD24: 1 | AE24: OML | AF24: 50 | AG24: 동일모자 | AH24: 3 | AI24: =IF($AH24=0,"",IF($AH24<10,"0"&$AH24,$AH24)) -> 03 | AJ24: M | AK24: CN | AL24: =IF($AK24=0,"",IF($AK24="KR",2,1)) -> 1 | AM24: =IF(ISERROR(VLOOKUP($F24,[1]기획현황취합!$A$1:$E$65474,[1]기획현황취합!$B$1,FALSE))=TRUE,0,VLOOKUP($F24,[1]기획현황취합!$A$1:$E$65474,[1]기획현황취합!$B$1,FALSE)) -> 45000 | AN24: =IF(ISERROR(VLOOKUP($F24,[1]기획현황취합!$A$1:$E$65474,[1]기획현황취합!$C$1,FALSE))=TRUE,0,VLOOKUP($F24,[1]기획현황취합!$A$1:$E$65474,[1]기획현황취합!$C$1,FALSE)) -> 41801 | AO24: =IF(ISERROR(($AM24/1.1)/VLOOKUP($AG24,'TARGET MU'!$A:$D,'TARGET MU'!$D$1,FALSE))=TRUE,0,($AM24/1.1)/VLOOKUP($AG24,'TARGET MU'!$A:$D,'TARGET MU'!$D$1,FALSE)) -> 6818.1818 | AP24: =IF(OR(AF24=0,AND(AV24=0,AW24=0)),0,IF(AG24="캡보이2",AV24*$AQ$5+AU24,IF(OR(AK24="IN",AK24="BG",AK24="VT",AK24="CB"),$AU24+(($AV24*(1+$AW$4))*(HLOOKUP(VLOOKUP(AG24,'TARGET MU'!$A:$P,'TARGET MU'!$J$1,FALSE),$AO$4:$AR$5,2,FALSE)))+$AW24,$AU24+((($AV24*(1+$AW$4))*(1+HLOOKUP(VLOOKUP($P24,CODE!$K:$P,CODE!$P$1,FALSE),$AS$4:$AV$5,2,FALSE)))*(HLOOKUP(VLOOKUP(AG24,'TARGET MU'!$A:$P,'TARGET MU'!$J$1,FALSE),$AO$4:$AR$5,2,FALSE)))+$AW24))) -> 7430.66 | AQ24: =AP24-AO24 -> 612.47818 | AR24: 51 | AS24: 0 | AT24: 20 | AU24: =SUM(AR24:AT24) -> 71 | AV24: 5.9 | AW24: 0 | AX24: =IF(ISERROR(VLOOKUP($F24,[1]기획현황취합!$A$1:$E$65474,[1]기획현황취합!$D$1,FALSE))=TRUE,0,VLOOKUP($F24,[1]기획현황취합!$A$1:$E$65474,[1]기획현황취합!$D$1,FALSE)) -> 41736 | AY24: 41866 | AZ24: =IF(ISERROR(VLOOKUP($F24,[1]기획현황취합!$A$1:$E$65474,[1]기획현황취합!$E$1,FALSE))=TRUE,0,VLOOKUP($F24,[1]기획현황취합!$A$1:$E$65474,[1]기획현황취합!$E$1,FALSE)) -> 41844 | BA24: 41870 | BB24: 41873 | BC24: 41883 | BD24: 41887 | BE24: 41925 | BF24: 0 | BG24: 확정 | BH24: 확정 | BI24: =IF($I24="TTL",SUMIF($C:$C,MID($K24,1,SEARCH("TTL",$K24)-2),$BI:$BI),SUMIF(실입고현황!$A:$A,BB24&VLOOKUP($AG24,'TARGET MU'!$A:$D,'TARGET MU'!$B$1,FALSE)&$Z24&" "&$AE24,실입고현황!$C:$C)) -> 20 | BJ24: =IF($I24="TTL",SUMIF($C:$C,MID($K24,1,SEARCH("TTL",$K24)-2),$BJ:$BJ),SUMIF(실입고현황!$A:$A,BC24&VLOOKUP($AG24,'TARGET MU'!$A:$D,'TARGET MU'!$B$1,FALSE)&$Z24&" "&$AE24,실입고현황!$C:$C)) -> 28 | BK24: =IF($I24="TTL",SUMIF($C:$C,MID($K24,1,SEARCH("TTL",$K24)-2),$BK:$BK),SUMIF(실입고현황!$A:$A,BD24&VLOOKUP($AG24,'TARGET MU'!$A:$D,'TARGET MU'!$B$1,FALSE)&$Z24&" "&$AE24,실입고현황!$C:$C)) -> 0 | BL24: =IF($I24="TTL",SUMIF($C:$C,MID($K24,1,SEARCH("TTL",$K24)-2),$BL:$BL),SUMIF(실입고현황!$A:$A,BE24&VLOOKUP($AG24,'TARGET MU'!$A:$D,'TARGET MU'!$B$1,FALSE)&$Z24&" "&$AE24,실입고현황!$C:$C)) -> 0 | BM24: =IF($I24="TTL",SUMIF($C:$C,MID($K24,1,SEARCH("TTL",$K24)-2),$BM:$BM),SUMIF(실입고현황!$A:$A,BF24&VLOOKUP($AG24,'TARGET MU'!$A:$D,'TARGET MU'!$B$1,FALSE)&$Z24&" "&$AE24,실입고현황!$C:$C)) -> 0 | BN24: =IF($I24="TTL",SUMIF($C:$C,MID($K24,1,SEARCH("TTL",$K24)-2),$BN:$BN),IF(($BO24-SUM($BI24,$BJ24,$BK24,BL24,BM24))<$BO24*$BN$6,0,$BO24-SUM($BI24,$BJ24,$BK24,BL24,BM24))) -> 0 | BO24: =IF($I24="TTL",SUMIF($C:$C,MID($K24,1,SEARCH("TTL",$K24)-2),$BO:$BO),$AF24) -> 50 | BP24: =IF($I24="TTL",SUMIF($C:$C,MID($K24,1,SEARCH("TTL",$K24)-2),$BP:$BP),IF($AO24=0,0,IF($AP24=0,$AO24*$AF24,$AP24*$AF24))) -> 371533 | BQ24: =IF($I24="TTL",SUMIF($C:$C,MID($K24,1,SEARCH("TTL",$K24)-2),$BQ:$BQ),$AM24*$AF24) -> 2250000 | BR24: =IF(ISERROR($BQ24/($BP24*1.1))=TRUE,0,$BQ24/($BP24*1.1)) -> 5.5054451 | BT24: =IF(ISERROR(Z24&VLOOKUP($AG24,'TARGET MU'!$A:$D,'TARGET MU'!$B$1,FALSE))=TRUE,"",Z24&VLOOKUP($AG24,'TARGET MU'!$A:$D,'TARGET MU'!$B$1,FALSE)) -> ELKBAF5507RE동일모자(청도) | BU24: =AP24 -> 7430.66 | BV24: =Z24&AE24&AF24&AM24&AG24&AI24&AK24 -> ELKBAF5507REOML5045000동일모자03CN | BX24: =IF($I24="TTL","",$L24) -> ELK | BY24: =$O24 -> 5 | BZ24: =$AJ24 -> M | CA24: =$P24 -> BA | CB24: =$R24 -> K | CC24: =$AK24 -> CN | CD24: =$W24 -> 14FW ELS_52_SNAP_RD_KIDS | CE24: =$U24 -> ELKBAF5507 | CF24: =$T24 -> 507 | CG24: =$W24 -> 14FW ELS_52_SNAP_RD_KIDS | CH24: =$X24 -> RE | CI24: =$AD24 -> 1 | CJ24: =$AE24 -> OML | CK24: =IF($I24="TTL",SUMIF($C:$C,MID($K24,1,SEARCH("TTL",$K24)-2),$BO:$BO),$AF24) -> 50 | CL24: =$AV24 -> 5.9 | CM24: =$AM24 -> 45000 | CN24: =$AP24-$AU24 -> 7359.66 | CO24: =$AU24 -> 71 | CP24: =$AL24 -> 1 | CQ24: 790/827 | CT24: =IF($I24="TTL",$K24,$Z24&$AE24) -> ELKBAF5507REOML | CU24: =$M24 -> ELSTINKO KIDS | CV24: =IF($I24="TTL","",IF($CX24="","",$Q24&"_"&$T24&IF(N24="K","_KIDS",IF(N24="I","_INFANT","")))) -> BASIC CAP_507 | CW24: =IF($I24="TTL","",IF($CT24="","",$Y24&"_"&$AE24)) -> RED_OML | CX24: =$L24 -> ELK | CY24: =$T24 -> 507 | CZ24: =IF($I24="TTL",SUMIF($C:$C,MID($K24,1,SEARCH("TTL",$K24)-2),$CZ:$CZ),$AF24) -> 50 | DA24: =$AM24 -> 45000 | DB24: =$Y24 -> RED | DC24: =$AE24 -> OML | DD24: 2014.07.03 택발주 (바원테크) | DG24: 41736 | DH24: =IF(OR($I24="TTL",$I24=""),"",AZ24-$DH$11) -> 41754 | DI24: 41745 | DJ24: 41746 | DL24: 5 | DM24: 4 | DN24: 41768 | DO24: 없음 | DP24: =IF(OR($DN24="없음",$I24="TTL",$I24=""),"",AZ24-$DP$11) -> 41784 | DQ24: 41789 | DR24: 없음 | EC24: =IF(OR(Z23&AX23=Z24&AX23,Z24&AX24=""),"",Z24&AX24) | ED24: =IF(OR(Z23&AE23=Z24&AE24,Z24=""),"",Z24&AE24) -> ELKBAF5507REOML | EE24: =IF(ED24="",0,IF(COUNTIF(ED$12:ED23,ED24)=0,0,COUNTIF(ED$12:ED23,ED24))) -> 0 | EF24: =IF(OR($AJ24="B",$ED24="",MID($U24,8,1)=$EF$9,MID($U24,8,1)=$EF$10),0,1) -> 0 | EG24: =IF(EE24+EF24=0,"","R"&(EE24+EF24)) | EI24: =IF($ED24="","",IF($EE24=0,U24,"")) -> ELKBAF5507 | EJ24: =IF($ED24="","",IF($EE24=0,Z24,"")) -> ELKBAF5507RE
A25: =IF(OR($I25="TTL",$I25=""),"",IF(ISERROR(VLOOKUP($B25,CODE!$D:$G,CODE!$F$1-2,FALSE))=TRUE,"전략",VLOOKUP($B25,CODE!$D:$G,CODE!$F$1-2,FALSE))) -> F-CAP | B25: =IF(OR($I25="TTL",$I25=""),"",IF(VLOOKUP($P25,CODE!$K:$O,CODE!$O$1,FALSE)="",$I25,$I25&"-"&VLOOKUP($P25,CODE!$K:$O,CODE!$O$1,FALSE))) -> ELK | C25: =IF($I25="TTL","",I25&"-"&$AG25&"-"&$AI25) -> ELK-동일모자-03 | D25: =$C25&$Z25 -> ELK-동일모자-03ELKBAF5508PK | E25: =IF($I25="TTL",0,IF(ISERROR(IF($Z24=$Z25,$E24,$E24+1))=TRUE,1,IF($Z24=$Z25,$E24,$E24+1))) -> 3 | F25: =$C25&$E25 -> ELK-동일모자-033 | G25: =$F25&"-"&$U25&$Y25&$AE25 -> ELK-동일모자-033-ELKBAF5508PINKXSS | H25: =IF(ISERROR(I25&VLOOKUP(P25,CODE!$K:$N,CODE!$N$1,FALSE)&S25)=TRUE,0,I25&VLOOKUP(P25,CODE!$K:$N,CODE!$N$1,FALSE)&S25) -> ELK의류외508 | I25: =IF(ISERROR(SEARCH("TTL",$K25))=TRUE,IF($L25="","",VLOOKUP($L25,CODE!$B:$G,CODE!$D$1,FALSE)),"TTL") -> ELK | J25: =MID(W25,1,6) -> 14FW E | L25: ELK | M25: =IF(OR($I25="TTL",$L25=""),"",VLOOKUP($L25,CODE!$B:$D,CODE!$C$1,FALSE)) -> ELSTINKO KIDS | N25: =IF(OR($I25="TTL",$L25=""),"",VLOOKUP($K$2,CODE!$S:$T,CODE!$T$1-1,FALSE)) -> F | O25: 5 | P25: BA | Q25: =IF(OR($I25="TTL",$P25=""),"",VLOOKUP($P25,CODE!$K:$M,CODE!$L$1,FALSE)) -> BASIC CAP | R25: K | S25: 508 | T25: =IF(OR($I25="TTL",$S25=""),"",IF($S25<10,"00"&$S25,IF($S25<100,"0"&$S25,$S25))) -> 508 | U25: =IF($I25="TTL","",$L25&$P25&$N25&$O25&$T25) -> ELKBAF5508 | V25: =IF($I25="TTL",SUMIF($C:$C,MID($K25,1,SEARCH("TTL",$K25)-2),$V:$V),IF($EI25="",0,1/COUNTIF($EI:$EI,$EI25))) -> 0.33333333 | W25: 14FW ELS_52_SNAP_PK_KIDS | X25: =IF($Y25="","",VLOOKUP($Y25,CODE!$AE:$AF,CODE!$AF$1-1,FALSE)) -> PK | Y25: PINK | Z25: =$U25&$X25 -> ELKBAF5508PK | AA25: =VLOOKUP($Z25&$AX25,$EC:$EG,5,FALSE) | AB25: =IF($I25="TTL",SUMIF($C:$C,MID($K25,1,SEARCH("TTL",$K25)-2),$AB:$AB),IF($EJ25="",0,1/COUNTIF($EJ:$EJ,$EJ25))) -> 0.33333333 | AC25: 겉감 1: 울40%, 폴리에스터 60%/겉감 2: 아크릴 100% | AD25: 1 | AE25: XSS | AF25: 400 | AG25: 동일모자 | AH25: 3 | AI25: =IF($AH25=0,"",IF($AH25<10,"0"&$AH25,$AH25)) -> 03 | AJ25: M | AK25: CN | AL25: =IF($AK25=0,"",IF($AK25="KR",2,1)) -> 1 | AM25: =IF(ISERROR(VLOOKUP($F25,[1]기획현황취합!$A$1:$E$65474,[1]기획현황취합!$B$1,FALSE))=TRUE,0,VLOOKUP($F25,[1]기획현황취합!$A$1:$E$65474,[1]기획현황취합!$B$1,FALSE)) -> 45000 | AN25: =IF(ISERROR(VLOOKUP($F25,[1]기획현황취합!$A$1:$E$65474,[1]기획현황취합!$C$1,FALSE))=TRUE,0,VLOOKUP($F25,[1]기획현황취합!$A$1:$E$65474,[1]기획현황취합!$C$1,FALSE)) -> 41801 | AO25: =IF(ISERROR(($AM25/1.1)/VLOOKUP($AG25,'TARGET MU'!$A:$D,'TARGET MU'!$D$1,FALSE))=TRUE,0,($AM25/1.1)/VLOOKUP($AG25,'TARGET MU'!$A:$D,'TARGET MU'!$D$1,FALSE)) -> 6818.1818 | AP25: =IF(OR(AF25=0,AND(AV25=0,AW25=0)),0,IF(AG25="캡보이2",AV25*$AQ$5+AU25,IF(OR(AK25="IN",AK25="BG",AK25="VT",AK25="CB"),$AU25+(($AV25*(1+$AW$4))*(HLOOKUP(VLOOKUP(AG25,'TARGET MU'!$A:$P,'TARGET MU'!$J$1,FALSE),$AO$4:$AR$5,2,FALSE)))+$AW25,$AU25+((($AV25*(1+$AW$4))*(1+HLOOKUP(VLOOKUP($P25,CODE!$K:$P,CODE!$P$1,FALSE),$AS$4:$AV$5,2,FALSE)))*(HLOOKUP(VLOOKUP(AG25,'TARGET MU'!$A:$P,'TARGET MU'!$J$1,FALSE),$AO$4:$AR$5,2,FALSE)))+$AW25))) -> 7235.33 | AQ25: =AP25-AO25 -> 417.14818 | AR25: 417 | AS25: 0 | AT25: 20 | AU25: =SUM(AR25:AT25) -> 437 | AV25: 5.45 | AW25: 0 | AX25: =IF(ISERROR(VLOOKUP($F25,[1]기획현황취합!$A$1:$E$65474,[1]기획현황취합!$D$1,FALSE))=TRUE,0,VLOOKUP($F25,[1]기획현황취합!$A$1:$E$65474,[1]기획현황취합!$D$1,FALSE)) -> 41736 | AY25: 41866 | AZ25: =IF(ISERROR(VLOOKUP($F25,[1]기획현황취합!$A$1:$E$65474,[1]기획현황취합!$E$1,FALSE))=TRUE,0,VLOOKUP($F25,[1]기획현황취합!$A$1:$E$65474,[1]기획현황취합!$E$1,FALSE)) -> 41844 | BA25: 41870 | BB25: 41873 | BC25: 41887 | BD25: 41912 | BE25: 0 | BF25: 0 | BG25: 확정 | BH25: 확정 | BI25: =IF($I25="TTL",SUMIF($C:$C,MID($K25,1,SEARCH("TTL",$K25)-2),$BI:$BI),SUMIF(실입고현황!$A:$A,BB25&VLOOKUP($AG25,'TARGET MU'!$A:$D,'TARGET MU'!$B$1,FALSE)&$Z25&" "&$AE25,실입고현황!$C:$C)) -> 20 | BJ25: =IF($I25="TTL",SUMIF($C:$C,MID($K25,1,SEARCH("TTL",$K25)-2),$BJ:$BJ),SUMIF(실입고현황!$A:$A,BC25&VLOOKUP($AG25,'TARGET MU'!$A:$D,'TARGET MU'!$B$1,FALSE)&$Z25&" "&$AE25,실입고현황!$C:$C)) -> 3 | BK25: =IF($I25="TTL",SUMIF($C:$C,MID($K25,1,SEARCH("TTL",$K25)-2),$BK:$BK),SUMIF(실입고현황!$A:$A,BD25&VLOOKUP($AG25,'TARGET MU'!$A:$D,'TARGET MU'!$B$1,FALSE)&$Z25&" "&$AE25,실입고현황!$C:$C)) -> 350 | BL25: =IF($I25="TTL",SUMIF($C:$C,MID($K25,1,SEARCH("TTL",$K25)-2),$BL:$BL),SUMIF(실입고현황!$A:$A,BE25&VLOOKUP($AG25,'TARGET MU'!$A:$D,'TARGET MU'!$B$1,FALSE)&$Z25&" "&$AE25,실입고현황!$C:$C)) -> 0 | BM25: =IF($I25="TTL",SUMIF($C:$C,MID($K25,1,SEARCH("TTL",$K25)-2),$BM:$BM),SUMIF(실입고현황!$A:$A,BF25&VLOOKUP($AG25,'TARGET MU'!$A:$D,'TARGET MU'!$B$1,FALSE)&$Z25&" "&$AE25,실입고현황!$C:$C)) -> 0 | BN25: =IF($I25="TTL",SUMIF($C:$C,MID($K25,1,SEARCH("TTL",$K25)-2),$BN:$BN),IF(($BO25-SUM($BI25,$BJ25,$BK25,BL25,BM25))<$BO25*$BN$6,0,$BO25-SUM($BI25,$BJ25,$BK25,BL25,BM25))) -> 0 | BO25: =IF($I25="TTL",SUMIF($C:$C,MID($K25,1,SEARCH("TTL",$K25)-2),$BO:$BO),$AF25) -> 400 | BP25: =IF($I25="TTL",SUMIF($C:$C,MID($K25,1,SEARCH("TTL",$K25)-2),$BP:$BP),IF($AO25=0,0,IF($AP25=0,$AO25*$AF25,$AP25*$AF25))) -> 2894132 | BQ25: =IF($I25="TTL",SUMIF($C:$C,MID($K25,1,SEARCH("TTL",$K25)-2),$BQ:$BQ),$AM25*$AF25) -> 18000000 | BR25: =IF(ISERROR($BQ25/($BP25*1.1))=TRUE,0,$BQ25/($BP25*1.1)) -> 5.654074 | BT25: =IF(ISERROR(Z25&VLOOKUP($AG25,'TARGET MU'!$A:$D,'TARGET MU'!$B$1,FALSE))=TRUE,"",Z25&VLOOKUP($AG25,'TARGET MU'!$A:$D,'TARGET MU'!$B$1,FALSE)) -> ELKBAF5508PK동일모자(청도) | BU25: =AP25 -> 7235.33 | BV25: =Z25&AE25&AF25&AM25&AG25&AI25&AK25 -> ELKBAF5508PKXSS40045000동일모자03CN | BX25: =IF($I25="TTL","",$L25) -> ELK | BY25: =$O25 -> 5 | BZ25: =$AJ25 -> M | CA25: =$P25 -> BA | CB25: =$R25 -> K | CC25: =$AK25 -> CN | CD25: =$W25 -> 14FW ELS_52_SNAP_PK_KIDS | CE25: =$U25 -> ELKBAF5508 | CF25: =$T25 -> 508 | CG25: =$W25 -> 14FW ELS_52_SNAP_PK_KIDS | CH25: =$X25 -> PK | CI25: =$AD25 -> 1 | CJ25: =$AE25 -> XSS | CK25: =IF($I25="TTL",SUMIF($C:$C,MID($K25,1,SEARCH("TTL",$K25)-2),$BO:$BO),$AF25) -> 400 | CL25: =$AV25 -> 5.45 | CM25: =$AM25 -> 45000 | CN25: =$AP25-$AU25 -> 6798.33 | CO25: =$AU25 -> 437 | CP25: =$AL25 -> 1 | CQ25: 790/882/972 | CT25: =IF($I25="TTL",$K25,$Z25&$AE25) -> ELKBAF5508PKXSS | CU25: =$M25 -> ELSTINKO KIDS | CV25: =IF($I25="TTL","",IF($CX25="","",$Q25&"_"&$T25&IF(N25="K","_KIDS",IF(N25="I","_INFANT","")))) -> BASIC CAP_508 | CW25: =IF($I25="TTL","",IF($CT25="","",$Y25&"_"&$AE25)) -> PINK_XSS | CX25: =$L25 -> ELK | CY25: =$T25 -> 508 | CZ25: =IF($I25="TTL",SUMIF($C:$C,MID($K25,1,SEARCH("TTL",$K25)-2),$CZ:$CZ),$AF25) -> 400 | DA25: =$AM25 -> 45000 | DB25: =$Y25 -> PINK | DC25: =$AE25 -> XSS | DD25: 2014.07.03 택발주 (바원테크) | DG25: 41736 | DH25: =IF(OR($I25="TTL",$I25=""),"",AZ25-$DH$11) -> 41754 | DI25: 41745 | DJ25: 41746 | DL25: 4 | DM25: 1 | DN25: 41768 | DO25: 없음 | DP25: =IF(OR($DN25="없음",$I25="TTL",$I25=""),"",AZ25-$DP$11) -> 41784 | DQ25: 41789 | DR25: 없음 | EC25: =IF(OR(Z24&AX24=Z25&AX24,Z25&AX25=""),"",Z25&AX25) -> ELKBAF5508PK41736 | ED25: =IF(OR(Z24&AE24=Z25&AE25,Z25=""),"",Z25&AE25) -> ELKBAF5508PKXSS | EE25: =IF(ED25="",0,IF(COUNTIF(ED$12:ED24,ED25)=0,0,COUNTIF(ED$12:ED24,ED25))) -> 0 | EF25: =IF(OR($AJ25="B",$ED25="",MID($U25,8,1)=$EF$9,MID($U25,8,1)=$EF$10),0,1) -> 0 | EG25: =IF(EE25+EF25=0,"","R"&(EE25+EF25)) | EI25: =IF($ED25="","",IF($EE25=0,U25,"")) -> ELKBAF5508 | EJ25: =IF($ED25="","",IF($EE25=0,Z25,"")) -> ELKBAF5508PK
A26: =IF(OR($I26="TTL",$I26=""),"",IF(ISERROR(VLOOKUP($B26,CODE!$D:$G,CODE!$F$1-2,FALSE))=TRUE,"전략",VLOOKUP($B26,CODE!$D:$G,CODE!$F$1-2,FALSE))) -> F-CAP | B26: =IF(OR($I26="TTL",$I26=""),"",IF(VLOOKUP($P26,CODE!$K:$O,CODE!$O$1,FALSE)="",$I26,$I26&"-"&VLOOKUP($P26,CODE!$K:$O,CODE!$O$1,FALSE))) -> ELK | C26: =IF($I26="TTL","",I26&"-"&$AG26&"-"&$AI26) -> ELK-동일모자-03 | D26: =$C26&$Z26 -> ELK-동일모자-03ELKBAF5508PK | E26: =IF($I26="TTL",0,IF(ISERROR(IF($Z25=$Z26,$E25,$E25+1))=TRUE,1,IF($Z25=$Z26,$E25,$E25+1))) -> 3 | F26: =$C26&$E26 -> ELK-동일모자-033 | G26: =$F26&"-"&$U26&$Y26&$AE26 -> ELK-동일모자-033-ELKBAF5508PINKOSM | H26: =IF(ISERROR(I26&VLOOKUP(P26,CODE!$K:$N,CODE!$N$1,FALSE)&S26)=TRUE,0,I26&VLOOKUP(P26,CODE!$K:$N,CODE!$N$1,FALSE)&S26) -> ELK의류외508 | I26: =IF(ISERROR(SEARCH("TTL",$K26))=TRUE,IF($L26="","",VLOOKUP($L26,CODE!$B:$G,CODE!$D$1,FALSE)),"TTL") -> ELK | J26: =MID(W26,1,6) -> 14FW E | L26: ELK | M26: =IF(OR($I26="TTL",$L26=""),"",VLOOKUP($L26,CODE!$B:$D,CODE!$C$1,FALSE)) -> ELSTINKO KIDS | N26: =IF(OR($I26="TTL",$L26=""),"",VLOOKUP($K$2,CODE!$S:$T,CODE!$T$1-1,FALSE)) -> F | O26: 5 | P26: BA | Q26: =IF(OR($I26="TTL",$P26=""),"",VLOOKUP($P26,CODE!$K:$M,CODE!$L$1,FALSE)) -> BASIC CAP | R26: K | S26: 508 | T26: =IF(OR($I26="TTL",$S26=""),"",IF($S26<10,"00"&$S26,IF($S26<100,"0"&$S26,$S26))) -> 508 | U26: =IF($I26="TTL","",$L26&$P26&$N26&$O26&$T26) -> ELKBAF5508 | V26: =IF($I26="TTL",SUMIF($C:$C,MID($K26,1,SEARCH("TTL",$K26)-2),$V:$V),IF($EI26="",0,1/COUNTIF($EI:$EI,$EI26))) -> 0.33333333 | W26: 14FW ELS_52_SNAP_PK_KIDS | X26: =IF($Y26="","",VLOOKUP($Y26,CODE!$AE:$AF,CODE!$AF$1-1,FALSE)) -> PK | Y26: PINK | Z26: =$U26&$X26 -> ELKBAF5508PK | AA26: =VLOOKUP($Z26&$AX26,$EC:$EG,5,FALSE) | AB26: =IF($I26="TTL",SUMIF($C:$C,MID($K26,1,SEARCH("TTL",$K26)-2),$AB:$AB),IF($EJ26="",0,1/COUNTIF($EJ:$EJ,$EJ26))) -> 0.33333333 | AC26: 겉감 1: 울40%, 폴리에스터 60%/겉감 2: 아크릴 100% | AD26: 1 | AE26: OSM | AF26: 100 | AG26: 동일모자 | AH26: 3 | AI26: =IF($AH26=0,"",IF($AH26<10,"0"&$AH26,$AH26)) -> 03 | AJ26: M | AK26: CN | AL26: =IF($AK26=0,"",IF($AK26="KR",2,1)) -> 1 | AM26: =IF(ISERROR(VLOOKUP($F26,[1]기획현황취합!$A$1:$E$65474,[1]기획현황취합!$B$1,FALSE))=TRUE,0,VLOOKUP($F26,[1]기획현황취합!$A$1:$E$65474,[1]기획현황취합!$B$1,FALSE)) -> 45000 | AN26: =IF(ISERROR(VLOOKUP($F26,[1]기획현황취합!$A$1:$E$65474,[1]기획현황취합!$C$1,FALSE))=TRUE,0,VLOOKUP($F26,[1]기획현황취합!$A$1:$E$65474,[1]기획현황취합!$C$1,FALSE)) -> 41801 | AO26: =IF(ISERROR(($AM26/1.1)/VLOOKUP($AG26,'TARGET MU'!$A:$D,'TARGET MU'!$D$1,FALSE))=TRUE,0,($AM26/1.1)/VLOOKUP($AG26,'TARGET MU'!$A:$D,'TARGET MU'!$D$1,FALSE)) -> 6818.1818 | AP26: =IF(OR(AF26=0,AND(AV26=0,AW26=0)),0,IF(AG26="캡보이2",AV26*$AQ$5+AU26,IF(OR(AK26="IN",AK26="BG",AK26="VT",AK26="CB"),$AU26+(($AV26*(1+$AW$4))*(HLOOKUP(VLOOKUP(AG26,'TARGET MU'!$A:$P,'TARGET MU'!$J$1,FALSE),$AO$4:$AR$5,2,FALSE)))+$AW26,$AU26+((($AV26*(1+$AW$4))*(1+HLOOKUP(VLOOKUP($P26,CODE!$K:$P,CODE!$P$1,FALSE),$AS$4:$AV$5,2,FALSE)))*(HLOOKUP(VLOOKUP(AG26,'TARGET MU'!$A:$P,'TARGET MU'!$J$1,FALSE),$AO$4:$AR$5,2,FALSE)))+$AW26))) -> 7112.44 | AQ26: =AP26-AO26 -> 294.25818 | AR26: 107 | AS26: 0 | AT26: 20 | AU26: =SUM(AR26:AT26) -> 127 | AV26: 5.6 | AW26: 0 | AX26: =IF(ISERROR(VLOOKUP($F26,[1]기획현황취합!$A$1:$E$65474,[1]기획현황취합!$D$1,FALSE))=TRUE,0,VLOOKUP($F26,[1]기획현황취합!$A$1:$E$65474,[1]기획현황취합!$D$1,FALSE)) -> 41736 | AY26: 41866 | AZ26: =IF(ISERROR(VLOOKUP($F26,[1]기획현황취합!$A$1:$E$65474,[1]기획현황취합!$E$1,FALSE))=TRUE,0,VLOOKUP($F26,[1]기획현황취합!$A$1:$E$65474,[1]기획현황취합!$E$1,FALSE)) -> 41844 | BA26: 41870 | BB26: 41873 | BC26: 41887 | BD26: 41912 | BE26: 0 | BF26: 0 | BG26: 확정 | BH26: 확정 | BI26: =IF($I26="TTL",SUMIF($C:$C,MID($K26,1,SEARCH("TTL",$K26)-2),$BI:$BI),SUMIF(실입고현황!$A:$A,BB26&VLOOKUP($AG26,'TARGET MU'!$A:$D,'TARGET MU'!$B$1,FALSE)&$Z26&" "&$AE26,실입고현황!$C:$C)) -> 20 | BJ26: =IF($I26="TTL",SUMIF($C:$C,MID($K26,1,SEARCH("TTL",$K26)-2),$BJ:$BJ),SUMIF(실입고현황!$A:$A,BC26&VLOOKUP($AG26,'TARGET MU'!$A:$D,'TARGET MU'!$B$1,FALSE)&$Z26&" "&$AE26,실입고현황!$C:$C)) -> 82 | BK26: =IF($I26="TTL",SUMIF($C:$C,MID($K26,1,SEARCH("TTL",$K26)-2),$BK:$BK),SUMIF(실입고현황!$A:$A,BD26&VLOOKUP($AG26,'TARGET MU'!$A:$D,'TARGET MU'!$B$1,FALSE)&$Z26&" "&$AE26,실입고현황!$C:$C)) -> 0 | BL26: =IF($I26="TTL",SUMIF($C:$C,MID($K26,1,SEARCH("TTL",$K26)-2),$BL:$BL),SUMIF(실입고현황!$A:$A,BE26&VLOOKUP($AG26,'TARGET MU'!$A:$D,'TARGET MU'!$B$1,FALSE)&$Z26&" "&$AE26,실입고현황!$C:$C)) -> 0 | BM26: =IF($I26="TTL",SUMIF($C:$C,MID($K26,1,SEARCH("TTL",$K26)-2),$BM:$BM),SUMIF(실입고현황!$A:$A,BF26&VLOOKUP($AG26,'TARGET MU'!$A:$D,'TARGET MU'!$B$1,FALSE)&$Z26&" "&$AE26,실입고현황!$C:$C)) -> 0 | BN26: =IF($I26="TTL",SUMIF($C:$C,MID($K26,1,SEARCH("TTL",$K26)-2),$BN:$BN),IF(($BO26-SUM($BI26,$BJ26,$BK26,BL26,BM26))<$BO26*$BN$6,0,$BO26-SUM($BI26,$BJ26,$BK26,BL26,BM26))) -> 0 | BO26: =IF($I26="TTL",SUMIF($C:$C,MID($K26,1,SEARCH("TTL",$K26)-2),$BO:$BO),$AF26) -> 100 | BP26: =IF($I26="TTL",SUMIF($C:$C,MID($K26,1,SEARCH("TTL",$K26)-2),$BP:$BP),IF($AO26=0,0,IF($AP26=0,$AO26*$AF26,$AP26*$AF26))) -> 711244 | BQ26: =IF($I26="TTL",SUMIF($C:$C,MID($K26,1,SEARCH("TTL",$K26)-2),$BQ:$BQ),$AM26*$AF26) -> 4500000 | BR26: =IF(ISERROR($BQ26/($BP26*1.1))=TRUE,0,$BQ26/($BP26*1.1)) -> 5.751766 | BT26: =IF(ISERROR(Z26&VLOOKUP($AG26,'TARGET MU'!$A:$D,'TARGET MU'!$B$1,FALSE))=TRUE,"",Z26&VLOOKUP($AG26,'TARGET MU'!$A:$D,'TARGET MU'!$B$1,FALSE)) -> ELKBAF5508PK동일모자(청도) | BU26: =AP26 -> 7112.44 | BV26: =Z26&AE26&AF26&AM26&AG26&AI26&AK26 -> ELKBAF5508PKOSM10045000동일모자03CN | BX26: =IF($I26="TTL","",$L26) -> ELK | BY26: =$O26 -> 5 | BZ26: =$AJ26 -> M | CA26: =$P26 -> BA | CB26: =$R26 -> K | CC26: =$AK26 -> CN | CD26: =$W26 -> 14FW ELS_52_SNAP_PK_KIDS | CE26: =$U26 -> ELKBAF5508 | CF26: =$T26 -> 508 | CG26: =$W26 -> 14FW ELS_52_SNAP_PK_KIDS | CH26: =$X26 -> PK | CI26: =$AD26 -> 1 | CJ26: =$AE26 -> OSM | CK26: =IF($I26="TTL",SUMIF($C:$C,MID($K26,1,SEARCH("TTL",$K26)-2),$BO:$BO),$AF26) -> 100 | CL26: =$AV26 -> 5.6 | CM26: =$AM26 -> 45000 | CN26: =$AP26-$AU26 -> 6985.44 | CO26: =$AU26 -> 127 | CP26: =$AL26 -> 1 | CQ26: 790/882 | CT26: =IF($I26="TTL",$K26,$Z26&$AE26) -> ELKBAF5508PKOSM | CU26: =$M26 -> ELSTINKO KIDS | CV26: =IF($I26="TTL","",IF($CX26="","",$Q26&"_"&$T26&IF(N26="K","_KIDS",IF(N26="I","_INFANT","")))) -> BASIC CAP_508 | CW26: =IF($I26="TTL","",IF($CT26="","",$Y26&"_"&$AE26)) -> PINK_OSM | CX26: =$L26 -> ELK | CY26: =$T26 -> 508 | CZ26: =IF($I26="TTL",SUMIF($C:$C,MID($K26,1,SEARCH("TTL",$K26)-2),$CZ:$CZ),$AF26) -> 100 | DA26: =$AM26 -> 45000 | DB26: =$Y26 -> PINK | DC26: =$AE26 -> OSM | DD26: 2014.07.03 택발주 (바원테크) | DG26: 41736 | DH26: =IF(OR($I26="TTL",$I26=""),"",AZ26-$DH$11) -> 41754 | DI26: 41745 | DJ26: 41746 | DL26: 4 | DM26: 1 | DN26: 41768 | DO26: 없음 | DP26: =IF(OR($DN26="없음",$I26="TTL",$I26=""),"",AZ26-$DP$11) -> 41784 | DQ26: 41789 | DR26: 없음 | EC26: =IF(OR(Z25&AX25=Z26&AX25,Z26&AX26=""),"",Z26&AX26) | ED26: =IF(OR(Z25&AE25=Z26&AE26,Z26=""),"",Z26&AE26) -> ELKBAF5508PKOSM | EE26: =IF(ED26="",0,IF(COUNTIF(ED$12:ED25,ED26)=0,0,COUNTIF(ED$12:ED25,ED26))) -> 0 | EF26: =IF(OR($AJ26="B",$ED26="",MID($U26,8,1)=$EF$9,MID($U26,8,1)=$EF$10),0,1) -> 0 | EG26: =IF(EE26+EF26=0,"","R"&(EE26+EF26)) | EI26: =IF($ED26="","",IF($EE26=0,U26,"")) -> ELKBAF5508 | EJ26: =IF($ED26="","",IF($EE26=0,Z26,"")) -> ELKBAF5508PK
A27: =IF(OR($I27="TTL",$I27=""),"",IF(ISERROR(VLOOKUP($B27,CODE!$D:$G,CODE!$F$1-2,FALSE))=TRUE,"전략",VLOOKUP($B27,CODE!$D:$G,CODE!$F$1-2,FALSE))) -> F-CAP | B27: =IF(OR($I27="TTL",$I27=""),"",IF(VLOOKUP($P27,CODE!$K:$O,CODE!$O$1,FALSE)="",$I27,$I27&"-"&VLOOKUP($P27,CODE!$K:$O,CODE!$O$1,FALSE))) -> ELK | C27: =IF($I27="TTL","",I27&"-"&$AG27&"-"&$AI27) -> ELK-동일모자-03 | D27: =$C27&$Z27 -> ELK-동일모자-03ELKBAF5508PK | E27: =IF($I27="TTL",0,IF(ISERROR(IF($Z26=$Z27,$E26,$E26+1))=TRUE,1,IF($Z26=$Z27,$E26,$E26+1))) -> 3 | F27: =$C27&$E27 -> ELK-동일모자-033 | G27: =$F27&"-"&$U27&$Y27&$AE27 -> ELK-동일모자-033-ELKBAF5508PINKOML | H27: =IF(ISERROR(I27&VLOOKUP(P27,CODE!$K:$N,CODE!$N$1,FALSE)&S27)=TRUE,0,I27&VLOOKUP(P27,CODE!$K:$N,CODE!$N$1,FALSE)&S27) -> ELK의류외508 | I27: =IF(ISERROR(SEARCH("TTL",$K27))=TRUE,IF($L27="","",VLOOKUP($L27,CODE!$B:$G,CODE!$D$1,FALSE)),"TTL") -> ELK | J27: =MID(W27,1,6) -> 14FW E | L27: ELK | M27: =IF(OR($I27="TTL",$L27=""),"",VLOOKUP($L27,CODE!$B:$D,CODE!$C$1,FALSE)) -> ELSTINKO KIDS | N27: =IF(OR($I27="TTL",$L27=""),"",VLOOKUP($K$2,CODE!$S:$T,CODE!$T$1-1,FALSE)) -> F | O27: 5 | P27: BA | Q27: =IF(OR($I27="TTL",$P27=""),"",VLOOKUP($P27,CODE!$K:$M,CODE!$L$1,FALSE)) -> BASIC CAP | R27: K | S27: 508 | T27: =IF(OR($I27="TTL",$S27=""),"",IF($S27<10,"00"&$S27,IF($S27<100,"0"&$S27,$S27))) -> 508 | U27: =IF($I27="TTL","",$L27&$P27&$N27&$O27&$T27) -> ELKBAF5508 | V27: =IF($I27="TTL",SUMIF($C:$C,MID($K27,1,SEARCH("TTL",$K27)-2),$V:$V),IF($EI27="",0,1/COUNTIF($EI:$EI,$EI27))) -> 0.33333333 | W27: 14FW ELS_52_SNAP_PK_KIDS | X27: =IF($Y27="","",VLOOKUP($Y27,CODE!$AE:$AF,CODE!$AF$1-1,FALSE)) -> PK | Y27: PINK | Z27: =$U27&$X27 -> ELKBAF5508PK | AA27: =VLOOKUP($Z27&$AX27,$EC:$EG,5,FALSE) | AB27: =IF($I27="TTL",SUMIF($C:$C,MID($K27,1,SEARCH("TTL",$K27)-2),$AB:$AB),IF($EJ27="",0,1/COUNTIF($EJ:$EJ,$EJ27))) -> 0.33333333 | AC27: 겉감 1: 울40%, 폴리에스터 60%/겉감 2: 아크릴 100% | AD27: 1 | AE27: OML | AF27: 50 | AG27: 동일모자 | AH27: 3 | AI27: =IF($AH27=0,"",IF($AH27<10,"0"&$AH27,$AH27)) -> 03 | AJ27: M | AK27: CN | AL27: =IF($AK27=0,"",IF($AK27="KR",2,1)) -> 1 | AM27: =IF(ISERROR(VLOOKUP($F27,[1]기획현황취합!$A$1:$E$65474,[1]기획현황취합!$B$1,FALSE))=TRUE,0,VLOOKUP($F27,[1]기획현황취합!$A$1:$E$65474,[1]기획현황취합!$B$1,FALSE)) -> 45000 | AN27: =IF(ISERROR(VLOOKUP($F27,[1]기획현황취합!$A$1:$E$65474,[1]기획현황취합!$C$1,FALSE))=TRUE,0,VLOOKUP($F27,[1]기획현황취합!$A$1:$E$65474,[1]기획현황취합!$C$1,FALSE)) -> 41801 | AO27: =IF(ISERROR(($AM27/1.1)/VLOOKUP($AG27,'TARGET MU'!$A:$D,'TARGET MU'!$D$1,FALSE))=TRUE,0,($AM27/1.1)/VLOOKUP($AG27,'TARGET MU'!$A:$D,'TARGET MU'!$D$1,FALSE)) -> 6818.1818 | AP27: =IF(OR(AF27=0,AND(AV27=0,AW27=0)),0,IF(AG27="캡보이2",AV27*$AQ$5+AU27,IF(OR(AK27="IN",AK27="BG",AK27="VT",AK27="CB"),$AU27+(($AV27*(1+$AW$4))*(HLOOKUP(VLOOKUP(AG27,'TARGET MU'!$A:$P,'TARGET MU'!$J$1,FALSE),$AO$4:$AR$5,2,FALSE)))+$AW27,$AU27+((($AV27*(1+$AW$4))*(1+HLOOKUP(VLOOKUP($P27,CODE!$K:$P,CODE!$P$1,FALSE),$AS$4:$AV$5,2,FALSE)))*(HLOOKUP(VLOOKUP(AG27,'TARGET MU'!$A:$P,'TARGET MU'!$J$1,FALSE),$AO$4:$AR$5,2,FALSE)))+$AW27))) -> 7059.44 | AQ27: =AP27-AO27 -> 241.25818 | AR27: 54 | AS27: 0 | AT27: 20 | AU27: =SUM(AR27:AT27) -> 74 | AV27: 5.6 | AW27: 0 | AX27: =IF(ISERROR(VLOOKUP($F27,[1]기획현황취합!$A$1:$E$65474,[1]기획현황취합!$D$1,FALSE))=TRUE,0,VLOOKUP($F27,[1]기획현황취합!$A$1:$E$65474,[1]기획현황취합!$D$1,FALSE)) -> 41736 | AY27: 41866 | AZ27: =IF(ISERROR(VLOOKUP($F27,[1]기획현황취합!$A$1:$E$65474,[1]기획현황취합!$E$1,FALSE))=TRUE,0,VLOOKUP($F27,[1]기획현황취합!$A$1:$E$65474,[1]기획현황취합!$E$1,FALSE)) -> 41844 | BA27: 41870 | BB27: 41873 | BC27: 41887 | BD27: 41912 | BE27: 0 | BF27: 0 | BG27: 확정 | BH27: 확정 | BI27: =IF($I27="TTL",SUMIF($C:$C,MID($K27,1,SEARCH("TTL",$K27)-2),$BI:$BI),SUMIF(실입고현황!$A:$A,BB27&VLOOKUP($AG27,'TARGET MU'!$A:$D,'TARGET MU'!$B$1,FALSE)&$Z27&" "&$AE27,실입고현황!$C:$C)) -> 20 | BJ27: =IF($I27="TTL",SUMIF($C:$C,MID($K27,1,SEARCH("TTL",$K27)-2),$BJ:$BJ),SUMIF(실입고현황!$A:$A,BC27&VLOOKUP($AG27,'TARGET MU'!$A:$D,'TARGET MU'!$B$1,FALSE)&$Z27&" "&$AE27,실입고현황!$C:$C)) -> 24 | BK27: =IF($I27="TTL",SUMIF($C:$C,MID($K27,1,SEARCH("TTL",$K27)-2),$BK:$BK),SUMIF(실입고현황!$A:$A,BD27&VLOOKUP($AG27,'TARGET MU'!$A:$D,'TARGET MU'!$B$1,FALSE)&$Z27&" "&$AE27,실입고현황!$C:$C)) -> 0 | BL27: =IF($I27="TTL",SUMIF($C:$C,MID($K27,1,SEARCH("TTL",$K27)-2),$BL:$BL),SUMIF(실입고현황!$A:$A,BE27&VLOOKUP($AG27,'TARGET MU'!$A:$D,'TARGET MU'!$B$1,FALSE)&$Z27&" "&$AE27,실입고현황!$C:$C)) -> 0 | BM27: =IF($I27="TTL",SUMIF($C:$C,MID($K27,1,SEARCH("TTL",$K27)-2),$BM:$BM),SUMIF(실입고현황!$A:$A,BF27&VLOOKUP($AG27,'TARGET MU'!$A:$D,'TARGET MU'!$B$1,FALSE)&$Z27&" "&$AE27,실입고현황!$C:$C)) -> 0 | BO27: =IF($I27="TTL",SUMIF($C:$C,MID($K27,1,SEARCH("TTL",$K27)-2),$BO:$BO),$AF27) -> 50 | BP27: =IF($I27="TTL",SUMIF($C:$C,MID($K27,1,SEARCH("TTL",$K27)-2),$BP:$BP),IF($AO27=0,0,IF($AP27=0,$AO27*$AF27,$AP27*$AF27))) -> 352972 | BQ27: =IF($I27="TTL",SUMIF($C:$C,MID($K27,1,SEARCH("TTL",$K27)-2),$BQ:$BQ),$AM27*$AF27) -> 2250000 | BR27: =IF(ISERROR($BQ27/($BP27*1.1))=TRUE,0,$BQ27/($BP27*1.1)) -> 5.7949485 | BT27: =IF(ISERROR(Z27&VLOOKUP($AG27,'TARGET MU'!$A:$D,'TARGET MU'!$B$1,FALSE))=TRUE,"",Z27&VLOOKUP($AG27,'TARGET MU'!$A:$D,'TARGET MU'!$B$1,FALSE)) -> ELKBAF5508PK동일모자(청도) | BU27: =AP27 -> 7059.44 | BV27: =Z27&AE27&AF27&AM27&AG27&AI27&AK27 -> ELKBAF5508PKOML5045000동일모자03CN | BX27: =IF($I27="TTL","",$L27) -> ELK | BY27: =$O27 -> 5 | BZ27: =$AJ27 -> M | CA27: =$P27 -> BA | CB27: =$R27 -> K | CC27: =$AK27 -> CN | CD27: =$W27 -> 14FW ELS_52_SNAP_PK_KIDS | CE27: =$U27 -> ELKBAF5508 | CF27: =$T27 -> 508 | CG27: =$W27 -> 14FW ELS_52_SNAP_PK_KIDS | CH27: =$X27 -> PK | CI27: =$AD27 -> 1 | CJ27: =$AE27 -> OML | CK27: =IF($I27="TTL",SUMIF($C:$C,MID($K27,1,SEARCH("TTL",$K27)-2),$BO:$BO),$AF27) -> 50 | CL27: =$AV27 -> 5.6 | CM27: =$AM27 -> 45000 | CN27: =$AP27-$AU27 -> 6985.44 | CO27: =$AU27 -> 74 | CP27: =$AL27 -> 1 | CQ27: 790/882 | CT27: =IF($I27="TTL",$K27,$Z27&$AE27) -> ELKBAF5508PKOML | CU27: =$M27 -> ELSTINKO KIDS | CV27: =IF($I27="TTL","",IF($CX27="","",$Q27&"_"&$T27&IF(N27="K","_KIDS",IF(N27="I","_INFANT","")))) -> BASIC CAP_508 | CW27: =IF($I27="TTL","",IF($CT27="","",$Y27&"_"&$AE27)) -> PINK_OML | CX27: =$L27 -> ELK | CY27: =$T27 -> 508 | CZ27: =IF($I27="TTL",SUMIF($C:$C,MID($K27,1,SEARCH("TTL",$K27)-2),$CZ:$CZ),$AF27) -> 50 | DA27: =$AM27 -> 45000 | DB27: =$Y27 -> PINK | DC27: =$AE27 -> OML | DD27: 2014.07.03 택발주 (바원테크) | DG27: 41736 | DH27: =IF(OR($I27="TTL",$I27=""),"",AZ27-$DH$11) -> 41754 | DI27: 41745 | DJ27: 41746 | DL27: 4 | DM27: 1 | DN27: 41768 | DO27: 없음 | DP27: =IF(OR($DN27="없음",$I27="TTL",$I27=""),"",AZ27-$DP$11) -> 41784 | DQ27: 41789 | DR27: 없음 | EC27: =IF(OR(Z26&AX26=Z27&AX26,Z27&AX27=""),"",Z27&AX27) | ED27: =IF(OR(Z26&AE26=Z27&AE27,Z27=""),"",Z27&AE27) -> ELKBAF5508PKOML | EE27: =IF(ED27="",0,IF(COUNTIF(ED$12:ED26,ED27)=0,0,COUNTIF(ED$12:ED26,ED27))) -> 0 | EF27: =IF(OR($AJ27="B",$ED27="",MID($U27,8,1)=$EF$9,MID($U27,8,1)=$EF$10),0,1) -> 0 | EG27: =IF(EE27+EF27=0,"","R"&(EE27+EF27)) | EI27: =IF($ED27="","",IF($EE27=0,U27,"")) -> ELKBAF5508 | EJ27: =IF($ED27="","",IF($EE27=0,Z27,"")) -> ELKBAF5508PK
A28: =IF(OR($I28="TTL",$I28=""),"",IF(ISERROR(VLOOKUP($B28,CODE!$D:$G,CODE!$F$1-2,FALSE))=TRUE,"전략",VLOOKUP($B28,CODE!$D:$G,CODE!$F$1-2,FALSE))) | B28: =IF(OR($I28="TTL",$I28=""),"",IF(VLOOKUP($P28,CODE!$K:$O,CODE!$O$1,FALSE)="",$I28,$I28&"-"&VLOOKUP($P28,CODE!$K:$O,CODE!$O$1,FALSE))) | C28: =IF($I28="TTL","",I28&"-"&$AG28&"-"&$AI28) | D28: =$C28&$Z28 | E28: =IF($I28="TTL",0,IF(ISERROR(IF($Z27=$Z28,$E27,$E27+1))=TRUE,1,IF($Z27=$Z28,$E27,$E27+1))) -> 0 | F28: =$C28&$E28 -> 0 | G28: =$F28&"-"&$U28&$Y28&$AE28 -> 0- | H28: =IF(ISERROR(I28&VLOOKUP(P28,CODE!$K:$N,CODE!$N$1,FALSE)&S28)=TRUE,0,I28&VLOOKUP(P28,CODE!$K:$N,CODE!$N$1,FALSE)&S28) -> 0 | I28: =IF(ISERROR(SEARCH("TTL",$K28))=TRUE,IF($L28="","",VLOOKUP($L28,CODE!$B:$G,CODE!$D$1,FALSE)),"TTL") -> TTL | J28: =MID(W28,1,6) | K28: =C27&" TTL" -> ELK-동일모자-03 TTL | M28: =IF(OR($I28="TTL",$L28=""),"",VLOOKUP($L28,CODE!$B:$D,CODE!$C$1,FALSE)) | N28: =IF(OR($I28="TTL",$L28=""),"",VLOOKUP($K$2,CODE!$S:$T,CODE!$T$1-1,FALSE)) | O28: =IF(OR($I28="TTL",$L28=""),"",VLOOKUP($L$2,CODE!$X:$Y,CODE!$Y$1-1,FALSE)) | Q28: =IF(OR($I28="TTL",$P28=""),"",VLOOKUP($P28,CODE!$K:$M,CODE!$L$1,FALSE)) | R28: K | T28: =IF(OR($I28="TTL",$S28=""),"",IF($S28<10,"00"&$S28,IF($S28<100,"0"&$S28,$S28))) | U28: =IF($I28="TTL","",$L28&$P28&$N28&$O28&$T28) | V28: =IF($I28="TTL",SUMIF($C:$C,MID($K28,1,SEARCH("TTL",$K28)-2),$V:$V),IF($EI28="",0,1/COUNTIF($EI:$EI,$EI28))) -> 3 | X28: =IF($Y28="","",VLOOKUP($Y28,CODE!$AE:$AF,CODE!$AF$1-1,FALSE)) | Z28: =$U28&$X28 | AA28: =VLOOKUP($Z28&$AX28,$EC:$EG,5,FALSE) | AB28: =IF($I28="TTL",SUMIF($C:$C,MID($K28,1,SEARCH("TTL",$K28)-2),$AB:$AB),IF($EJ28="",0,1/COUNTIF($EJ:$EJ,$EJ28))) -> 3 | AC28: 0 | AD28: 1 | AI28: =IF($AH28=0,"",IF($AH28<10,"0"&$AH28,$AH28)) | AL28: =IF($AK28=0,"",IF($AK28="KR",2,1)) | AM28: =IF(ISERROR(VLOOKUP($F28,[1]기획현황취합!$A$1:$E$65474,[1]기획현황취합!$B$1,FALSE))=TRUE,0,VLOOKUP($F28,[1]기획현황취합!$A$1:$E$65474,[1]기획현황취합!$B$1,FALSE)) -> 0 | AN28: =IF(ISERROR(VLOOKUP($F28,[1]기획현황취합!$A$1:$E$65474,[1]기획현황취합!$C$1,FALSE))=TRUE,0,VLOOKUP($F28,[1]기획현황취합!$A$1:$E$65474,[1]기획현황취합!$C$1,FALSE)) -> 0 | AO28: =IF(ISERROR(($AM28/1.1)/VLOOKUP($AG28,'TARGET MU'!$A:$D,'TARGET MU'!$D$1,FALSE))=TRUE,0,($AM28/1.1)/VLOOKUP($AG28,'TARGET MU'!$A:$D,'TARGET MU'!$D$1,FALSE)) -> 0 | AP28: =IF(OR(AF28=0,AND(AV28=0,AW28=0)),0,IF(AG28="캡보이2",AV28*$AQ$5+AU28,IF(OR(AK28="IN",AK28="BG",AK28="VT",AK28="CB"),$AU28+(($AV28*(1+$AW$4))*(HLOOKUP(VLOOKUP(AG28,'TARGET MU'!$A:$P,'TARGET MU'!$J$1,FALSE),$AO$4:$AR$5,2,FALSE)))+$AW28,$AU28+((($AV28*(1+$AW$4))*(1+HLOOKUP(VLOOKUP($P28,CODE!$K:$P,CODE!$P$1,FALSE),$AS$4:$AV$5,2,FALSE)))*(HLOOKUP(VLOOKUP(AG28,'TARGET MU'!$A:$P,'TARGET MU'!$J$1,FALSE),$AO$4:$AR$5,2,FALSE)))+$AW28))) -> 0 | AQ28: =AP28-AO28 -> 0 | AR28: 0 | AS28: 0 | AU28: =SUM(AR28:AT28) -> 0 | AV28: 0 | AW28: 0 | AX28: =IF(ISERROR(VLOOKUP($F28,[1]기획현황취합!$A$1:$E$65474,[1]기획현황취합!$D$1,FALSE))=TRUE,0,VLOOKUP($F28,[1]기획현황취합!$A$1:$E$65474,[1]기획현황취합!$D$1,FALSE)) -> 0 | AY28: 0 | AZ28: =IF(ISERROR(VLOOKUP($F28,[1]기획현황취합!$A$1:$E$65474,[1]기획현황취합!$E$1,FALSE))=TRUE,0,VLOOKUP($F28,[1]기획현황취합!$A$1:$E$65474,[1]기획현황취합!$E$1,FALSE)) -> 0 | BA28: 0 | BB28: 0 | BC28: 0 | BD28: 0 | BE28: 0 | BF28: 0 | BG28: 0 | BH28: 0 | BI28: =IF($I28="TTL",SUMIF($C:$C,MID($K28,1,SEARCH("TTL",$K28)-2),$BI:$BI),SUMIF(실입고현황!$A:$A,BB28&VLOOKUP($AG28,'TARGET MU'!$A:$D,'TARGET MU'!$B$1,FALSE)&$Z28&" "&$AE28,실입고현황!$C:$C)) -> 261 | BJ28: =IF($I28="TTL",SUMIF($C:$C,MID($K28,1,SEARCH("TTL",$K28)-2),$BJ:$BJ),SUMIF(실입고현황!$A:$A,BC28&VLOOKUP($AG28,'TARGET MU'!$A:$D,'TARGET MU'!$B$1,FALSE)&$Z28&" "&$AE28,실입고현황!$C:$C)) -> 570 | BK28: =IF($I28="TTL",SUMIF($C:$C,MID($K28,1,SEARCH("TTL",$K28)-2),$BK:$BK),SUMIF(실입고현황!$A:$A,BD28&VLOOKUP($AG28,'TARGET MU'!$A:$D,'TARGET MU'!$B$1,FALSE)&$Z28&" "&$AE28,실입고현황!$C:$C)) -> 367 | BL28: =IF($I28="TTL",SUMIF($C:$C,MID($K28,1,SEARCH("TTL",$K28)-2),$BL:$BL),SUMIF(실입고현황!$A:$A,BE28&VLOOKUP($AG28,'TARGET MU'!$A:$D,'TARGET MU'!$B$1,FALSE)&$Z28&" "&$AE28,실입고현황!$C:$C)) -> 3 | BM28: =IF($I28="TTL",SUMIF($C:$C,MID($K28,1,SEARCH("TTL",$K28)-2),$BM:$BM),SUMIF(실입고현황!$A:$A,BF28&VLOOKUP($AG28,'TARGET MU'!$A:$D,'TARGET MU'!$B$1,FALSE)&$Z28&" "&$AE28,실입고현황!$C:$C)) -> 0 | BN28: =IF($I28="TTL",SUMIF($C:$C,MID($K28,1,SEARCH("TTL",$K28)-2),$BN:$BN),IF(($BO28-SUM($BI28,$BJ28,$BK28,BL28,BM28))<$BO28*$BN$6,0,$BO28-SUM($BI28,$BJ28,$BK28,BL28,BM28))) -> 0 | BO28: =IF($I28="TTL",SUMIF($C:$C,MID($K28,1,SEARCH("TTL",$K28)-2),$BO:$BO),$AF28) -> 1250 | BP28: =IF($I28="TTL",SUMIF($C:$C,MID($K28,1,SEARCH("TTL",$K28)-2),$BP:$BP),IF($AO28=0,0,IF($AP28=0,$AO28*$AF28,$AP28*$AF28))) -> 9246255 | BQ28: =IF($I28="TTL",SUMIF($C:$C,MID($K28,1,SEARCH("TTL",$K28)-2),$BQ:$BQ),$AM28*$AF28) -> 56250000 | BR28: =IF(ISERROR($BQ28/($BP28*1.1))=TRUE,0,$BQ28/($BP28*1.1)) -> 5.5304946 | BT28: =IF(ISERROR(Z28&VLOOKUP($AG28,'TARGET MU'!$A:$D,'TARGET MU'!$B$1,FALSE))=TRUE,"",Z28&VLOOKUP($AG28,'TARGET MU'!$A:$D,'TARGET MU'!$B$1,FALSE)) | BU28: =AP28 -> 0 | BV28: =Z28&AE28&AF28&AM28&AG28&AI28&AK28 -> 0 | BX28: =IF($I28="TTL","",$L28) | BY28: =$O28 | BZ28: =$AJ28 -> 0 | CA28: =$P28 -> 0 | CB28: =$R28 -> K | CC28: =$AK28 -> 0 | CD28: =$W28 -> 0 | CE28: =$U28 | CF28: =$T28 | CG28: =$W28 -> 0 | CH28: =$X28 | CI28: =$AD28 -> 1 | CJ28: =$AE28 -> 0 | CK28: =IF($I28="TTL",SUMIF($C:$C,MID($K28,1,SEARCH("TTL",$K28)-2),$BO:$BO),$AF28) -> 1250 | CL28: =$AV28 -> 0 | CM28: =$AM28 -> 0 | CN28: =$AP28-$AU28 -> 0 | CO28: =$AU28 -> 0 | CP28: =$AL28 | CT28: =IF($I28="TTL",$K28,$Z28&$AE28) -> ELK-동일모자-03 TTL | CU28: =$M28 | CV28: =IF($I28="TTL","",IF($CX28="","",$Q28&"_"&$T28&IF(N28="K","_KIDS",IF(N28="I","_INFANT","")))) | CW28: =IF($I28="TTL","",IF($CT28="","",$Y28&"_"&$AE28)) | CX28: =$L28 -> 0 | CY28: =$T28 | CZ28: =IF($I28="TTL",SUMIF($C:$C,MID($K28,1,SEARCH("TTL",$K28)-2),$CZ:$CZ),$AF28) -> 1250 | DA28: =$AM28 -> 0 | DB28: =$Y28 -> 0 | DC28: =$AE28 -> 0 | DH28: =IF(OR($I28="TTL",$I28=""),"",AZ28-$DH$11) | DP28: =IF(OR($DN28="없음",$I28="TTL",$I28=""),"",AZ28-$DP$11) | EC28: =IF(OR(Z27&AX27=Z28&AX27,Z28&AX28=""),"",Z28&AX28) -> 0 | ED28: =IF(OR(Z27&AE27=Z28&AE28,Z28=""),"",Z28&AE28) | EE28: =IF(ED28="",0,IF(COUNTIF(ED$12:ED27,ED28)=0,0,COUNTIF(ED$12:ED27,ED28))) -> 0 | EF28: =IF(OR($AJ28="B",$ED28="",MID($U28,8,1)=$EF$9,MID($U28,8,1)=$EF$10),0,1) -> 0 | EG28: =IF(EE28+EF28=0,"","R"&(EE28+EF28)) | EI28: =IF($ED28="","",IF($EE28=0,U28,"")) | EJ28: =IF($ED28="","",IF($EE28=0,Z28,""))
A29: =IF(OR($I29="TTL",$I29=""),"",IF(ISERROR(VLOOKUP($B29,CODE!$D:$G,CODE!$F$1-2,FALSE))=TRUE,"전략",VLOOKUP($B29,CODE!$D:$G,CODE!$F$1-2,FALSE))) -> F-CAP | B29: =IF(OR($I29="TTL",$I29=""),"",IF(VLOOKUP($P29,CODE!$K:$O,CODE!$O$1,FALSE)="",$I29,$I29&"-"&VLOOKUP($P29,CODE!$K:$O,CODE!$O$1,FALSE))) -> ELK | C29: =IF($I29="TTL","",I29&"-"&$AG29&"-"&$AI29) -> ELK-동일모자-04 | D29: =$C29&$Z29 -> ELK-동일모자-04ELKERF5511GR | E29: =IF($I29="TTL",0,IF(ISERROR(IF($Z28=$Z29,$E28,$E28+1))=TRUE,1,IF($Z28=$Z29,$E28,$E28+1))) -> 1 | F29: =$C29&$E29 -> ELK-동일모자-041 | G29: =$F29&"-"&$U29&$Y29&$AE29 -> ELK-동일모자-041-ELKERF5511GREENOSM | H29: =IF(ISERROR(I29&VLOOKUP(P29,CODE!$K:$N,CODE!$N$1,FALSE)&S29)=TRUE,0,I29&VLOOKUP(P29,CODE!$K:$N,CODE!$N$1,FALSE)&S29) -> ELK의류외511 | I29: =IF(ISERROR(SEARCH("TTL",$K29))=TRUE,IF($L29="","",VLOOKUP($L29,CODE!$B:$G,CODE!$D$1,FALSE)),"TTL") -> ELK | J29: =MID(W29,1,6) -> 14FW E | L29: ELK | M29: =IF(OR($I29="TTL",$L29=""),"",VLOOKUP($L29,CODE!$B:$D,CODE!$C$1,FALSE)) -> ELSTINKO KIDS | N29: =IF(OR($I29="TTL",$L29=""),"",VLOOKUP($K$2,CODE!$S:$T,CODE!$T$1-1,FALSE)) -> F | O29: 5 | P29: ER | Q29: =IF(OR($I29="TTL",$P29=""),"",VLOOKUP($P29,CODE!$K:$M,CODE!$L$1,FALSE)) -> EARCAP | R29: K | S29: 511 | T29: =IF(OR($I29="TTL",$S29=""),"",IF($S29<10,"00"&$S29,IF($S29<100,"0"&$S29,$S29))) -> 511 | U29: =IF($I29="TTL","",$L29&$P29&$N29&$O29&$T29) -> ELKERF5511 | V29: =IF($I29="TTL",SUMIF($C:$C,MID($K29,1,SEARCH("TTL",$K29)-2),$V:$V),IF($EI29="",0,1/COUNTIF($EI:$EI,$EI29))) -> 0.5 | W29: 14FW ELS_02_SNAP_GR_KIDS | X29: =IF($Y29="","",VLOOKUP($Y29,CODE!$AE:$AF,CODE!$AF$1-1,FALSE)) -> GR | Y29: GREEN | Z29: =$U29&$X29 -> ELKERF5511GR | AA29: =VLOOKUP($Z29&$AX29,$EC:$EG,5,FALSE) | AB29: =IF($I29="TTL",SUMIF($C:$C,MID($K29,1,SEARCH("TTL",$K29)-2),$AB:$AB),IF($EJ29="",0,1/COUNTIF($EJ:$EJ,$EJ29))) -> 0.5 | AC29: 겉감 1: 울 50%, 폴리에스터 30%, 아크릴 20% /겉감 2: 아크릴 100% | AD29: 1 | AE29: OSM | AF29: 100 | AG29: 동일모자 | AH29: 4 | AI29: =IF($AH29=0,"",IF($AH29<10,"0"&$AH29,$AH29)) -> 04 | AJ29: M | AK29: CN | AL29: =IF($AK29=0,"",IF($AK29="KR",2,1)) -> 1 | AM29: =IF(ISERROR(VLOOKUP($F29,[1]기획현황취합!$A$1:$E$65474,[1]기획현황취합!$B$1,FALSE))=TRUE,0,VLOOKUP($F29,[1]기획현황취합!$A$1:$E$65474,[1]기획현황취합!$B$1,FALSE)) -> 55000 | AN29: =IF(ISERROR(VLOOKUP($F29,[1]기획현황취합!$A$1:$E$65474,[1]기획현황취합!$C$1,FALSE))=TRUE,0,VLOOKUP($F29,[1]기획현황취합!$A$1:$E$65474,[1]기획현황취합!$C$1,FALSE)) -> 41801 | AO29: =IF(ISERROR(($AM29/1.1)/VLOOKUP($AG29,'TARGET MU'!$A:$D,'TARGET MU'!$D$1,FALSE))=TRUE,0,($AM29/1.1)/VLOOKUP($AG29,'TARGET MU'!$A:$D,'TARGET MU'!$D$1,FALSE)) -> 8333.3333 | AP29: =IF(OR(AF29=0,AND(AV29=0,AW29=0)),0,IF(AG29="캡보이2",AV29*$AQ$5+AU29,IF(OR(AK29="IN",AK29="BG",AK29="VT",AK29="CB"),$AU29+(($AV29*(1+$AW$4))*(HLOOKUP(VLOOKUP(AG29,'TARGET MU'!$A:$P,'TARGET MU'!$J$1,FALSE),$AO$4:$AR$5,2,FALSE)))+$AW29,$AU29+((($AV29*(1+$AW$4))*(1+HLOOKUP(VLOOKUP($P29,CODE!$K:$P,CODE!$P$1,FALSE),$AS$4:$AV$5,2,FALSE)))*(HLOOKUP(VLOOKUP(AG29,'TARGET MU'!$A:$P,'TARGET MU'!$J$1,FALSE),$AO$4:$AR$5,2,FALSE)))+$AW29))) -> 9087.06 | AQ29: =AP29-AO29 -> 753.72667 | AR29: 460 | AS29: 0 | AT29: 20 | AU29: =SUM(AR29:AT29) -> 480 | AV29: 6.9 | AW29: 0 | AX29: =IF(ISERROR(VLOOKUP($F29,[1]기획현황취합!$A$1:$E$65474,[1]기획현황취합!$D$1,FALSE))=TRUE,0,VLOOKUP($F29,[1]기획현황취합!$A$1:$E$65474,[1]기획현황취합!$D$1,FALSE)) -> 41736 | AY29: 41876 | AZ29: =IF(ISERROR(VLOOKUP($F29,[1]기획현황취합!$A$1:$E$65474,[1]기획현황취합!$E$1,FALSE))=TRUE,0,VLOOKUP($F29,[1]기획현황취합!$A$1:$E$65474,[1]기획현황취합!$E$1,FALSE)) -> 41879 | BA29: 41879 | BB29: 41912 | BC29: 0 | BD29: 0 | BE29: 0 | BF29: 0 | BG29: 확정 | BH29: 확정 | BI29: =IF($I29="TTL",SUMIF($C:$C,MID($K29,1,SEARCH("TTL",$K29)-2),$BI:$BI),SUMIF(실입고현황!$A:$A,BB29&VLOOKUP($AG29,'TARGET MU'!$A:$D,'TARGET MU'!$B$1,FALSE)&$Z29&" "&$AE29,실입고현황!$C:$C)) -> 100 | BJ29: =IF($I29="TTL",SUMIF($C:$C,MID($K29,1,SEARCH("TTL",$K29)-2),$BJ:$BJ),SUMIF(실입고현황!$A:$A,BC29&VLOOKUP($AG29,'TARGET MU'!$A:$D,'TARGET MU'!$B$1,FALSE)&$Z29&" "&$AE29,실입고현황!$C:$C)) -> 0 | BK29: =IF($I29="TTL",SUMIF($C:$C,MID($K29,1,SEARCH("TTL",$K29)-2),$BK:$BK),SUMIF(실입고현황!$A:$A,BD29&VLOOKUP($AG29,'TARGET MU'!$A:$D,'TARGET MU'!$B$1,FALSE)&$Z29&" "&$AE29,실입고현황!$C:$C)) -> 0 | BL29: =IF($I29="TTL",SUMIF($C:$C,MID($K29,1,SEARCH("TTL",$K29)-2),$BL:$BL),SUMIF(실입고현황!$A:$A,BE29&VLOOKUP($AG29,'TARGET MU'!$A:$D,'TARGET MU'!$B$1,FALSE)&$Z29&" "&$AE29,실입고현황!$C:$C)) -> 0 | BM29: =IF($I29="TTL",SUMIF($C:$C,MID($K29,1,SEARCH("TTL",$K29)-2),$BM:$BM),SUMIF(실입고현황!$A:$A,BF29&VLOOKUP($AG29,'TARGET MU'!$A:$D,'TARGET MU'!$B$1,FALSE)&$Z29&" "&$AE29,실입고현황!$C:$C)) -> 0 | BN29: =IF($I29="TTL",SUMIF($C:$C,MID($K29,1,SEARCH("TTL",$K29)-2),$BN:$BN),IF(($BO29-SUM($BI29,$BJ29,$BK29,BL29,BM29))<$BO29*$BN$6,0,$BO29-SUM($BI29,$BJ29,$BK29,BL29,BM29))) -> 0 | BO29: =IF($I29="TTL",SUMIF($C:$C,MID($K29,1,SEARCH("TTL",$K29)-2),$BO:$BO),$AF29) -> 100 | BP29: =IF($I29="TTL",SUMIF($C:$C,MID($K29,1,SEARCH("TTL",$K29)-2),$BP:$BP),IF($AO29=0,0,IF($AP29=0,$AO29*$AF29,$AP29*$AF29))) -> 908706 | BQ29: =IF($I29="TTL",SUMIF($C:$C,MID($K29,1,SEARCH("TTL",$K29)-2),$BQ:$BQ),$AM29*$AF29) -> 5500000 | BR29: =IF(ISERROR($BQ29/($BP29*1.1))=TRUE,0,$BQ29/($BP29*1.1)) -> 5.5023297 | BT29: =IF(ISERROR(Z29&VLOOKUP($AG29,'TARGET MU'!$A:$D,'TARGET MU'!$B$1,FALSE))=TRUE,"",Z29&VLOOKUP($AG29,'TARGET MU'!$A:$D,'TARGET MU'!$B$1,FALSE)) -> ELKERF5511GR동일모자(청도) | BU29: =AP29 -> 9087.06 | BV29: =Z29&AE29&AF29&AM29&AG29&AI29&AK29 -> ELKERF5511GROSM10055000동일모자04CN | BX29: =IF($I29="TTL","",$L29) -> ELK | BY29: =$O29 -> 5 | BZ29: =$AJ29 -> M | CA29: =$P29 -> ER | CB29: =$R29 -> K | CC29: =$AK29 -> CN | CD29: =$W29 -> 14FW ELS_02_SNAP_GR_KIDS | CE29: =$U29 -> ELKERF5511 | CF29: =$T29 -> 511 | CG29: =$W29 -> 14FW ELS_02_SNAP_GR_KIDS | CH29: =$X29 -> GR | CI29: =$AD29 -> 1 | CJ29: =$AE29 -> OSM | CK29: =IF($I29="TTL",SUMIF($C:$C,MID($K29,1,SEARCH("TTL",$K29)-2),$BO:$BO),$AF29) -> 100 | CL29: =$AV29 -> 6.9 | CM29: =$AM29 -> 55000 | CN29: =$AP29-$AU29 -> 8607.06 | CO29: =$AU29 -> 480 | CP29: =$AL29 -> 1 | CQ29: 972 | CT29: =IF($I29="TTL",$K29,$Z29&$AE29) -> ELKERF5511GROSM | CU29: =$M29 -> ELSTINKO KIDS | CV29: =IF($I29="TTL","",IF($CX29="","",$Q29&"_"&$T29&IF(N29="K","_KIDS",IF(N29="I","_INFANT","")))) -> EARCAP_511 | CW29: =IF($I29="TTL","",IF($CT29="","",$Y29&"_"&$AE29)) -> GREEN_OSM | CX29: =$L29 -> ELK | CY29: =$T29 -> 511 | CZ29: =IF($I29="TTL",SUMIF($C:$C,MID($K29,1,SEARCH("TTL",$K29)-2),$CZ:$CZ),$AF29) -> 100 | DA29: =$AM29 -> 55000 | DB29: =$Y29 -> GREEN | DC29: =$AE29 -> OSM | DD29: 2014.07.03 택발주 (바원테크) | DG29: 41736 | DH29: =IF(OR($I29="TTL",$I29=""),"",AZ29-$DH$11) -> 41789 | DI29: 41745 | DJ29: 41746 | DL29: 5 | DM29: 4 | DN29: 41768 | DO29: 없음 | DP29: =IF(OR($DN29="없음",$I29="TTL",$I29=""),"",AZ29-$DP$11) -> 41819 | DQ29: 41789 | DR29: 없음 | EC29: =IF(OR(Z28&AX28=Z29&AX28,Z29&AX29=""),"",Z29&AX29) -> ELKERF5511GR41736 | ED29: =IF(OR(Z28&AE28=Z29&AE29,Z29=""),"",Z29&AE29) -> ELKERF5511GROSM | EE29: =IF(ED29="",0,IF(COUNTIF(ED$12:ED28,ED29)=0,0,COUNTIF(ED$12:ED28,ED29))) -> 0 | EF29: =IF(OR($AJ29="B",$ED29="",MID($U29,8,1)=$EF$9,MID($U29,8,1)=$EF$10),0,1) -> 0 | EG29: =IF(EE29+EF29=0,"","R"&(EE29+EF29)) | EI29: =IF($ED29="","",IF($EE29=0,U29,"")) -> ELKERF5511 | EJ29: =IF($ED29="","",IF($EE29=0,Z29,"")) -> ELKERF5511GR
A30: =IF(OR($I30="TTL",$I30=""),"",IF(ISERROR(VLOOKUP($B30,CODE!$D:$G,CODE!$F$1-2,FALSE))=TRUE,"전략",VLOOKUP($B30,CODE!$D:$G,CODE!$F$1-2,FALSE))) -> F-CAP | B30: =IF(OR($I30="TTL",$I30=""),"",IF(VLOOKUP($P30,CODE!$K:$O,CODE!$O$1,FALSE)="",$I30,$I30&"-"&VLOOKUP($P30,CODE!$K:$O,CODE!$O$1,FALSE))) -> ELK | C30: =IF($I30="TTL","",I30&"-"&$AG30&"-"&$AI30) -> ELK-동일모자-04 | D30: =$C30&$Z30 -> ELK-동일모자-04ELKERF5511GR | E30: =IF($I30="TTL",0,IF(ISERROR(IF($Z29=$Z30,$E29,$E29+1))=TRUE,1,IF($Z29=$Z30,$E29,$E29+1))) -> 1 | F30: =$C30&$E30 -> ELK-동일모자-041 | G30: =$F30&"-"&$U30&$Y30&$AE30 -> ELK-동일모자-041-ELKERF5511GREENOML | H30: =IF(ISERROR(I30&VLOOKUP(P30,CODE!$K:$N,CODE!$N$1,FALSE)&S30)=TRUE,0,I30&VLOOKUP(P30,CODE!$K:$N,CODE!$N$1,FALSE)&S30) -> ELK의류외511 | I30: =IF(ISERROR(SEARCH("TTL",$K30))=TRUE,IF($L30="","",VLOOKUP($L30,CODE!$B:$G,CODE!$D$1,FALSE)),"TTL") -> ELK | J30: =MID(W30,1,6) -> 14FW E | L30: ELK | M30: =IF(OR($I30="TTL",$L30=""),"",VLOOKUP($L30,CODE!$B:$D,CODE!$C$1,FALSE)) -> ELSTINKO KIDS | N30: =IF(OR($I30="TTL",$L30=""),"",VLOOKUP($K$2,CODE!$S:$T,CODE!$T$1-1,FALSE)) -> F | O30: 5 | P30: ER | Q30: =IF(OR($I30="TTL",$P30=""),"",VLOOKUP($P30,CODE!$K:$M,CODE!$L$1,FALSE)) -> EARCAP | R30: K | S30: 511 | T30: =IF(OR($I30="TTL",$S30=""),"",IF($S30<10,"00"&$S30,IF($S30<100,"0"&$S30,$S30))) -> 511 | U30: =IF($I30="TTL","",$L30&$P30&$N30&$O30&$T30) -> ELKERF5511 | V30: =IF($I30="TTL",SUMIF($C:$C,MID($K30,1,SEARCH("TTL",$K30)-2),$V:$V),IF($EI30="",0,1/COUNTIF($EI:$EI,$EI30))) -> 0.5 | W30: 14FW ELS_02_SNAP_GR_KIDS | X30: =IF($Y30="","",VLOOKUP($Y30,CODE!$AE:$AF,CODE!$AF$1-1,FALSE)) -> GR | Y30: GREEN | Z30: =$U30&$X30 -> ELKERF5511GR | AA30: =VLOOKUP($Z30&$AX30,$EC:$EG,5,FALSE) | AB30: =IF($I30="TTL",SUMIF($C:$C,MID($K30,1,SEARCH("TTL",$K30)-2),$AB:$AB),IF($EJ30="",0,1/COUNTIF($EJ:$EJ,$EJ30))) -> 0.5 | AC30: 겉감 1: 울 50%, 폴리에스터 30%, 아크릴 20% /겉감 2: 아크릴 100% | AD30: 1 | AE30: OML | AF30: 50 | AG30: 동일모자 | AH30: 4 | AI30: =IF($AH30=0,"",IF($AH30<10,"0"&$AH30,$AH30)) -> 04 | AJ30: M | AK30: CN | AL30: =IF($AK30=0,"",IF($AK30="KR",2,1)) -> 1 | AM30: =IF(ISERROR(VLOOKUP($F30,[1]기획현황취합!$A$1:$E$65474,[1]기획현황취합!$B$1,FALSE))=TRUE,0,VLOOKUP($F30,[1]기획현황취합!$A$1:$E$65474,[1]기획현황취합!$B$1,FALSE)) -> 55000 | AN30: =IF(ISERROR(VLOOKUP($F30,[1]기획현황취합!$A$1:$E$65474,[1]기획현황취합!$C$1,FALSE))=TRUE,0,VLOOKUP($F30,[1]기획현황취합!$A$1:$E$65474,[1]기획현황취합!$C$1,FALSE)) -> 41801 | AO30: =IF(ISERROR(($AM30/1.1)/VLOOKUP($AG30,'TARGET MU'!$A:$D,'TARGET MU'!$D$1,FALSE))=TRUE,0,($AM30/1.1)/VLOOKUP($AG30,'TARGET MU'!$A:$D,'TARGET MU'!$D$1,FALSE)) -> 8333.3333 | AP30: =IF(OR(AF30=0,AND(AV30=0,AW30=0)),0,IF(AG30="캡보이2",AV30*$AQ$5+AU30,IF(OR(AK30="IN",AK30="BG",AK30="VT",AK30="CB"),$AU30+(($AV30*(1+$AW$4))*(HLOOKUP(VLOOKUP(AG30,'TARGET MU'!$A:$P,'TARGET MU'!$J$1,FALSE),$AO$4:$AR$5,2,FALSE)))+$AW30,$AU30+((($AV30*(1+$AW$4))*(1+HLOOKUP(VLOOKUP($P30,CODE!$K:$P,CODE!$P$1,FALSE),$AS$4:$AV$5,2,FALSE)))*(HLOOKUP(VLOOKUP(AG30,'TARGET MU'!$A:$P,'TARGET MU'!$J$1,FALSE),$AO$4:$AR$5,2,FALSE)))+$AW30))) -> 8857.06 | AQ30: =AP30-AO30 -> 523.72667 | AR30: 230 | AS30: 0 | AT30: 20 | AU30: =SUM(AR30:AT30) -> 250 | AV30: 6.9 | AW30: 0 | AX30: =IF(ISERROR(VLOOKUP($F30,[1]기획현황취합!$A$1:$E$65474,[1]기획현황취합!$D$1,FALSE))=TRUE,0,VLOOKUP($F30,[1]기획현황취합!$A$1:$E$65474,[1]기획현황취합!$D$1,FALSE)) -> 41736 | AY30: 41876 | AZ30: =IF(ISERROR(VLOOKUP($F30,[1]기획현황취합!$A$1:$E$65474,[1]기획현황취합!$E$1,FALSE))=TRUE,0,VLOOKUP($F30,[1]기획현황취합!$A$1:$E$65474,[1]기획현황취합!$E$1,FALSE)) -> 41879 | BA30: 41879 | BB30: 41912 | BC30: 0 | BD30: 0 | BE30: 0 | BF30: 0 | BG30: 확정 | BH30: 확정 | BI30: =IF($I30="TTL",SUMIF($C:$C,MID($K30,1,SEARCH("TTL",$K30)-2),$BI:$BI),SUMIF(실입고현황!$A:$A,BB30&VLOOKUP($AG30,'TARGET MU'!$A:$D,'TARGET MU'!$B$1,FALSE)&$Z30&" "&$AE30,실입고현황!$C:$C)) -> 45 | BJ30: =IF($I30="TTL",SUMIF($C:$C,MID($K30,1,SEARCH("TTL",$K30)-2),$BJ:$BJ),SUMIF(실입고현황!$A:$A,BC30&VLOOKUP($AG30,'TARGET MU'!$A:$D,'TARGET MU'!$B$1,FALSE)&$Z30&" "&$AE30,실입고현황!$C:$C)) -> 0 | BK30: =IF($I30="TTL",SUMIF($C:$C,MID($K30,1,SEARCH("TTL",$K30)-2),$BK:$BK),SUMIF(실입고현황!$A:$A,BD30&VLOOKUP($AG30,'TARGET MU'!$A:$D,'TARGET MU'!$B$1,FALSE)&$Z30&" "&$AE30,실입고현황!$C:$C)) -> 0 | BL30: =IF($I30="TTL",SUMIF($C:$C,MID($K30,1,SEARCH("TTL",$K30)-2),$BL:$BL),SUMIF(실입고현황!$A:$A,BE30&VLOOKUP($AG30,'TARGET MU'!$A:$D,'TARGET MU'!$B$1,FALSE)&$Z30&" "&$AE30,실입고현황!$C:$C)) -> 0 | BM30: =IF($I30="TTL",SUMIF($C:$C,MID($K30,1,SEARCH("TTL",$K30)-2),$BM:$BM),SUMIF(실입고현황!$A:$A,BF30&VLOOKUP($AG30,'TARGET MU'!$A:$D,'TARGET MU'!$B$1,FALSE)&$Z30&" "&$AE30,실입고현황!$C:$C)) -> 0 | BO30: =IF($I30="TTL",SUMIF($C:$C,MID($K30,1,SEARCH("TTL",$K30)-2),$BO:$BO),$AF30) -> 50 | BP30: =IF($I30="TTL",SUMIF($C:$C,MID($K30,1,SEARCH("TTL",$K30)-2),$BP:$BP),IF($AO30=0,0,IF($AP30=0,$AO30*$AF30,$AP30*$AF30))) -> 442853 | BQ30: =IF($I30="TTL",SUMIF($C:$C,MID($K30,1,SEARCH("TTL",$K30)-2),$BQ:$BQ),$AM30*$AF30) -> 2750000 | BR30: =IF(ISERROR($BQ30/($BP30*1.1))=TRUE,0,$BQ30/($BP30*1.1)) -> 5.6452141 | BT30: =IF(ISERROR(Z30&VLOOKUP($AG30,'TARGET MU'!$A:$D,'TARGET MU'!$B$1,FALSE))=TRUE,"",Z30&VLOOKUP($AG30,'TARGET MU'!$A:$D,'TARGET MU'!$B$1,FALSE)) -> ELKERF5511GR동일모자(청도) | BU30: =AP30 -> 8857.06 | BV30: =Z30&AE30&AF30&AM30&AG30&AI30&AK30 -> ELKERF5511GROML5055000동일모자04CN | BX30: =IF($I30="TTL","",$L30) -> ELK | BY30: =$O30 -> 5 | BZ30: =$AJ30 -> M | CA30: =$P30 -> ER | CB30: =$R30 -> K | CC30: =$AK30 -> CN | CD30: =$W30 -> 14FW ELS_02_SNAP_GR_KIDS | CE30: =$U30 -> ELKERF5511 | CF30: =$T30 -> 511 | CG30: =$W30 -> 14FW ELS_02_SNAP_GR_KIDS | CH30: =$X30 -> GR | CI30: =$AD30 -> 1 | CJ30: =$AE30 -> OML | CK30: =IF($I30="TTL",SUMIF($C:$C,MID($K30,1,SEARCH("TTL",$K30)-2),$BO:$BO),$AF30) -> 50 | CL30: =$AV30 -> 6.9 | CM30: =$AM30 -> 55000 | CN30: =$AP30-$AU30 -> 8607.06 | CO30: =$AU30 -> 250 | CP30: =$AL30 -> 1 | CQ30: 1051 | CT30: =IF($I30="TTL",$K30,$Z30&$AE30) -> ELKERF5511GROML | CU30: =$M30 -> ELSTINKO KIDS | CV30: =IF($I30="TTL","",IF($CX30="","",$Q30&"_"&$T30&IF(N30="K","_KIDS",IF(N30="I","_INFANT","")))) -> EARCAP_511 | CW30: =IF($I30="TTL","",IF($CT30="","",$Y30&"_"&$AE30)) -> GREEN_OML | CX30: =$L30 -> ELK | CY30: =$T30 -> 511 | CZ30: =IF($I30="TTL",SUMIF($C:$C,MID($K30,1,SEARCH("TTL",$K30)-2),$CZ:$CZ),$AF30) -> 50 | DA30: =$AM30 -> 55000 | DB30: =$Y30 -> GREEN | DC30: =$AE30 -> OML | DD30: 2014.07.03 택발주 (바원테크) | DG30: 41736 | DH30: =IF(OR($I30="TTL",$I30=""),"",AZ30-$DH$11) -> 41789 | DI30: 41745 | DJ30: 41746 | DL30: 5 | DM30: 4 | DN30: 41768 | DO30: 없음 | DP30: =IF(OR($DN30="없음",$I30="TTL",$I30=""),"",AZ30-$DP$11) -> 41819 | DQ30: 41790 | DR30: 없음 | EC30: =IF(OR(Z29&AX29=Z30&AX29,Z30&AX30=""),"",Z30&AX30) | ED30: =IF(OR(Z29&AE29=Z30&AE30,Z30=""),"",Z30&AE30) -> ELKERF5511GROML | EE30: =IF(ED30="",0,IF(COUNTIF(ED$12:ED29,ED30)=0,0,COUNTIF(ED$12:ED29,ED30))) -> 0 | EF30: =IF(OR($AJ30="B",$ED30="",MID($U30,8,1)=$EF$9,MID($U30,8,1)=$EF$10),0,1) -> 0 | EG30: =IF(EE30+EF30=0,"","R"&(EE30+EF30)) | EI30: =IF($ED30="","",IF($EE30=0,U30,"")) -> ELKERF5511 | EJ30: =IF($ED30="","",IF($EE30=0,Z30,"")) -> ELKERF5511GR
A31: =IF(OR($I31="TTL",$I31=""),"",IF(ISERROR(VLOOKUP($B31,CODE!$D:$G,CODE!$F$1-2,FALSE))=TRUE,"전략",VLOOKUP($B31,CODE!$D:$G,CODE!$F$1-2,FALSE))) -> F-CAP | B31: =IF(OR($I31="TTL",$I31=""),"",IF(VLOOKUP($P31,CODE!$K:$O,CODE!$O$1,FALSE)="",$I31,$I31&"-"&VLOOKUP($P31,CODE!$K:$O,CODE!$O$1,FALSE))) -> ELK | C31: =IF($I31="TTL","",I31&"-"&$AG31&"-"&$AI31) -> ELK-동일모자-04 | D31: =$C31&$Z31 -> ELK-동일모자-04ELKERF5512RE | E31: =IF($I31="TTL",0,IF(ISERROR(IF($Z30=$Z31,$E30,$E30+1))=TRUE,1,IF($Z30=$Z31,$E30,$E30+1))) -> 2 | F31: =$C31&$E31 -> ELK-동일모자-042 | G31: =$F31&"-"&$U31&$Y31&$AE31 -> ELK-동일모자-042-ELKERF5512REDOSM | H31: =IF(ISERROR(I31&VLOOKUP(P31,CODE!$K:$N,CODE!$N$1,FALSE)&S31)=TRUE,0,I31&VLOOKUP(P31,CODE!$K:$N,CODE!$N$1,FALSE)&S31) -> ELK의류외512 | I31: =IF(ISERROR(SEARCH("TTL",$K31))=TRUE,IF($L31="","",VLOOKUP($L31,CODE!$B:$G,CODE!$D$1,FALSE)),"TTL") -> ELK | J31: =MID(W31,1,6) -> 14FW E | L31: ELK | M31: =IF(OR($I31="TTL",$L31=""),"",VLOOKUP($L31,CODE!$B:$D,CODE!$C$1,FALSE)) -> ELSTINKO KIDS | N31: =IF(OR($I31="TTL",$L31=""),"",VLOOKUP($K$2,CODE!$S:$T,CODE!$T$1-1,FALSE)) -> F | O31: 5 | P31: ER | Q31: =IF(OR($I31="TTL",$P31=""),"",VLOOKUP($P31,CODE!$K:$M,CODE!$L$1,FALSE)) -> EARCAP | R31: K | S31: 512 | T31: =IF(OR($I31="TTL",$S31=""),"",IF($S31<10,"00"&$S31,IF($S31<100,"0"&$S31,$S31))) -> 512 | U31: =IF($I31="TTL","",$L31&$P31&$N31&$O31&$T31) -> ELKERF5512 | V31: =IF($I31="TTL",SUMIF($C:$C,MID($K31,1,SEARCH("TTL",$K31)-2),$V:$V),IF($EI31="",0,1/COUNTIF($EI:$EI,$EI31))) -> 0.5 | W31: 14FW ELS_01_SNAP_RD_KIDS | X31: =IF($Y31="","",VLOOKUP($Y31,CODE!$AE:$AF,CODE!$AF$1-1,FALSE)) -> RE | Y31: RED | Z31: =$U31&$X31 -> ELKERF5512RE | AA31: =VLOOKUP($Z31&$AX31,$EC:$EG,5,FALSE) | AB31: =IF($I31="TTL",SUMIF($C:$C,MID($K31,1,SEARCH("TTL",$K31)-2),$AB:$AB),IF($EJ31="",0,1/COUNTIF($EJ:$EJ,$EJ31))) -> 0.5 | AC31: 겉감 1: 울40%, 폴리에스터 60%/겉감 2: 아크릴 100% | AD31: 1 | AE31: OSM | AF31: 100 | AG31: 동일모자 | AH31: 4 | AI31: =IF($AH31=0,"",IF($AH31<10,"0"&$AH31,$AH31)) -> 04 | AJ31: M | AK31: CN | AL31: =IF($AK31=0,"",IF($AK31="KR",2,1)) -> 1 | AM31: =IF(ISERROR(VLOOKUP($F31,[1]기획현황취합!$A$1:$E$65474,[1]기획현황취합!$B$1,FALSE))=TRUE,0,VLOOKUP($F31,[1]기획현황취합!$A$1:$E$65474,[1]기획현황취합!$B$1,FALSE)) -> 55000 | AN31: =IF(ISERROR(VLOOKUP($F31,[1]기획현황취합!$A$1:$E$65474,[1]기획현황취합!$C$1,FALSE))=TRUE,0,VLOOKUP($F31,[1]기획현황취합!$A$1:$E$65474,[1]기획현황취합!$C$1,FALSE)) -> 41801 | AO31: =IF(ISERROR(($AM31/1.1)/VLOOKUP($AG31,'TARGET MU'!$A:$D,'TARGET MU'!$D$1,FALSE))=TRUE,0,($AM31/1.1)/VLOOKUP($AG31,'TARGET MU'!$A:$D,'TARGET MU'!$D$1,FALSE)) -> 8333.3333 | AP31: =IF(OR(AF31=0,AND(AV31=0,AW31=0)),0,IF(AG31="캡보이2",AV31*$AQ$5+AU31,IF(OR(AK31="IN",AK31="BG",AK31="VT",AK31="CB"),$AU31+(($AV31*(1+$AW$4))*(HLOOKUP(VLOOKUP(AG31,'TARGET MU'!$A:$P,'TARGET MU'!$J$1,FALSE),$AO$4:$AR$5,2,FALSE)))+$AW31,$AU31+((($AV31*(1+$AW$4))*(1+HLOOKUP(VLOOKUP($P31,CODE!$K:$P,CODE!$P$1,FALSE),$AS$4:$AV$5,2,FALSE)))*(HLOOKUP(VLOOKUP(AG31,'TARGET MU'!$A:$P,'TARGET MU'!$J$1,FALSE),$AO$4:$AR$5,2,FALSE)))+$AW31))) -> 9257.8 | AQ31: =AP31-AO31 -> 924.46667 | AR31: 506 | AS31: 0 | AT31: 20 | AU31: =SUM(AR31:AT31) -> 526 | AV31: 7 | AW31: 0 | AX31: =IF(ISERROR(VLOOKUP($F31,[1]기획현황취합!$A$1:$E$65474,[1]기획현황취합!$D$1,FALSE))=TRUE,0,VLOOKUP($F31,[1]기획현황취합!$A$1:$E$65474,[1]기획현황취합!$D$1,FALSE)) -> 41736 | AY31: 41876 | AZ31: =IF(ISERROR(VLOOKUP($F31,[1]기획현황취합!$A$1:$E$65474,[1]기획현황취합!$E$1,FALSE))=TRUE,0,VLOOKUP($F31,[1]기획현황취합!$A$1:$E$65474,[1]기획현황취합!$E$1,FALSE)) -> 41879 | BA31: 41879 | BB31: 41887 | BC31: 41912 | BD31: 0 | BE31: 0 | BF31: 0 | BG31: 확정 | BH31: 확정 | BI31: =IF($I31="TTL",SUMIF($C:$C,MID($K31,1,SEARCH("TTL",$K31)-2),$BI:$BI),SUMIF(실입고현황!$A:$A,BB31&VLOOKUP($AG31,'TARGET MU'!$A:$D,'TARGET MU'!$B$1,FALSE)&$Z31&" "&$AE31,실입고현황!$C:$C)) -> 0 | BJ31: =IF($I31="TTL",SUMIF($C:$C,MID($K31,1,SEARCH("TTL",$K31)-2),$BJ:$BJ),SUMIF(실입고현황!$A:$A,BC31&VLOOKUP($AG31,'TARGET MU'!$A:$D,'TARGET MU'!$B$1,FALSE)&$Z31&" "&$AE31,실입고현황!$C:$C)) -> 105 | BK31: =IF($I31="TTL",SUMIF($C:$C,MID($K31,1,SEARCH("TTL",$K31)-2),$BK:$BK),SUMIF(실입고현황!$A:$A,BD31&VLOOKUP($AG31,'TARGET MU'!$A:$D,'TARGET MU'!$B$1,FALSE)&$Z31&" "&$AE31,실입고현황!$C:$C)) -> 0 | BL31: =IF($I31="TTL",SUMIF($C:$C,MID($K31,1,SEARCH("TTL",$K31)-2),$BL:$BL),SUMIF(실입고현황!$A:$A,BE31&VLOOKUP($AG31,'TARGET MU'!$A:$D,'TARGET MU'!$B$1,FALSE)&$Z31&" "&$AE31,실입고현황!$C:$C)) -> 0 | BM31: =IF($I31="TTL",SUMIF($C:$C,MID($K31,1,SEARCH("TTL",$K31)-2),$BM:$BM),SUMIF(실입고현황!$A:$A,BF31&VLOOKUP($AG31,'TARGET MU'!$A:$D,'TARGET MU'!$B$1,FALSE)&$Z31&" "&$AE31,실입고현황!$C:$C)) -> 0 | BN31: =IF($I31="TTL",SUMIF($C:$C,MID($K31,1,SEARCH("TTL",$K31)-2),$BN:$BN),IF(($BO31-SUM($BI31,$BJ31,$BK31,BL31,BM31))<$BO31*$BN$6,0,$BO31-SUM($BI31,$BJ31,$BK31,BL31,BM31))) -> 0 | BO31: =IF($I31="TTL",SUMIF($C:$C,MID($K31,1,SEARCH("TTL",$K31)-2),$BO:$BO),$AF31) -> 100 | BP31: =IF($I31="TTL",SUMIF($C:$C,MID($K31,1,SEARCH("TTL",$K31)-2),$BP:$BP),IF($AO31=0,0,IF($AP31=0,$AO31*$AF31,$AP31*$AF31))) -> 925780 | BQ31: =IF($I31="TTL",SUMIF($C:$C,MID($K31,1,SEARCH("TTL",$K31)-2),$BQ:$BQ),$AM31*$AF31) -> 5500000 | BR31: =IF(ISERROR($BQ31/($BP31*1.1))=TRUE,0,$BQ31/($BP31*1.1)) -> 5.4008512 | BT31: =IF(ISERROR(Z31&VLOOKUP($AG31,'TARGET MU'!$A:$D,'TARGET MU'!$B$1,FALSE))=TRUE,"",Z31&VLOOKUP($AG31,'TARGET MU'!$A:$D,'TARGET MU'!$B$1,FALSE)) -> ELKERF5512RE동일모자(청도) | BU31: =AP31 -> 9257.8 | BV31: =Z31&AE31&AF31&AM31&AG31&AI31&AK31 -> ELKERF5512REOSM10055000동일모자04CN | BX31: =IF($I31="TTL","",$L31) -> ELK | BY31: =$O31 -> 5 | BZ31: =$AJ31 -> M | CA31: =$P31 -> ER | CB31: =$R31 -> K | CC31: =$AK31 -> CN | CD31: =$W31 -> 14FW ELS_01_SNAP_RD_KIDS | CE31: =$U31 -> ELKERF5512 | CF31: =$T31 -> 512 | CG31: =$W31 -> 14FW ELS_01_SNAP_RD_KIDS | CH31: =$X31 -> RE | CI31: =$AD31 -> 1 | CJ31: =$AE31 -> OSM | CK31: =IF($I31="TTL",SUMIF($C:$C,MID($K31,1,SEARCH("TTL",$K31)-2),$BO:$BO),$AF31) -> 100 | CL31: =$AV31 -> 7 | CM31: =$AM31 -> 55000 | CN31: =$AP31-$AU31 -> 8731.8 | CO31: =$AU31 -> 526 | CP31: =$AL31 -> 1 | CQ31: 972 | CT31: =IF($I31="TTL",$K31,$Z31&$AE31) -> ELKERF5512REOSM | CU31: =$M31 -> ELSTINKO KIDS | CV31: =IF($I31="TTL","",IF($CX31="","",$Q31&"_"&$T31&IF(N31="K","_KIDS",IF(N31="I","_INFANT","")))) -> EARCAP_512 | CW31: =IF($I31="TTL","",IF($CT31="","",$Y31&"_"&$AE31)) -> RED_OSM | CX31: =$L31 -> ELK | CY31: =$T31 -> 512 | CZ31: =IF($I31="TTL",SUMIF($C:$C,MID($K31,1,SEARCH("TTL",$K31)-2),$CZ:$CZ),$AF31) -> 100 | DA31: =$AM31 -> 55000 | DB31: =$Y31 -> RED | DC31: =$AE31 -> OSM | DD31: 2014.07.03 택발주 (바원테크) | DG31: 41736 | DH31: =IF(OR($I31="TTL",$I31=""),"",AZ31-$DH$11) -> 41789 | DI31: 41745 | DJ31: 41746 | DL31: 6 | DM31: 5 | DN31: 41768 | DO31: 없음 | DP31: =IF(OR($DN31="없음",$I31="TTL",$I31=""),"",AZ31-$DP$11) -> 41819 | DQ31: 41791 | DR31: 없음 | EC31: =IF(OR(Z30&AX30=Z31&AX30,Z31&AX31=""),"",Z31&AX31) -> ELKERF5512RE41736 | ED31: =IF(OR(Z30&AE30=Z31&AE31,Z31=""),"",Z31&AE31) -> ELKERF5512REOSM | EE31: =IF(ED31="",0,IF(COUNTIF(ED$12:ED30,ED31)=0,0,COUNTIF(ED$12:ED30,ED31))) -> 0 | EF31: =IF(OR($AJ31="B",$ED31="",MID($U31,8,1)=$EF$9,MID($U31,8,1)=$EF$10),0,1) -> 0 | EG31: =IF(EE31+EF31=0,"","R"&(EE31+EF31)) | EI31: =IF($ED31="","",IF($EE31=0,U31,"")) -> ELKERF5512 | EJ31: =IF($ED31="","",IF($EE31=0,Z31,"")) -> ELKERF5512RE
A32: =IF(OR($I32="TTL",$I32=""),"",IF(ISERROR(VLOOKUP($B32,CODE!$D:$G,CODE!$F$1-2,FALSE))=TRUE,"전략",VLOOKUP($B32,CODE!$D:$G,CODE!$F$1-2,FALSE))) -> F-CAP | B32: =IF(OR($I32="TTL",$I32=""),"",IF(VLOOKUP($P32,CODE!$K:$O,CODE!$O$1,FALSE)="",$I32,$I32&"-"&VLOOKUP($P32,CODE!$K:$O,CODE!$O$1,FALSE))) -> ELK | C32: =IF($I32="TTL","",I32&"-"&$AG32&"-"&$AI32) -> ELK-동일모자-04 | D32: =$C32&$Z32 -> ELK-동일모자-04ELKERF5512RE | E32: =IF($I32="TTL",0,IF(ISERROR(IF($Z31=$Z32,$E31,$E31+1))=TRUE,1,IF($Z31=$Z32,$E31,$E31+1))) -> 2 | F32: =$C32&$E32 -> ELK-동일모자-042 | G32: =$F32&"-"&$U32&$Y32&$AE32 -> ELK-동일모자-042-ELKERF5512REDOML | H32: =IF(ISERROR(I32&VLOOKUP(P32,CODE!$K:$N,CODE!$N$1,FALSE)&S32)=TRUE,0,I32&VLOOKUP(P32,CODE!$K:$N,CODE!$N$1,FALSE)&S32) -> ELK의류외512 | I32: =IF(ISERROR(SEARCH("TTL",$K32))=TRUE,IF($L32="","",VLOOKUP($L32,CODE!$B:$G,CODE!$D$1,FALSE)),"TTL") -> ELK | J32: =MID(W32,1,6) -> 14FW E | L32: ELK | M32: =IF(OR($I32="TTL",$L32=""),"",VLOOKUP($L32,CODE!$B:$D,CODE!$C$1,FALSE)) -> ELSTINKO KIDS | N32: =IF(OR($I32="TTL",$L32=""),"",VLOOKUP($K$2,CODE!$S:$T,CODE!$T$1-1,FALSE)) -> F | O32: 5 | P32: ER | Q32: =IF(OR($I32="TTL",$P32=""),"",VLOOKUP($P32,CODE!$K:$M,CODE!$L$1,FALSE)) -> EARCAP | R32: K | S32: 512 | T32: =IF(OR($I32="TTL",$S32=""),"",IF($S32<10,"00"&$S32,IF($S32<100,"0"&$S32,$S32))) -> 512 | U32: =IF($I32="TTL","",$L32&$P32&$N32&$O32&$T32) -> ELKERF5512 | V32: =IF($I32="TTL",SUMIF($C:$C,MID($K32,1,SEARCH("TTL",$K32)-2),$V:$V),IF($EI32="",0,1/COUNTIF($EI:$EI,$EI32))) -> 0.5 | W32: 14FW ELS_01_SNAP_RD_KIDS | X32: =IF($Y32="","",VLOOKUP($Y32,CODE!$AE:$AF,CODE!$AF$1-1,FALSE)) -> RE | Y32: RED | Z32: =$U32&$X32 -> ELKERF5512RE | AA32: =VLOOKUP($Z32&$AX32,$EC:$EG,5,FALSE) | AB32: =IF($I32="TTL",SUMIF($C:$C,MID($K32,1,SEARCH("TTL",$K32)-2),$AB:$AB),IF($EJ32="",0,1/COUNTIF($EJ:$EJ,$EJ32))) -> 0.5 | AC32: 겉감 1: 울40%, 폴리에스터 60%/겉감 2: 아크릴 100% | AD32: 1 | AE32: OML | AF32: 50 | AG32: 동일모자 | AH32: 4 | AI32: =IF($AH32=0,"",IF($AH32<10,"0"&$AH32,$AH32)) -> 04 | AJ32: M | AK32: CN | AL32: =IF($AK32=0,"",IF($AK32="KR",2,1)) -> 1 | AM32: =IF(ISERROR(VLOOKUP($F32,[1]기획현황취합!$A$1:$E$65474,[1]기획현황취합!$B$1,FALSE))=TRUE,0,VLOOKUP($F32,[1]기획현황취합!$A$1:$E$65474,[1]기획현황취합!$B$1,FALSE)) -> 55000 | AN32: =IF(ISERROR(VLOOKUP($F32,[1]기획현황취합!$A$1:$E$65474,[1]기획현황취합!$C$1,FALSE))=TRUE,0,VLOOKUP($F32,[1]기획현황취합!$A$1:$E$65474,[1]기획현황취합!$C$1,FALSE)) -> 41801 | AO32: =IF(ISERROR(($AM32/1.1)/VLOOKUP($AG32,'TARGET MU'!$A:$D,'TARGET MU'!$D$1,FALSE))=TRUE,0,($AM32/1.1)/VLOOKUP($AG32,'TARGET MU'!$A:$D,'TARGET MU'!$D$1,FALSE)) -> 8333.3333 | AP32: =IF(OR(AF32=0,AND(AV32=0,AW32=0)),0,IF(AG32="캡보이2",AV32*$AQ$5+AU32,IF(OR(AK32="IN",AK32="BG",AK32="VT",AK32="CB"),$AU32+(($AV32*(1+$AW$4))*(HLOOKUP(VLOOKUP(AG32,'TARGET MU'!$A:$P,'TARGET MU'!$J$1,FALSE),$AO$4:$AR$5,2,FALSE)))+$AW32,$AU32+((($AV32*(1+$AW$4))*(1+HLOOKUP(VLOOKUP($P32,CODE!$K:$P,CODE!$P$1,FALSE),$AS$4:$AV$5,2,FALSE)))*(HLOOKUP(VLOOKUP(AG32,'TARGET MU'!$A:$P,'TARGET MU'!$J$1,FALSE),$AO$4:$AR$5,2,FALSE)))+$AW32))) -> 9004.8 | AQ32: =AP32-AO32 -> 671.46667 | AR32: 253 | AS32: 0 | AT32: 20 | AU32: =SUM(AR32:AT32) -> 273 | AV32: 7 | AW32: 0 | AX32: =IF(ISERROR(VLOOKUP($F32,[1]기획현황취합!$A$1:$E$65474,[1]기획현황취합!$D$1,FALSE))=TRUE,0,VLOOKUP($F32,[1]기획현황취합!$A$1:$E$65474,[1]기획현황취합!$D$1,FALSE)) -> 41736 | AY32: 41876 | AZ32: =IF(ISERROR(VLOOKUP($F32,[1]기획현황취합!$A$1:$E$65474,[1]기획현황취합!$E$1,FALSE))=TRUE,0,VLOOKUP($F32,[1]기획현황취합!$A$1:$E$65474,[1]기획현황취합!$E$1,FALSE)) -> 41879 | BA32: 41879 | BB32: 41887 | BC32: 41912 | BD32: 0 | BE32: 0 | BF32: 0 | BG32: 확정 | BH32: 확정 | BI32: =IF($I32="TTL",SUMIF($C:$C,MID($K32,1,SEARCH("TTL",$K32)-2),$BI:$BI),SUMIF(실입고현황!$A:$A,BB32&VLOOKUP($AG32,'TARGET MU'!$A:$D,'TARGET MU'!$B$1,FALSE)&$Z32&" "&$AE32,실입고현황!$C:$C)) -> 19 | BJ32: =IF($I32="TTL",SUMIF($C:$C,MID($K32,1,SEARCH("TTL",$K32)-2),$BJ:$BJ),SUMIF(실입고현황!$A:$A,BC32&VLOOKUP($AG32,'TARGET MU'!$A:$D,'TARGET MU'!$B$1,FALSE)&$Z32&" "&$AE32,실입고현황!$C:$C)) -> 1 | BK32: =IF($I32="TTL",SUMIF($C:$C,MID($K32,1,SEARCH("TTL",$K32)-2),$BK:$BK),SUMIF(실입고현황!$A:$A,BD32&VLOOKUP($AG32,'TARGET MU'!$A:$D,'TARGET MU'!$B$1,FALSE)&$Z32&" "&$AE32,실입고현황!$C:$C)) -> 0 | BL32: =IF($I32="TTL",SUMIF($C:$C,MID($K32,1,SEARCH("TTL",$K32)-2),$BL:$BL),SUMIF(실입고현황!$A:$A,BE32&VLOOKUP($AG32,'TARGET MU'!$A:$D,'TARGET MU'!$B$1,FALSE)&$Z32&" "&$AE32,실입고현황!$C:$C)) -> 0 | BM32: =IF($I32="TTL",SUMIF($C:$C,MID($K32,1,SEARCH("TTL",$K32)-2),$BM:$BM),SUMIF(실입고현황!$A:$A,BF32&VLOOKUP($AG32,'TARGET MU'!$A:$D,'TARGET MU'!$B$1,FALSE)&$Z32&" "&$AE32,실입고현황!$C:$C)) -> 0 | BO32: =IF($I32="TTL",SUMIF($C:$C,MID($K32,1,SEARCH("TTL",$K32)-2),$BO:$BO),$AF32) -> 50 | BP32: =IF($I32="TTL",SUMIF($C:$C,MID($K32,1,SEARCH("TTL",$K32)-2),$BP:$BP),IF($AO32=0,0,IF($AP32=0,$AO32*$AF32,$AP32*$AF32))) -> 450240 | BQ32: =IF($I32="TTL",SUMIF($C:$C,MID($K32,1,SEARCH("TTL",$K32)-2),$BQ:$BQ),$AM32*$AF32) -> 2750000 | BR32: =IF(ISERROR($BQ32/($BP32*1.1))=TRUE,0,$BQ32/($BP32*1.1)) -> 5.5525942 | BT32: =IF(ISERROR(Z32&VLOOKUP($AG32,'TARGET MU'!$A:$D,'TARGET MU'!$B$1,FALSE))=TRUE,"",Z32&VLOOKUP($AG32,'TARGET MU'!$A:$D,'TARGET MU'!$B$1,FALSE)) -> ELKERF5512RE동일모자(청도) | BU32: =AP32 -> 9004.8 | BV32: =Z32&AE32&AF32&AM32&AG32&AI32&AK32 -> ELKERF5512REOML5055000동일모자04CN | BX32: =IF($I32="TTL","",$L32) -> ELK | BY32: =$O32 -> 5 | BZ32: =$AJ32 -> M | CA32: =$P32 -> ER | CB32: =$R32 -> K | CC32: =$AK32 -> CN | CD32: =$W32 -> 14FW ELS_01_SNAP_RD_KIDS | CE32: =$U32 -> ELKERF5512 | CF32: =$T32 -> 512 | CG32: =$W32 -> 14FW ELS_01_SNAP_RD_KIDS | CH32: =$X32 -> RE | CI32: =$AD32 -> 1 | CJ32: =$AE32 -> OML | CK32: =IF($I32="TTL",SUMIF($C:$C,MID($K32,1,SEARCH("TTL",$K32)-2),$BO:$BO),$AF32) -> 50 | CL32: =$AV32 -> 7 | CM32: =$AM32 -> 55000 | CN32: =$AP32-$AU32 -> 8731.8 | CO32: =$AU32 -> 273 | CP32: =$AL32 -> 1 | CQ32: 882 | CT32: =IF($I32="TTL",$K32,$Z32&$AE32) -> ELKERF5512REOML | CU32: =$M32 -> ELSTINKO KIDS | CV32: =IF($I32="TTL","",IF($CX32="","",$Q32&"_"&$T32&IF(N32="K","_KIDS",IF(N32="I","_INFANT","")))) -> EARCAP_512 | CW32: =IF($I32="TTL","",IF($CT32="","",$Y32&"_"&$AE32)) -> RED_OML | CX32: =$L32 -> ELK | CY32: =$T32 -> 512 | CZ32: =IF($I32="TTL",SUMIF($C:$C,MID($K32,1,SEARCH("TTL",$K32)-2),$CZ:$CZ),$AF32) -> 50 | DA32: =$AM32 -> 55000 | DB32: =$Y32 -> RED | DC32: =$AE32 -> OML | DD32: 2014.07.03 택발주 (바원테크) | DG32: 41736 | DH32: =IF(OR($I32="TTL",$I32=""),"",AZ32-$DH$11) -> 41789 | DI32: 41745 | DJ32: 41746 | DL32: 6 | DM32: 5 | DN32: 41768 | DO32: 없음 | DP32: =IF(OR($DN32="없음",$I32="TTL",$I32=""),"",AZ32-$DP$11) -> 41819 | DQ32: 41792 | DR32: 없음 | EC32: =IF(OR(Z31&AX31=Z32&AX31,Z32&AX32=""),"",Z32&AX32) | ED32: =IF(OR(Z31&AE31=Z32&AE32,Z32=""),"",Z32&AE32) -> ELKERF5512REOML | EE32: =IF(ED32="",0,IF(COUNTIF(ED$12:ED31,ED32)=0,0,COUNTIF(ED$12:ED31,ED32))) -> 0 | EF32: =IF(OR($AJ32="B",$ED32="",MID($U32,8,1)=$EF$9,MID($U32,8,1)=$EF$10),0,1) -> 0 | EG32: =IF(EE32+EF32=0,"","R"&(EE32+EF32)) | EI32: =IF($ED32="","",IF($EE32=0,U32,"")) -> ELKERF5512 | EJ32: =IF($ED32="","",IF($EE32=0,Z32,"")) -> ELKERF5512RE
A33: =IF(OR($I33="TTL",$I33=""),"",IF(ISERROR(VLOOKUP($B33,CODE!$D:$G,CODE!$F$1-2,FALSE))=TRUE,"전략",VLOOKUP($B33,CODE!$D:$G,CODE!$F$1-2,FALSE))) -> F-CAP | B33: =IF(OR($I33="TTL",$I33=""),"",IF(VLOOKUP($P33,CODE!$K:$O,CODE!$O$1,FALSE)="",$I33,$I33&"-"&VLOOKUP($P33,CODE!$K:$O,CODE!$O$1,FALSE))) -> ELK | C33: =IF($I33="TTL","",I33&"-"&$AG33&"-"&$AI33) -> ELK-동일모자-04 | D33: =$C33&$Z33 -> ELK-동일모자-04ELKERF5513PK | E33: =IF($I33="TTL",0,IF(ISERROR(IF($Z32=$Z33,$E32,$E32+1))=TRUE,1,IF($Z32=$Z33,$E32,$E32+1))) -> 3 | F33: =$C33&$E33 -> ELK-동일모자-043 | G33: =$F33&"-"&$U33&$Y33&$AE33 -> ELK-동일모자-043-ELKERF5513PINKOSM | H33: =IF(ISERROR(I33&VLOOKUP(P33,CODE!$K:$N,CODE!$N$1,FALSE)&S33)=TRUE,0,I33&VLOOKUP(P33,CODE!$K:$N,CODE!$N$1,FALSE)&S33) -> ELK의류외513 | I33: =IF(ISERROR(SEARCH("TTL",$K33))=TRUE,IF($L33="","",VLOOKUP($L33,CODE!$B:$G,CODE!$D$1,FALSE)),"TTL") -> ELK | J33: =MID(W33,1,6) -> 14FW E | L33: ELK | M33: =IF(OR($I33="TTL",$L33=""),"",VLOOKUP($L33,CODE!$B:$D,CODE!$C$1,FALSE)) -> ELSTINKO KIDS | N33: =IF(OR($I33="TTL",$L33=""),"",VLOOKUP($K$2,CODE!$S:$T,CODE!$T$1-1,FALSE)) -> F | O33: 5 | P33: ER | Q33: =IF(OR($I33="TTL",$P33=""),"",VLOOKUP($P33,CODE!$K:$M,CODE!$L$1,FALSE)) -> EARCAP | R33: K | S33: 513 | T33: =IF(OR($I33="TTL",$S33=""),"",IF($S33<10,"00"&$S33,IF($S33<100,"0"&$S33,$S33))) -> 513 | U33: =IF($I33="TTL","",$L33&$P33&$N33&$O33&$T33) -> ELKERF5513 | V33: =IF($I33="TTL",SUMIF($C:$C,MID($K33,1,SEARCH("TTL",$K33)-2),$V:$V),IF($EI33="",0,1/COUNTIF($EI:$EI,$EI33))) -> 0.5 | W33: 14FW ELS_05_SNAP_PK_KIDS | X33: =IF($Y33="","",VLOOKUP($Y33,CODE!$AE:$AF,CODE!$AF$1-1,FALSE)) -> PK | Y33: PINK | Z33: =$U33&$X33 -> ELKERF5513PK | AA33: =VLOOKUP($Z33&$AX33,$EC:$EG,5,FALSE) | AB33: =IF($I33="TTL",SUMIF($C:$C,MID($K33,1,SEARCH("TTL",$K33)-2),$AB:$AB),IF($EJ33="",0,1/COUNTIF($EJ:$EJ,$EJ33))) -> 0.5 | AC33: 겉감 1: 울40%, 폴리에스터 60%/겉감 2: 아크릴 100% | AD33: 1 | AE33: OSM | AF33: 100 | AG33: 동일모자 | AH33: 4 | AI33: =IF($AH33=0,"",IF($AH33<10,"0"&$AH33,$AH33)) -> 04 | AJ33: M | AK33: CN | AL33: =IF($AK33=0,"",IF($AK33="KR",2,1)) -> 1 | AM33: =IF(ISERROR(VLOOKUP($F33,[1]기획현황취합!$A$1:$E$65474,[1]기획현황취합!$B$1,FALSE))=TRUE,0,VLOOKUP($F33,[1]기획현황취합!$A$1:$E$65474,[1]기획현황취합!$B$1,FALSE)) -> 55000 | AN33: =IF(ISERROR(VLOOKUP($F33,[1]기획현황취합!$A$1:$E$65474,[1]기획현황취합!$C$1,FALSE))=TRUE,0,VLOOKUP($F33,[1]기획현황취합!$A$1:$E$65474,[1]기획현황취합!$C$1,FALSE)) -> 41801 | AO33: =IF(ISERROR(($AM33/1.1)/VLOOKUP($AG33,'TARGET MU'!$A:$D,'TARGET MU'!$D$1,FALSE))=TRUE,0,($AM33/1.1)/VLOOKUP($AG33,'TARGET MU'!$A:$D,'TARGET MU'!$D$1,FALSE)) -> 8333.3333 | AP33: =IF(OR(AF33=0,AND(AV33=0,AW33=0)),0,IF(AG33="캡보이2",AV33*$AQ$5+AU33,IF(OR(AK33="IN",AK33="BG",AK33="VT",AK33="CB"),$AU33+(($AV33*(1+$AW$4))*(HLOOKUP(VLOOKUP(AG33,'TARGET MU'!$A:$P,'TARGET MU'!$J$1,FALSE),$AO$4:$AR$5,2,FALSE)))+$AW33,$AU33+((($AV33*(1+$AW$4))*(1+HLOOKUP(VLOOKUP($P33,CODE!$K:$P,CODE!$P$1,FALSE),$AS$4:$AV$5,2,FALSE)))*(HLOOKUP(VLOOKUP(AG33,'TARGET MU'!$A:$P,'TARGET MU'!$J$1,FALSE),$AO$4:$AR$5,2,FALSE)))+$AW33))) -> 9284.06 | AQ33: =AP33-AO33 -> 950.72667 | AR33: 657 | AS33: 0 | AT33: 20 | AU33: =SUM(AR33:AT33) -> 677 | AV33: 6.9 | AW33: 0 | AX33: =IF(ISERROR(VLOOKUP($F33,[1]기획현황취합!$A$1:$E$65474,[1]기획현황취합!$D$1,FALSE))=TRUE,0,VLOOKUP($F33,[1]기획현황취합!$A$1:$E$65474,[1]기획현황취합!$D$1,FALSE)) -> 41736 | AY33: 41876 | AZ33: =IF(ISERROR(VLOOKUP($F33,[1]기획현황취합!$A$1:$E$65474,[1]기획현황취합!$E$1,FALSE))=TRUE,0,VLOOKUP($F33,[1]기획현황취합!$A$1:$E$65474,[1]기획현황취합!$E$1,FALSE)) -> 41879 | BA33: 41879 | BB33: 41912 | BC33: 0 | BE33: 0 | BF33: 0 | BG33: 확정 | BH33: 확정 | BI33: =IF($I33="TTL",SUMIF($C:$C,MID($K33,1,SEARCH("TTL",$K33)-2),$BI:$BI),SUMIF(실입고현황!$A:$A,BB33&VLOOKUP($AG33,'TARGET MU'!$A:$D,'TARGET MU'!$B$1,FALSE)&$Z33&" "&$AE33,실입고현황!$C:$C)) -> 113 | BJ33: =IF($I33="TTL",SUMIF($C:$C,MID($K33,1,SEARCH("TTL",$K33)-2),$BJ:$BJ),SUMIF(실입고현황!$A:$A,BC33&VLOOKUP($AG33,'TARGET MU'!$A:$D,'TARGET MU'!$B$1,FALSE)&$Z33&" "&$AE33,실입고현황!$C:$C)) -> 0 | BK33: =IF($I33="TTL",SUMIF($C:$C,MID($K33,1,SEARCH("TTL",$K33)-2),$BK:$BK),SUMIF(실입고현황!$A:$A,BD33&VLOOKUP($AG33,'TARGET MU'!$A:$D,'TARGET MU'!$B$1,FALSE)&$Z33&" "&$AE33,실입고현황!$C:$C)) -> 0 | BL33: =IF($I33="TTL",SUMIF($C:$C,MID($K33,1,SEARCH("TTL",$K33)-2),$BL:$BL),SUMIF(실입고현황!$A:$A,BE33&VLOOKUP($AG33,'TARGET MU'!$A:$D,'TARGET MU'!$B$1,FALSE)&$Z33&" "&$AE33,실입고현황!$C:$C)) -> 0 | BM33: =IF($I33="TTL",SUMIF($C:$C,MID($K33,1,SEARCH("TTL",$K33)-2),$BM:$BM),SUMIF(실입고현황!$A:$A,BF33&VLOOKUP($AG33,'TARGET MU'!$A:$D,'TARGET MU'!$B$1,FALSE)&$Z33&" "&$AE33,실입고현황!$C:$C)) -> 0 | BN33: =IF($I33="TTL",SUMIF($C:$C,MID($K33,1,SEARCH("TTL",$K33)-2),$BN:$BN),IF(($BO33-SUM($BI33,$BJ33,$BK33,BL33,BM33))<$BO33*$BN$6,0,$BO33-SUM($BI33,$BJ33,$BK33,BL33,BM33))) -> 0 | BO33: =IF($I33="TTL",SUMIF($C:$C,MID($K33,1,SEARCH("TTL",$K33)-2),$BO:$BO),$AF33) -> 100 | BP33: =IF($I33="TTL",SUMIF($C:$C,MID($K33,1,SEARCH("TTL",$K33)-2),$BP:$BP),IF($AO33=0,0,IF($AP33=0,$AO33*$AF33,$AP33*$AF33))) -> 928406 | BQ33: =IF($I33="TTL",SUMIF($C:$C,MID($K33,1,SEARCH("TTL",$K33)-2),$BQ:$BQ),$AM33*$AF33) -> 5500000 | BR33: =IF(ISERROR($BQ33/($BP33*1.1))=TRUE,0,$BQ33/($BP33*1.1)) -> 5.3855748 | BT33: =IF(ISERROR(Z33&VLOOKUP($AG33,'TARGET MU'!$A:$D,'TARGET MU'!$B$1,FALSE))=TRUE,"",Z33&VLOOKUP($AG33,'TARGET MU'!$A:$D,'TARGET MU'!$B$1,FALSE)) -> ELKERF5513PK동일모자(청도) | BU33: =AP33 -> 9284.06 | BV33: =Z33&AE33&AF33&AM33&AG33&AI33&AK33 -> ELKERF5513PKOSM10055000동일모자04CN | BX33: =IF($I33="TTL","",$L33) -> ELK | BY33: =$O33 -> 5 | BZ33: =$AJ33 -> M | CA33: =$P33 -> ER | CB33: =$R33 -> K | CC33: =$AK33 -> CN | CD33: =$W33 -> 14FW ELS_05_SNAP_PK_KIDS | CE33: =$U33 -> ELKERF5513 | CF33: =$T33 -> 513 | CG33: =$W33 -> 14FW ELS_05_SNAP_PK_KIDS | CH33: =$X33 -> PK | CI33: =$AD33 -> 1 | CJ33: =$AE33 -> OSM | CK33: =IF($I33="TTL",SUMIF($C:$C,MID($K33,1,SEARCH("TTL",$K33)-2),$BO:$BO),$AF33) -> 100 | CL33: =$AV33 -> 6.9 | CM33: =$AM33 -> 55000 | CN33: =$AP33-$AU33 -> 8607.06 | CO33: =$AU33 -> 677 | CP33: =$AL33 -> 1 | CQ33: 972 | CT33: =IF($I33="TTL",$K33,$Z33&$AE33) -> ELKERF5513PKOSM | CU33: =$M33 -> ELSTINKO KIDS | CV33: =IF($I33="TTL","",IF($CX33="","",$Q33&"_"&$T33&IF(N33="K","_KIDS",IF(N33="I","_INFANT","")))) -> EARCAP_513 | CW33: =IF($I33="TTL","",IF($CT33="","",$Y33&"_"&$AE33)) -> PINK_OSM | CX33: =$L33 -> ELK | CY33: =$T33 -> 513 | CZ33: =IF($I33="TTL",SUMIF($C:$C,MID($K33,1,SEARCH("TTL",$K33)-2),$CZ:$CZ),$AF33) -> 100 | DA33: =$AM33 -> 55000 | DB33: =$Y33 -> PINK | DC33: =$AE33 -> OSM | DD33: 2014.07.03 택발주 (바원테크) | DG33: 41736 | DH33: =IF(OR($I33="TTL",$I33=""),"",AZ33-$DH$11) -> 41789 | DI33: 41745 | DJ33: 41746 | DL33: 5 | DM33: 2 | DN33: 41768 | DO33: 없음 | DP33: =IF(OR($DN33="없음",$I33="TTL",$I33=""),"",AZ33-$DP$11) -> 41819 | DQ33: 41793 | DR33: 없음 | EC33: =IF(OR(Z32&AX32=Z33&AX32,Z33&AX33=""),"",Z33&AX33) -> ELKERF5513PK41736 | ED33: =IF(OR(Z32&AE32=Z33&AE33,Z33=""),"",Z33&AE33) -> ELKERF5513PKOSM | EE33: =IF(ED33="",0,IF(COUNTIF(ED$12:ED32,ED33)=0,0,COUNTIF(ED$12:ED32,ED33))) -> 0 | EF33: =IF(OR($AJ33="B",$ED33="",MID($U33,8,1)=$EF$9,MID($U33,8,1)=$EF$10),0,1) -> 0 | EG33: =IF(EE33+EF33=0,"","R"&(EE33+EF33)) | EI33: =IF($ED33="","",IF($EE33=0,U33,"")) -> ELKERF5513 | EJ33: =IF($ED33="","",IF($EE33=0,Z33,"")) -> ELKERF5513PK
A34: =IF(OR($I34="TTL",$I34=""),"",IF(ISERROR(VLOOKUP($B34,CODE!$D:$G,CODE!$F$1-2,FALSE))=TRUE,"전략",VLOOKUP($B34,CODE!$D:$G,CODE!$F$1-2,FALSE))) -> F-CAP | B34: =IF(OR($I34="TTL",$I34=""),"",IF(VLOOKUP($P34,CODE!$K:$O,CODE!$O$1,FALSE)="",$I34,$I34&"-"&VLOOKUP($P34,CODE!$K:$O,CODE!$O$1,FALSE))) -> ELK | C34: =IF($I34="TTL","",I34&"-"&$AG34&"-"&$AI34) -> ELK-동일모자-04 | D34: =$C34&$Z34 -> ELK-동일모자-04ELKERF5513PK | E34: =IF($I34="TTL",0,IF(ISERROR(IF($Z33=$Z34,$E33,$E33+1))=TRUE,1,IF($Z33=$Z34,$E33,$E33+1))) -> 3 | F34: =$C34&$E34 -> ELK-동일모자-043 | G34: =$F34&"-"&$U34&$Y34&$AE34 -> ELK-동일모자-043-ELKERF5513PINKOML | H34: =IF(ISERROR(I34&VLOOKUP(P34,CODE!$K:$N,CODE!$N$1,FALSE)&S34)=TRUE,0,I34&VLOOKUP(P34,CODE!$K:$N,CODE!$N$1,FALSE)&S34) -> ELK의류외513 | I34: =IF(ISERROR(SEARCH("TTL",$K34))=TRUE,IF($L34="","",VLOOKUP($L34,CODE!$B:$G,CODE!$D$1,FALSE)),"TTL") -> ELK | J34: =MID(W34,1,6) -> 14FW E | L34: ELK | M34: =IF(OR($I34="TTL",$L34=""),"",VLOOKUP($L34,CODE!$B:$D,CODE!$C$1,FALSE)) -> ELSTINKO KIDS | N34: =IF(OR($I34="TTL",$L34=""),"",VLOOKUP($K$2,CODE!$S:$T,CODE!$T$1-1,FALSE)) -> F | O34: 5 | P34: ER | Q34: =IF(OR($I34="TTL",$P34=""),"",VLOOKUP($P34,CODE!$K:$M,CODE!$L$1,FALSE)) -> EARCAP | R34: K | S34: 513 | T34: =IF(OR($I34="TTL",$S34=""),"",IF($S34<10,"00"&$S34,IF($S34<100,"0"&$S34,$S34))) -> 513 | U34: =IF($I34="TTL","",$L34&$P34&$N34&$O34&$T34) -> ELKERF5513 | V34: =IF($I34="TTL",SUMIF($C:$C,MID($K34,1,SEARCH("TTL",$K34)-2),$V:$V),IF($EI34="",0,1/COUNTIF($EI:$EI,$EI34))) -> 0.5 | W34: 14FW ELS_05_SNAP_PK_KIDS | X34: =IF($Y34="","",VLOOKUP($Y34,CODE!$AE:$AF,CODE!$AF$1-1,FALSE)) -> PK | Y34: PINK | Z34: =$U34&$X34 -> ELKERF5513PK | AA34: =VLOOKUP($Z34&$AX34,$EC:$EG,5,FALSE) | AB34: =IF($I34="TTL",SUMIF($C:$C,MID($K34,1,SEARCH("TTL",$K34)-2),$AB:$AB),IF($EJ34="",0,1/COUNTIF($EJ:$EJ,$EJ34))) -> 0.5 | AC34: 겉감 1: 울40%, 폴리에스터 60%/겉감 2: 아크릴 100% | AD34: 1 | AE34: OML | AF34: 50 | AG34: 동일모자 | AH34: 4 | AI34: =IF($AH34=0,"",IF($AH34<10,"0"&$AH34,$AH34)) -> 04 | AJ34: M | AK34: CN | AL34: =IF($AK34=0,"",IF($AK34="KR",2,1)) -> 1 | AM34: =IF(ISERROR(VLOOKUP($F34,[1]기획현황취합!$A$1:$E$65474,[1]기획현황취합!$B$1,FALSE))=TRUE,0,VLOOKUP($F34,[1]기획현황취합!$A$1:$E$65474,[1]기획현황취합!$B$1,FALSE)) -> 55000 | AN34: =IF(ISERROR(VLOOKUP($F34,[1]기획현황취합!$A$1:$E$65474,[1]기획현황취합!$C$1,FALSE))=TRUE,0,VLOOKUP($F34,[1]기획현황취합!$A$1:$E$65474,[1]기획현황취합!$C$1,FALSE)) -> 41801 | AO34: =IF(ISERROR(($AM34/1.1)/VLOOKUP($AG34,'TARGET MU'!$A:$D,'TARGET MU'!$D$1,FALSE))=TRUE,0,($AM34/1.1)/VLOOKUP($AG34,'TARGET MU'!$A:$D,'TARGET MU'!$D$1,FALSE)) -> 8333.3333 | AP34: =IF(OR(AF34=0,AND(AV34=0,AW34=0)),0,IF(AG34="캡보이2",AV34*$AQ$5+AU34,IF(OR(AK34="IN",AK34="BG",AK34="VT",AK34="CB"),$AU34+(($AV34*(1+$AW$4))*(HLOOKUP(VLOOKUP(AG34,'TARGET MU'!$A:$P,'TARGET MU'!$J$1,FALSE),$AO$4:$AR$5,2,FALSE)))+$AW34,$AU34+((($AV34*(1+$AW$4))*(1+HLOOKUP(VLOOKUP($P34,CODE!$K:$P,CODE!$P$1,FALSE),$AS$4:$AV$5,2,FALSE)))*(HLOOKUP(VLOOKUP(AG34,'TARGET MU'!$A:$P,'TARGET MU'!$J$1,FALSE),$AO$4:$AR$5,2,FALSE)))+$AW34))) -> 8956.06 | AQ34: =AP34-AO34 -> 622.72667 | AR34: 329 | AS34: 0 | AT34: 20 | AU34: =SUM(AR34:AT34) -> 349 | AV34: 6.9 | AW34: 0 | AX34: =IF(ISERROR(VLOOKUP($F34,[1]기획현황취합!$A$1:$E$65474,[1]기획현황취합!$D$1,FALSE))=TRUE,0,VLOOKUP($F34,[1]기획현황취합!$A$1:$E$65474,[1]기획현황취합!$D$1,FALSE)) -> 41736 | AY34: 41876 | AZ34: =IF(ISERROR(VLOOKUP($F34,[1]기획현황취합!$A$1:$E$65474,[1]기획현황취합!$E$1,FALSE))=TRUE,0,VLOOKUP($F34,[1]기획현황취합!$A$1:$E$65474,[1]기획현황취합!$E$1,FALSE)) -> 41879 | BA34: 41879 | BB34: 41912 | BC34: 0 | BD34: 0 | BE34: 0 | BF34: 0 | BG34: 확정 | BH34: 확정 | BI34: =IF($I34="TTL",SUMIF($C:$C,MID($K34,1,SEARCH("TTL",$K34)-2),$BI:$BI),SUMIF(실입고현황!$A:$A,BB34&VLOOKUP($AG34,'TARGET MU'!$A:$D,'TARGET MU'!$B$1,FALSE)&$Z34&" "&$AE34,실입고현황!$C:$C)) -> 50 | BJ34: =IF($I34="TTL",SUMIF($C:$C,MID($K34,1,SEARCH("TTL",$K34)-2),$BJ:$BJ),SUMIF(실입고현황!$A:$A,BC34&VLOOKUP($AG34,'TARGET MU'!$A:$D,'TARGET MU'!$B$1,FALSE)&$Z34&" "&$AE34,실입고현황!$C:$C)) -> 0 | BK34: =IF($I34="TTL",SUMIF($C:$C,MID($K34,1,SEARCH("TTL",$K34)-2),$BK:$BK),SUMIF(실입고현황!$A:$A,BD34&VLOOKUP($AG34,'TARGET MU'!$A:$D,'TARGET MU'!$B$1,FALSE)&$Z34&" "&$AE34,실입고현황!$C:$C)) -> 0 | BL34: =IF($I34="TTL",SUMIF($C:$C,MID($K34,1,SEARCH("TTL",$K34)-2),$BL:$BL),SUMIF(실입고현황!$A:$A,BE34&VLOOKUP($AG34,'TARGET MU'!$A:$D,'TARGET MU'!$B$1,FALSE)&$Z34&" "&$AE34,실입고현황!$C:$C)) -> 0 | BM34: =IF($I34="TTL",SUMIF($C:$C,MID($K34,1,SEARCH("TTL",$K34)-2),$BM:$BM),SUMIF(실입고현황!$A:$A,BF34&VLOOKUP($AG34,'TARGET MU'!$A:$D,'TARGET MU'!$B$1,FALSE)&$Z34&" "&$AE34,실입고현황!$C:$C)) -> 0 | BN34: =IF($I34="TTL",SUMIF($C:$C,MID($K34,1,SEARCH("TTL",$K34)-2),$BN:$BN),IF(($BO34-SUM($BI34,$BJ34,$BK34,BL34,BM34))<$BO34*$BN$6,0,$BO34-SUM($BI34,$BJ34,$BK34,BL34,BM34))) -> 0 | BO34: =IF($I34="TTL",SUMIF($C:$C,MID($K34,1,SEARCH("TTL",$K34)-2),$BO:$BO),$AF34) -> 50 | BP34: =IF($I34="TTL",SUMIF($C:$C,MID($K34,1,SEARCH("TTL",$K34)-2),$BP:$BP),IF($AO34=0,0,IF($AP34=0,$AO34*$AF34,$AP34*$AF34))) -> 447803 | BQ34: =IF($I34="TTL",SUMIF($C:$C,MID($K34,1,SEARCH("TTL",$K34)-2),$BQ:$BQ),$AM34*$AF34) -> 2750000 | BR34: =IF(ISERROR($BQ34/($BP34*1.1))=TRUE,0,$BQ34/($BP34*1.1)) -> 5.5828121 | BT34: =IF(ISERROR(Z34&VLOOKUP($AG34,'TARGET MU'!$A:$D,'TARGET MU'!$B$1,FALSE))=TRUE,"",Z34&VLOOKUP($AG34,'TARGET MU'!$A:$D,'TARGET MU'!$B$1,FALSE)) -> ELKERF5513PK동일모자(청도) | BU34: =AP34 -> 8956.06 | BV34: =Z34&AE34&AF34&AM34&AG34&AI34&AK34 -> ELKERF5513PKOML5055000동일모자04CN | BX34: =IF($I34="TTL","",$L34) -> ELK | BY34: =$O34 -> 5 | BZ34: =$AJ34 -> M | CA34: =$P34 -> ER | CB34: =$R34 -> K | CC34: =$AK34 -> CN | CD34: =$W34 -> 14FW ELS_05_SNAP_PK_KIDS | CE34: =$U34 -> ELKERF5513 | CF34: =$T34 -> 513 | CG34: =$W34 -> 14FW ELS_05_SNAP_PK_KIDS | CH34: =$X34 -> PK | CI34: =$AD34 -> 1 | CJ34: =$AE34 -> OML | CK34: =IF($I34="TTL",SUMIF($C:$C,MID($K34,1,SEARCH("TTL",$K34)-2),$BO:$BO),$AF34) -> 50 | CL34: =$AV34 -> 6.9 | CM34: =$AM34 -> 55000 | CN34: =$AP34-$AU34 -> 8607.06 | CO34: =$AU34 -> 349 | CP34: =$AL34 -> 1 | CQ34: 972 | CT34: =IF($I34="TTL",$K34,$Z34&$AE34) -> ELKERF5513PKOML | CU34: =$M34 -> ELSTINKO KIDS | CV34: =IF($I34="TTL","",IF($CX34="","",$Q34&"_"&$T34&IF(N34="K","_KIDS",IF(N34="I","_INFANT","")))) -> EARCAP_513 | CW34: =IF($I34="TTL","",IF($CT34="","",$Y34&"_"&$AE34)) -> PINK_OML | CX34: =$L34 -> ELK | CY34: =$T34 -> 513 | CZ34: =IF($I34="TTL",SUMIF($C:$C,MID($K34,1,SEARCH("TTL",$K34)-2),$CZ:$CZ),$AF34) -> 50 | DA34: =$AM34 -> 55000 | DB34: =$Y34 -> PINK | DC34: =$AE34 -> OML | DD34: 2014.07.03 택발주 (바원테크) | DG34: 41736 | DH34: =IF(OR($I34="TTL",$I34=""),"",AZ34-$DH$11) -> 41789 | DI34: 41745 | DJ34: 41746 | DL34: 5 | DM34: 2 | DN34: 41768 | DO34: 없음 | DP34: =IF(OR($DN34="없음",$I34="TTL",$I34=""),"",AZ34-$DP$11) -> 41819 | DQ34: 41794 | DR34: 없음 | EC34: =IF(OR(Z33&AX33=Z34&AX33,Z34&AX34=""),"",Z34&AX34) | ED34: =IF(OR(Z33&AE33=Z34&AE34,Z34=""),"",Z34&AE34) -> ELKERF5513PKOML | EE34: =IF(ED34="",0,IF(COUNTIF(ED$12:ED33,ED34)=0,0,COUNTIF(ED$12:ED33,ED34))) -> 0 | EF34: =IF(OR($AJ34="B",$ED34="",MID($U34,8,1)=$EF$9,MID($U34,8,1)=$EF$10),0,1) -> 0 | EG34: =IF(EE34+EF34=0,"","R"&(EE34+EF34)) | EI34: =IF($ED34="","",IF($EE34=0,U34,"")) -> ELKERF5513 | EJ34: =IF($ED34="","",IF($EE34=0,Z34,"")) -> ELKERF5513PK
A35: =IF(OR($I35="TTL",$I35=""),"",IF(ISERROR(VLOOKUP($B35,CODE!$D:$G,CODE!$F$1-2,FALSE))=TRUE,"전략",VLOOKUP($B35,CODE!$D:$G,CODE!$F$1-2,FALSE))) | B35: =IF(OR($I35="TTL",$I35=""),"",IF(VLOOKUP($P35,CODE!$K:$O,CODE!$O$1,FALSE)="",$I35,$I35&"-"&VLOOKUP($P35,CODE!$K:$O,CODE!$O$1,FALSE))) | C35: =IF($I35="TTL","",I35&"-"&$AG35&"-"&$AI35) | D35: =$C35&$Z35 | E35: =IF($I35="TTL",0,IF(ISERROR(IF($Z34=$Z35,$E34,$E34+1))=TRUE,1,IF($Z34=$Z35,$E34,$E34+1))) -> 0 | F35: =$C35&$E35 -> 0 | G35: =$F35&"-"&$U35&$Y35&$AE35 -> 0- | H35: =IF(ISERROR(I35&VLOOKUP(P35,CODE!$K:$N,CODE!$N$1,FALSE)&S35)=TRUE,0,I35&VLOOKUP(P35,CODE!$K:$N,CODE!$N$1,FALSE)&S35) -> 0 | I35: =IF(ISERROR(SEARCH("TTL",$K35))=TRUE,IF($L35="","",VLOOKUP($L35,CODE!$B:$G,CODE!$D$1,FALSE)),"TTL") -> TTL | J35: =MID(W35,1,6) | K35: =C34&" TTL" -> ELK-동일모자-04 TTL | M35: =IF(OR($I35="TTL",$L35=""),"",VLOOKUP($L35,CODE!$B:$D,CODE!$C$1,FALSE)) | N35: =IF(OR($I35="TTL",$L35=""),"",VLOOKUP($K$2,CODE!$S:$T,CODE!$T$1-1,FALSE)) | O35: =IF(OR($I35="TTL",$L35=""),"",VLOOKUP($L$2,CODE!$X:$Y,CODE!$Y$1-1,FALSE)) | Q35: =IF(OR($I35="TTL",$P35=""),"",VLOOKUP($P35,CODE!$K:$M,CODE!$L$1,FALSE)) | R35: K | T35: =IF(OR($I35="TTL",$S35=""),"",IF($S35<10,"00"&$S35,IF($S35<100,"0"&$S35,$S35))) | U35: =IF($I35="TTL","",$L35&$P35&$N35&$O35&$T35) | V35: =IF($I35="TTL",SUMIF($C:$C,MID($K35,1,SEARCH("TTL",$K35)-2),$V:$V),IF($EI35="",0,1/COUNTIF($EI:$EI,$EI35))) -> 3 | X35: =IF($Y35="","",VLOOKUP($Y35,CODE!$AE:$AF,CODE!$AF$1-1,FALSE)) | Z35: =$U35&$X35 | AA35: =VLOOKUP($Z35&$AX35,$EC:$EG,5,FALSE) | AB35: =IF($I35="TTL",SUMIF($C:$C,MID($K35,1,SEARCH("TTL",$K35)-2),$AB:$AB),IF($EJ35="",0,1/COUNTIF($EJ:$EJ,$EJ35))) -> 3 | AC35: 0 | AD35: 1 | AI35: =IF($AH35=0,"",IF($AH35<10,"0"&$AH35,$AH35)) | AL35: =IF($AK35=0,"",IF($AK35="KR",2,1)) | AM35: =IF(ISERROR(VLOOKUP($F35,[1]기획현황취합!$A$1:$E$65474,[1]기획현황취합!$B$1,FALSE))=TRUE,0,VLOOKUP($F35,[1]기획현황취합!$A$1:$E$65474,[1]기획현황취합!$B$1,FALSE)) -> 0 | AN35: =IF(ISERROR(VLOOKUP($F35,[1]기획현황취합!$A$1:$E$65474,[1]기획현황취합!$C$1,FALSE))=TRUE,0,VLOOKUP($F35,[1]기획현황취합!$A$1:$E$65474,[1]기획현황취합!$C$1,FALSE)) -> 0 | AO35: =IF(ISERROR(($AM35/1.1)/VLOOKUP($AG35,'TARGET MU'!$A:$D,'TARGET MU'!$D$1,FALSE))=TRUE,0,($AM35/1.1)/VLOOKUP($AG35,'TARGET MU'!$A:$D,'TARGET MU'!$D$1,FALSE)) -> 0 | AP35: =IF(OR(AF35=0,AND(AV35=0,AW35=0)),0,IF(AG35="캡보이2",AV35*$AQ$5+AU35,IF(OR(AK35="IN",AK35="BG",AK35="VT",AK35="CB"),$AU35+(($AV35*(1+$AW$4))*(HLOOKUP(VLOOKUP(AG35,'TARGET MU'!$A:$P,'TARGET MU'!$J$1,FALSE),$AO$4:$AR$5,2,FALSE)))+$AW35,$AU35+((($AV35*(1+$AW$4))*(1+HLOOKUP(VLOOKUP($P35,CODE!$K:$P,CODE!$P$1,FALSE),$AS$4:$AV$5,2,FALSE)))*(HLOOKUP(VLOOKUP(AG35,'TARGET MU'!$A:$P,'TARGET MU'!$J$1,FALSE),$AO$4:$AR$5,2,FALSE)))+$AW35))) -> 0 | AQ35: =AP35-AO35 -> 0 | AR35: 0 | AS35: 0 | AU35: =SUM(AR35:AT35) -> 0 | AV35: 0 | AW35: 0 | AX35: =IF(ISERROR(VLOOKUP($F35,[1]기획현황취합!$A$1:$E$65474,[1]기획현황취합!$D$1,FALSE))=TRUE,0,VLOOKUP($F35,[1]기획현황취합!$A$1:$E$65474,[1]기획현황취합!$D$1,FALSE)) -> 0 | AY35: 0 | AZ35: =IF(ISERROR(VLOOKUP($F35,[1]기획현황취합!$A$1:$E$65474,[1]기획현황취합!$E$1,FALSE))=TRUE,0,VLOOKUP($F35,[1]기획현황취합!$A$1:$E$65474,[1]기획현황취합!$E$1,FALSE)) -> 0 | BA35: 0 | BB35: 0 | BC35: 0 | BD35: 0 | BE35: 0 | BF35: 0 | BG35: 0 | BH35: 0 | BI35: =IF($I35="TTL",SUMIF($C:$C,MID($K35,1,SEARCH("TTL",$K35)-2),$BI:$BI),SUMIF(실입고현황!$A:$A,BB35&VLOOKUP($AG35,'TARGET MU'!$A:$D,'TARGET MU'!$B$1,FALSE)&$Z35&" "&$AE35,실입고현황!$C:$C)) -> 327 | BJ35: =IF($I35="TTL",SUMIF($C:$C,MID($K35,1,SEARCH("TTL",$K35)-2),$BJ:$BJ),SUMIF(실입고현황!$A:$A,BC35&VLOOKUP($AG35,'TARGET MU'!$A:$D,'TARGET MU'!$B$1,FALSE)&$Z35&" "&$AE35,실입고현황!$C:$C)) -> 106 | BK35: =IF($I35="TTL",SUMIF($C:$C,MID($K35,1,SEARCH("TTL",$K35)-2),$BK:$BK),SUMIF(실입고현황!$A:$A,BD35&VLOOKUP($AG35,'TARGET MU'!$A:$D,'TARGET MU'!$B$1,FALSE)&$Z35&" "&$AE35,실입고현황!$C:$C)) -> 0 | BL35: =IF($I35="TTL",SUMIF($C:$C,MID($K35,1,SEARCH("TTL",$K35)-2),$BL:$BL),SUMIF(실입고현황!$A:$A,BE35&VLOOKUP($AG35,'TARGET MU'!$A:$D,'TARGET MU'!$B$1,FALSE)&$Z35&" "&$AE35,실입고현황!$C:$C)) -> 0 | BM35: =IF($I35="TTL",SUMIF($C:$C,MID($K35,1,SEARCH("TTL",$K35)-2),$BM:$BM),SUMIF(실입고현황!$A:$A,BF35&VLOOKUP($AG35,'TARGET MU'!$A:$D,'TARGET MU'!$B$1,FALSE)&$Z35&" "&$AE35,실입고현황!$C:$C)) -> 0 | BN35: =IF($I35="TTL",SUMIF($C:$C,MID($K35,1,SEARCH("TTL",$K35)-2),$BN:$BN),IF(($BO35-SUM($BI35,$BJ35,$BK35,BL35,BM35))<$BO35*$BN$6,0,$BO35-SUM($BI35,$BJ35,$BK35,BL35,BM35))) -> 0 | BO35: =IF($I35="TTL",SUMIF($C:$C,MID($K35,1,SEARCH("TTL",$K35)-2),$BO:$BO),$AF35) -> 450 | BP35: =IF($I35="TTL",SUMIF($C:$C,MID($K35,1,SEARCH("TTL",$K35)-2),$BP:$BP),IF($AO35=0,0,IF($AP35=0,$AO35*$AF35,$AP35*$AF35))) -> 4103788 | BQ35: =IF($I35="TTL",SUMIF($C:$C,MID($K35,1,SEARCH("TTL",$K35)-2),$BQ:$BQ),$AM35*$AF35) -> 24750000 | BR35: =IF(ISERROR($BQ35/($BP35*1.1))=TRUE,0,$BQ35/($BP35*1.1)) -> 5.4827394 | BT35: =IF(ISERROR(Z35&VLOOKUP($AG35,'TARGET MU'!$A:$D,'TARGET MU'!$B$1,FALSE))=TRUE,"",Z35&VLOOKUP($AG35,'TARGET MU'!$A:$D,'TARGET MU'!$B$1,FALSE)) | BU35: =AP35 -> 0 | BV35: =Z35&AE35&AF35&AM35&AG35&AI35&AK35 -> 0 | BX35: =IF($I35="TTL","",$L35) | BY35: =$O35 | BZ35: =$AJ35 -> 0 | CA35: =$P35 -> 0 | CB35: =$R35 -> K | CC35: =$AK35 -> 0 | CD35: =$W35 -> 0 | CE35: =$U35 | CF35: =$T35 | CG35: =$W35 -> 0 | CH35: =$X35 | CI35: =$AD35 -> 1 | CJ35: =$AE35 -> 0 | CK35: =IF($I35="TTL",SUMIF($C:$C,MID($K35,1,SEARCH("TTL",$K35)-2),$BO:$BO),$AF35) -> 450 | CL35: =$AV35 -> 0 | CM35: =$AM35 -> 0 | CN35: =$AP35-$AU35 -> 0 | CO35: =$AU35 -> 0 | CP35: =$AL35 | CT35: =IF($I35="TTL",$K35,$Z35&$AE35) -> ELK-동일모자-04 TTL | CU35: =$M35 | CV35: =IF($I35="TTL","",IF($CX35="","",$Q35&"_"&$T35&IF(N35="K","_KIDS",IF(N35="I","_INFANT","")))) | CW35: =IF($I35="TTL","",IF($CT35="","",$Y35&"_"&$AE35)) | CX35: =$L35 -> 0 | CY35: =$T35 | CZ35: =IF($I35="TTL",SUMIF($C:$C,MID($K35,1,SEARCH("TTL",$K35)-2),$CZ:$CZ),$AF35) -> 450 | DA35: =$AM35 -> 0 | DB35: =$Y35 -> 0 | DC35: =$AE35 -> 0 | DH35: =IF(OR($I35="TTL",$I35=""),"",AZ35-$DH$11) | DP35: =IF(OR($DN35="없음",$I35="TTL",$I35=""),"",AZ35-$DP$11) | EC35: =IF(OR(Z34&AX34=Z35&AX34,Z35&AX35=""),"",Z35&AX35) -> 0 | ED35: =IF(OR(Z34&AE34=Z35&AE35,Z35=""),"",Z35&AE35) | EE35: =IF(ED35="",0,IF(COUNTIF(ED$12:ED34,ED35)=0,0,COUNTIF(ED$12:ED34,ED35))) -> 0 | EF35: =IF(OR($AJ35="B",$ED35="",MID($U35,8,1)=$EF$9,MID($U35,8,1)=$EF$10),0,1) -> 0 | EG35: =IF(EE35+EF35=0,"","R"&(EE35+EF35)) | EI35: =IF($ED35="","",IF($EE35=0,U35,"")) | EJ35: =IF($ED35="","",IF($EE35=0,Z35,""))
A36: =IF(OR($I36="TTL",$I36=""),"",IF(ISERROR(VLOOKUP($B36,CODE!$D:$G,CODE!$F$1-2,FALSE))=TRUE,"전략",VLOOKUP($B36,CODE!$D:$G,CODE!$F$1-2,FALSE))) -> F-CAP | B36: =IF(OR($I36="TTL",$I36=""),"",IF(VLOOKUP($P36,CODE!$K:$O,CODE!$O$1,FALSE)="",$I36,$I36&"-"&VLOOKUP($P36,CODE!$K:$O,CODE!$O$1,FALSE))) -> ELK | C36: =IF($I36="TTL","",I36&"-"&$AG36&"-"&$AI36) -> ELK-FOREMOST-10 | D36: =$C36&$Z36 -> ELK-FOREMOST-10ELKERF5516OR | E36: =IF($I36="TTL",0,IF(ISERROR(IF($Z35=$Z36,$E35,$E35+1))=TRUE,1,IF($Z35=$Z36,$E35,$E35+1))) -> 1 | F36: =$C36&$E36 -> ELK-FOREMOST-101 | G36: =$F36&"-"&$U36&$Y36&$AE36 -> ELK-FOREMOST-101-ELKERF5516ORANGEXSS | H36: =IF(ISERROR(I36&VLOOKUP(P36,CODE!$K:$N,CODE!$N$1,FALSE)&S36)=TRUE,0,I36&VLOOKUP(P36,CODE!$K:$N,CODE!$N$1,FALSE)&S36) -> ELK의류외516 | I36: =IF(ISERROR(SEARCH("TTL",$K36))=TRUE,IF($L36="","",VLOOKUP($L36,CODE!$B:$G,CODE!$D$1,FALSE)),"TTL") -> ELK | J36: =MID(W36,1,6) -> 14FW E | L36: ELK | M36: =IF(OR($I36="TTL",$L36=""),"",VLOOKUP($L36,CODE!$B:$D,CODE!$C$1,FALSE)) -> ELSTINKO KIDS | N36: =IF(OR($I36="TTL",$L36=""),"",VLOOKUP($K$2,CODE!$S:$T,CODE!$T$1-1,FALSE)) -> F | O36: 5 | P36: ER | Q36: =IF(OR($I36="TTL",$P36=""),"",VLOOKUP($P36,CODE!$K:$M,CODE!$L$1,FALSE)) -> EARCAP | R36: K | S36: 516 | T36: =IF(OR($I36="TTL",$S36=""),"",IF($S36<10,"00"&$S36,IF($S36<100,"0"&$S36,$S36))) -> 516 | U36: =IF($I36="TTL","",$L36&$P36&$N36&$O36&$T36) -> ELKERF5516 | V36: =IF($I36="TTL",SUMIF($C:$C,MID($K36,1,SEARCH("TTL",$K36)-2),$V:$V),IF($EI36="",0,1/COUNTIF($EI:$EI,$EI36))) -> 0.33333333 | W36: 14FW ELS 39_TROOPER_OR_KIDS | X36: =IF($Y36="","",VLOOKUP($Y36,CODE!$AE:$AF,CODE!$AF$1-1,FALSE)) -> OR | Y36: ORANGE | Z36: =$U36&$X36 -> ELKERF5516OR | AA36: =VLOOKUP($Z36&$AX36,$EC:$EG,5,FALSE) | AB36: =IF($I36="TTL",SUMIF($C:$C,MID($K36,1,SEARCH("TTL",$K36)-2),$AB:$AB),IF($EJ36="",0,1/COUNTIF($EJ:$EJ,$EJ36))) -> 0.33333333 | AC36: 면 70% , 폴리에스터 30% | AD36: 1 | AE36: XSS | AF36: 400 | AG36: FOREMOST | AH36: 10 | AI36: =IF($AH36=0,"",IF($AH36<10,"0"&$AH36,$AH36)) -> 10 | AJ36: M | AK36: CN | AL36: =IF($AK36=0,"",IF($AK36="KR",2,1)) -> 1 | AM36: =IF(ISERROR(VLOOKUP($F36,[1]기획현황취합!$A$1:$E$65474,[1]기획현황취합!$B$1,FALSE))=TRUE,0,VLOOKUP($F36,[1]기획현황취합!$A$1:$E$65474,[1]기획현황취합!$B$1,FALSE)) -> 45000 | AN36: =IF(ISERROR(VLOOKUP($F36,[1]기획현황취합!$A$1:$E$65474,[1]기획현황취합!$C$1,FALSE))=TRUE,0,VLOOKUP($F36,[1]기획현황취합!$A$1:$E$65474,[1]기획현황취합!$C$1,FALSE)) -> 41801 | AO36: =IF(ISERROR(($AM36/1.1)/VLOOKUP($AG36,'TARGET MU'!$A:$D,'TARGET MU'!$D$1,FALSE))=TRUE,0,($AM36/1.1)/VLOOKUP($AG36,'TARGET MU'!$A:$D,'TARGET MU'!$D$1,FALSE)) -> 6818.1818 | AP36: =IF(OR(AF36=0,AND(AV36=0,AW36=0)),0,IF(AG36="캡보이2",AV36*$AQ$5+AU36,IF(OR(AK36="IN",AK36="BG",AK36="VT",AK36="CB"),$AU36+(($AV36*(1+$AW$4))*(HLOOKUP(VLOOKUP(AG36,'TARGET MU'!$A:$P,'TARGET MU'!$J$1,FALSE),$AO$4:$AR$5,2,FALSE)))+$AW36,$AU36+((($AV36*(1+$AW$4))*(1+HLOOKUP(VLOOKUP($P36,CODE!$K:$P,CODE!$P$1,FALSE),$AS$4:$AV$5,2,FALSE)))*(HLOOKUP(VLOOKUP(AG36,'TARGET MU'!$A:$P,'TARGET MU'!$J$1,FALSE),$AO$4:$AR$5,2,FALSE)))+$AW36))) -> 6874.9983 | AQ36: =AP36-AO36 -> 56.816443 | AR36: 867.47826 | AS36: 0 | AT36: 20 | AU36: =SUM(AR36:AT36) -> 887.47826 | AV36: 4.8 | AW36: 0 | AX36: =IF(ISERROR(VLOOKUP($F36,[1]기획현황취합!$A$1:$E$65474,[1]기획현황취합!$D$1,FALSE))=TRUE,0,VLOOKUP($F36,[1]기획현황취합!$A$1:$E$65474,[1]기획현황취합!$D$1,FALSE)) -> 41750 | AY36: 41871 | AZ36: =IF(ISERROR(VLOOKUP($F36,[1]기획현황취합!$A$1:$E$65474,[1]기획현황취합!$E$1,FALSE))=TRUE,0,VLOOKUP($F36,[1]기획현황취합!$A$1:$E$65474,[1]기획현황취합!$E$1,FALSE)) -> 41879 | BA36: 41877 | BB36: 41906 | BC36: 0 | BD36: 0 | BE36: 0 | BF36: 0 | BG36: 확정 | BH36: 확정 | BI36: =IF($I36="TTL",SUMIF($C:$C,MID($K36,1,SEARCH("TTL",$K36)-2),$BI:$BI),SUMIF(실입고현황!$A:$A,BB36&VLOOKUP($AG36,'TARGET MU'!$A:$D,'TARGET MU'!$B$1,FALSE)&$Z36&" "&$AE36,실입고현황!$C:$C)) -> 400 | BJ36: =IF($I36="TTL",SUMIF($C:$C,MID($K36,1,SEARCH("TTL",$K36)-2),$BJ:$BJ),SUMIF(실입고현황!$A:$A,BC36&VLOOKUP($AG36,'TARGET MU'!$A:$D,'TARGET MU'!$B$1,FALSE)&$Z36&" "&$AE36,실입고현황!$C:$C)) -> 0 | BK36: =IF($I36="TTL",SUMIF($C:$C,MID($K36,1,SEARCH("TTL",$K36)-2),$BK:$BK),SUMIF(실입고현황!$A:$A,BD36&VLOOKUP($AG36,'TARGET MU'!$A:$D,'TARGET MU'!$B$1,FALSE)&$Z36&" "&$AE36,실입고현황!$C:$C)) -> 0 | BL36: =IF($I36="TTL",SUMIF($C:$C,MID($K36,1,SEARCH("TTL",$K36)-2),$BL:$BL),SUMIF(실입고현황!$A:$A,BE36&VLOOKUP($AG36,'TARGET MU'!$A:$D,'TARGET MU'!$B$1,FALSE)&$Z36&" "&$AE36,실입고현황!$C:$C)) -> 0 | BM36: =IF($I36="TTL",SUMIF($C:$C,MID($K36,1,SEARCH("TTL",$K36)-2),$BM:$BM),SUMIF(실입고현황!$A:$A,BF36&VLOOKUP($AG36,'TARGET MU'!$A:$D,'TARGET MU'!$B$1,FALSE)&$Z36&" "&$AE36,실입고현황!$C:$C)) -> 0 | BN36: =IF($I36="TTL",SUMIF($C:$C,MID($K36,1,SEARCH("TTL",$K36)-2),$BN:$BN),IF(($BO36-SUM($BI36,$BJ36,$BK36,BL36,BM36))<$BO36*$BN$6,0,$BO36-SUM($BI36,$BJ36,$BK36,BL36,BM36))) -> 0 | BO36: =IF($I36="TTL",SUMIF($C:$C,MID($K36,1,SEARCH("TTL",$K36)-2),$BO:$BO),$AF36) -> 400 | BP36: =IF($I36="TTL",SUMIF($C:$C,MID($K36,1,SEARCH("TTL",$K36)-2),$BP:$BP),IF($AO36=0,0,IF($AP36=0,$AO36*$AF36,$AP36*$AF36))) -> 2749999.3 | BQ36: =IF($I36="TTL",SUMIF($C:$C,MID($K36,1,SEARCH("TTL",$K36)-2),$BQ:$BQ),$AM36*$AF36) -> 18000000 | BR36: =IF(ISERROR($BQ36/($BP36*1.1))=TRUE,0,$BQ36/($BP36*1.1)) -> 5.9504147 | BT36: =IF(ISERROR(Z36&VLOOKUP($AG36,'TARGET MU'!$A:$D,'TARGET MU'!$B$1,FALSE))=TRUE,"",Z36&VLOOKUP($AG36,'TARGET MU'!$A:$D,'TARGET MU'!$B$1,FALSE)) -> ELKERF5516OR포모스트 | BU36: =AP36 -> 6874.9983 | BV36: =Z36&AE36&AF36&AM36&AG36&AI36&AK36 -> ELKERF5516ORXSS40045000FOREMOST10CN | BX36: =IF($I36="TTL","",$L36) -> ELK | BY36: =$O36 -> 5 | BZ36: =$AJ36 -> M | CA36: =$P36 -> ER | CB36: =$R36 -> K | CC36: =$AK36 -> CN | CD36: =$W36 -> 14FW ELS 39_TROOPER_OR_KIDS | CE36: =$U36 -> ELKERF5516 | CF36: =$T36 -> 516 | CG36: =$W36 -> 14FW ELS 39_TROOPER_OR_KIDS | CH36: =$X36 -> OR | CI36: =$AD36 -> 1 | CJ36: =$AE36 -> XSS | CK36: =IF($I36="TTL",SUMIF($C:$C,MID($K36,1,SEARCH("TTL",$K36)-2),$BO:$BO),$AF36) -> 400 | CL36: =$AV36 -> 4.8 | CM36: =$AM36 -> 45000 | CN36: =$AP36-$AU36 -> 5987.52 | CO36: =$AU36 -> 887.47826 | CP36: =$AL36 -> 1 | CQ36: 938 | CT36: =IF($I36="TTL",$K36,$Z36&$AE36) -> ELKERF5516ORXSS | CU36: =$M36 -> ELSTINKO KIDS | CV36: =IF($I36="TTL","",IF($CX36="","",$Q36&"_"&$T36&IF(N36="K","_KIDS",IF(N36="I","_INFANT","")))) -> EARCAP_516 | CW36: =IF($I36="TTL","",IF($CT36="","",$Y36&"_"&$AE36)) -> ORANGE_XSS | CX36: =$L36 -> ELK | CY36: =$T36 -> 516 | CZ36: =IF($I36="TTL",SUMIF($C:$C,MID($K36,1,SEARCH("TTL",$K36)-2),$CZ:$CZ),$AF36) -> 400 | DA36: =$AM36 -> 45000 | DB36: =$Y36 -> ORANGE | DC36: =$AE36 -> XSS | DD36: 2014.07.03 택발주 (바원테크) | DG36: 41751 | DH36: =IF(OR($I36="TTL",$I36=""),"",AZ36-$DH$11) -> 41789 | DI36: 41758 | DJ36: 41758 | DK36: 41807 | DL36: 3 | DM36: 1 | DN36: 41774 | DO36: 없음 | DP36: =IF(OR($DN36="없음",$I36="TTL",$I36=""),"",AZ36-$DP$11) -> 41819 | DQ36: 없음 | DR36: 없음 | DS36: 41807 | DT36: 41802 | DU36: 41879 | EC36: =IF(OR(Z35&AX35=Z36&AX35,Z36&AX36=""),"",Z36&AX36) -> ELKERF5516OR41750 | ED36: =IF(OR(Z35&AE35=Z36&AE36,Z36=""),"",Z36&AE36) -> ELKERF5516ORXSS | EE36: =IF(ED36="",0,IF(COUNTIF(ED$12:ED35,ED36)=0,0,COUNTIF(ED$12:ED35,ED36))) -> 0 | EF36: =IF(OR($AJ36="B",$ED36="",MID($U36,8,1)=$EF$9,MID($U36,8,1)=$EF$10),0,1) -> 0 | EG36: =IF(EE36+EF36=0,"","R"&(EE36+EF36)) | EI36: =IF($ED36="","",IF($EE36=0,U36,"")) -> ELKERF5516 | EJ36: =IF($ED36="","",IF($EE36=0,Z36,"")) -> ELKERF5516OR
A37: =IF(OR($I37="TTL",$I37=""),"",IF(ISERROR(VLOOKUP($B37,CODE!$D:$G,CODE!$F$1-2,FALSE))=TRUE,"전략",VLOOKUP($B37,CODE!$D:$G,CODE!$F$1-2,FALSE))) -> F-CAP | B37: =IF(OR($I37="TTL",$I37=""),"",IF(VLOOKUP($P37,CODE!$K:$O,CODE!$O$1,FALSE)="",$I37,$I37&"-"&VLOOKUP($P37,CODE!$K:$O,CODE!$O$1,FALSE))) -> ELK | C37: =IF($I37="TTL","",I37&"-"&$AG37&"-"&$AI37) -> ELK-FOREMOST-10 | D37: =$C37&$Z37 -> ELK-FOREMOST-10ELKERF5516OR | E37: =IF($I37="TTL",0,IF(ISERROR(IF($Z36=$Z37,$E36,$E36+1))=TRUE,1,IF($Z36=$Z37,$E36,$E36+1))) -> 1 | F37: =$C37&$E37 -> ELK-FOREMOST-101 | G37: =$F37&"-"&$U37&$Y37&$AE37 -> ELK-FOREMOST-101-ELKERF5516ORANGEOSM | H37: =IF(ISERROR(I37&VLOOKUP(P37,CODE!$K:$N,CODE!$N$1,FALSE)&S37)=TRUE,0,I37&VLOOKUP(P37,CODE!$K:$N,CODE!$N$1,FALSE)&S37) -> ELK의류외516 | I37: =IF(ISERROR(SEARCH("TTL",$K37))=TRUE,IF($L37="","",VLOOKUP($L37,CODE!$B:$G,CODE!$D$1,FALSE)),"TTL") -> ELK | J37: =MID(W37,1,6) -> 14FW E | L37: ELK | M37: =IF(OR($I37="TTL",$L37=""),"",VLOOKUP($L37,CODE!$B:$D,CODE!$C$1,FALSE)) -> ELSTINKO KIDS | N37: =IF(OR($I37="TTL",$L37=""),"",VLOOKUP($K$2,CODE!$S:$T,CODE!$T$1-1,FALSE)) -> F | O37: 5 | P37: ER | Q37: =IF(OR($I37="TTL",$P37=""),"",VLOOKUP($P37,CODE!$K:$M,CODE!$L$1,FALSE)) -> EARCAP | R37: K | S37: 516 | T37: =IF(OR($I37="TTL",$S37=""),"",IF($S37<10,"00"&$S37,IF($S37<100,"0"&$S37,$S37))) -> 516 | U37: =IF($I37="TTL","",$L37&$P37&$N37&$O37&$T37) -> ELKERF5516 | V37: =IF($I37="TTL",SUMIF($C:$C,MID($K37,1,SEARCH("TTL",$K37)-2),$V:$V),IF($EI37="",0,1/COUNTIF($EI:$EI,$EI37))) -> 0.33333333 | W37: 14FW ELS 39_TROOPER_OR_KIDS | X37: =IF($Y37="","",VLOOKUP($Y37,CODE!$AE:$AF,CODE!$AF$1-1,FALSE)) -> OR | Y37: ORANGE | Z37: =$U37&$X37 -> ELKERF5516OR | AA37: =VLOOKUP($Z37&$AX37,$EC:$EG,5,FALSE) | AB37: =IF($I37="TTL",SUMIF($C:$C,MID($K37,1,SEARCH("TTL",$K37)-2),$AB:$AB),IF($EJ37="",0,1/COUNTIF($EJ:$EJ,$EJ37))) -> 0.33333333 | AC37: 면 70% , 폴리에스터 30% | AD37: 1 | AE37: OSM | AF37: 100 | AG37: FOREMOST | AH37: 10 | AI37: =IF($AH37=0,"",IF($AH37<10,"0"&$AH37,$AH37)) -> 10 | AJ37: M | AK37: CN | AL37: =IF($AK37=0,"",IF($AK37="KR",2,1)) -> 1 | AM37: =IF(ISERROR(VLOOKUP($F37,[1]기획현황취합!$A$1:$E$65474,[1]기획현황취합!$B$1,FALSE))=TRUE,0,VLOOKUP($F37,[1]기획현황취합!$A$1:$E$65474,[1]기획현황취합!$B$1,FALSE)) -> 45000 | AN37: =IF(ISERROR(VLOOKUP($F37,[1]기획현황취합!$A$1:$E$65474,[1]기획현황취합!$C$1,FALSE))=TRUE,0,VLOOKUP($F37,[1]기획현황취합!$A$1:$E$65474,[1]기획현황취합!$C$1,FALSE)) -> 41801 | AO37: =IF(ISERROR(($AM37/1.1)/VLOOKUP($AG37,'TARGET MU'!$A:$D,'TARGET MU'!$D$1,FALSE))=TRUE,0,($AM37/1.1)/VLOOKUP($AG37,'TARGET MU'!$A:$D,'TARGET MU'!$D$1,FALSE)) -> 6818.1818 | AP37: =IF(OR(AF37=0,AND(AV37=0,AW37=0)),0,IF(AG37="캡보이2",AV37*$AQ$5+AU37,IF(OR(AK37="IN",AK37="BG",AK37="VT",AK37="CB"),$AU37+(($AV37*(1+$AW$4))*(HLOOKUP(VLOOKUP(AG37,'TARGET MU'!$A:$P,'TARGET MU'!$J$1,FALSE),$AO$4:$AR$5,2,FALSE)))+$AW37,$AU37+((($AV37*(1+$AW$4))*(1+HLOOKUP(VLOOKUP($P37,CODE!$K:$P,CODE!$P$1,FALSE),$AS$4:$AV$5,2,FALSE)))*(HLOOKUP(VLOOKUP(AG37,'TARGET MU'!$A:$P,'TARGET MU'!$J$1,FALSE),$AO$4:$AR$5,2,FALSE)))+$AW37))) -> 6224.3896 | AQ37: =AP37-AO37 -> -593.79225 | AR37: 216.86957 | AS37: 0 | AT37: 20 | AU37: =SUM(AR37:AT37) -> 236.86957 | AV37: 4.8 | AW37: 0 | AX37: =IF(ISERROR(VLOOKUP($F37,[1]기획현황취합!$A$1:$E$65474,[1]기획현황취합!$D$1,FALSE))=TRUE,0,VLOOKUP($F37,[1]기획현황취합!$A$1:$E$65474,[1]기획현황취합!$D$1,FALSE)) -> 41750 | AY37: 41871 | AZ37: =IF(ISERROR(VLOOKUP($F37,[1]기획현황취합!$A$1:$E$65474,[1]기획현황취합!$E$1,FALSE))=TRUE,0,VLOOKUP($F37,[1]기획현황취합!$A$1:$E$65474,[1]기획현황취합!$E$1,FALSE)) -> 41879 | BA37: 41877 | BB37: 41906 | BC37: 0 | BD37: 0 | BE37: 0 | BF37: 0 | BG37: 확정 | BH37: 확정 | BI37: =IF($I37="TTL",SUMIF($C:$C,MID($K37,1,SEARCH("TTL",$K37)-2),$BI:$BI),SUMIF(실입고현황!$A:$A,BB37&VLOOKUP($AG37,'TARGET MU'!$A:$D,'TARGET MU'!$B$1,FALSE)&$Z37&" "&$AE37,실입고현황!$C:$C)) -> 100 | BJ37: =IF($I37="TTL",SUMIF($C:$C,MID($K37,1,SEARCH("TTL",$K37)-2),$BJ:$BJ),SUMIF(실입고현황!$A:$A,BC37&VLOOKUP($AG37,'TARGET MU'!$A:$D,'TARGET MU'!$B$1,FALSE)&$Z37&" "&$AE37,실입고현황!$C:$C)) -> 0 | BK37: =IF($I37="TTL",SUMIF($C:$C,MID($K37,1,SEARCH("TTL",$K37)-2),$BK:$BK),SUMIF(실입고현황!$A:$A,BD37&VLOOKUP($AG37,'TARGET MU'!$A:$D,'TARGET MU'!$B$1,FALSE)&$Z37&" "&$AE37,실입고현황!$C:$C)) -> 0 | BL37: =IF($I37="TTL",SUMIF($C:$C,MID($K37,1,SEARCH("TTL",$K37)-2),$BL:$BL),SUMIF(실입고현황!$A:$A,BE37&VLOOKUP($AG37,'TARGET MU'!$A:$D,'TARGET MU'!$B$1,FALSE)&$Z37&" "&$AE37,실입고현황!$C:$C)) -> 0 | BM37: =IF($I37="TTL",SUMIF($C:$C,MID($K37,1,SEARCH("TTL",$K37)-2),$BM:$BM),SUMIF(실입고현황!$A:$A,BF37&VLOOKUP($AG37,'TARGET MU'!$A:$D,'TARGET MU'!$B$1,FALSE)&$Z37&" "&$AE37,실입고현황!$C:$C)) -> 0 | BN37: =IF($I37="TTL",SUMIF($C:$C,MID($K37,1,SEARCH("TTL",$K37)-2),$BN:$BN),IF(($BO37-SUM($BI37,$BJ37,$BK37,BL37,BM37))<$BO37*$BN$6,0,$BO37-SUM($BI37,$BJ37,$BK37,BL37,BM37))) -> 0 | BO37: =IF($I37="TTL",SUMIF($C:$C,MID($K37,1,SEARCH("TTL",$K37)-2),$BO:$BO),$AF37) -> 100 | BP37: =IF($I37="TTL",SUMIF($C:$C,MID($K37,1,SEARCH("TTL",$K37)-2),$BP:$BP),IF($AO37=0,0,IF($AP37=0,$AO37*$AF37,$AP37*$AF37))) -> 622438.96 | BQ37: =IF($I37="TTL",SUMIF($C:$C,MID($K37,1,SEARCH("TTL",$K37)-2),$BQ:$BQ),$AM37*$AF37) -> 4500000 | BR37: =IF(ISERROR($BQ37/($BP37*1.1))=TRUE,0,$BQ37/($BP37*1.1)) -> 6.572386 | BT37: =IF(ISERROR(Z37&VLOOKUP($AG37,'TARGET MU'!$A:$D,'TARGET MU'!$B$1,FALSE))=TRUE,"",Z37&VLOOKUP($AG37,'TARGET MU'!$A:$D,'TARGET MU'!$B$1,FALSE)) -> ELKERF5516OR포모스트 | BU37: =AP37 -> 6224.3896 | BV37: =Z37&AE37&AF37&AM37&AG37&AI37&AK37 -> ELKERF5516OROSM10045000FOREMOST10CN | BX37: =IF($I37="TTL","",$L37) -> ELK | BY37: =$O37 -> 5 | BZ37: =$AJ37 -> M | CA37: =$P37 -> ER | CB37: =$R37 -> K | CC37: =$AK37 -> CN | CD37: =$W37 -> 14FW ELS 39_TROOPER_OR_KIDS | CE37: =$U37 -> ELKERF5516 | CF37: =$T37 -> 516 | CG37: =$W37 -> 14FW ELS 39_TROOPER_OR_KIDS | CH37: =$X37 -> OR | CI37: =$AD37 -> 1 | CJ37: =$AE37 -> OSM | CK37: =IF($I37="TTL",SUMIF($C:$C,MID($K37,1,SEARCH("TTL",$K37)-2),$BO:$BO),$AF37) -> 100 | CL37: =$AV37 -> 4.8 | CM37: =$AM37 -> 45000 | CN37: =$AP37-$AU37 -> 5987.52 | CO37: =$AU37 -> 236.86957 | CP37: =$AL37 -> 1 | CQ37: 938 | CT37: =IF($I37="TTL",$K37,$Z37&$AE37) -> ELKERF5516OROSM | CU37: =$M37 -> ELSTINKO KIDS | CV37: =IF($I37="TTL","",IF($CX37="","",$Q37&"_"&$T37&IF(N37="K","_KIDS",IF(N37="I","_INFANT","")))) -> EARCAP_516 | CW37: =IF($I37="TTL","",IF($CT37="","",$Y37&"_"&$AE37)) -> ORANGE_OSM | CX37: =$L37 -> ELK | CY37: =$T37 -> 516 | CZ37: =IF($I37="TTL",SUMIF($C:$C,MID($K37,1,SEARCH("TTL",$K37)-2),$CZ:$CZ),$AF37) -> 100 | DA37: =$AM37 -> 45000 | DB37: =$Y37 -> ORANGE | DC37: =$AE37 -> OSM | DD37: 2014.07.03 택발주 (바원테크) | DG37: 41751 | DH37: =IF(OR($I37="TTL",$I37=""),"",AZ37-$DH$11) -> 41789 | DI37: 41758 | DJ37: 41758 | DK37: 41807 | DL37: 3 | DM37: 1 | DN37: 41774 | DO37: 없음 | DP37: =IF(OR($DN37="없음",$I37="TTL",$I37=""),"",AZ37-$DP$11) -> 41819 | DQ37: 없음 | DR37: 없음 | DS37: 41807 | DT37: 41802 | DU37: 41879 | EC37: =IF(OR(Z36&AX36=Z37&AX36,Z37&AX37=""),"",Z37&AX37) | ED37: =IF(OR(Z36&AE36=Z37&AE37,Z37=""),"",Z37&AE37) -> ELKERF5516OROSM | EE37: =IF(ED37="",0,IF(COUNTIF(ED$12:ED36,ED37)=0,0,COUNTIF(ED$12:ED36,ED37))) -> 0 | EF37: =IF(OR($AJ37="B",$ED37="",MID($U37,8,1)=$EF$9,MID($U37,8,1)=$EF$10),0,1) -> 0 | EG37: =IF(EE37+EF37=0,"","R"&(EE37+EF37)) | EI37: =IF($ED37="","",IF($EE37=0,U37,"")) -> ELKERF5516 | EJ37: =IF($ED37="","",IF($EE37=0,Z37,"")) -> ELKERF5516OR
