Workbook

Sheet PO ISSUE
D1: 2014 | E1: FW | F1: PURCHASE ORDER LIST
D3: PO# | E3: RXK-14FW-JOI-동일모자-13 | I3: JOI-동일모자-13 TTL | AN3: ISSUE DATE | AO3: 41745
D5: * SEX : K = KIDS, U = UNI
D6: NO. | E6: BRAND | F6: ITEM | G6: SEX | H6: IMAGE | I6: SAMPLE# | J6: STYLE# (For HAT'S ON) | K6: COLOR | L6: QTY. | AK6: UNIT PRICE | AM6: DEL. | AO6: REMARKS
L7: 03M | M7: 06M | N7: 12M | O7: 18M | Q7: XXS | R7: OXS | S7: OSS | T7: OMM | U7: OLL | V7: OXL | X7: 714 | Y7: 738 | Z7: 712 | AA7: 758 | AB7: 734 | AC7: 778 | AE7: FRE | AF7: XSS | AG7: OSM | AH7: OML | AI7: LXL | AJ7: TOTAL | AK7: FOB($) | AL7: (\,-VAT) | AM7: SHIPMENT | AN7: WAREHOUSE
A8: 1 | B8: JOIERF5501IVORY | D8: 1 | E8: JOIE BETE | F8: EARCAP | G8: K | I8: 14FW JOIE BETE_01_IV_KIDS | J8: JOIERF5501 | K8: IVORY | AE8: 1500 | AJ8: =SUM(L8:AI8) -> 1500 | AK8: =IF(ISERROR(VLOOKUP(MID($E$3,10,100)&$A8,[1]기획현황!$F:$BS,[1]기획현황!$AV$1,FALSE))=TRUE,"",VLOOKUP(MID($E$3,10,100)&$A8,[1]기획현황!$F:$BS,[1]기획현황!$AV$1,FALSE)) -> 0 | AL8: =IF(ISERROR(VLOOKUP(MID($E$3,10,100)&$A8,[1]기획현황!$F:$BS,[1]기획현황!$AW$1,FALSE))=TRUE,"",VLOOKUP(MID($E$3,10,100)&$A8,[1]기획현황!$F:$BS,[1]기획현황!$AW$1,FALSE)) -> 0 | AM8: =IF(ISERROR(VLOOKUP(MID($E$3,10,100)&$A8,[1]기획현황!$F:$BS,[1]기획현황!$AY$1,FALSE))=TRUE,"",VLOOKUP(MID($E$3,10,100)&$A8,[1]기획현황!$F:$BS,[1]기획현황!$AY$1,FALSE)) -> 0 | AN8: =IF(ISERROR(VLOOKUP(MID($E$3,10,100)&$A8,[1]기획현황!$F:$BS,[1]기획현황!$AZ$1,FALSE))=TRUE,"",VLOOKUP(MID($E$3,10,100)&$A8,[1]기획현황!$F:$BS,[1]기획현황!$AZ$1,FALSE)) -> 41879
A9: 2 | D9: 0 | AJ9: =SUM(L9:AI9) -> 0 | AK9: =IF(ISERROR(VLOOKUP(MID($E$3,10,100)&$A9,[1]기획현황!$F:$BS,[1]기획현황!$AV$1,FALSE))=TRUE,"",VLOOKUP(MID($E$3,10,100)&$A9,[1]기획현황!$F:$BS,[1]기획현황!$AV$1,FALSE)) | AL9: =IF(ISERROR(VLOOKUP(MID($E$3,10,100)&$A9,[1]기획현황!$F:$BS,[1]기획현황!$AW$1,FALSE))=TRUE,"",VLOOKUP(MID($E$3,10,100)&$A9,[1]기획현황!$F:$BS,[1]기획현황!$AW$1,FALSE)) | AM9: =IF(ISERROR(VLOOKUP(MID($E$3,10,100)&$A9,[1]기획현황!$F:$BS,[1]기획현황!$AY$1,FALSE))=TRUE,"",VLOOKUP(MID($E$3,10,100)&$A9,[1]기획현황!$F:$BS,[1]기획현황!$AY$1,FALSE)) | AN9: =IF(ISERROR(VLOOKUP(MID($E$3,10,100)&$A9,[1]기획현황!$F:$BS,[1]기획현황!$AZ$1,FALSE))=TRUE,"",VLOOKUP(MID($E$3,10,100)&$A9,[1]기획현황!$F:$BS,[1]기획현황!$AZ$1,FALSE))
A10: 3 | D10: 0 | AJ10: =SUM(L10:AI10) -> 0 | AK10: =IF(ISERROR(VLOOKUP(MID($E$3,10,100)&$A10,[1]기획현황!$F:$BS,[1]기획현황!$AV$1,FALSE))=TRUE,"",VLOOKUP(MID($E$3,10,100)&$A10,[1]기획현황!$F:$BS,[1]기획현황!$AV$1,FALSE)) | AL10: =IF(ISERROR(VLOOKUP(MID($E$3,10,100)&$A10,[1]기획현황!$F:$BS,[1]기획현황!$AW$1,FALSE))=TRUE,"",VLOOKUP(MID($E$3,10,100)&$A10,[1]기획현황!$F:$BS,[1]기획현황!$AW$1,FALSE)) | AM10: =IF(ISERROR(VLOOKUP(MID($E$3,10,100)&$A10,[1]기획현황!$F:$BS,[1]기획현황!$AY$1,FALSE))=TRUE,"",VLOOKUP(MID($E$3,10,100)&$A10,[1]기획현황!$F:$BS,[1]기획현황!$AY$1,FALSE)) | AN10: =IF(ISERROR(VLOOKUP(MID($E$3,10,100)&$A10,[1]기획현황!$F:$BS,[1]기획현황!$AZ$1,FALSE))=TRUE,"",VLOOKUP(MID($E$3,10,100)&$A10,[1]기획현황!$F:$BS,[1]기획현황!$AZ$1,FALSE))
A11: 4 | D11: 0 | AJ11: =SUM(L11:AI11) -> 0 | AK11: =IF(ISERROR(VLOOKUP(MID($E$3,10,100)&$A11,[1]기획현황!$F:$BS,[1]기획현황!$AV$1,FALSE))=TRUE,"",VLOOKUP(MID($E$3,10,100)&$A11,[1]기획현황!$F:$BS,[1]기획현황!$AV$1,FALSE)) | AL11: =IF(ISERROR(VLOOKUP(MID($E$3,10,100)&$A11,[1]기획현황!$F:$BS,[1]기획현황!$AW$1,FALSE))=TRUE,"",VLOOKUP(MID($E$3,10,100)&$A11,[1]기획현황!$F:$BS,[1]기획현황!$AW$1,FALSE)) | AM11: =IF(ISERROR(VLOOKUP(MID($E$3,10,100)&$A11,[1]기획현황!$F:$BS,[1]기획현황!$AY$1,FALSE))=TRUE,"",VLOOKUP(MID($E$3,10,100)&$A11,[1]기획현황!$F:$BS,[1]기획현황!$AY$1,FALSE)) | AN11: =IF(ISERROR(VLOOKUP(MID($E$3,10,100)&$A11,[1]기획현황!$F:$BS,[1]기획현황!$AZ$1,FALSE))=TRUE,"",VLOOKUP(MID($E$3,10,100)&$A11,[1]기획현황!$F:$BS,[1]기획현황!$AZ$1,FALSE))
A12: 5 | D12: 0 | AJ12: =SUM(L12:AI12) -> 0 | AK12: =IF(ISERROR(VLOOKUP(MID($E$3,10,100)&$A12,[1]기획현황!$F:$BS,[1]기획현황!$AV$1,FALSE))=TRUE,"",VLOOKUP(MID($E$3,10,100)&$A12,[1]기획현황!$F:$BS,[1]기획현황!$AV$1,FALSE)) | AL12: =IF(ISERROR(VLOOKUP(MID($E$3,10,100)&$A12,[1]기획현황!$F:$BS,[1]기획현황!$AW$1,FALSE))=TRUE,"",VLOOKUP(MID($E$3,10,100)&$A12,[1]기획현황!$F:$BS,[1]기획현황!$AW$1,FALSE)) | AM12: =IF(ISERROR(VLOOKUP(MID($E$3,10,100)&$A12,[1]기획현황!$F:$BS,[1]기획현황!$AY$1,FALSE))=TRUE,"",VLOOKUP(MID($E$3,10,100)&$A12,[1]기획현황!$F:$BS,[1]기획현황!$AY$1,FALSE)) | AN12: =IF(ISERROR(VLOOKUP(MID($E$3,10,100)&$A12,[1]기획현황!$F:$BS,[1]기획현황!$AZ$1,FALSE))=TRUE,"",VLOOKUP(MID($E$3,10,100)&$A12,[1]기획현황!$F:$BS,[1]기획현황!$AZ$1,FALSE))
A13: 6 | D13: 0 | AJ13: =SUM(L13:AI13) -> 0 | AK13: =IF(ISERROR(VLOOKUP(MID($E$3,10,100)&$A13,[1]기획현황!$F:$BS,[1]기획현황!$AV$1,FALSE))=TRUE,"",VLOOKUP(MID($E$3,10,100)&$A13,[1]기획현황!$F:$BS,[1]기획현황!$AV$1,FALSE)) | AL13: =IF(ISERROR(VLOOKUP(MID($E$3,10,100)&$A13,[1]기획현황!$F:$BS,[1]기획현황!$AW$1,FALSE))=TRUE,"",VLOOKUP(MID($E$3,10,100)&$A13,[1]기획현황!$F:$BS,[1]기획현황!$AW$1,FALSE)) | AM13: =IF(ISERROR(VLOOKUP(MID($E$3,10,100)&$A13,[1]기획현황!$F:$BS,[1]기획현황!$AY$1,FALSE))=TRUE,"",VLOOKUP(MID($E$3,10,100)&$A13,[1]기획현황!$F:$BS,[1]기획현황!$AY$1,FALSE)) | AN13: =IF(ISERROR(VLOOKUP(MID($E$3,10,100)&$A13,[1]기획현황!$F:$BS,[1]기획현황!$AZ$1,FALSE))=TRUE,"",VLOOKUP(MID($E$3,10,100)&$A13,[1]기획현황!$F:$BS,[1]기획현황!$AZ$1,FALSE))
A14: 7 | D14: 0 | AJ14: =SUM(L14:AI14) -> 0 | AK14: =IF(ISERROR(VLOOKUP(MID($E$3,10,100)&$A14,[1]기획현황!$F:$BS,[1]기획현황!$AV$1,FALSE))=TRUE,"",VLOOKUP(MID($E$3,10,100)&$A14,[1]기획현황!$F:$BS,[1]기획현황!$AV$1,FALSE)) | AL14: =IF(ISERROR(VLOOKUP(MID($E$3,10,100)&$A14,[1]기획현황!$F:$BS,[1]기획현황!$AW$1,FALSE))=TRUE,"",VLOOKUP(MID($E$3,10,100)&$A14,[1]기획현황!$F:$BS,[1]기획현황!$AW$1,FALSE)) | AM14: =IF(ISERROR(VLOOKUP(MID($E$3,10,100)&$A14,[1]기획현황!$F:$BS,[1]기획현황!$AY$1,FALSE))=TRUE,"",VLOOKUP(MID($E$3,10,100)&$A14,[1]기획현황!$F:$BS,[1]기획현황!$AY$1,FALSE)) | AN14: =IF(ISERROR(VLOOKUP(MID($E$3,10,100)&$A14,[1]기획현황!$F:$BS,[1]기획현황!$AZ$1,FALSE))=TRUE,"",VLOOKUP(MID($E$3,10,100)&$A14,[1]기획현황!$F:$BS,[1]기획현황!$AZ$1,FALSE))
A15: 8 | D15: 0 | AJ15: =SUM(L15:AI15) -> 0 | AK15: =IF(ISERROR(VLOOKUP(MID($E$3,10,100)&$A15,[1]기획현황!$F:$BS,[1]기획현황!$AV$1,FALSE))=TRUE,"",VLOOKUP(MID($E$3,10,100)&$A15,[1]기획현황!$F:$BS,[1]기획현황!$AV$1,FALSE)) | AL15: =IF(ISERROR(VLOOKUP(MID($E$3,10,100)&$A15,[1]기획현황!$F:$BS,[1]기획현황!$AW$1,FALSE))=TRUE,"",VLOOKUP(MID($E$3,10,100)&$A15,[1]기획현황!$F:$BS,[1]기획현황!$AW$1,FALSE)) | AM15: =IF(ISERROR(VLOOKUP(MID($E$3,10,100)&$A15,[1]기획현황!$F:$BS,[1]기획현황!$AY$1,FALSE))=TRUE,"",VLOOKUP(MID($E$3,10,100)&$A15,[1]기획현황!$F:$BS,[1]기획현황!$AY$1,FALSE)) | AN15: =IF(ISERROR(VLOOKUP(MID($E$3,10,100)&$A15,[1]기획현황!$F:$BS,[1]기획현황!$AZ$1,FALSE))=TRUE,"",VLOOKUP(MID($E$3,10,100)&$A15,[1]기획현황!$F:$BS,[1]기획현황!$AZ$1,FALSE))
A16: 9 | D16: 0 | AJ16: =SUM(L16:AI16) -> 0 | AK16: =IF(ISERROR(VLOOKUP(MID($E$3,10,100)&$A16,[1]기획현황!$F:$BS,[1]기획현황!$AV$1,FALSE))=TRUE,"",VLOOKUP(MID($E$3,10,100)&$A16,[1]기획현황!$F:$BS,[1]기획현황!$AV$1,FALSE)) | AL16: =IF(ISERROR(VLOOKUP(MID($E$3,10,100)&$A16,[1]기획현황!$F:$BS,[1]기획현황!$AW$1,FALSE))=TRUE,"",VLOOKUP(MID($E$3,10,100)&$A16,[1]기획현황!$F:$BS,[1]기획현황!$AW$1,FALSE)) | AM16: =IF(ISERROR(VLOOKUP(MID($E$3,10,100)&$A16,[1]기획현황!$F:$BS,[1]기획현황!$AY$1,FALSE))=TRUE,"",VLOOKUP(MID($E$3,10,100)&$A16,[1]기획현황!$F:$BS,[1]기획현황!$AY$1,FALSE)) | AN16: =IF(ISERROR(VLOOKUP(MID($E$3,10,100)&$A16,[1]기획현황!$F:$BS,[1]기획현황!$AZ$1,FALSE))=TRUE,"",VLOOKUP(MID($E$3,10,100)&$A16,[1]기획현황!$F:$BS,[1]기획현황!$AZ$1,FALSE))
A17: 10 | D17: 0 | AJ17: =SUM(L17:AI17) -> 0 | AK17: =IF(ISERROR(VLOOKUP(MID($E$3,10,100)&$A17,[1]기획현황!$F:$BS,[1]기획현황!$AV$1,FALSE))=TRUE,"",VLOOKUP(MID($E$3,10,100)&$A17,[1]기획현황!$F:$BS,[1]기획현황!$AV$1,FALSE)) | AL17: =IF(ISERROR(VLOOKUP(MID($E$3,10,100)&$A17,[1]기획현황!$F:$BS,[1]기획현황!$AW$1,FALSE))=TRUE,"",VLOOKUP(MID($E$3,10,100)&$A17,[1]기획현황!$F:$BS,[1]기획현황!$AW$1,FALSE)) | AM17: =IF(ISERROR(VLOOKUP(MID($E$3,10,100)&$A17,[1]기획현황!$F:$BS,[1]기획현황!$AY$1,FALSE))=TRUE,"",VLOOKUP(MID($E$3,10,100)&$A17,[1]기획현황!$F:$BS,[1]기획현황!$AY$1,FALSE)) | AN17: =IF(ISERROR(VLOOKUP(MID($E$3,10,100)&$A17,[1]기획현황!$F:$BS,[1]기획현황!$AZ$1,FALSE))=TRUE,"",VLOOKUP(MID($E$3,10,100)&$A17,[1]기획현황!$F:$BS,[1]기획현황!$AZ$1,FALSE))
A18: 11 | D18: 0 | AJ18: =SUM(L18:AI18) -> 0 | AK18: =IF(ISERROR(VLOOKUP(MID($E$3,10,100)&$A18,[1]기획현황!$F:$BS,[1]기획현황!$AV$1,FALSE))=TRUE,"",VLOOKUP(MID($E$3,10,100)&$A18,[1]기획현황!$F:$BS,[1]기획현황!$AV$1,FALSE)) | AL18: =IF(ISERROR(VLOOKUP(MID($E$3,10,100)&$A18,[1]기획현황!$F:$BS,[1]기획현황!$AW$1,FALSE))=TRUE,"",VLOOKUP(MID($E$3,10,100)&$A18,[1]기획현황!$F:$BS,[1]기획현황!$AW$1,FALSE)) | AM18: =IF(ISERROR(VLOOKUP(MID($E$3,10,100)&$A18,[1]기획현황!$F:$BS,[1]기획현황!$AY$1,FALSE))=TRUE,"",VLOOKUP(MID($E$3,10,100)&$A18,[1]기획현황!$F:$BS,[1]기획현황!$AY$1,FALSE)) | AN18: =IF(ISERROR(VLOOKUP(MID($E$3,10,100)&$A18,[1]기획현황!$F:$BS,[1]기획현황!$AZ$1,FALSE))=TRUE,"",VLOOKUP(MID($E$3,10,100)&$A18,[1]기획현황!$F:$BS,[1]기획현황!$AZ$1,FALSE))
A19: 12 | D19: 0 | AJ19: =SUM(L19:AI19) -> 0 | AK19: =IF(ISERROR(VLOOKUP(MID($E$3,10,100)&$A19,[1]기획현황!$F:$BS,[1]기획현황!$AV$1,FALSE))=TRUE,"",VLOOKUP(MID($E$3,10,100)&$A19,[1]기획현황!$F:$BS,[1]기획현황!$AV$1,FALSE)) | AL19: =IF(ISERROR(VLOOKUP(MID($E$3,10,100)&$A19,[1]기획현황!$F:$BS,[1]기획현황!$AW$1,FALSE))=TRUE,"",VLOOKUP(MID($E$3,10,100)&$A19,[1]기획현황!$F:$BS,[1]기획현황!$AW$1,FALSE)) | AM19: =IF(ISERROR(VLOOKUP(MID($E$3,10,100)&$A19,[1]기획현황!$F:$BS,[1]기획현황!$AY$1,FALSE))=TRUE,"",VLOOKUP(MID($E$3,10,100)&$A19,[1]기획현황!$F:$BS,[1]기획현황!$AY$1,FALSE)) | AN19: =IF(ISERROR(VLOOKUP(MID($E$3,10,100)&$A19,[1]기획현황!$F:$BS,[1]기획현황!$AZ$1,FALSE))=TRUE,"",VLOOKUP(MID($E$3,10,100)&$A19,[1]기획현황!$F:$BS,[1]기획현황!$AZ$1,FALSE))
A20: 13 | D20: 0 | AJ20: =SUM(L20:AI20) -> 0 | AK20: =IF(ISERROR(VLOOKUP(MID($E$3,10,100)&$A20,[1]기획현황!$F:$BS,[1]기획현황!$AV$1,FALSE))=TRUE,"",VLOOKUP(MID($E$3,10,100)&$A20,[1]기획현황!$F:$BS,[1]기획현황!$AV$1,FALSE)) | AL20: =IF(ISERROR(VLOOKUP(MID($E$3,10,100)&$A20,[1]기획현황!$F:$BS,[1]기획현황!$AW$1,FALSE))=TRUE,"",VLOOKUP(MID($E$3,10,100)&$A20,[1]기획현황!$F:$BS,[1]기획현황!$AW$1,FALSE)) | AM20: =IF(ISERROR(VLOOKUP(MID($E$3,10,100)&$A20,[1]기획현황!$F:$BS,[1]기획현황!$AY$1,FALSE))=TRUE,"",VLOOKUP(MID($E$3,10,100)&$A20,[1]기획현황!$F:$BS,[1]기획현황!$AY$1,FALSE)) | AN20: =IF(ISERROR(VLOOKUP(MID($E$3,10,100)&$A20,[1]기획현황!$F:$BS,[1]기획현황!$AZ$1,FALSE))=TRUE,"",VLOOKUP(MID($E$3,10,100)&$A20,[1]기획현황!$F:$BS,[1]기획현황!$AZ$1,FALSE))
... A76: 69 | D76: 0 | AJ76: =SUM(L76:AI76) -> 0 | AK76: =IF(ISERROR(VLOOKUP(MID($E$3,10,100)&$A76,[1]기획현황!$F:$BS,[1]기획현황!$AV$1,FALSE))=TRUE,"",VLOOKUP(MID($E$3,10,100)&$A76,[1]기획현황!$F:$BS,[1]기획현황!$AV$1,FALSE)) | AL76: =IF(ISERROR(VLOOKUP(MID($E$3,10,100)&$A76,[1]기획현황!$F:$BS,[1]기획현황!$AW$1,FALSE))=TRUE,"",VLOOKUP(MID($E$3,10,100)&$A76,[1]기획현황!$F:$BS,[1]기획현황!$AW$1,FALSE)) | AM76: =IF(ISERROR(VLOOKUP(MID($E$3,10,100)&$A76,[1]기획현황!$F:$BS,[1]기획현황!$AY$1,FALSE))=TRUE,"",VLOOKUP(MID($E$3,10,100)&$A76,[1]기획현황!$F:$BS,[1]기획현황!$AY$1,FALSE)) | AN76: =IF(ISERROR(VLOOKUP(MID($E$3,10,100)&$A76,[1]기획현황!$F:$BS,[1]기획현황!$AZ$1,FALSE))=TRUE,"",VLOOKUP(MID($E$3,10,100)&$A76,[1]기획현황!$F:$BS,[1]기획현황!$AZ$1,FALSE))
D77: TOTAL | L77: =SUM(L8:L76) -> 0 | M77: =SUM(M8:M76) -> 0 | N77: =SUM(N8:N76) -> 0 | O77: =SUM(O8:O76) -> 0 | P77: =SUM(P8:P76) -> 0 | Q77: =SUM(Q8:Q76) -> 0 | R77: =SUM(R8:R76) -> 0 | S77: =SUM(S8:S76) -> 0 | ... AJ77: =SUM(AJ8:AJ76) -> 1500 | AK77: =SUMPRODUCT($AJ8:$AJ68,$AK8:$AK68) -> 0 | AL77: =SUMPRODUCT($AJ8:$AJ68,AL8:AL68) -> 0
