Workbook

Sheet DB
F1: =SUBTOTAL(9,F3:F1048576) -> 1555100 | G1: =SUBTOTAL(9,G3:G1048576) -> 0 | H1: =SUBTOTAL(9,H3:H1048576) -> 1560808 | I1: =SUBTOTAL(9,I3:I1048576) -> 1.5275375e+10 | J1: =SUBTOTAL(9,J3:J1048576) -> 87189840000
A2: 순서 | B2: 0 | C2: 품번색상 | D2: 사이즈 | E2: 분류 | F2: 입고수량 | G2: 미입고수량 | H2: 기획수량 | I2: 원가 | J2: TAG가
A3: 1 | B3: =IF(C2=C3,B2,B2+1) -> 1 | C3: NHLSNF3001BK | D3: FRE | E3: B | F3: 792 | G3: 0 | H3: 792 | I3: 8990261.3 | J3: 34056000
A4: 2 | B4: =IF(C3=C4,B3,B3+1) -> 2 | C4: NHLSNF3002BK | D4: FRE | E4: B | F4: 792 | G4: 0 | H4: 792 | I4: 8990261.3 | J4: 34056000
A5: 3 | B5: =IF(C4=C5,B4,B4+1) -> 3 | C5: NHLSNF3003BK | D5: FRE | E5: B | F5: 792 | G5: 0 | H5: 792 | I5: 8990261.3 | J5: 34056000
A6: 4 | B6: =IF(C5=C6,B5,B5+1) -> 4 | C6: NHLSNF3004RE | D6: FRE | E6: B | F6: 600 | G6: 0 | H6: 600 | I6: 8180449.2 | J6: 28200000
A7: 5 | B7: =IF(C6=C7,B6,B6+1) -> 5 | C7: NHLSNF3005BK | D7: FRE | E7: B | F7: 996 | G7: 0 | H7: 996 | I7: 12337135 | J7: 44820000
A8: 6 | B8: =IF(C7=C8,B7,B7+1) -> 6 | C8: NHLSNF3006NY | D8: FRE | E8: B | F8: 600 | G8: 0 | H8: 600 | I8: 7432009.2 | J8: 27000000
A9: 7 | B9: =IF(C8=C9,B8,B8+1) -> 7 | C9: NHLSNF3007RE | D9: FRE | E9: B | F9: 600 | G9: 0 | H9: 600 | I9: 7432009.2 | J9: 27000000
A10: 8 | B10: =IF(C9=C10,B9,B9+1) -> 8 | C10: NHLSNF3008WH | D10: FRE | E10: B | F10: 600 | G10: 0 | H10: 600 | I10: 7432009.2 | J10: 27000000
A11: 9 | B11: =IF(C10=C11,B10,B10+1) -> 9 | C11: NHLFIF3009BK | D11: 714 | E11: B | F11: 120 | G11: 0 | H11: 120 | I11: 1486401.8 | J11: 5400000
A12: 10 | B12: =IF(C11=C12,B11,B11+1) -> 9 | C12: NHLFIF3009BK | D12: 738 | E12: B | F12: 192 | G12: 0 | H12: 192 | I12: 2378242.9 | J12: 8640000
A13: 11 | B13: =IF(C12=C13,B12,B12+1) -> 9 | C13: NHLFIF3009BK | D13: 712 | E13: B | F13: 192 | G13: 0 | H13: 192 | I13: 2378242.9 | J13: 8640000
A14: 12 | B14: =IF(C13=C14,B13,B13+1) -> 9 | C14: NHLFIF3009BK | D14: 758 | E14: B | F14: 108 | G14: 0 | H14: 108 | I14: 1337761.7 | J14: 4860000
A15: 13 | B15: =IF(C14=C15,B14,B14+1) -> 9 | C15: NHLFIF3009BK | D15: 734 | E15: B | F15: 96 | G15: 0 | H15: 96 | I15: 1189121.5 | J15: 4320000
A16: 14 | B16: =IF(C15=C16,B15,B15+1) -> 9 | C16: NHLFIF3009BK | D16: 778 | E16: B | F16: 84 | G16: 0 | H16: 84 | I16: 1040481.3 | J16: 3780000
A17: 15 | B17: =IF(C16=C17,B16,B16+1) -> 10 | C17: NHLFIF3010BK | D17: 714 | E17: B | F17: 120 | G17: 0 | H17: 120 | I17: 1486401.8 | J17: 5400000
A18: 16 | B18: =IF(C17=C18,B17,B17+1) -> 10 | C18: NHLFIF3010BK | D18: 738 | E18: B | F18: 192 | G18: 0 | H18: 192 | I18: 2378242.9 | J18: 8640000
A19: 17 | B19: =IF(C18=C19,B18,B18+1) -> 10 | C19: NHLFIF3010BK | D19: 712 | E19: B | F19: 192 | G19: 0 | H19: 192 | I19: 2378242.9 | J19: 8640000
A20: 18 | B20: =IF(C19=C20,B19,B19+1) -> 10 | C20: NHLFIF3010BK | D20: 758 | E20: B | F20: 108 | G20: 0 | H20: 108 | I20: 1337761.7 | J20: 4860000
A21: 19 | B21: =IF(C20=C21,B20,B20+1) -> 10 | C21: NHLFIF3010BK | D21: 734 | E21: B | F21: 96 | G21: 0 | H21: 96 | I21: 1189121.5 | J21: 4320000
A22: 20 | B22: =IF(C21=C22,B21,B21+1) -> 10 | C22: NHLFIF3010BK | D22: 778 | E22: B | F22: 84 | G22: 0 | H22: 84 | I22: 1040481.3 | J22: 3780000
A23: 21 | B23: =IF(C22=C23,B22,B22+1) -> 11 | C23: NHLSNF3011BK | D23: FRE | E23: B | F23: 780 | G23: 0 | H23: 792 | I23: 9810252.1 | J23: 35640000
A24: 22 | B24: =IF(C23=C24,B23,B23+1) -> 12 | C24: NHLSNF3012RE | D24: FRE | E24: B | F24: 792 | G24: 0 | H24: 792 | I24: 9810252.1 | J24: 35640000
A25: 23 | B25: =IF(C24=C25,B24,B24+1) -> 13 | C25: NHLSNF3013BK | D25: FRE | E25: B | F25: 996 | G25: 0 | H25: 996 | I25: 13219247 | J25: 46812000
A26: 24 | B26: =IF(C25=C26,B25,B25+1) -> 14 | C26: NHLSNF3014BK | D26: FRE | E26: B | F26: 996 | G26: 0 | H26: 996 | I26: 13219247 | J26: 46812000
A27: 25 | B27: =IF(C26=C27,B26,B26+1) -> 15 | C27: NHLSNF3015BK | D27: FRE | E27: B | F27: 996 | G27: 0 | H27: 996 | I27: 11492296 | J27: 42828000
A28: 26 | B28: =IF(C27=C28,B27,B27+1) -> 16 | C28: NHLSNF3016BK | D28: FRE | E28: B | F28: 996 | G28: 0 | H28: 996 | I28: 11492296 | J28: 42828000
A29: 27 | B29: =IF(C28=C29,B28,B28+1) -> 17 | C29: NHLFIF3017PP | D29: 714 | E29: B | F29: 120 | G29: 0 | H29: 120 | I29: 1486401.8 | J29: 5400000
A30: 28 | B30: =IF(C29=C30,B29,B29+1) -> 17 | C30: NHLFIF3017PP | D30: 738 | E30: B | F30: 192 | G30: 0 | H30: 192 | I30: 2378242.9 | J30: 8640000
A31: 29 | B31: =IF(C30=C31,B30,B30+1) -> 17 | C31: NHLFIF3017PP | D31: 712 | E31: B | F31: 192 | G31: 0 | H31: 192 | I31: 2378242.9 | J31: 8640000
A32: 30 | B32: =IF(C31=C32,B31,B31+1) -> 17 | C32: NHLFIF3017PP | D32: 758 | E32: B | F32: 96 | G32: 0 | H32: 96 | I32: 1189121.5 | J32: 4320000
A33: 31 | B33: =IF(C32=C33,B32,B32+1) -> 18 | C33: NHLFIF3018BU | D33: 714 | E33: B | F33: 120 | G33: 0 | H33: 120 | I33: 1486401.8 | J33: 5400000
A34: 32 | B34: =IF(C33=C34,B33,B33+1) -> 18 | C34: NHLFIF3018BU | D34: 738 | E34: B | F34: 192 | G34: 0 | H34: 192 | I34: 2378242.9 | J34: 8640000
A35: 33 | B35: =IF(C34=C35,B34,B34+1) -> 18 | C35: NHLFIF3018BU | D35: 712 | E35: B | F35: 192 | G35: 0 | H35: 192 | I35: 2378242.9 | J35: 8640000
A36: 34 | B36: =IF(C35=C36,B35,B35+1) -> 18 | C36: NHLFIF3018BU | D36: 758 | E36: B | F36: 96 | G36: 0 | H36: 96 | I36: 1189121.5 | J36: 4320000
A37: 35 | B37: =IF(C36=C37,B36,B36+1) -> 19 | F37: 14112 | G37: 0 | H37: 14124 | I37: 1.7331251e+08 | J37: 632028000
A38: 36 | B38: =IF(C37=C38,B37,B37+1) -> 20 | C38: NHLSNF3019BK | D38: FRE | E38: B | F38: 996 | G38: 0 | H38: 996 | I38: 11492296 | J38: 42828000
A39: 37 | B39: =IF(C38=C39,B38,B38+1) -> 21 | C39: NHLSNF3019GY | D39: FRE | E39: B | F39: 996 | G39: 0 | H39: 996 | I39: 11492296 | J39: 42828000
A40: 38 | B40: =IF(C39=C40,B39,B39+1) -> 22 | C40: NHLSNF3019PP | D40: FRE | E40: B | F40: 792 | G40: 0 | H40: 792 | I40: 9138452.4 | J40: 34056000
A41: 39 | B41: =IF(C40=C41,B40,B40+1) -> 23 | C41: NHLSNF3019GR | D41: FRE | E41: B | F41: 792 | G41: 0 | H41: 792 | I41: 9138452.4 | J41: 34056000
A42: 40 | B42: =IF(C41=C42,B41,B41+1) -> 24 | F42: 3576 | G42: 0 | H42: 3576 | I42: 41261497 | J42: 153768000
A43: 41 | B43: =IF(C42=C43,B42,B42+1) -> 25 | C43: MLNSNF3001BK | D43: FRE | E43: B | F43: 288 | G43: 0 | H43: 288 | I43: 4849891.2 | J43: 14112000
A44: 42 | B44: =IF(C43=C44,B43,B43+1) -> 26 | C44: MLNSNF3002RE | D44: FRE | E44: B | F44: 288 | G44: 0 | H44: 288 | I44: 4526565.1 | J44: 14112000
A45: 43 | B45: =IF(C44=C45,B44,B44+1) -> 27 | C45: MLNSNF3002BK | D45: FRE | E45: B | F45: 288 | G45: 0 | H45: 288 | I45: 4526565.1 | J45: 14112000
A46: 44 | B46: =IF(C45=C46,B45,B45+1) -> 28 | C46: MLNFIF3003GY | D46: 714 | E46: B | F46: 10 | G46: 0 | H46: 48 | I46: 862202.88 | J46: 2352000
A47: 45 | B47: =IF(C46=C47,B46,B46+1) -> 28 | C47: MLNFIF3003GY | D47: 738 | E47: B | F47: 84 | G47: 0 | H47: 84 | I47: 1508855 | J47: 4116000
A48: 46 | B48: =IF(C47=C48,B47,B47+1) -> 28 | C48: MLNFIF3003GY | D48: 712 | E48: B | F48: 0 | G48: 0 | H48: 84 | I48: 1508855 | J48: 4116000
A49: 47 | B49: =IF(C48=C49,B48,B48+1) -> 28 | C49: MLNFIF3003GY | D49: 758 | E49: B | F49: 0 | G49: 0 | H49: 60 | I49: 1077753.6 | J49: 2940000
A50: 48 | B50: =IF(C49=C50,B49,B49+1) -> 28 | C50: MLNFIF3003GY | D50: 734 | E50: B | F50: 1 | G50: 0 | H50: 48 | I50: 862202.88 | J50: 2352000
A51: 49 | B51: =IF(C50=C51,B50,B50+1) -> 28 | C51: MLNFIF3003GY | D51: 778 | E51: B | F51: 36 | G51: 0 | H51: 36 | I51: 646652.16 | J51: 1764000
A52: 50 | B52: =IF(C51=C52,B51,B51+1) -> 29 | C52: MLNFIF3004KH | D52: 714 | E52: B | F52: 0 | G52: 0 | H52: 48 | I52: 862202.88 | J52: 2352000
A53: 51 | B53: =IF(C52=C53,B52,B52+1) -> 29 | C53: MLNFIF3004KH | D53: 738 | E53: B | F53: 0 | G53: 0 | H53: 84 | I53: 1508855 | J53: 4116000
A54: 52 | B54: =IF(C53=C54,B53,B53+1) -> 29 | C54: MLNFIF3004KH | D54: 712 | E54: B | F54: 0 | G54: 0 | H54: 84 | I54: 1508855 | J54: 4116000
A55: 53 | B55: =IF(C54=C55,B54,B54+1) -> 29 | C55: MLNFIF3004KH | D55: 758 | E55: B | F55: 0 | G55: 0 | H55: 60 | I55: 1077753.6 | J55: 2940000
A56: 54 | B56: =IF(C55=C56,B55,B55+1) -> 29 | C56: MLNFIF3004KH | D56: 734 | E56: B | F56: 0 | G56: 0 | H56: 48 | I56: 862202.88 | J56: 2352000
A57: 55 | B57: =IF(C56=C57,B56,B56+1) -> 29 | C57: MLNFIF3004KH | D57: 778 | E57: B | F57: 0 | G57: 0 | H57: 36 | I57: 646652.16 | J57: 1764000
... A69: 67 | B69: =IF(C68=C69,B68,B68+1) -> 31 | C69: MLNFIF3006BK | D69: 778 | E69: B | F69: 0 | G69: 0 | H69: 36 | I69: 646652.16 | J69: 1764000
A70: 68 | B70: =IF(C69=C70,B69,B69+1) -> 32 | F70: 995 | G70: 0 | H70: 2304 | I70: 39769108 | J70: 112896000
A71: 69 | B71: =IF(C70=C71,B70,B70+1) -> 33 | C71: GOOHUF3001BG | D71: OMM | E71: B | F71: 191 | G71: 0 | H71: 192 | I71: 1928486.4 | J71: 9408000
A72: 70 | B72: =IF(C71=C72,B71,B71+1) -> 33 | C72: GOOHUF3001BG | D72: OLL | E72: B | F72: 168 | G72: 0 | H72: 168 | I72: 1687425.6 | J72: 8232000
A73: 71 | B73: =IF(C72=C73,B72,B72+1) -> 34 | C73: GOOMIF3002KH | D73: OMM | E73: B | F73: 192 | G73: 0 | H73: 192 | I73: 1808736 | J73: 8640000
A74: 72 | B74: =IF(C73=C74,B73,B73+1) -> 34 | C74: GOOMIF3002KH | D74: OLL | E74: B | F74: 168 | G74: 0 | H74: 168 | I74: 1582644 | J74: 7560000
A75: 73 | B75: =IF(C74=C75,B74,B74+1) -> 35 | C75: GOOHUF3003KH | D75: OMM | E75: B | F75: 191 | G75: 0 | H75: 192 | I75: 2287737.6 | J75: 10560000
A76: 74 | B76: =IF(C75=C76,B75,B75+1) -> 35 | C76: GOOHUF3003KH | D76: OLL | E76: B | F76: 168 | G76: 0 | H76: 168 | I76: 2001770.4 | J76: 9240000
A77: 75 | B77: =IF(C76=C77,B76,B76+1) -> 36 | C77: GOOFEF3004BW | D77: OMM | E77: B | F77: 144 | G77: 0 | H77: 144 | I77: 2434305.6 | J77: 10800000
A78: 76 | B78: =IF(C77=C78,B77,B77+1) -> 36 | C78: GOOFEF3004BW | D78: OLL | E78: B | F78: 144 | G78: 0 | H78: 144 | I78: 2434305.6 | J78: 10800000
A79: 77 | B79: =IF(C78=C79,B78,B78+1) -> 37 | C79: GOOMIF3005RE | D79: OMM | E79: B | F79: 192 | G79: 0 | H79: 192 | I79: 1569235.2 | J79: 7488000
A80: 78 | B80: =IF(C79=C80,B79,B79+1) -> 37 | C80: GOOMIF3005RE | D80: OLL | E80: B | F80: 168 | G80: 0 | H80: 168 | I80: 1373080.8 | J80: 6552000
A81: 79 | B81: =IF(C80=C81,B80,B80+1) -> 38 | C81: GOOMIF3005GY | D81: OMM | E81: B | F81: 192 | G81: 0 | H81: 192 | I81: 1569235.2 | J81: 7488000
A82: 80 | B82: =IF(C81=C82,B81,B81+1) -> 38 | C82: GOOMIF3005GY | D82: OLL | E82: B | F82: 168 | G82: 0 | H82: 168 | I82: 1373080.8 | J82: 6552000
... A95: 93 | B95: =IF(C94=C95,B94,B94+1) -> 44 | C95: GOOFAF3009GY | D95: OLL | E95: B | F95: 60 | G95: 0 | H95: 60 | I95: 1163982 | J95: 4740000
A96: 94 | B96: =IF(C95=C96,B95,B95+1) -> 45 | F96: 3718 | G96: 0 | H96: 3720 | I96: 45597264 | J96: 206904000
A97: 95 | B97: =IF(C96=C97,B96,B96+1) -> 46 | C97: HCUMIF3210BK | D97: FRE | E97: M | F97: 3000 | G97: 0 | H97: 3000 | I97: 23261640 | J97: 159000000
A98: 96 | B98: =IF(C97=C98,B97,B97+1) -> 47 | C98: HCUMIF3302BK | D98: FRE | E98: M | F98: 999 | G98: 0 | H98: 1000 | I98: 5009600 | J98: 35000000
A99: 97 | B99: =IF(C98=C99,B98,B98+1) -> 48 | F99: 3999 | G99: 0 | H99: 4000 | I99: 28271240 | J99: 194000000
A100: 98 | B100: =IF(C99=C100,B99,B99+1) -> 49 | C100: HCUMIF3306BK | D100: FRE | E100: M | F100: 1507 | G100: 0 | H100: 1500 | I100: 9385500 | J100: 82500000
A101: 99 | B101: =IF(C100=C101,B100,B100+1) -> 50 | C101: HCUMIF3306KH | D101: FRE | E101: M | F101: 1502 | G101: 0 | H101: 1500 | I101: 9385500 | J101: 82500000
A102: 100 | B102: =IF(C101=C102,B101,B101+1) -> 51 | C102: HCUMIF3307GY | D102: OSM | E102: M | F102: 701 | G102: 0 | H102: 700 | I102: 4379900 | J102: 38500000
A103: 101 | B103: =IF(C102=C103,B102,B102+1) -> 51 | C103: HCUMIF3307GY | D103: OML | E103: M | F103: 803 | G103: 0 | H103: 800 | I103: 5005600 | J103: 44000000
A104: 102 | B104: =IF(C103=C104,B103,B103+1) -> 52 | F104: 4513 | G104: 0 | H104: 4500 | I104: 28156500 | J104: 247500000
A105: 103 | B105: =IF(C104=C105,B104,B104+1) -> 53 | C105: SMBFIF3634RE | D105: OSM | E105: M | F105: 2000 | G105: 0 | H105: 2000 | I105: 15944500 | J105: 110000000
A106: 104 | B106: =IF(C105=C106,B105,B105+1) -> 53 | C106: SMBFIF3634RE | D106: OML | E106: M | F106: 1000 | G106: 0 | H106: 1000 | I106: 7972250 | J106: 55000000
A107: 105 | B107: =IF(C106=C107,B106,B106+1) -> 54 | F107: 3000 | G107: 0 | H107: 3000 | I107: 23916750 | J107: 165000000
A108: 106 | B108: =IF(C107=C108,B107,B107+1) -> 55 | C108: VBLBAF3103BK | D108: FRE | E108: M | F108: 1500 | G108: 0 | H108: 1500 | I108: 6017520 | J108: 82500000
A109: 107 | B109: =IF(C108=C109,B108,B108+1) -> 56 | F109: 1500 | G109: 0 | H109: 1500 | I109: 6017520 | J109: 82500000
A110: 108 | B110: =IF(C109=C110,B109,B109+1) -> 57 | C110: ELSTPF5321MT | D110: FRE | E110: M | F110: 1000 | G110: 0 | H110: 1000 | I110: 6822780 | J110: 49000000
A111: 109 | B111: =IF(C110=C111,B110,B110+1) -> 58 | C111: ELSTPF5821MT | D111: FRE | E111: M | F111: 2000 | G111: 0 | H111: 2000 | I111: 13076080 | J111: 90000000
A112: 110 | B112: =IF(C111=C112,B111,B111+1) -> 59 | C112: ELSTPF5301NY | D112: FRE | E112: M | F112: 2000 | G112: 0 | H112: 2000 | I112: 16979480 | J112: 118000000
A113: 111 | B113: =IF(C112=C113,B112,B112+1) -> 60 | C113: ELSTPF5801NY | D113: FRE | E113: M | F113: 2000 | G113: 0 | H113: 2000 | I113: 16196000 | J113: 110000000
A114: 112 | B114: =IF(C113=C114,B113,B113+1) -> 61 | F114: 7000 | G114: 0 | H114: 7000 | I114: 53074340 | J114: 367000000
A115: 113 | B115: =IF(C114=C115,B114,B114+1) -> 62 | C115: JOIEBF5803BL | D115: FRE | E115: M | F115: 1500 | G115: 0 | H115: 1500 | I115: 13484145 | J115: 82500000
A116: 114 | B116: =IF(C115=C116,B115,B115+1) -> 63 | C116: JOIEBF5804RE | D116: FRE | E116: M | F116: 1498 | G116: 0 | H116: 1500 | I116: 13203480 | J116: 82500000
A117: 115 | B117: =IF(C116=C117,B116,B116+1) -> 64 | C117: JOIVBF5806NY | D117: FRE | E117: M | F117: 1491 | G117: 0 | H117: 1500 | I117: 15074580 | J117: 82500000
A118: 116 | B118: =IF(C117=C118,B117,B117+1) -> 65 | C118: JOIVBF5806PK | D118: FRE | E118: M | F118: 1492 | G118: 0 | H118: 1500 | I118: 15074580 | J118: 82500000
A119: 117 | B119: =IF(C118=C119,B118,B118+1) -> 66 | F119: 5981 | G119: 0 | H119: 6000 | I119: 56836785 | J119: 330000000
A120: 118 | B120: =IF(C119=C120,B119,B119+1) -> 67 | C120: VBLBAF5113RE | D120: FRE | E120: M | F120: 2498 | G120: 0 | H120: 2500 | I120: 11699575 | J120: 137500000
A121: 119 | B121: =IF(C120=C121,B120,B120+1) -> 68 | C121: VBLERF5315GY | D121: FRE | E121: M | F121: 1498 | G121: 0 | H121: 1500 | I121: 8741295 | J121: 88500000
A122: 120 | B122: =IF(C121=C122,B121,B121+1) -> 69 | F122: 3996 | G122: 0 | H122: 4000 | I122: 20440870 | J122: 226000000
A123: 121 | B123: =IF(C122=C123,B122,B122+1) -> 70 | C123: WTRMIF5301GY | D123: FRE | E123: M | F123: 1496 | G123: 0 | H123: 1500 | I123: 12422160 | J123: 73500000
...

Sheet P
D3: 데이터
A4: 0 | B4: 품번색상 | C4: 분류 | D4: 기획수량 | E4: TAG가 | F4: 원가 | G4: 배수 | H4: 입고수량 | I4: 미입고수량
A5: 1 | B5: NHLSNF3001BK | C5: B | D5: 792 | E5: 34056000 | F5: 8990261.3 | G5: 3.4437264 | H5: 792 | I5: 0
A6: 2 | B6: NHLSNF3002BK | C6: B | D6: 792 | E6: 34056000 | F6: 8990261.3 | G6: 3.4437264 | H6: 792 | I6: 0
A7: 3 | B7: NHLSNF3003BK | C7: B | D7: 792 | E7: 34056000 | F7: 8990261.3 | G7: 3.4437264 | H7: 792 | I7: 0
A8: 4 | B8: NHLSNF3004RE | C8: B | D8: 600 | E8: 28200000 | F8: 8180449.2 | G8: 3.1338577 | H8: 600 | I8: 0
A9: 5 | B9: NHLSNF3005BK | C9: B | D9: 996 | E9: 44820000 | F9: 12337135 | G9: 3.3026674 | H9: 996 | I9: 0
A10: 6 | B10: NHLSNF3006NY | C10: B | D10: 600 | E10: 27000000 | F10: 7432009.2 | G10: 3.3026674 | H10: 600 | I10: 0
A11: 7 | B11: NHLSNF3007RE | C11: B | D11: 600 | E11: 27000000 | F11: 7432009.2 | G11: 3.3026674 | H11: 600 | I11: 0
A12: 8 | B12: NHLSNF3008WH | C12: B | D12: 600 | E12: 27000000 | F12: 7432009.2 | G12: 3.3026674 | H12: 600 | I12: 0
A13: 9 | B13: NHLFIF3009BK | C13: B | D13: 792 | E13: 35640000 | F13: 9810252.1 | G13: 3.3026674 | H13: 792 | I13: 0
A14: 10 | B14: NHLFIF3010BK | C14: B | D14: 792 | E14: 35640000 | F14: 9810252.1 | G14: 3.3026674 | H14: 792 | I14: 0
A15: 11 | B15: NHLSNF3011BK | C15: B | D15: 792 | E15: 35640000 | F15: 9810252.1 | G15: 3.3026674 | H15: 780 | I15: 0
A16: 12 | B16: NHLSNF3012RE | C16: B | D16: 792 | E16: 35640000 | F16: 9810252.1 | G16: 3.3026674 | H16: 792 | I16: 0
... A834: 1053 | B834: SHLFAF5005BK | C834: B | D834: 5 | E834: 295000 | F834: 120781.82 | G834: 2.2203824 | H834: 5 | I834: 0
A835: 총합계 | D835: 781404 | E835: 43708920000 | F835: 7.6630327e+09 | G835: 5.1853337 | H835: 778550 | I835: 0

Sheet DB2
A1: 러닝/신규 | B1: 최초/리오더 | C1: 품번(최초) | D1: 품번수(최초) | E1: 품번(리오더) | F1: 품번수(리오더) | G1: 품번색상(최초) | H1: 색상수(최초) | I1: 품번색상(리오더) | J1: 색상수(리오더) | K1: 년도시즌 | L1: 품목2 | M1: 브랜드 | N1: 품목 | O1: 브랜드품목 | P1: 성별 | Q1: 품번 | R1: 품번색상 | S1: 분류 | T1: 기획수량 | U1: TAG가 | V1: 원가(-V) | W1: 배수 | X1: 입고수량 | Y1: 미입고수량
A2: =IF(OR(MID(R2,8,1)="0",MID(R2,8,1)="5"),"신규","러닝") -> 신규 | B2: =IF(COUNTIF(R$1:R1,R2)=0,"최초","리오더") -> 최초 | C2: =IF($B2="리오더","",Q2) -> NHLSNF3001 | D2: =IF(C2="",0,1/COUNTIF(C:C,C2)) -> 1 | E2: =IF($B2="리오더",Q2,"") | F2: =IF(E2="",0,1/COUNTIF(E:E,E2)) -> 0 | G2: =IF($B2="리오더","",R2) -> NHLSNF3001BK | H2: =IF(G2="",0,1/COUNTIF(G:G,G2)) -> 1 | I2: =IF($B2="리오더",R2,"") | J2: =IF(I2="",0,1/COUNTIF(I:I,I2)) -> 0 | K2: =MID(R2,6,2) -> F3 | L2: =VLOOKUP(N2,CODE!K:P,CODE!$P$1,FALSE) -> 모자 | M2: =VLOOKUP(MID(R2,1,3),CODE!$B:$G,CODE!D$1,FALSE) -> NHL | N2: =MID(R2,4,2) -> SN | O2: =IF(ISERROR(IF(VLOOKUP($N2,CODE!$K:$P,CODE!$O$1,FALSE)="",$M2,$M2&"-"&VLOOKUP($N2,CODE!$K:$P,CODE!$O$1,FALSE)))=TRUE,"",IF(VLOOKUP($N2,CODE!$K:$P,CODE!$O$1,FALSE)="",$M2,$M2&"-"&VLOOKUP($N2,CODE!$K:$P,CODE!$O$1,FALSE))) -> NHL | P2: =IF(OR(MID(R2,8,1)="0",MID(R2,8,1)="1",MID(R2,8,1)="2",MID(R2,8,1)="3",MID(R2,8,1)="4"),"성인","키즈") -> 성인 | Q2: =MID(R2,1,10) -> NHLSNF3001 | R2: NHLSNF3001BK | S2: B | T2: 792 | U2: 34056000 | V2: 8990261.3 | W2: 3.4437264 | X2: 792 | Y2: 0
A3: =IF(OR(MID(R3,8,1)="0",MID(R3,8,1)="5"),"신규","러닝") -> 신규 | B3: =IF(COUNTIF(R$1:R2,R3)=0,"최초","리오더") -> 최초 | C3: =IF($B3="리오더","",Q3) -> NHLSNF3002 | D3: =IF(C3="",0,1/COUNTIF(C:C,C3)) -> 1 | E3: =IF($B3="리오더",Q3,"") | F3: =IF(E3="",0,1/COUNTIF(E:E,E3)) -> 0 | G3: =IF($B3="리오더","",R3) -> NHLSNF3002BK | H3: =IF(G3="",0,1/COUNTIF(G:G,G3)) -> 1 | I3: =IF($B3="리오더",R3,"") | J3: =IF(I3="",0,1/COUNTIF(I:I,I3)) -> 0 | K3: =MID(R3,6,2) -> F3 | L3: =VLOOKUP(N3,CODE!K:P,CODE!$P$1,FALSE) -> 모자 | M3: =VLOOKUP(MID(R3,1,3),CODE!$B:$G,CODE!D$1,FALSE) -> NHL | N3: =MID(R3,4,2) -> SN | O3: =IF(ISERROR(IF(VLOOKUP($N3,CODE!$K:$P,CODE!$O$1,FALSE)="",$M3,$M3&"-"&VLOOKUP($N3,CODE!$K:$P,CODE!$O$1,FALSE)))=TRUE,"",IF(VLOOKUP($N3,CODE!$K:$P,CODE!$O$1,FALSE)="",$M3,$M3&"-"&VLOOKUP($N3,CODE!$K:$P,CODE!$O$1,FALSE))) -> NHL | P3: =IF(OR(MID(R3,8,1)="0",MID(R3,8,1)="1",MID(R3,8,1)="2",MID(R3,8,1)="3",MID(R3,8,1)="4"),"성인","키즈") -> 성인 | Q3: =MID(R3,1,10) -> NHLSNF3002 | R3: NHLSNF3002BK | S3: B | T3: 792 | U3: 34056000 | V3: 8990261.3 | W3: 3.4437264 | X3: 792 | Y3: 0
A4: =IF(OR(MID(R4,8,1)="0",MID(R4,8,1)="5"),"신규","러닝") -> 신규 | B4: =IF(COUNTIF(R$1:R3,R4)=0,"최초","리오더") -> 최초 | C4: =IF($B4="리오더","",Q4) -> NHLSNF3003 | D4: =IF(C4="",0,1/COUNTIF(C:C,C4)) -> 1 | E4: =IF($B4="리오더",Q4,"") | F4: =IF(E4="",0,1/COUNTIF(E:E,E4)) -> 0 | G4: =IF($B4="리오더","",R4) -> NHLSNF3003BK | H4: =IF(G4="",0,1/COUNTIF(G:G,G4)) -> 1 | I4: =IF($B4="리오더",R4,"") | J4: =IF(I4="",0,1/COUNTIF(I:I,I4)) -> 0 | K4: =MID(R4,6,2) -> F3 | L4: =VLOOKUP(N4,CODE!K:P,CODE!$P$1,FALSE) -> 모자 | M4: =VLOOKUP(MID(R4,1,3),CODE!$B:$G,CODE!D$1,FALSE) -> NHL | N4: =MID(R4,4,2) -> SN | O4: =IF(ISERROR(IF(VLOOKUP($N4,CODE!$K:$P,CODE!$O$1,FALSE)="",$M4,$M4&"-"&VLOOKUP($N4,CODE!$K:$P,CODE!$O$1,FALSE)))=TRUE,"",IF(VLOOKUP($N4,CODE!$K:$P,CODE!$O$1,FALSE)="",$M4,$M4&"-"&VLOOKUP($N4,CODE!$K:$P,CODE!$O$1,FALSE))) -> NHL | P4: =IF(OR(MID(R4,8,1)="0",MID(R4,8,1)="1",MID(R4,8,1)="2",MID(R4,8,1)="3",MID(R4,8,1)="4"),"성인","키즈") -> 성인 | Q4: =MID(R4,1,10) -> NHLSNF3003 | R4: NHLSNF3003BK | S4: B | T4: 792 | U4: 34056000 | V4: 8990261.3 | W4: 3.4437264 | X4: 792 | Y4: 0
A5: =IF(OR(MID(R5,8,1)="0",MID(R5,8,1)="5"),"신규","러닝") -> 신규 | B5: =IF(COUNTIF(R$1:R4,R5)=0,"최초","리오더") -> 최초 | C5: =IF($B5="리오더","",Q5) -> NHLSNF3004 | D5: =IF(C5="",0,1/COUNTIF(C:C,C5)) -> 1 | E5: =IF($B5="리오더",Q5,"") | F5: =IF(E5="",0,1/COUNTIF(E:E,E5)) -> 0 | G5: =IF($B5="리오더","",R5) -> NHLSNF3004RE | H5: =IF(G5="",0,1/COUNTIF(G:G,G5)) -> 1 | I5: =IF($B5="리오더",R5,"") | J5: =IF(I5="",0,1/COUNTIF(I:I,I5)) -> 0 | K5: =MID(R5,6,2) -> F3 | L5: =VLOOKUP(N5,CODE!K:P,CODE!$P$1,FALSE) -> 모자 | M5: =VLOOKUP(MID(R5,1,3),CODE!$B:$G,CODE!D$1,FALSE) -> NHL | N5: =MID(R5,4,2) -> SN | O5: =IF(ISERROR(IF(VLOOKUP($N5,CODE!$K:$P,CODE!$O$1,FALSE)="",$M5,$M5&"-"&VLOOKUP($N5,CODE!$K:$P,CODE!$O$1,FALSE)))=TRUE,"",IF(VLOOKUP($N5,CODE!$K:$P,CODE!$O$1,FALSE)="",$M5,$M5&"-"&VLOOKUP($N5,CODE!$K:$P,CODE!$O$1,FALSE))) -> NHL | P5: =IF(OR(MID(R5,8,1)="0",MID(R5,8,1)="1",MID(R5,8,1)="2",MID(R5,8,1)="3",MID(R5,8,1)="4"),"성인","키즈") -> 성인 | Q5: =MID(R5,1,10) -> NHLSNF3004 | R5: NHLSNF3004RE | S5: B | T5: 600 | U5: 28200000 | V5: 8180449.2 | W5: 3.1338577 | X5: 600 | Y5: 0
A6: =IF(OR(MID(R6,8,1)="0",MID(R6,8,1)="5"),"신규","러닝") -> 신규 | B6: =IF(COUNTIF(R$1:R5,R6)=0,"최초","리오더") -> 최초 | C6: =IF($B6="리오더","",Q6) -> NHLSNF3005 | D6: =IF(C6="",0,1/COUNTIF(C:C,C6)) -> 1 | E6: =IF($B6="리오더",Q6,"") | F6: =IF(E6="",0,1/COUNTIF(E:E,E6)) -> 0 | G6: =IF($B6="리오더","",R6) -> NHLSNF3005BK | H6: =IF(G6="",0,1/COUNTIF(G:G,G6)) -> 1 | I6: =IF($B6="리오더",R6,"") | J6: =IF(I6="",0,1/COUNTIF(I:I,I6)) -> 0 | K6: =MID(R6,6,2) -> F3 | L6: =VLOOKUP(N6,CODE!K:P,CODE!$P$1,FALSE) -> 모자 | M6: =VLOOKUP(MID(R6,1,3),CODE!$B:$G,CODE!D$1,FALSE) -> NHL | N6: =MID(R6,4,2) -> SN | O6: =IF(ISERROR(IF(VLOOKUP($N6,CODE!$K:$P,CODE!$O$1,FALSE)="",$M6,$M6&"-"&VLOOKUP($N6,CODE!$K:$P,CODE!$O$1,FALSE)))=TRUE,"",IF(VLOOKUP($N6,CODE!$K:$P,CODE!$O$1,FALSE)="",$M6,$M6&"-"&VLOOKUP($N6,CODE!$K:$P,CODE!$O$1,FALSE))) -> NHL | P6: =IF(OR(MID(R6,8,1)="0",MID(R6,8,1)="1",MID(R6,8,1)="2",MID(R6,8,1)="3",MID(R6,8,1)="4"),"성인","키즈") -> 성인 | Q6: =MID(R6,1,10) -> NHLSNF3005 | R6: NHLSNF3005BK | S6: B | T6: 996 | U6: 44820000 | V6: 12337135 | W6: 3.3026674 | X6: 996 | Y6: 0
A7: =IF(OR(MID(R7,8,1)="0",MID(R7,8,1)="5"),"신규","러닝") -> 신규 | B7: =IF(COUNTIF(R$1:R6,R7)=0,"최초","리오더") -> 최초 | C7: =IF($B7="리오더","",Q7) -> NHLSNF3006 | D7: =IF(C7="",0,1/COUNTIF(C:C,C7)) -> 1 | E7: =IF($B7="리오더",Q7,"") | F7: =IF(E7="",0,1/COUNTIF(E:E,E7)) -> 0 | G7: =IF($B7="리오더","",R7) -> NHLSNF3006NY | H7: =IF(G7="",0,1/COUNTIF(G:G,G7)) -> 1 | I7: =IF($B7="리오더",R7,"") | J7: =IF(I7="",0,1/COUNTIF(I:I,I7)) -> 0 | K7: =MID(R7,6,2) -> F3 | L7: =VLOOKUP(N7,CODE!K:P,CODE!$P$1,FALSE) -> 모자 | M7: =VLOOKUP(MID(R7,1,3),CODE!$B:$G,CODE!D$1,FALSE) -> NHL | N7: =MID(R7,4,2) -> SN | O7: =IF(ISERROR(IF(VLOOKUP($N7,CODE!$K:$P,CODE!$O$1,FALSE)="",$M7,$M7&"-"&VLOOKUP($N7,CODE!$K:$P,CODE!$O$1,FALSE)))=TRUE,"",IF(VLOOKUP($N7,CODE!$K:$P,CODE!$O$1,FALSE)="",$M7,$M7&"-"&VLOOKUP($N7,CODE!$K:$P,CODE!$O$1,FALSE))) -> NHL | P7: =IF(OR(MID(R7,8,1)="0",MID(R7,8,1)="1",MID(R7,8,1)="2",MID(R7,8,1)="3",MID(R7,8,1)="4"),"성인","키즈") -> 성인 | Q7: =MID(R7,1,10) -> NHLSNF3006 | R7: NHLSNF3006NY | S7: B | T7: 600 | U7: 27000000 | V7: 7432009.2 | W7: 3.3026674 | X7: 600 | Y7: 0
A8: =IF(OR(MID(R8,8,1)="0",MID(R8,8,1)="5"),"신규","러닝") -> 신규 | B8: =IF(COUNTIF(R$1:R7,R8)=0,"최초","리오더") -> 최초 | C8: =IF($B8="리오더","",Q8) -> NHLSNF3007 | D8: =IF(C8="",0,1/COUNTIF(C:C,C8)) -> 1 | E8: =IF($B8="리오더",Q8,"") | F8: =IF(E8="",0,1/COUNTIF(E:E,E8)) -> 0 | G8: =IF($B8="리오더","",R8) -> NHLSNF3007RE | H8: =IF(G8="",0,1/COUNTIF(G:G,G8)) -> 1 | I8: =IF($B8="리오더",R8,"") | J8: =IF(I8="",0,1/COUNTIF(I:I,I8)) -> 0 | K8: =MID(R8,6,2) -> F3 | L8: =VLOOKUP(N8,CODE!K:P,CODE!$P$1,FALSE) -> 모자 | M8: =VLOOKUP(MID(R8,1,3),CODE!$B:$G,CODE!D$1,FALSE) -> NHL | N8: =MID(R8,4,2) -> SN | O8: =IF(ISERROR(IF(VLOOKUP($N8,CODE!$K:$P,CODE!$O$1,FALSE)="",$M8,$M8&"-"&VLOOKUP($N8,CODE!$K:$P,CODE!$O$1,FALSE)))=TRUE,"",IF(VLOOKUP($N8,CODE!$K:$P,CODE!$O$1,FALSE)="",$M8,$M8&"-"&VLOOKUP($N8,CODE!$K:$P,CODE!$O$1,FALSE))) -> NHL | P8: =IF(OR(MID(R8,8,1)="0",MID(R8,8,1)="1",MID(R8,8,1)="2",MID(R8,8,1)="3",MID(R8,8,1)="4"),"성인","키즈") -> 성인 | Q8: =MID(R8,1,10) -> NHLSNF3007 | R8: NHLSNF3007RE | S8: B | T8: 600 | U8: 27000000 | V8: 7432009.2 | W8: 3.3026674 | X8: 600 | Y8: 0
A9: =IF(OR(MID(R9,8,1)="0",MID(R9,8,1)="5"),"신규","러닝") -> 신규 | B9: =IF(COUNTIF(R$1:R8,R9)=0,"최초","리오더") -> 최초 | C9: =IF($B9="리오더","",Q9) -> NHLSNF3008 | D9: =IF(C9="",0,1/COUNTIF(C:C,C9)) -> 1 | E9: =IF($B9="리오더",Q9,"") | F9: =IF(E9="",0,1/COUNTIF(E:E,E9)) -> 0 | G9: =IF($B9="리오더","",R9) -> NHLSNF3008WH | H9: =IF(G9="",0,1/COUNTIF(G:G,G9)) -> 1 | I9: =IF($B9="리오더",R9,"") | J9: =IF(I9="",0,1/COUNTIF(I:I,I9)) -> 0 | K9: =MID(R9,6,2) -> F3 | L9: =VLOOKUP(N9,CODE!K:P,CODE!$P$1,FALSE) -> 모자 | M9: =VLOOKUP(MID(R9,1,3),CODE!$B:$G,CODE!D$1,FALSE) -> NHL | N9: =MID(R9,4,2) -> SN | O9: =IF(ISERROR(IF(VLOOKUP($N9,CODE!$K:$P,CODE!$O$1,FALSE)="",$M9,$M9&"-"&VLOOKUP($N9,CODE!$K:$P,CODE!$O$1,FALSE)))=TRUE,"",IF(VLOOKUP($N9,CODE!$K:$P,CODE!$O$1,FALSE)="",$M9,$M9&"-"&VLOOKUP($N9,CODE!$K:$P,CODE!$O$1,FALSE))) -> NHL | P9: =IF(OR(MID(R9,8,1)="0",MID(R9,8,1)="1",MID(R9,8,1)="2",MID(R9,8,1)="3",MID(R9,8,1)="4"),"성인","키즈") -> 성인 | Q9: =MID(R9,1,10) -> NHLSNF3008 | R9: NHLSNF3008WH | S9: B | T9: 600 | U9: 27000000 | V9: 7432009.2 | W9: 3.3026674 | X9: 600 | Y9: 0
A10: =IF(OR(MID(R10,8,1)="0",MID(R10,8,1)="5"),"신규","러닝") -> 신규 | B10: =IF(COUNTIF(R$1:R9,R10)=0,"최초","리오더") -> 최초 | C10: =IF($B10="리오더","",Q10) -> NHLFIF3009 | D10: =IF(C10="",0,1/COUNTIF(C:C,C10)) -> 1 | E10: =IF($B10="리오더",Q10,"") | F10: =IF(E10="",0,1/COUNTIF(E:E,E10)) -> 0 | G10: =IF($B10="리오더","",R10) -> NHLFIF3009BK | H10: =IF(G10="",0,1/COUNTIF(G:G,G10)) -> 1 | I10: =IF($B10="리오더",R10,"") | J10: =IF(I10="",0,1/COUNTIF(I:I,I10)) -> 0 | K10: =MID(R10,6,2) -> F3 | L10: =VLOOKUP(N10,CODE!K:P,CODE!$P$1,FALSE) -> 모자 | M10: =VLOOKUP(MID(R10,1,3),CODE!$B:$G,CODE!D$1,FALSE) -> NHL | N10: =MID(R10,4,2) -> FI | O10: =IF(ISERROR(IF(VLOOKUP($N10,CODE!$K:$P,CODE!$O$1,FALSE)="",$M10,$M10&"-"&VLOOKUP($N10,CODE!$K:$P,CODE!$O$1,FALSE)))=TRUE,"",IF(VLOOKUP($N10,CODE!$K:$P,CODE!$O$1,FALSE)="",$M10,$M10&"-"&VLOOKUP($N10,CODE!$K:$P,CODE!$O$1,FALSE))) -> NHL | P10: =IF(OR(MID(R10,8,1)="0",MID(R10,8,1)="1",MID(R10,8,1)="2",MID(R10,8,1)="3",MID(R10,8,1)="4"),"성인","키즈") -> 성인 | Q10: =MID(R10,1,10) -> NHLFIF3009 | R10: NHLFIF3009BK | S10: B | T10: 792 | U10: 35640000 | V10: 9810252.1 | W10: 3.3026674 | X10: 792 | Y10: 0
A11: =IF(OR(MID(R11,8,1)="0",MID(R11,8,1)="5"),"신규","러닝") -> 신규 | B11: =IF(COUNTIF(R$1:R10,R11)=0,"최초","리오더") -> 최초 | C11: =IF($B11="리오더","",Q11) -> NHLFIF3010 | D11: =IF(C11="",0,1/COUNTIF(C:C,C11)) -> 1 | E11: =IF($B11="리오더",Q11,"") | F11: =IF(E11="",0,1/COUNTIF(E:E,E11)) -> 0 | G11: =IF($B11="리오더","",R11) -> NHLFIF3010BK | H11: =IF(G11="",0,1/COUNTIF(G:G,G11)) -> 1 | I11: =IF($B11="리오더",R11,"") | J11: =IF(I11="",0,1/COUNTIF(I:I,I11)) -> 0 | K11: =MID(R11,6,2) -> F3 | L11: =VLOOKUP(N11,CODE!K:P,CODE!$P$1,FALSE) -> 모자 | M11: =VLOOKUP(MID(R11,1,3),CODE!$B:$G,CODE!D$1,FALSE) -> NHL | N11: =MID(R11,4,2) -> FI | O11: =IF(ISERROR(IF(VLOOKUP($N11,CODE!$K:$P,CODE!$O$1,FALSE)="",$M11,$M11&"-"&VLOOKUP($N11,CODE!$K:$P,CODE!$O$1,FALSE)))=TRUE,"",IF(VLOOKUP($N11,CODE!$K:$P,CODE!$O$1,FALSE)="",$M11,$M11&"-"&VLOOKUP($N11,CODE!$K:$P,CODE!$O$1,FALSE))) -> NHL | P11: =IF(OR(MID(R11,8,1)="0",MID(R11,8,1)="1",MID(R11,8,1)="2",MID(R11,8,1)="3",MID(R11,8,1)="4"),"성인","키즈") -> 성인 | Q11: =MID(R11,1,10) -> NHLFIF3010 | R11: NHLFIF3010BK | S11: B | T11: 792 | U11: 35640000 | V11: 9810252.1 | W11: 3.3026674 | X11: 792 | Y11: 0
A12: =IF(OR(MID(R12,8,1)="0",MID(R12,8,1)="5"),"신규","러닝") -> 신규 | B12: =IF(COUNTIF(R$1:R11,R12)=0,"최초","리오더") -> 최초 | C12: =IF($B12="리오더","",Q12) -> NHLSNF3011 | D12: =IF(C12="",0,1/COUNTIF(C:C,C12)) -> 1 | E12: =IF($B12="리오더",Q12,"") | F12: =IF(E12="",0,1/COUNTIF(E:E,E12)) -> 0 | G12: =IF($B12="리오더","",R12) -> NHLSNF3011BK | H12: =IF(G12="",0,1/COUNTIF(G:G,G12)) -> 1 | I12: =IF($B12="리오더",R12,"") | J12: =IF(I12="",0,1/COUNTIF(I:I,I12)) -> 0 | K12: =MID(R12,6,2) -> F3 | L12: =VLOOKUP(N12,CODE!K:P,CODE!$P$1,FALSE) -> 모자 | M12: =VLOOKUP(MID(R12,1,3),CODE!$B:$G,CODE!D$1,FALSE) -> NHL | N12: =MID(R12,4,2) -> SN | O12: =IF(ISERROR(IF(VLOOKUP($N12,CODE!$K:$P,CODE!$O$1,FALSE)="",$M12,$M12&"-"&VLOOKUP($N12,CODE!$K:$P,CODE!$O$1,FALSE)))=TRUE,"",IF(VLOOKUP($N12,CODE!$K:$P,CODE!$O$1,FALSE)="",$M12,$M12&"-"&VLOOKUP($N12,CODE!$K:$P,CODE!$O$1,FALSE))) -> NHL | P12: =IF(OR(MID(R12,8,1)="0",MID(R12,8,1)="1",MID(R12,8,1)="2",MID(R12,8,1)="3",MID(R12,8,1)="4"),"성인","키즈") -> 성인 | Q12: =MID(R12,1,10) -> NHLSNF3011 | R12: NHLSNF3011BK | S12: B | T12: 792 | U12: 35640000 | V12: 9810252.1 | W12: 3.3026674 | X12: 780 | Y12: 0
A13: =IF(OR(MID(R13,8,1)="0",MID(R13,8,1)="5"),"신규","러닝") -> 신규 | B13: =IF(COUNTIF(R$1:R12,R13)=0,"최초","리오더") -> 최초 | C13: =IF($B13="리오더","",Q13) -> NHLSNF3012 | D13: =IF(C13="",0,1/COUNTIF(C:C,C13)) -> 1 | E13: =IF($B13="리오더",Q13,"") | F13: =IF(E13="",0,1/COUNTIF(E:E,E13)) -> 0 | G13: =IF($B13="리오더","",R13) -> NHLSNF3012RE | H13: =IF(G13="",0,1/COUNTIF(G:G,G13)) -> 1 | I13: =IF($B13="리오더",R13,"") | J13: =IF(I13="",0,1/COUNTIF(I:I,I13)) -> 0 | K13: =MID(R13,6,2) -> F3 | L13: =VLOOKUP(N13,CODE!K:P,CODE!$P$1,FALSE) -> 모자 | M13: =VLOOKUP(MID(R13,1,3),CODE!$B:$G,CODE!D$1,FALSE) -> NHL | N13: =MID(R13,4,2) -> SN | O13: =IF(ISERROR(IF(VLOOKUP($N13,CODE!$K:$P,CODE!$O$1,FALSE)="",$M13,$M13&"-"&VLOOKUP($N13,CODE!$K:$P,CODE!$O$1,FALSE)))=TRUE,"",IF(VLOOKUP($N13,CODE!$K:$P,CODE!$O$1,FALSE)="",$M13,$M13&"-"&VLOOKUP($N13,CODE!$K:$P,CODE!$O$1,FALSE))) -> NHL | P13: =IF(OR(MID(R13,8,1)="0",MID(R13,8,1)="1",MID(R13,8,1)="2",MID(R13,8,1)="3",MID(R13,8,1)="4"),"성인","키즈") -> 성인 | Q13: =MID(R13,1,10) -> NHLSNF3012 | R13: NHLSNF3012RE | S13: B | T13: 792 | U13: 35640000 | V13: 9810252.1 | W13: 3.3026674 | X13: 792 | Y13: 0
... A65: =IF(OR(MID(R65,8,1)="0",MID(R65,8,1)="5"),"신규","러닝") -> 신규 | B65: =IF(COUNTIF(R$1:R64,R65)=0,"최초","리오더") -> 최초 | C65: =IF($B65="리오더","",Q65) -> MGMSNF3003 | D65: =IF(C65="",0,1/COUNTIF(C:C,C65)) -> 1 | E65: =IF($B65="리오더",Q65,"") | F65: =IF(E65="",0,1/COUNTIF(E:E,E65)) -> 0 | G65: =IF($B65="리오더","",R65) -> MGMSNF3003WH | H65: =IF(G65="",0,1/COUNTIF(G:G,G65)) -> 1 | I65: =IF($B65="리오더",R65,"") | J65: =IF(I65="",0,1/COUNTIF(I:I,I65)) -> 0 | K65: =MID(R65,6,2) -> F3 | L65: =VLOOKUP(N65,CODE!K:P,CODE!$P$1,FALSE) -> 모자 | M65: =VLOOKUP(MID(R65,1,3),CODE!$B:$G,CODE!D$1,FALSE) -> MGM | N65: =MID(R65,4,2) -> SN | O65: =IF(ISERROR(IF(VLOOKUP($N65,CODE!$K:$P,CODE!$O$1,FALSE)="",$M65,$M65&"-"&VLOOKUP($N65,CODE!$K:$P,CODE!$O$1,FALSE)))=TRUE,"",IF(VLOOKUP($N65,CODE!$K:$P,CODE!$O$1,FALSE)="",$M65,$M65&"-"&VLOOKUP($N65,CODE!$K:$P,CODE!$O$1,FALSE))) -> MGM | P65: =IF(OR(MID(R65,8,1)="0",MID(R65,8,1)="1",MID(R65,8,1)="2",MID(R65,8,1)="3",MID(R65,8,1)="4"),"성인","키즈") -> 성인 | Q65: =MID(R65,1,10) -> MGMSNF3003 | R65: MGMSNF3003WH | S65: M | T65: 1000 | U65: 45000000 | V65: 7095000 | W65: 5.7659043 | X65: 1001 | Y65: 0
A66: =IF(OR(MID(R66,8,1)="0",MID(R66,8,1)="5"),"신규","러닝") -> 신규 | B66: 최초 | C66: =IF($B66="리오더","",Q66) -> MGMSNF3004 | D66: =IF(C66="",0,1/COUNTIF(C:C,C66)) -> 1 | E66: =IF($B66="리오더",Q66,"") | F66: =IF(E66="",0,1/COUNTIF(E:E,E66)) -> 0 | G66: =IF($B66="리오더","",R66) -> MGMSNF3004GY | H66: =IF(G66="",0,1/COUNTIF(G:G,G66)) -> 1 | I66: =IF($B66="리오더",R66,"") | J66: =IF(I66="",0,1/COUNTIF(I:I,I66)) -> 0 | K66: =MID(R66,6,2) -> F3 | L66: =VLOOKUP(N66,CODE!K:P,CODE!$P$1,FALSE) -> 모자 | M66: =VLOOKUP(MID(R66,1,3),CODE!$B:$G,CODE!D$1,FALSE) -> MGM | N66: =MID(R66,4,2) -> SN | O66: =IF(ISERROR(IF(VLOOKUP($N66,CODE!$K:$P,CODE!$O$1,FALSE)="",$M66,$M66&"-"&VLOOKUP($N66,CODE!$K:$P,CODE!$O$1,FALSE)))=TRUE,"",IF(VLOOKUP($N66,CODE!$K:$P,CODE!$O$1,FALSE)="",$M66,$M66&"-"&VLOOKUP($N66,CODE!$K:$P,CODE!$O$1,FALSE))) -> MGM | P66: =IF(OR(MID(R66,8,1)="0",MID(R66,8,1)="1",MID(R66,8,1)="2",MID(R66,8,1)="3",MID(R66,8,1)="4"),"성인","키즈") -> 성인 | Q66: =MID(R66,1,10) -> MGMSNF3004 | R66: MGMSNF3004GY | S66: M | T66: 1200 | U66: 54000000 | V66: 8514000 | W66: 5.7659043 | X66: 1188 | Y66: 0
A67: =IF(OR(MID(R67,8,1)="0",MID(R67,8,1)="5"),"신규","러닝") -> 신규 | B67: =IF(COUNTIF(R$1:R66,R67)=0,"최초","리오더") -> 최초 | C67: =IF($B67="리오더","",Q67) -> MGMSNF3005 | D67: =IF(C67="",0,1/COUNTIF(C:C,C67)) -> 1 | E67: =IF($B67="리오더",Q67,"") | F67: =IF(E67="",0,1/COUNTIF(E:E,E67)) -> 0 | G67: =IF($B67="리오더","",R67) -> MGMSNF3005BG | H67: =IF(G67="",0,1/COUNTIF(G:G,G67)) -> 1 | I67: =IF($B67="리오더",R67,"") | J67: =IF(I67="",0,1/COUNTIF(I:I,I67)) -> 0 | K67: =MID(R67,6,2) -> F3 | L67: =VLOOKUP(N67,CODE!K:P,CODE!$P$1,FALSE) -> 모자 | M67: =VLOOKUP(MID(R67,1,3),CODE!$B:$G,CODE!D$1,FALSE) -> MGM | N67: =MID(R67,4,2) -> SN | O67: =IF(ISERROR(IF(VLOOKUP($N67,CODE!$K:$P,CODE!$O$1,FALSE)="",$M67,$M67&"-"&VLOOKUP($N67,CODE!$K:$P,CODE!$O$1,FALSE)))=TRUE,"",IF(VLOOKUP($N67,CODE!$K:$P,CODE!$O$1,FALSE)="",$M67,$M67&"-"&VLOOKUP($N67,CODE!$K:$P,CODE!$O$1,FALSE))) -> MGM | P67: =IF(OR(MID(R67,8,1)="0",MID(R67,8,1)="1",MID(R67,8,1)="2",MID(R67,8,1)="3",MID(R67,8,1)="4"),"성인","키즈") -> 성인 | Q67: =MID(R67,1,10) -> MGMSNF3005 | R67: MGMSNF3005BG | S67: M | T67: 1000 | U67: 45000000 | V67: 7645000 | W67: 5.351091 | X67: 1003 | Y67: 0
A68: =IF(OR(MID(R68,8,1)="0",MID(R68,8,1)="5"),"신규","러닝") -> 신규 | B68: =IF(COUNTIF(R$1:R67,R68)=0,"최초","리오더") -> 최초 | C68: =IF($B68="리오더","",Q68) -> MGMSNF3006 | D68: =IF(C68="",0,1/COUNTIF(C:C,C68)) -> 1 | E68: =IF($B68="리오더",Q68,"") | F68: =IF(E68="",0,1/COUNTIF(E:E,E68)) -> 0 | G68: =IF($B68="리오더","",R68) -> MGMSNF3006GY | H68: =IF(G68="",0,1/COUNTIF(G:G,G68)) -> 1 | I68: =IF($B68="리오더",R68,"") | J68: =IF(I68="",0,1/COUNTIF(I:I,I68)) -> 0 | K68: =MID(R68,6,2) -> F3 | L68: =VLOOKUP(N68,CODE!K:P,CODE!$P$1,FALSE) -> 모자 | M68: =VLOOKUP(MID(R68,1,3),CODE!$B:$G,CODE!D$1,FALSE) -> MGM | N68: =MID(R68,4,2) -> SN | O68: =IF(ISERROR(IF(VLOOKUP($N68,CODE!$K:$P,CODE!$O$1,FALSE)="",$M68,$M68&"-"&VLOOKUP($N68,CODE!$K:$P,CODE!$O$1,FALSE)))=TRUE,"",IF(VLOOKUP($N68,CODE!$K:$P,CODE!$O$1,FALSE)="",$M68,$M68&"-"&VLOOKUP($N68,CODE!$K:$P,CODE!$O$1,FALSE))) -> MGM | P68: =IF(OR(MID(R68,8,1)="0",MID(R68,8,1)="1",MID(R68,8,1)="2",MID(R68,8,1)="3",MID(R68,8,1)="4"),"성인","키즈") -> 성인 | Q68: =MID(R68,1,10) -> MGMSNF3006 | R68: MGMSNF3006GY | S68: M | T68: 1000 | U68: 45000000 | V68: 7920000 | W68: 5.1652893 | X68: 977 | Y68: 0
A69: =IF(OR(MID(R69,8,1)="0",MID(R69,8,1)="5"),"신규","러닝") -> 신규 | B69: =IF(COUNTIF(R$1:R68,R69)=0,"최초","리오더") -> 최초 | C69: =IF($B69="리오더","",Q69) -> MGMSNF3007 | D69: =IF(C69="",0,1/COUNTIF(C:C,C69)) -> 1 | E69: =IF($B69="리오더",Q69,"") | F69: =IF(E69="",0,1/COUNTIF(E:E,E69)) -> 0 | G69: =IF($B69="리오더","",R69) -> MGMSNF3007BL | H69: =IF(G69="",0,1/COUNTIF(G:G,G69)) -> 1 | I69: =IF($B69="리오더",R69,"") | J69: =IF(I69="",0,1/COUNTIF(I:I,I69)) -> 0 | K69: =MID(R69,6,2) -> F3 | L69: =VLOOKUP(N69,CODE!K:P,CODE!$P$1,FALSE) -> 모자 | M69: =VLOOKUP(MID(R69,1,3),CODE!$B:$G,CODE!D$1,FALSE) -> MGM | N69: =MID(R69,4,2) -> SN | O69: =IF(ISERROR(IF(VLOOKUP($N69,CODE!$K:$P,CODE!$O$1,FALSE)="",$M69,$M69&"-"&VLOOKUP($N69,CODE!$K:$P,CODE!$O$1,FALSE)))=TRUE,"",IF(VLOOKUP($N69,CODE!$K:$P,CODE!$O$1,FALSE)="",$M69,$M69&"-"&VLOOKUP($N69,CODE!$K:$P,CODE!$O$1,FALSE))) -> MGM | P69: =IF(OR(MID(R69,8,1)="0",MID(R69,8,1)="1",MID(R69,8,1)="2",MID(R69,8,1)="3",MID(R69,8,1)="4"),"성인","키즈") -> 성인 | Q69: =MID(R69,1,10) -> MGMSNF3007 | R69: MGMSNF3007BL | S69: M | T69: 1200 | U69: 54000000 | V69: 7870272 | W69: 6.2375111 | X69: 1176 | Y69: 0
A70: =IF(OR(MID(R70,8,1)="0",MID(R70,8,1)="5"),"신규","러닝") -> 신규 | B70: =IF(COUNTIF(R$1:R69,R70)=0,"최초","리오더") -> 최초 | C70: =IF($B70="리오더","",Q70) -> MGMSNF3008 | D70: =IF(C70="",0,1/COUNTIF(C:C,C70)) -> 1 | E70: =IF($B70="리오더",Q70,"") | F70: =IF(E70="",0,1/COUNTIF(E:E,E70)) -> 0 | G70: =IF($B70="리오더","",R70) -> MGMSNF3008BK | H70: =IF(G70="",0,1/COUNTIF(G:G,G70)) -> 1 | I70: =IF($B70="리오더",R70,"") | J70: =IF(I70="",0,1/COUNTIF(I:I,I70)) -> 0 | K70: =MID(R70,6,2) -> F3 | L70: =VLOOKUP(N70,CODE!K:P,CODE!$P$1,FALSE) -> 모자 | M70: =VLOOKUP(MID(R70,1,3),CODE!$B:$G,CODE!D$1,FALSE) -> MGM | N70: =MID(R70,4,2) -> SN | O70: =IF(ISERROR(IF(VLOOKUP($N70,CODE!$K:$P,CODE!$O$1,FALSE)="",$M70,$M70&"-"&VLOOKUP($N70,CODE!$K:$P,CODE!$O$1,FALSE)))=TRUE,"",IF(VLOOKUP($N70,CODE!$K:$P,CODE!$O$1,FALSE)="",$M70,$M70&"-"&VLOOKUP($N70,CODE!$K:$P,CODE!$O$1,FALSE))) -> MGM | P70: =IF(OR(MID(R70,8,1)="0",MID(R70,8,1)="1",MID(R70,8,1)="2",MID(R70,8,1)="3",MID(R70,8,1)="4"),"성인","키즈") -> 성인 | Q70: =MID(R70,1,10) -> MGMSNF3008 | R70: MGMSNF3008BK | S70: M | T70: 1200 | U70: 54000000 | V70: 7952130 | W70: 6.1733031 | X70: 1199 | Y70: 0
A71: =IF(OR(MID(R71,8,1)="0",MID(R71,8,1)="5"),"신규","러닝") -> 신규 | B71: =IF(COUNTIF(R$1:R70,R71)=0,"최초","리오더") -> 최초 | C71: =IF($B71="리오더","",Q71) -> MGMSNF3009 | D71: =IF(C71="",0,1/COUNTIF(C:C,C71)) -> 1 | E71: =IF($B71="리오더",Q71,"") | F71: =IF(E71="",0,1/COUNTIF(E:E,E71)) -> 0 | G71: =IF($B71="리오더","",R71) -> MGMSNF3009GY | H71: =IF(G71="",0,1/COUNTIF(G:G,G71)) -> 1 | I71: =IF($B71="리오더",R71,"") | J71: =IF(I71="",0,1/COUNTIF(I:I,I71)) -> 0 | K71: =MID(R71,6,2) -> F3 | L71: =VLOOKUP(N71,CODE!K:P,CODE!$P$1,FALSE) -> 모자 | M71: =VLOOKUP(MID(R71,1,3),CODE!$B:$G,CODE!D$1,FALSE) -> MGM | N71: =MID(R71,4,2) -> SN | O71: =IF(ISERROR(IF(VLOOKUP($N71,CODE!$K:$P,CODE!$O$1,FALSE)="",$M71,$M71&"-"&VLOOKUP($N71,CODE!$K:$P,CODE!$O$1,FALSE)))=TRUE,"",IF(VLOOKUP($N71,CODE!$K:$P,CODE!$O$1,FALSE)="",$M71,$M71&"-"&VLOOKUP($N71,CODE!$K:$P,CODE!$O$1,FALSE))) -> MGM | P71: =IF(OR(MID(R71,8,1)="0",MID(R71,8,1)="1",MID(R71,8,1)="2",MID(R71,8,1)="3",MID(R71,8,1)="4"),"성인","키즈") -> 성인 | Q71: =MID(R71,1,10) -> MGMSNF3009 | R71: MGMSNF3009GY | S71: M | T71: 1000 | U71: 45000000 | V71: 6780940 | W71: 6.0329528 | X71: 963 | Y71: 0
A72: =IF(OR(MID(R72,8,1)="0",MID(R72,8,1)="5"),"신규","러닝") -> 신규 | B72: =IF(COUNTIF(R$1:R71,R72)=0,"최초","리오더") -> 최초 | C72: =IF($B72="리오더","",Q72) -> MGMSNF3010 | D72: =IF(C72="",0,1/COUNTIF(C:C,C72)) -> 1 | E72: =IF($B72="리오더",Q72,"") | F72: =IF(E72="",0,1/COUNTIF(E:E,E72)) -> 0 | G72: =IF($B72="리오더","",R72) -> MGMSNF3010KH | H72: =IF(G72="",0,1/COUNTIF(G:G,G72)) -> 1 | I72: =IF($B72="리오더",R72,"") | J72: =IF(I72="",0,1/COUNTIF(I:I,I72)) -> 0 | K72: =MID(R72,6,2) -> F3 | L72: =VLOOKUP(N72,CODE!K:P,CODE!$P$1,FALSE) -> 모자 | M72: =VLOOKUP(MID(R72,1,3),CODE!$B:$G,CODE!D$1,FALSE) -> MGM | N72: =MID(R72,4,2) -> SN | O72: =IF(ISERROR(IF(VLOOKUP($N72,CODE!$K:$P,CODE!$O$1,FALSE)="",$M72,$M72&"-"&VLOOKUP($N72,CODE!$K:$P,CODE!$O$1,FALSE)))=TRUE,"",IF(VLOOKUP($N72,CODE!$K:$P,CODE!$O$1,FALSE)="",$M72,$M72&"-"&VLOOKUP($N72,CODE!$K:$P,CODE!$O$1,FALSE))) -> MGM | P72: =IF(OR(MID(R72,8,1)="0",MID(R72,8,1)="1",MID(R72,8,1)="2",MID(R72,8,1)="3",MID(R72,8,1)="4"),"성인","키즈") -> 성인 | Q72: =MID(R72,1,10) -> MGMSNF3010 | R72: MGMSNF3010KH | S72: M | T72: 1000 | U72: 45000000 | V72: 6727590 | W72: 6.0807943 | X72: 931 | Y72: 0
A73: =IF(OR(MID(R73,8,1)="0",MID(R73,8,1)="5"),"신규","러닝") -> 신규 | B73: =IF(COUNTIF(R$1:R72,R73)=0,"최초","리오더") -> 최초 | C73: =IF($B73="리오더","",Q73) -> MGMSNF3011 | D73: =IF(C73="",0,1/COUNTIF(C:C,C73)) -> 1 | E73: =IF($B73="리오더",Q73,"") | F73: =IF(E73="",0,1/COUNTIF(E:E,E73)) -> 0 | G73: =IF($B73="리오더","",R73) -> MGMSNF3011NY | H73: =IF(G73="",0,1/COUNTIF(G:G,G73)) -> 1 | I73: =IF($B73="리오더",R73,"") | J73: =IF(I73="",0,1/COUNTIF(I:I,I73)) -> 0 | K73: =MID(R73,6,2) -> F3 | L73: =VLOOKUP(N73,CODE!K:P,CODE!$P$1,FALSE) -> 모자 | M73: =VLOOKUP(MID(R73,1,3),CODE!$B:$G,CODE!D$1,FALSE) -> MGM | N73: =MID(R73,4,2) -> SN | O73: =IF(ISERROR(IF(VLOOKUP($N73,CODE!$K:$P,CODE!$O$1,FALSE)="",$M73,$M73&"-"&VLOOKUP($N73,CODE!$K:$P,CODE!$O$1,FALSE)))=TRUE,"",IF(VLOOKUP($N73,CODE!$K:$P,CODE!$O$1,FALSE)="",$M73,$M73&"-"&VLOOKUP($N73,CODE!$K:$P,CODE!$O$1,FALSE))) -> MGM | P73: =IF(OR(MID(R73,8,1)="0",MID(R73,8,1)="1",MID(R73,8,1)="2",MID(R73,8,1)="3",MID(R73,8,1)="4"),"성인","키즈") -> 성인 | Q73: =MID(R73,1,10) -> MGMSNF3011 | R73: MGMSNF3011NY | S73: M | T73: 1000 | U73: 45000000 | V73: 3668240 | W73: 11.152239 | X73: 971 | Y73: 0
A74: =IF(OR(MID(R74,8,1)="0",MID(R74,8,1)="5"),"신규","러닝") -> 신규 | B74: =IF(COUNTIF(R$1:R73,R74)=0,"최초","리오더") -> 최초 | C74: =IF($B74="리오더","",Q74) -> MGMSNF3012 | D74: =IF(C74="",0,1/COUNTIF(C:C,C74)) -> 1 | E74: =IF($B74="리오더",Q74,"") | F74: =IF(E74="",0,1/COUNTIF(E:E,E74)) -> 0 | G74: =IF($B74="리오더","",R74) -> MGMSNF3012BK | H74: =IF(G74="",0,1/COUNTIF(G:G,G74)) -> 1 | I74: =IF($B74="리오더",R74,"") | J74: =IF(I74="",0,1/COUNTIF(I:I,I74)) -> 0 | K74: =MID(R74,6,2) -> F3 | L74: =VLOOKUP(N74,CODE!K:P,CODE!$P$1,FALSE) -> 모자 | M74: =VLOOKUP(MID(R74,1,3),CODE!$B:$G,CODE!D$1,FALSE) -> MGM | N74: =MID(R74,4,2) -> SN | O74: =IF(ISERROR(IF(VLOOKUP($N74,CODE!$K:$P,CODE!$O$1,FALSE)="",$M74,$M74&"-"&VLOOKUP($N74,CODE!$K:$P,CODE!$O$1,FALSE)))=TRUE,"",IF(VLOOKUP($N74,CODE!$K:$P,CODE!$O$1,FALSE)="",$M74,$M74&"-"&VLOOKUP($N74,CODE!$K:$P,CODE!$O$1,FALSE))) -> MGM | P74: =IF(OR(MID(R74,8,1)="0",MID(R74,8,1)="1",MID(R74,8,1)="2",MID(R74,8,1)="3",MID(R74,8,1)="4"),"성인","키즈") -> 성인 | Q74: =MID(R74,1,10) -> MGMSNF3012 | R74: MGMSNF3012BK | S74: M | T74: 1000 | U74: 45000000 | V74: 4102540 | W74: 9.9716495 | X74: 950 | Y74: 0
A75: =IF(OR(MID(R75,8,1)="0",MID(R75,8,1)="5"),"신규","러닝") -> 신규 | B75: =IF(COUNTIF(R$1:R74,R75)=0,"최초","리오더") -> 최초 | C75: =IF($B75="리오더","",Q75) -> URBFIF3001 | D75: =IF(C75="",0,1/COUNTIF(C:C,C75)) -> 1 | E75: =IF($B75="리오더",Q75,"") | F75: =IF(E75="",0,1/COUNTIF(E:E,E75)) -> 0 | G75: =IF($B75="리오더","",R75) -> URBFIF3001BW | H75: =IF(G75="",0,1/COUNTIF(G:G,G75)) -> 1 | I75: =IF($B75="리오더",R75,"") | J75: =IF(I75="",0,1/COUNTIF(I:I,I75)) -> 0 | K75: =MID(R75,6,2) -> F3 | L75: =VLOOKUP(N75,CODE!K:P,CODE!$P$1,FALSE) -> 모자 | M75: =VLOOKUP(MID(R75,1,3),CODE!$B:$G,CODE!D$1,FALSE) -> URB | N75: =MID(R75,4,2) -> FI | O75: =IF(ISERROR(IF(VLOOKUP($N75,CODE!$K:$P,CODE!$O$1,FALSE)="",$M75,$M75&"-"&VLOOKUP($N75,CODE!$K:$P,CODE!$O$1,FALSE)))=TRUE,"",IF(VLOOKUP($N75,CODE!$K:$P,CODE!$O$1,FALSE)="",$M75,$M75&"-"&VLOOKUP($N75,CODE!$K:$P,CODE!$O$1,FALSE))) -> URB | P75: =IF(OR(MID(R75,8,1)="0",MID(R75,8,1)="1",MID(R75,8,1)="2",MID(R75,8,1)="3",MID(R75,8,1)="4"),"성인","키즈") -> 성인 | Q75: =MID(R75,1,10) -> URBFIF3001 | R75: URBFIF3001BW | S75: M | T75: 800 | U75: 42400000 | V75: 5984000 | W75: 6.4414195 | X75: 800 | Y75: 0
A76: =IF(OR(MID(R76,8,1)="0",MID(R76,8,1)="5"),"신규","러닝") -> 신규 | B76: =IF(COUNTIF(R$1:R75,R76)=0,"최초","리오더") -> 최초 | C76: =IF($B76="리오더","",Q76) -> URBFIF3002 | D76: =IF(C76="",0,1/COUNTIF(C:C,C76)) -> 1 | E76: =IF($B76="리오더",Q76,"") | F76: =IF(E76="",0,1/COUNTIF(E:E,E76)) -> 0 | G76: =IF($B76="리오더","",R76) -> URBFIF3002BK | H76: =IF(G76="",0,1/COUNTIF(G:G,G76)) -> 1 | I76: =IF($B76="리오더",R76,"") | J76: =IF(I76="",0,1/COUNTIF(I:I,I76)) -> 0 | K76: =MID(R76,6,2) -> F3 | L76: =VLOOKUP(N76,CODE!K:P,CODE!$P$1,FALSE) -> 모자 | M76: =VLOOKUP(MID(R76,1,3),CODE!$B:$G,CODE!D$1,FALSE) -> URB | N76: =MID(R76,4,2) -> FI | O76: =IF(ISERROR(IF(VLOOKUP($N76,CODE!$K:$P,CODE!$O$1,FALSE)="",$M76,$M76&"-"&VLOOKUP($N76,CODE!$K:$P,CODE!$O$1,FALSE)))=TRUE,"",IF(VLOOKUP($N76,CODE!$K:$P,CODE!$O$1,FALSE)="",$M76,$M76&"-"&VLOOKUP($N76,CODE!$K:$P,CODE!$O$1,FALSE))) -> URB | P76: =IF(OR(MID(R76,8,1)="0",MID(R76,8,1)="1",MID(R76,8,1)="2",MID(R76,8,1)="3",MID(R76,8,1)="4"),"성인","키즈") -> 성인 | Q76: =MID(R76,1,10) -> URBFIF3002 | R76: URBFIF3002BK | S76: M | T76: 800 | U76: 42400000 | V76: 5984000 | W76: 6.4414195 | X76: 800 | Y76: 0
A77: =IF(OR(MID(R77,8,1)="0",MID(R77,8,1)="5"),"신규","러닝") -> 신규 | B77: =IF(COUNTIF(R$1:R76,R77)=0,"최초","리오더") -> 최초 | C77: =IF($B77="리오더","",Q77) -> PLAUMF5001 | D77: =IF(C77="",0,1/COUNTIF(C:C,C77)) -> 0.25 | E77: =IF($B77="리오더",Q77,"") | F77: =IF(E77="",0,1/COUNTIF(E:E,E77)) -> 0 | G77: =IF($B77="리오더","",R77) -> PLAUMF5001RE | H77: =IF(G77="",0,1/COUNTIF(G:G,G77)) -> 1 | I77: =IF($B77="리오더",R77,"") | J77: =IF(I77="",0,1/COUNTIF(I:I,I77)) -> 0 | K77: =MID(R77,6,2) -> F5 | L77: =VLOOKUP(N77,CODE!K:P,CODE!$P$1,FALSE) -> 모자 | M77: =VLOOKUP(MID(R77,1,3),CODE!$B:$G,CODE!D$1,FALSE) -> PLA | N77: =MID(R77,4,2) -> UM | O77: =IF(ISERROR(IF(VLOOKUP($N77,CODE!$K:$P,CODE!$O$1,FALSE)="",$M77,$M77&"-"&VLOOKUP($N77,CODE!$K:$P,CODE!$O$1,FALSE)))=TRUE,"",IF(VLOOKUP($N77,CODE!$K:$P,CODE!$O$1,FALSE)="",$M77,$M77&"-"&VLOOKUP($N77,CODE!$K:$P,CODE!$O$1,FALSE))) -> PLA | P77: =IF(OR(MID(R77,8,1)="0",MID(R77,8,1)="1",MID(R77,8,1)="2",MID(R77,8,1)="3",MID(R77,8,1)="4"),"성인","키즈") -> 성인 | Q77: =MID(R77,1,10) -> PLAUMF5001 | R77: PLAUMF5001RE | S77: M | T77: 1200 | U77: 66000000 | V77: 8382528 | W77: 7.1577453 | X77: 1200 | Y77: 0
A78: =IF(OR(MID(R78,8,1)="0",MID(R78,8,1)="5"),"신규","러닝") -> 신규 | B78: =IF(COUNTIF(R$1:R77,R78)=0,"최초","리오더") -> 최초 | C78: =IF($B78="리오더","",Q78) -> PLAUMF5001 | D78: =IF(C78="",0,1/COUNTIF(C:C,C78)) -> 0.25 | E78: =IF($B78="리오더",Q78,"") | F78: =IF(E78="",0,1/COUNTIF(E:E,E78)) -> 0 | G78: =IF($B78="리오더","",R78) -> PLAUMF5001GY | H78: =IF(G78="",0,1/COUNTIF(G:G,G78)) -> 1 | I78: =IF($B78="리오더",R78,"") | J78: =IF(I78="",0,1/COUNTIF(I:I,I78)) -> 0 | K78: =MID(R78,6,2) -> F5 | L78: =VLOOKUP(N78,CODE!K:P,CODE!$P$1,FALSE) -> 모자 | M78: =VLOOKUP(MID(R78,1,3),CODE!$B:$G,CODE!D$1,FALSE) -> PLA | N78: =MID(R78,4,2) -> UM | O78: =IF(ISERROR(IF(VLOOKUP($N78,CODE!$K:$P,CODE!$O$1,FALSE)="",$M78,$M78&"-"&VLOOKUP($N78,CODE!$K:$P,CODE!$O$1,FALSE)))=TRUE,"",IF(VLOOKUP($N78,CODE!$K:$P,CODE!$O$1,FALSE)="",$M78,$M78&"-"&VLOOKUP($N78,CODE!$K:$P,CODE!$O$1,FALSE))) -> PLA | P78: =IF(OR(MID(R78,8,1)="0",MID(R78,8,1)="1",MID(R78,8,1)="2",MID(R78,8,1)="3",MID(R78,8,1)="4"),"성인","키즈") -> 성인 | Q78: =MID(R78,1,10) -> PLAUMF5001 | R78: PLAUMF5001GY | S78: M | T78: 1000 | U78: 55000000 | V78: 7234920 | W78: 6.9109265 | X78: 1000 | Y78: 0
... A343: =IF(OR(MID(R343,8,1)="0",MID(R343,8,1)="5"),"신규","러닝") -> 신규 | B343: =IF(COUNTIF(R$1:R342,R343)=0,"최초","리오더") -> 최초 | C343: =IF($B343="리오더","",Q343) -> JOIEBF5505 | D343: =IF(C343="",0,1/COUNTIF(C:C,C343)) -> 1 | E343: =IF($B343="리오더",Q343,"") | F343: =IF(E343="",0,1/COUNTIF(E:E,E343)) -> 0 | G343: =IF($B343="리오더","",R343) -> JOIEBF5505BL | H343: =IF(G343="",0,1/COUNTIF(G:G,G343)) -> 1 | I343: =IF($B343="리오더",R343,"") | J343: =IF(I343="",0,1/COUNTIF(I:I,I343)) -> 0 | K343: =MID(R343,6,2) -> F5 | L343: =VLOOKUP(N343,CODE!K:P,CODE!$P$1,FALSE) -> 모자 | M343: =VLOOKUP(MID(R343,1,3),CODE!$B:$G,CODE!D$1,FALSE) -> JOI | N343: =MID(R343,4,2) -> EB | O343: =IF(ISERROR(IF(VLOOKUP($N343,CODE!$K:$P,CODE!$O$1,FALSE)="",$M343,$M343&"-"&VLOOKUP($N343,CODE!$K:$P,CODE!$O$1,FALSE)))=TRUE,"",IF(VLOOKUP($N343,CODE!$K:$P,CODE!$O$1,FALSE)="",$M343,$M343&"-"&VLOOKUP($N343,CODE!$K:$P,CODE!$O$1,FALSE))) -> JOI | P343: =IF(OR(MID(R343,8,1)="0",MID(R343,8,1)="1",MID(R343,8,1)="2",MID(R343,8,1)="3",MID(R343,8,1)="4"),"성인","키즈") -> 키즈 | Q343: =MID(R343,1,10) -> JOIEBF5505 | R343: JOIEBF5505BL | S343: M | T343: 1200 | U343: 58800000 | V343: 9597012 | W343: 5.5699155 | X343: 1200 | Y343: 0
A344: =IF(OR(MID(R344,8,1)="0",MID(R344,8,1)="5"),"신규","러닝") -> 신규 | B344: 최초 | C344: =IF($B344="리오더","",Q344) -> JOIMUF5506 | D344: =IF(C344="",0,1/COUNTIF(C:C,C344)) -> 1 | E344: =IF($B344="리오더",Q344,"") | F344: =IF(E344="",0,1/COUNTIF(E:E,E344)) -> 0 | G344: =IF($B344="리오더","",R344) -> JOIMUF5506BL | H344: =IF(G344="",0,1/COUNTIF(G:G,G344)) -> 1 | I344: =IF($B344="리오더",R344,"") | J344: =IF(I344="",0,1/COUNTIF(I:I,I344)) -> 0 | K344: =MID(R344,6,2) -> F5 | L344: =VLOOKUP(N344,CODE!K:P,CODE!$P$1,FALSE) -> ACC | M344: =VLOOKUP(MID(R344,1,3),CODE!$B:$G,CODE!D$1,FALSE) -> JOI | N344: =MID(R344,4,2) -> MU | O344: =IF(ISERROR(IF(VLOOKUP($N344,CODE!$K:$P,CODE!$O$1,FALSE)="",$M344,$M344&"-"&VLOOKUP($N344,CODE!$K:$P,CODE!$O$1,FALSE)))=TRUE,"",IF(VLOOKUP($N344,CODE!$K:$P,CODE!$O$1,FALSE)="",$M344,$M344&"-"&VLOOKUP($N344,CODE!$K:$P,CODE!$O$1,FALSE))) -> JOI-ACC | P344: =IF(OR(MID(R344,8,1)="0",MID(R344,8,1)="1",MID(R344,8,1)="2",MID(R344,8,1)="3",MID(R344,8,1)="4"),"성인","키즈") -> 키즈 | Q344: =MID(R344,1,10) -> JOIMUF5506 | R344: JOIMUF5506BL | S344: M | T344: 800 | U344: 36000000 | V344: 4895828.8 | W344: 6.6847257 | X344: 800 | Y344: 0
A345: =IF(OR(MID(R345,8,1)="0",MID(R345,8,1)="5"),"신규","러닝") -> 신규 | B345: =IF(COUNTIF(R$1:R344,R345)=0,"최초","리오더") -> 최초 | C345: =IF($B345="리오더","",Q345) -> JOIEDF5507 | D345: =IF(C345="",0,1/COUNTIF(C:C,C345)) -> 1 | E345: =IF($B345="리오더",Q345,"") | F345: =IF(E345="",0,1/COUNTIF(E:E,E345)) -> 0 | G345: =IF($B345="리오더","",R345) -> JOIEDF5507BL | H345: =IF(G345="",0,1/COUNTIF(G:G,G345)) -> 1 | I345: =IF($B345="리오더",R345,"") | J345: =IF(I345="",0,1/COUNTIF(I:I,I345)) -> 0 | K345: =MID(R345,6,2) -> F5 | L345: =VLOOKUP(N345,CODE!K:P,CODE!$P$1,FALSE) -> ACC | M345: =VLOOKUP(MID(R345,1,3),CODE!$B:$G,CODE!D$1,FALSE) -> JOI | N345: =MID(R345,4,2) -> ED | O345: =IF(ISERROR(IF(VLOOKUP($N345,CODE!$K:$P,CODE!$O$1,FALSE)="",$M345,$M345&"-"&VLOOKUP($N345,CODE!$K:$P,CODE!$O$1,FALSE)))=TRUE,"",IF(VLOOKUP($N345,CODE!$K:$P,CODE!$O$1,FALSE)="",$M345,$M345&"-"&VLOOKUP($N345,CODE!$K:$P,CODE!$O$1,FALSE))) -> JOI-ACC | P345: =IF(OR(MID(R345,8,1)="0",MID(R345,8,1)="1",MID(R345,8,1)="2",MID(R345,8,1)="3",MID(R345,8,1)="4"),"성인","키즈") -> 키즈 | Q345: =MID(R345,1,10) -> JOIEDF5507 | R345: JOIEDF5507BL | S345: M | T345: 800 | U345: 23200000 | V345: 3508720 | W345: 6.0109981 | X345: 799 | Y345: 0
A346: =IF(OR(MID(R346,8,1)="0",MID(R346,8,1)="5"),"신규","러닝") -> 신규 | B346: =IF(COUNTIF(R$1:R345,R346)=0,"최초","리오더") -> 최초 | C346: =IF($B346="리오더","",Q346) -> JOIEBF5508 | D346: =IF(C346="",0,1/COUNTIF(C:C,C346)) -> 1 | E346: =IF($B346="리오더",Q346,"") | F346: =IF(E346="",0,1/COUNTIF(E:E,E346)) -> 0 | G346: =IF($B346="리오더","",R346) -> JOIEBF5508IV | H346: =IF(G346="",0,1/COUNTIF(G:G,G346)) -> 1 | I346: =IF($B346="리오더",R346,"") | J346: =IF(I346="",0,1/COUNTIF(I:I,I346)) -> 0 | K346: =MID(R346,6,2) -> F5 | L346: =VLOOKUP(N346,CODE!K:P,CODE!$P$1,FALSE) -> 모자 | M346: =VLOOKUP(MID(R346,1,3),CODE!$B:$G,CODE!D$1,FALSE) -> JOI | N346: =MID(R346,4,2) -> EB | O346: =IF(ISERROR(IF(VLOOKUP($N346,CODE!$K:$P,CODE!$O$1,FALSE)="",$M346,$M346&"-"&VLOOKUP($N346,CODE!$K:$P,CODE!$O$1,FALSE)))=TRUE,"",IF(VLOOKUP($N346,CODE!$K:$P,CODE!$O$1,FALSE)="",$M346,$M346&"-"&VLOOKUP($N346,CODE!$K:$P,CODE!$O$1,FALSE))) -> JOI | P346: =IF(OR(MID(R346,8,1)="0",MID(R346,8,1)="1",MID(R346,8,1)="2",MID(R346,8,1)="3",MID(R346,8,1)="4"),"성인","키즈") -> 키즈 | Q346: =MID(R346,1,10) -> JOIEBF5508 | R346: JOIEBF5508IV | S346: M | T346: 1200 | U346: 58800000 | V346: 7732812 | W346: 6.9126917 | X346: 1201 | Y346: 0
A347: =IF(OR(MID(R347,8,1)="0",MID(R347,8,1)="5"),"신규","러닝") -> 신규 | B347: =IF(COUNTIF(R$1:R346,R347)=0,"최초","리오더") -> 최초 | C347: =IF($B347="리오더","",Q347) -> URBTHF5003 | D347: =IF(C347="",0,1/COUNTIF(C:C,C347)) -> 1 | E347: =IF($B347="리오더",Q347,"") | F347: =IF(E347="",0,1/COUNTIF(E:E,E347)) -> 0 | G347: =IF($B347="리오더","",R347) -> URBTHF5003BK | H347: =IF(G347="",0,1/COUNTIF(G:G,G347)) -> 1 | I347: =IF($B347="리오더",R347,"") | J347: =IF(I347="",0,1/COUNTIF(I:I,I347)) -> 0 | K347: =MID(R347,6,2) -> F5 | L347: =VLOOKUP(N347,CODE!K:P,CODE!$P$1,FALSE) -> 의류 | M347: =VLOOKUP(MID(R347,1,3),CODE!$B:$G,CODE!D$1,FALSE) -> URB | N347: =MID(R347,4,2) -> TH | O347: =IF(ISERROR(IF(VLOOKUP($N347,CODE!$K:$P,CODE!$O$1,FALSE)="",$M347,$M347&"-"&VLOOKUP($N347,CODE!$K:$P,CODE!$O$1,FALSE)))=TRUE,"",IF(VLOOKUP($N347,CODE!$K:$P,CODE!$O$1,FALSE)="",$M347,$M347&"-"&VLOOKUP($N347,CODE!$K:$P,CODE!$O$1,FALSE))) -> URB-의류 | P347: =IF(OR(MID(R347,8,1)="0",MID(R347,8,1)="1",MID(R347,8,1)="2",MID(R347,8,1)="3",MID(R347,8,1)="4"),"성인","키즈") -> 성인 | Q347: =MID(R347,1,10) -> URBTHF5003 | R347: URBTHF5003BK | S347: M | T347: 1200 | U347: 106800000 | V347: 24279000 | W347: 3.9989666 | X347: 1266 | Y347: 0
A348: =IF(OR(MID(R348,8,1)="0",MID(R348,8,1)="5"),"신규","러닝") -> 신규 | B348: =IF(COUNTIF(R$1:R347,R348)=0,"최초","리오더") -> 최초 | C348: =IF($B348="리오더","",Q348) -> URBHPF5004 | D348: =IF(C348="",0,1/COUNTIF(C:C,C348)) -> 1 | E348: =IF($B348="리오더",Q348,"") | F348: =IF(E348="",0,1/COUNTIF(E:E,E348)) -> 0 | G348: =IF($B348="리오더","",R348) -> URBHPF5004BK | H348: =IF(G348="",0,1/COUNTIF(G:G,G348)) -> 1 | I348: =IF($B348="리오더",R348,"") | J348: =IF(I348="",0,1/COUNTIF(I:I,I348)) -> 0 | K348: =MID(R348,6,2) -> F5 | L348: =VLOOKUP(N348,CODE!K:P,CODE!$P$1,FALSE) -> 의류 | M348: =VLOOKUP(MID(R348,1,3),CODE!$B:$G,CODE!D$1,FALSE) -> URB | N348: =MID(R348,4,2) -> HP | O348: =IF(ISERROR(IF(VLOOKUP($N348,CODE!$K:$P,CODE!$O$1,FALSE)="",$M348,$M348&"-"&VLOOKUP($N348,CODE!$K:$P,CODE!$O$1,FALSE)))=TRUE,"",IF(VLOOKUP($N348,CODE!$K:$P,CODE!$O$1,FALSE)="",$M348,$M348&"-"&VLOOKUP($N348,CODE!$K:$P,CODE!$O$1,FALSE))) -> URB-의류 | P348: =IF(OR(MID(R348,8,1)="0",MID(R348,8,1)="1",MID(R348,8,1)="2",MID(R348,8,1)="3",MID(R348,8,1)="4"),"성인","키즈") -> 성인 | Q348: =MID(R348,1,10) -> URBHPF5004 | R348: URBHPF5004BK | S348: M | T348: 1200 | U348: 142800000 | V348: 35782800 | W348: 3.6279492 | X348: 1242 | Y348: 0
A349: =IF(OR(MID(R349,8,1)="0",MID(R349,8,1)="5"),"신규","러닝") -> 신규 | B349: =IF(COUNTIF(R$1:R348,R349)=0,"최초","리오더") -> 최초 | C349: =IF($B349="리오더","",Q349) -> URBJPF5005 | D349: =IF(C349="",0,1/COUNTIF(C:C,C349)) -> 1 | E349: =IF($B349="리오더",Q349,"") | F349: =IF(E349="",0,1/COUNTIF(E:E,E349)) -> 0 | G349: =IF($B349="리오더","",R349) -> URBJPF5005BK | H349: =IF(G349="",0,1/COUNTIF(G:G,G349)) -> 1 | I349: =IF($B349="리오더",R349,"") | J349: =IF(I349="",0,1/COUNTIF(I:I,I349)) -> 0 | K349: =MID(R349,6,2) -> F5 | L349: =VLOOKUP(N349,CODE!K:P,CODE!$P$1,FALSE) -> 의류 | M349: =VLOOKUP(MID(R349,1,3),CODE!$B:$G,CODE!D$1,FALSE) -> URB | N349: =MID(R349,4,2) -> JP | O349: =IF(ISERROR(IF(VLOOKUP($N349,CODE!$K:$P,CODE!$O$1,FALSE)="",$M349,$M349&"-"&VLOOKUP($N349,CODE!$K:$P,CODE!$O$1,FALSE)))=TRUE,"",IF(VLOOKUP($N349,CODE!$K:$P,CODE!$O$1,FALSE)="",$M349,$M349&"-"&VLOOKUP($N349,CODE!$K:$P,CODE!$O$1,FALSE))) -> URB-의류 | P349: =IF(OR(MID(R349,8,1)="0",MID(R349,8,1)="1",MID(R349,8,1)="2",MID(R349,8,1)="3",MID(R349,8,1)="4"),"성인","키즈") -> 성인 | Q349: =MID(R349,1,10) -> URBJPF5005 | R349: URBJPF5005BK | S349: M | T349: 1000 | U349: 158000000 | V349: 37557500 | W349: 3.8244389 | X349: 1073 | Y349: 0
A350: =IF(OR(MID(R350,8,1)="0",MID(R350,8,1)="5"),"신규","러닝") -> 신규 | B350: =IF(COUNTIF(R$1:R349,R350)=0,"최초","리오더") -> 최초 | C350: =IF($B350="리오더","",Q350) -> URBJPF5007 | D350: =IF(C350="",0,1/COUNTIF(C:C,C350)) -> 0.5 | E350: =IF($B350="리오더",Q350,"") | F350: =IF(E350="",0,1/COUNTIF(E:E,E350)) -> 0 | G350: =IF($B350="리오더","",R350) -> URBJPF5007BK | H350: =IF(G350="",0,1/COUNTIF(G:G,G350)) -> 1 | I350: =IF($B350="리오더",R350,"") | J350: =IF(I350="",0,1/COUNTIF(I:I,I350)) -> 0 | K350: =MID(R350,6,2) -> F5 | L350: =VLOOKUP(N350,CODE!K:P,CODE!$P$1,FALSE) -> 의류 | M350: =VLOOKUP(MID(R350,1,3),CODE!$B:$G,CODE!D$1,FALSE) -> URB | N350: =MID(R350,4,2) -> JP | O350: =IF(ISERROR(IF(VLOOKUP($N350,CODE!$K:$P,CODE!$O$1,FALSE)="",$M350,$M350&"-"&VLOOKUP($N350,CODE!$K:$P,CODE!$O$1,FALSE)))=TRUE,"",IF(VLOOKUP($N350,CODE!$K:$P,CODE!$O$1,FALSE)="",$M350,$M350&"-"&VLOOKUP($N350,CODE!$K:$P,CODE!$O$1,FALSE))) -> URB-의류 | P350: =IF(OR(MID(R350,8,1)="0",MID(R350,8,1)="1",MID(R350,8,1)="2",MID(R350,8,1)="3",MID(R350,8,1)="4"),"성인","키즈") -> 성인 | Q350: =MID(R350,1,10) -> URBJPF5007 | R350: URBJPF5007BK | S350: M | T350: 1500 | U350: 417000000 | V350: 100948125 | W350: 3.7553041 | X350: 1640 | Y350: 0
A351: =IF(OR(MID(R351,8,1)="0",MID(R351,8,1)="5"),"신규","러닝") -> 신규 | B351: =IF(COUNTIF(R$1:R350,R351)=0,"최초","리오더") -> 최초 | C351: =IF($B351="리오더","",Q351) -> URBJPF5007 | D351: =IF(C351="",0,1/COUNTIF(C:C,C351)) -> 0.5 | E351: =IF($B351="리오더",Q351,"") | F351: =IF(E351="",0,1/COUNTIF(E:E,E351)) -> 0 | G351: =IF($B351="리오더","",R351) -> URBJPF5007RE | H351: =IF(G351="",0,1/COUNTIF(G:G,G351)) -> 1 | I351: =IF($B351="리오더",R351,"") | J351: =IF(I351="",0,1/COUNTIF(I:I,I351)) -> 0 | K351: =MID(R351,6,2) -> F5 | L351: =VLOOKUP(N351,CODE!K:P,CODE!$P$1,FALSE) -> 의류 | M351: =VLOOKUP(MID(R351,1,3),CODE!$B:$G,CODE!D$1,FALSE) -> URB | N351: =MID(R351,4,2) -> JP | O351: =IF(ISERROR(IF(VLOOKUP($N351,CODE!$K:$P,CODE!$O$1,FALSE)="",$M351,$M351&"-"&VLOOKUP($N351,CODE!$K:$P,CODE!$O$1,FALSE)))=TRUE,"",IF(VLOOKUP($N351,CODE!$K:$P,CODE!$O$1,FALSE)="",$M351,$M351&"-"&VLOOKUP($N351,CODE!$K:$P,CODE!$O$1,FALSE))) -> URB-의류 | P351: =IF(OR(MID(R351,8,1)="0",MID(R351,8,1)="1",MID(R351,8,1)="2",MID(R351,8,1)="3",MID(R351,8,1)="4"),"성인","키즈") -> 성인 | Q351: =MID(R351,1,10) -> URBJPF5007 | R351: URBJPF5007RE | S351: M | T351: 1500 | U351: 417000000 | V351: 100948125 | W351: 3.7553041 | X351: 1653 | Y351: 0
A352: =IF(OR(MID(R352,8,1)="0",MID(R352,8,1)="5"),"신규","러닝") -> 신규 | B352: =IF(COUNTIF(R$1:R351,R352)=0,"최초","리오더") -> 최초 | C352: =IF($B352="리오더","",Q352) -> URBJPF5008 | D352: =IF(C352="",0,1/COUNTIF(C:C,C352)) -> 1 | E352: =IF($B352="리오더",Q352,"") | F352: =IF(E352="",0,1/COUNTIF(E:E,E352)) -> 0 | G352: =IF($B352="리오더","",R352) -> URBJPF5008GY | H352: =IF(G352="",0,1/COUNTIF(G:G,G352)) -> 1 | I352: =IF($B352="리오더",R352,"") | J352: =IF(I352="",0,1/COUNTIF(I:I,I352)) -> 0 | K352: =MID(R352,6,2) -> F5 | L352: =VLOOKUP(N352,CODE!K:P,CODE!$P$1,FALSE) -> 의류 | M352: =VLOOKUP(MID(R352,1,3),CODE!$B:$G,CODE!D$1,FALSE) -> URB | N352: =MID(R352,4,2) -> JP | O352: =IF(ISERROR(IF(VLOOKUP($N352,CODE!$K:$P,CODE!$O$1,FALSE)="",$M352,$M352&"-"&VLOOKUP($N352,CODE!$K:$P,CODE!$O$1,FALSE)))=TRUE,"",IF(VLOOKUP($N352,CODE!$K:$P,CODE!$O$1,FALSE)="",$M352,$M352&"-"&VLOOKUP($N352,CODE!$K:$P,CODE!$O$1,FALSE))) -> URB-의류 | P352: =IF(OR(MID(R352,8,1)="0",MID(R352,8,1)="1",MID(R352,8,1)="2",MID(R352,8,1)="3",MID(R352,8,1)="4"),"성인","키즈") -> 성인 | Q352: =MID(R352,1,10) -> URBJPF5008 | R352: URBJPF5008GY | S352: M | T352: 1500 | U352: 387000000 | V352: 88041000 | W352: 3.9960721 | X352: 1618 | Y352: 0
A353: =IF(OR(MID(R353,8,1)="0",MID(R353,8,1)="5"),"신규","러닝") -> 신규 | B353: =IF(COUNTIF(R$1:R352,R353)=0,"최초","리오더") -> 최초 | C353: =IF($B353="리오더","",Q353) -> WTRTPF5001 | D353: =IF(C353="",0,1/COUNTIF(C:C,C353)) -> 1 | E353: =IF($B353="리오더",Q353,"") | F353: =IF(E353="",0,1/COUNTIF(E:E,E353)) -> 0 | G353: =IF($B353="리오더","",R353) -> WTRTPF5001BU | H353: =IF(G353="",0,1/COUNTIF(G:G,G353)) -> 1 | I353: =IF($B353="리오더",R353,"") | J353: =IF(I353="",0,1/COUNTIF(I:I,I353)) -> 0 | K353: =MID(R353,6,2) -> F5 | L353: =VLOOKUP(N353,CODE!K:P,CODE!$P$1,FALSE) -> 모자 | M353: =VLOOKUP(MID(R353,1,3),CODE!$B:$G,CODE!D$1,FALSE) -> WTR | N353: =MID(R353,4,2) -> TP | O353: =IF(ISERROR(IF(VLOOKUP($N353,CODE!$K:$P,CODE!$O$1,FALSE)="",$M353,$M353&"-"&VLOOKUP($N353,CODE!$K:$P,CODE!$O$1,FALSE)))=TRUE,"",IF(VLOOKUP($N353,CODE!$K:$P,CODE!$O$1,FALSE)="",$M353,$M353&"-"&VLOOKUP($N353,CODE!$K:$P,CODE!$O$1,FALSE))) -> WTR | P353: =IF(OR(MID(R353,8,1)="0",MID(R353,8,1)="1",MID(R353,8,1)="2",MID(R353,8,1)="3",MID(R353,8,1)="4"),"성인","키즈") -> 성인 | Q353: =MID(R353,1,10) -> WTRTPF5001 | R353: WTRTPF5001BU | S353: M | T353: 800 | U353: 55200000 | V353: 10205912 | W353: 4.9169362 | X353: 798 | Y353: 0
A354: =IF(OR(MID(R354,8,1)="0",MID(R354,8,1)="5"),"신규","러닝") -> 신규 | B354: =IF(COUNTIF(R$1:R353,R354)=0,"최초","리오더") -> 최초 | C354: =IF($B354="리오더","",Q354) -> WTRTPF5002 | D354: =IF(C354="",0,1/COUNTIF(C:C,C354)) -> 1 | E354: =IF($B354="리오더",Q354,"") | F354: =IF(E354="",0,1/COUNTIF(E:E,E354)) -> 0 | G354: =IF($B354="리오더","",R354) -> WTRTPF5002BK | H354: =IF(G354="",0,1/COUNTIF(G:G,G354)) -> 1 | I354: =IF($B354="리오더",R354,"") | J354: =IF(I354="",0,1/COUNTIF(I:I,I354)) -> 0 | K354: =MID(R354,6,2) -> F5 | L354: =VLOOKUP(N354,CODE!K:P,CODE!$P$1,FALSE) -> 모자 | M354: =VLOOKUP(MID(R354,1,3),CODE!$B:$G,CODE!D$1,FALSE) -> WTR | N354: =MID(R354,4,2) -> TP | O354: =IF(ISERROR(IF(VLOOKUP($N354,CODE!$K:$P,CODE!$O$1,FALSE)="",$M354,$M354&"-"&VLOOKUP($N354,CODE!$K:$P,CODE!$O$1,FALSE)))=TRUE,"",IF(VLOOKUP($N354,CODE!$K:$P,CODE!$O$1,FALSE)="",$M354,$M354&"-"&VLOOKUP($N354,CODE!$K:$P,CODE!$O$1,FALSE))) -> WTR | P354: =IF(OR(MID(R354,8,1)="0",MID(R354,8,1)="1",MID(R354,8,1)="2",MID(R354,8,1)="3",MID(R354,8,1)="4"),"성인","키즈") -> 성인 | Q354: =MID(R354,1,10) -> WTRTPF5002 | R354: WTRTPF5002BK | S354: M | T354: 1000 | U354: 75000000 | V354: 14065760 | W354: 4.8473611 | X354: 1000 | Y354: 0
A355: =IF(OR(MID(R355,8,1)="0",MID(R355,8,1)="5"),"신규","러닝") -> 신규 | B355: =IF(COUNTIF(R$1:R354,R355)=0,"최초","리오더") -> 최초 | C355: =IF($B355="리오더","",Q355) -> SBRMIF3001 | D355: =IF(C355="",0,1/COUNTIF(C:C,C355)) -> 0.5 | E355: =IF($B355="리오더",Q355,"") | F355: =IF(E355="",0,1/COUNTIF(E:E,E355)) -> 0 | G355: =IF($B355="리오더","",R355) -> SBRMIF3001BK | H355: =IF(G355="",0,1/COUNTIF(G:G,G355)) -> 1 | I355: =IF($B355="리오더",R355,"") | J355: =IF(I355="",0,1/COUNTIF(I:I,I355)) -> 0 | K355: =MID(R355,6,2) -> F3 | L355: =VLOOKUP(N355,CODE!K:P,CODE!$P$1,FALSE) -> 모자 | M355: =VLOOKUP(MID(R355,1,3),CODE!$B:$G,CODE!D$1,FALSE) -> SBR | N355: =MID(R355,4,2) -> MI | O355: =IF(ISERROR(IF(VLOOKUP($N355,CODE!$K:$P,CODE!$O$1,FALSE)="",$M355,$M355&"-"&VLOOKUP($N355,CODE!$K:$P,CODE!$O$1,FALSE)))=TRUE,"",IF(VLOOKUP($N355,CODE!$K:$P,CODE!$O$1,FALSE)="",$M355,$M355&"-"&VLOOKUP($N355,CODE!$K:$P,CODE!$O$1,FALSE))) -> SBR | P355: =IF(OR(MID(R355,8,1)="0",MID(R355,8,1)="1",MID(R355,8,1)="2",MID(R355,8,1)="3",MID(R355,8,1)="4"),"성인","키즈") -> 성인 | Q355: =MID(R355,1,10) -> SBRMIF3001 | R355: SBRMIF3001BK | S355: M | T355: 4000 | U355: 180000000 | V355: 24898104 | W355: 6.572242 | X355: 3996 | Y355: 0
A356: =IF(OR(MID(R356,8,1)="0",MID(R356,8,1)="5"),"신규","러닝") -> 신규 | B356: =IF(COUNTIF(R$1:R355,R356)=0,"최초","리오더") -> 최초 | C356: =IF($B356="리오더","",Q356) -> URBBEF5019 | D356: =IF(C356="",0,1/COUNTIF(C:C,C356)) -> 0.5 | E356: =IF($B356="리오더",Q356,"") | F356: =IF(E356="",0,1/COUNTIF(E:E,E356)) -> 0 | G356: =IF($B356="리오더","",R356) -> URBBEF5019BK | H356: =IF(G356="",0,1/COUNTIF(G:G,G356)) -> 1 | I356: =IF($B356="리오더",R356,"") | J356: =IF(I356="",0,1/COUNTIF(I:I,I356)) -> 0 | K356: =MID(R356,6,2) -> F5 | L356: =VLOOKUP(N356,CODE!K:P,CODE!$P$1,FALSE) -> 모자 | M356: =VLOOKUP(MID(R356,1,3),CODE!$B:$G,CODE!D$1,FALSE) -> URB | N356: =MID(R356,4,2) -> BE | O356: =IF(ISERROR(IF(VLOOKUP($N356,CODE!$K:$P,CODE!$O$1,FALSE)="",$M356,$M356&"-"&VLOOKUP($N356,CODE!$K:$P,CODE!$O$1,FALSE)))=TRUE,"",IF(VLOOKUP($N356,CODE!$K:$P,CODE!$O$1,FALSE)="",$M356,$M356&"-"&VLOOKUP($N356,CODE!$K:$P,CODE!$O$1,FALSE))) -> URB | P356: =IF(OR(MID(R356,8,1)="0",MID(R356,8,1)="1",MID(R356,8,1)="2",MID(R356,8,1)="3",MID(R356,8,1)="4"),"성인","키즈") -> 성인 | Q356: =MID(R356,1,10) -> URBBEF5019 | R356: URBBEF5019BK | S356: M | T356: 1500 | U356: 58500000 | V356: 8009355 | W356: 6.6399627 | X356: 1489 | Y356: 0
... A563: =IF(OR(MID(R563,8,1)="0",MID(R563,8,1)="5"),"신규","러닝") -> 러닝 | B563: =IF(COUNTIF(R$1:R562,R563)=0,"최초","리오더") -> 최초 | C563: =IF($B563="리오더","",Q563) -> URBFIF3412 | D563: =IF(C563="",0,1/COUNTIF(C:C,C563)) -> 1 | E563: =IF($B563="리오더",Q563,"") | F563: =IF(E563="",0,1/COUNTIF(E:E,E563)) -> 0 | G563: =IF($B563="리오더","",R563) -> URBFIF3412BK | H563: =IF(G563="",0,1/COUNTIF(G:G,G563)) -> 1 | I563: =IF($B563="리오더",R563,"") | J563: =IF(I563="",0,1/COUNTIF(I:I,I563)) -> 0 | K563: =MID(R563,6,2) -> F3 | L563: =VLOOKUP(N563,CODE!K:P,CODE!$P$1,FALSE) -> 모자 | M563: =VLOOKUP(MID(R563,1,3),CODE!$B:$G,CODE!D$1,FALSE) -> URB | N563: =MID(R563,4,2) -> FI | O563: =IF(ISERROR(IF(VLOOKUP($N563,CODE!$K:$P,CODE!$O$1,FALSE)="",$M563,$M563&"-"&VLOOKUP($N563,CODE!$K:$P,CODE!$O$1,FALSE)))=TRUE,"",IF(VLOOKUP($N563,CODE!$K:$P,CODE!$O$1,FALSE)="",$M563,$M563&"-"&VLOOKUP($N563,CODE!$K:$P,CODE!$O$1,FALSE))) -> URB | P563: =IF(OR(MID(R563,8,1)="0",MID(R563,8,1)="1",MID(R563,8,1)="2",MID(R563,8,1)="3",MID(R563,8,1)="4"),"성인","키즈") -> 성인 | Q563: =MID(R563,1,10) -> URBFIF3412 | R563: URBFIF3412BK | S563: M | T563: 1500 | U563: 64500000 | V563: 7137048 | W563: 8.2157726 | X563: 1492 | Y563: 0
A564: =IF(OR(MID(R564,8,1)="0",MID(R564,8,1)="5"),"신규","러닝") -> 러닝 | B564: 최초 | C564: =IF($B564="리오더","",Q564) -> URBFIF3414 | D564: =IF(C564="",0,1/COUNTIF(C:C,C564)) -> 1 | E564: =IF($B564="리오더",Q564,"") | F564: =IF(E564="",0,1/COUNTIF(E:E,E564)) -> 0 | G564: =IF($B564="리오더","",R564) -> URBFIF3414BK | H564: =IF(G564="",0,1/COUNTIF(G:G,G564)) -> 1 | I564: =IF($B564="리오더",R564,"") | J564: =IF(I564="",0,1/COUNTIF(I:I,I564)) -> 0 | K564: =MID(R564,6,2) -> F3 | L564: =VLOOKUP(N564,CODE!K:P,CODE!$P$1,FALSE) -> 모자 | M564: =VLOOKUP(MID(R564,1,3),CODE!$B:$G,CODE!D$1,FALSE) -> URB | N564: =MID(R564,4,2) -> FI | O564: =IF(ISERROR(IF(VLOOKUP($N564,CODE!$K:$P,CODE!$O$1,FALSE)="",$M564,$M564&"-"&VLOOKUP($N564,CODE!$K:$P,CODE!$O$1,FALSE)))=TRUE,"",IF(VLOOKUP($N564,CODE!$K:$P,CODE!$O$1,FALSE)="",$M564,$M564&"-"&VLOOKUP($N564,CODE!$K:$P,CODE!$O$1,FALSE))) -> URB | P564: =IF(OR(MID(R564,8,1)="0",MID(R564,8,1)="1",MID(R564,8,1)="2",MID(R564,8,1)="3",MID(R564,8,1)="4"),"성인","키즈") -> 성인 | Q564: =MID(R564,1,10) -> URBFIF3414 | R564: URBFIF3414BK | S564: M | T564: 1500 | U564: 64500000 | V564: 7533300 | W564: 7.7836225 | X564: 1500 | Y564: 0
A565: =IF(OR(MID(R565,8,1)="0",MID(R565,8,1)="5"),"신규","러닝") -> 러닝 | B565: 최초 | C565: =IF($B565="리오더","",Q565) -> ELSBAF3841 | D565: =IF(C565="",0,1/COUNTIF(C:C,C565)) -> 0.5 | E565: =IF($B565="리오더",Q565,"") | F565: =IF(E565="",0,1/COUNTIF(E:E,E565)) -> 0 | G565: =IF($B565="리오더","",R565) -> ELSBAF3841BK | H565: =IF(G565="",0,1/COUNTIF(G:G,G565)) -> 1 | I565: =IF($B565="리오더",R565,"") | J565: =IF(I565="",0,1/COUNTIF(I:I,I565)) -> 0 | K565: =MID(R565,6,2) -> F3 | L565: =VLOOKUP(N565,CODE!K:P,CODE!$P$1,FALSE) -> 모자 | M565: =VLOOKUP(MID(R565,1,3),CODE!$B:$G,CODE!D$1,FALSE) -> ELS | N565: =MID(R565,4,2) -> BA | O565: =IF(ISERROR(IF(VLOOKUP($N565,CODE!$K:$P,CODE!$O$1,FALSE)="",$M565,$M565&"-"&VLOOKUP($N565,CODE!$K:$P,CODE!$O$1,FALSE)))=TRUE,"",IF(VLOOKUP($N565,CODE!$K:$P,CODE!$O$1,FALSE)="",$M565,$M565&"-"&VLOOKUP($N565,CODE!$K:$P,CODE!$O$1,FALSE))) -> ELS | P565: =IF(OR(MID(R565,8,1)="0",MID(R565,8,1)="1",MID(R565,8,1)="2",MID(R565,8,1)="3",MID(R565,8,1)="4"),"성인","키즈") -> 키즈 | Q565: =MID(R565,1,10) -> ELSBAF3841 | R565: ELSBAF3841BK | S565: M | T565: 4000 | U565: 212000000 | V565: 28520720 | W565: 6.7574477 | X565: 3967 | Y565: 0
A566: =IF(OR(MID(R566,8,1)="0",MID(R566,8,1)="5"),"신규","러닝") -> 러닝 | B566: 최초 | C566: =IF($B566="리오더","",Q566) -> ELSBAF3841 | D566: =IF(C566="",0,1/COUNTIF(C:C,C566)) -> 0.5 | E566: =IF($B566="리오더",Q566,"") | F566: =IF(E566="",0,1/COUNTIF(E:E,E566)) -> 0 | G566: =IF($B566="리오더","",R566) -> ELSBAF3841RE | H566: =IF(G566="",0,1/COUNTIF(G:G,G566)) -> 1 | I566: =IF($B566="리오더",R566,"") | J566: =IF(I566="",0,1/COUNTIF(I:I,I566)) -> 0 | K566: =MID(R566,6,2) -> F3 | L566: =VLOOKUP(N566,CODE!K:P,CODE!$P$1,FALSE) -> 모자 | M566: =VLOOKUP(MID(R566,1,3),CODE!$B:$G,CODE!D$1,FALSE) -> ELS | N566: =MID(R566,4,2) -> BA | O566: =IF(ISERROR(IF(VLOOKUP($N566,CODE!$K:$P,CODE!$O$1,FALSE)="",$M566,$M566&"-"&VLOOKUP($N566,CODE!$K:$P,CODE!$O$1,FALSE)))=TRUE,"",IF(VLOOKUP($N566,CODE!$K:$P,CODE!$O$1,FALSE)="",$M566,$M566&"-"&VLOOKUP($N566,CODE!$K:$P,CODE!$O$1,FALSE))) -> ELS | P566: =IF(OR(MID(R566,8,1)="0",MID(R566,8,1)="1",MID(R566,8,1)="2",MID(R566,8,1)="3",MID(R566,8,1)="4"),"성인","키즈") -> 키즈 | Q566: =MID(R566,1,10) -> ELSBAF3841 | R566: ELSBAF3841RE | S566: M | T566: 4000 | U566: 212000000 | V566: 28520720 | W566: 6.7574477 | X566: 4005 | Y566: 0
A567: =IF(OR(MID(R567,8,1)="0",MID(R567,8,1)="5"),"신규","러닝") -> 신규 | B567: 최초 | C567: =IF($B567="리오더","",Q567) -> SBRMIF3066 | D567: =IF(C567="",0,1/COUNTIF(C:C,C567)) -> 1 | E567: =IF($B567="리오더",Q567,"") | F567: =IF(E567="",0,1/COUNTIF(E:E,E567)) -> 0 | G567: =IF($B567="리오더","",R567) -> SBRMIF3066BK | H567: =IF(G567="",0,1/COUNTIF(G:G,G567)) -> 1 | I567: =IF($B567="리오더",R567,"") | J567: =IF(I567="",0,1/COUNTIF(I:I,I567)) -> 0 | K567: =MID(R567,6,2) -> F3 | L567: =VLOOKUP(N567,CODE!K:P,CODE!$P$1,FALSE) -> 모자 | M567: =VLOOKUP(MID(R567,1,3),CODE!$B:$G,CODE!D$1,FALSE) -> SBR | N567: =MID(R567,4,2) -> MI | O567: =IF(ISERROR(IF(VLOOKUP($N567,CODE!$K:$P,CODE!$O$1,FALSE)="",$M567,$M567&"-"&VLOOKUP($N567,CODE!$K:$P,CODE!$O$1,FALSE)))=TRUE,"",IF(VLOOKUP($N567,CODE!$K:$P,CODE!$O$1,FALSE)="",$M567,$M567&"-"&VLOOKUP($N567,CODE!$K:$P,CODE!$O$1,FALSE))) -> SBR | P567: =IF(OR(MID(R567,8,1)="0",MID(R567,8,1)="1",MID(R567,8,1)="2",MID(R567,8,1)="3",MID(R567,8,1)="4"),"성인","키즈") -> 성인 | Q567: =MID(R567,1,10) -> SBRMIF3066 | R567: SBRMIF3066BK | S567: M | T567: 3500 | U567: 101500000 | V567: 20896715 | W567: 4.4156571 | X567: 3524 | Y567: 0
A568: =IF(OR(MID(R568,8,1)="0",MID(R568,8,1)="5"),"신규","러닝") -> 신규 | B568: 최초 | C568: =IF($B568="리오더","",Q568) -> ELSERF5025 | D568: =IF(C568="",0,1/COUNTIF(C:C,C568)) -> 1 | E568: =IF($B568="리오더",Q568,"") | F568: =IF(E568="",0,1/COUNTIF(E:E,E568)) -> 0 | G568: =IF($B568="리오더","",R568) -> ELSERF5025BK | H568: =IF(G568="",0,1/COUNTIF(G:G,G568)) -> 1 | I568: =IF($B568="리오더",R568,"") | J568: =IF(I568="",0,1/COUNTIF(I:I,I568)) -> 0 | K568: =MID(R568,6,2) -> F5 | L568: =VLOOKUP(N568,CODE!K:P,CODE!$P$1,FALSE) -> 모자 | M568: =VLOOKUP(MID(R568,1,3),CODE!$B:$G,CODE!D$1,FALSE) -> ELS | N568: =MID(R568,4,2) -> ER | O568: =IF(ISERROR(IF(VLOOKUP($N568,CODE!$K:$P,CODE!$O$1,FALSE)="",$M568,$M568&"-"&VLOOKUP($N568,CODE!$K:$P,CODE!$O$1,FALSE)))=TRUE,"",IF(VLOOKUP($N568,CODE!$K:$P,CODE!$O$1,FALSE)="",$M568,$M568&"-"&VLOOKUP($N568,CODE!$K:$P,CODE!$O$1,FALSE))) -> ELS | P568: =IF(OR(MID(R568,8,1)="0",MID(R568,8,1)="1",MID(R568,8,1)="2",MID(R568,8,1)="3",MID(R568,8,1)="4"),"성인","키즈") -> 성인 | Q568: =MID(R568,1,10) -> ELSERF5025 | R568: ELSERF5025BK | S568: M | T568: 800 | U568: 47200000 | V568: 6668800 | W568: 6.4343047 | X568: 800 | Y568: 0
A569: =IF(OR(MID(R569,8,1)="0",MID(R569,8,1)="5"),"신규","러닝") -> 신규 | B569: 최초 | C569: =IF($B569="리오더","",Q569) -> ELSSNF5026 | D569: =IF(C569="",0,1/COUNTIF(C:C,C569)) -> 1 | E569: =IF($B569="리오더",Q569,"") | F569: =IF(E569="",0,1/COUNTIF(E:E,E569)) -> 0 | G569: =IF($B569="리오더","",R569) -> ELSSNF5026BK | H569: =IF(G569="",0,1/COUNTIF(G:G,G569)) -> 1 | I569: =IF($B569="리오더",R569,"") | J569: =IF(I569="",0,1/COUNTIF(I:I,I569)) -> 0 | K569: =MID(R569,6,2) -> F5 | L569: =VLOOKUP(N569,CODE!K:P,CODE!$P$1,FALSE) -> 모자 | M569: =VLOOKUP(MID(R569,1,3),CODE!$B:$G,CODE!D$1,FALSE) -> ELS | N569: =MID(R569,4,2) -> SN | O569: =IF(ISERROR(IF(VLOOKUP($N569,CODE!$K:$P,CODE!$O$1,FALSE)="",$M569,$M569&"-"&VLOOKUP($N569,CODE!$K:$P,CODE!$O$1,FALSE)))=TRUE,"",IF(VLOOKUP($N569,CODE!$K:$P,CODE!$O$1,FALSE)="",$M569,$M569&"-"&VLOOKUP($N569,CODE!$K:$P,CODE!$O$1,FALSE))) -> ELS | P569: =IF(OR(MID(R569,8,1)="0",MID(R569,8,1)="1",MID(R569,8,1)="2",MID(R569,8,1)="3",MID(R569,8,1)="4"),"성인","키즈") -> 성인 | Q569: =MID(R569,1,10) -> ELSSNF5026 | R569: ELSSNF5026BK | S569: M | T569: 1500 | U569: 73500000 | V569: 10508160 | W569: 6.3586947 | X569: 1348 | Y569: 0
A570: =IF(OR(MID(R570,8,1)="0",MID(R570,8,1)="5"),"신규","러닝") -> 신규 | B570: 최초 | C570: =IF($B570="리오더","",Q570) -> ELSSNF3027 | D570: =IF(C570="",0,1/COUNTIF(C:C,C570)) -> 1 | E570: =IF($B570="리오더",Q570,"") | F570: =IF(E570="",0,1/COUNTIF(E:E,E570)) -> 0 | G570: =IF($B570="리오더","",R570) -> ELSSNF3027BK | H570: =IF(G570="",0,1/COUNTIF(G:G,G570)) -> 1 | I570: =IF($B570="리오더",R570,"") | J570: =IF(I570="",0,1/COUNTIF(I:I,I570)) -> 0 | K570: =MID(R570,6,2) -> F3 | L570: =VLOOKUP(N570,CODE!K:P,CODE!$P$1,FALSE) -> 모자 | M570: =VLOOKUP(MID(R570,1,3),CODE!$B:$G,CODE!D$1,FALSE) -> ELS | N570: =MID(R570,4,2) -> SN | O570: =IF(ISERROR(IF(VLOOKUP($N570,CODE!$K:$P,CODE!$O$1,FALSE)="",$M570,$M570&"-"&VLOOKUP($N570,CODE!$K:$P,CODE!$O$1,FALSE)))=TRUE,"",IF(VLOOKUP($N570,CODE!$K:$P,CODE!$O$1,FALSE)="",$M570,$M570&"-"&VLOOKUP($N570,CODE!$K:$P,CODE!$O$1,FALSE))) -> ELS | P570: =IF(OR(MID(R570,8,1)="0",MID(R570,8,1)="1",MID(R570,8,1)="2",MID(R570,8,1)="3",MID(R570,8,1)="4"),"성인","키즈") -> 성인 | Q570: =MID(R570,1,10) -> ELSSNF3027 | R570: ELSSNF3027BK | S570: M | T570: 1200 | U570: 54000000 | V570: 8331684 | W570: 5.8920753 | X570: 1173 | Y570: 0
A571: =IF(OR(MID(R571,8,1)="0",MID(R571,8,1)="5"),"신규","러닝") -> 신규 | B571: 최초 | C571: =IF($B571="리오더","",Q571) -> ELSSNF5028 | D571: =IF(C571="",0,1/COUNTIF(C:C,C571)) -> 1 | E571: =IF($B571="리오더",Q571,"") | F571: =IF(E571="",0,1/COUNTIF(E:E,E571)) -> 0 | G571: =IF($B571="리오더","",R571) -> ELSSNF5028GY | H571: =IF(G571="",0,1/COUNTIF(G:G,G571)) -> 1 | I571: =IF($B571="리오더",R571,"") | J571: =IF(I571="",0,1/COUNTIF(I:I,I571)) -> 0 | K571: =MID(R571,6,2) -> F5 | L571: =VLOOKUP(N571,CODE!K:P,CODE!$P$1,FALSE) -> 모자 | M571: =VLOOKUP(MID(R571,1,3),CODE!$B:$G,CODE!D$1,FALSE) -> ELS | N571: =MID(R571,4,2) -> SN | O571: =IF(ISERROR(IF(VLOOKUP($N571,CODE!$K:$P,CODE!$O$1,FALSE)="",$M571,$M571&"-"&VLOOKUP($N571,CODE!$K:$P,CODE!$O$1,FALSE)))=TRUE,"",IF(VLOOKUP($N571,CODE!$K:$P,CODE!$O$1,FALSE)="",$M571,$M571&"-"&VLOOKUP($N571,CODE!$K:$P,CODE!$O$1,FALSE))) -> ELS | P571: =IF(OR(MID(R571,8,1)="0",MID(R571,8,1)="1",MID(R571,8,1)="2",MID(R571,8,1)="3",MID(R571,8,1)="4"),"성인","키즈") -> 성인 | Q571: =MID(R571,1,10) -> ELSSNF5028 | R571: ELSSNF5028GY | S571: M | T571: 1200 | U571: 54000000 | V571: 7604400 | W571: 6.4555927 | X571: 1183 | Y571: 0
A572: =IF(OR(MID(R572,8,1)="0",MID(R572,8,1)="5"),"신규","러닝") -> 신규 | B572: 최초 | C572: =IF($B572="리오더","",Q572) -> ELSSNF5029 | D572: =IF(C572="",0,1/COUNTIF(C:C,C572)) -> 1 | E572: =IF($B572="리오더",Q572,"") | F572: =IF(E572="",0,1/COUNTIF(E:E,E572)) -> 0 | G572: =IF($B572="리오더","",R572) -> ELSSNF5029BK | H572: =IF(G572="",0,1/COUNTIF(G:G,G572)) -> 1 | I572: =IF($B572="리오더",R572,"") | J572: =IF(I572="",0,1/COUNTIF(I:I,I572)) -> 0 | K572: =MID(R572,6,2) -> F5 | L572: =VLOOKUP(N572,CODE!K:P,CODE!$P$1,FALSE) -> 모자 | M572: =VLOOKUP(MID(R572,1,3),CODE!$B:$G,CODE!D$1,FALSE) -> ELS | N572: =MID(R572,4,2) -> SN | O572: =IF(ISERROR(IF(VLOOKUP($N572,CODE!$K:$P,CODE!$O$1,FALSE)="",$M572,$M572&"-"&VLOOKUP($N572,CODE!$K:$P,CODE!$O$1,FALSE)))=TRUE,"",IF(VLOOKUP($N572,CODE!$K:$P,CODE!$O$1,FALSE)="",$M572,$M572&"-"&VLOOKUP($N572,CODE!$K:$P,CODE!$O$1,FALSE))) -> ELS | P572: =IF(OR(MID(R572,8,1)="0",MID(R572,8,1)="1",MID(R572,8,1)="2",MID(R572,8,1)="3",MID(R572,8,1)="4"),"성인","키즈") -> 성인 | Q572: =MID(R572,1,10) -> ELSSNF5029 | R572: ELSSNF5029BK | S572: M | T572: 1200 | U572: 58800000 | V572: 7473156 | W572: 7.1528743 | X572: 1148 | Y572: 0
A573: =IF(OR(MID(R573,8,1)="0",MID(R573,8,1)="5"),"신규","러닝") -> 신규 | B573: 최초 | C573: =IF($B573="리오더","",Q573) -> ELSSNF5030 | D573: =IF(C573="",0,1/COUNTIF(C:C,C573)) -> 1 | E573: =IF($B573="리오더",Q573,"") | F573: =IF(E573="",0,1/COUNTIF(E:E,E573)) -> 0 | G573: =IF($B573="리오더","",R573) -> ELSSNF5030GY | H573: =IF(G573="",0,1/COUNTIF(G:G,G573)) -> 1 | I573: =IF($B573="리오더",R573,"") | J573: =IF(I573="",0,1/COUNTIF(I:I,I573)) -> 0 | K573: =MID(R573,6,2) -> F5 | L573: =VLOOKUP(N573,CODE!K:P,CODE!$P$1,FALSE) -> 모자 | M573: =VLOOKUP(MID(R573,1,3),CODE!$B:$G,CODE!D$1,FALSE) -> ELS | N573: =MID(R573,4,2) -> SN | O573: =IF(ISERROR(IF(VLOOKUP($N573,CODE!$K:$P,CODE!$O$1,FALSE)="",$M573,$M573&"-"&VLOOKUP($N573,CODE!$K:$P,CODE!$O$1,FALSE)))=TRUE,"",IF(VLOOKUP($N573,CODE!$K:$P,CODE!$O$1,FALSE)="",$M573,$M573&"-"&VLOOKUP($N573,CODE!$K:$P,CODE!$O$1,FALSE))) -> ELS | P573: =IF(OR(MID(R573,8,1)="0",MID(R573,8,1)="1",MID(R573,8,1)="2",MID(R573,8,1)="3",MID(R573,8,1)="4"),"성인","키즈") -> 성인 | Q573: =MID(R573,1,10) -> ELSSNF5030 | R573: ELSSNF5030GY | S573: M | T573: 1200 | U573: 54000000 | V573: 7090896 | W573: 6.9230897 | X573: 1195 | Y573: 0
A574: =IF(OR(MID(R574,8,1)="0",MID(R574,8,1)="5"),"신규","러닝") -> 신규 | B574: 최초 | C574: =IF($B574="리오더","",Q574) -> ELSBAF3531 | D574: =IF(C574="",0,1/COUNTIF(C:C,C574)) -> 1 | E574: =IF($B574="리오더",Q574,"") | F574: =IF(E574="",0,1/COUNTIF(E:E,E574)) -> 0 | G574: =IF($B574="리오더","",R574) -> ELSBAF3531GY | H574: =IF(G574="",0,1/COUNTIF(G:G,G574)) -> 1 | I574: =IF($B574="리오더",R574,"") | J574: =IF(I574="",0,1/COUNTIF(I:I,I574)) -> 0 | K574: =MID(R574,6,2) -> F3 | L574: =VLOOKUP(N574,CODE!K:P,CODE!$P$1,FALSE) -> 모자 | M574: =VLOOKUP(MID(R574,1,3),CODE!$B:$G,CODE!D$1,FALSE) -> ELS | N574: =MID(R574,4,2) -> BA | O574: =IF(ISERROR(IF(VLOOKUP($N574,CODE!$K:$P,CODE!$O$1,FALSE)="",$M574,$M574&"-"&VLOOKUP($N574,CODE!$K:$P,CODE!$O$1,FALSE)))=TRUE,"",IF(VLOOKUP($N574,CODE!$K:$P,CODE!$O$1,FALSE)="",$M574,$M574&"-"&VLOOKUP($N574,CODE!$K:$P,CODE!$O$1,FALSE))) -> ELS | P574: =IF(OR(MID(R574,8,1)="0",MID(R574,8,1)="1",MID(R574,8,1)="2",MID(R574,8,1)="3",MID(R574,8,1)="4"),"성인","키즈") -> 키즈 | Q574: =MID(R574,1,10) -> ELSBAF3531 | R574: ELSBAF3531GY | S574: M | T574: 1500 | U574: 73500000 | V574: 12914985 | W574: 5.1736941 | X574: 1438 | Y574: 0
A575: =IF(OR(MID(R575,8,1)="0",MID(R575,8,1)="5"),"신규","러닝") -> 신규 | B575: 최초 | C575: =IF($B575="리오더","",Q575) -> ELSERF5532 | D575: =IF(C575="",0,1/COUNTIF(C:C,C575)) -> 1 | E575: =IF($B575="리오더",Q575,"") | F575: =IF(E575="",0,1/COUNTIF(E:E,E575)) -> 0 | G575: =IF($B575="리오더","",R575) -> ELSERF5532PK | H575: =IF(G575="",0,1/COUNTIF(G:G,G575)) -> 1 | I575: =IF($B575="리오더",R575,"") | J575: =IF(I575="",0,1/COUNTIF(I:I,I575)) -> 0 | K575: =MID(R575,6,2) -> F5 | L575: =VLOOKUP(N575,CODE!K:P,CODE!$P$1,FALSE) -> 모자 | M575: =VLOOKUP(MID(R575,1,3),CODE!$B:$G,CODE!D$1,FALSE) -> ELS | N575: =MID(R575,4,2) -> ER | O575: =IF(ISERROR(IF(VLOOKUP($N575,CODE!$K:$P,CODE!$O$1,FALSE)="",$M575,$M575&"-"&VLOOKUP($N575,CODE!$K:$P,CODE!$O$1,FALSE)))=TRUE,"",IF(VLOOKUP($N575,CODE!$K:$P,CODE!$O$1,FALSE)="",$M575,$M575&"-"&VLOOKUP($N575,CODE!$K:$P,CODE!$O$1,FALSE))) -> ELS | P575: =IF(OR(MID(R575,8,1)="0",MID(R575,8,1)="1",MID(R575,8,1)="2",MID(R575,8,1)="3",MID(R575,8,1)="4"),"성인","키즈") -> 키즈 | Q575: =MID(R575,1,10) -> ELSERF5532 | R575: ELSERF5532PK | S575: M | T575: 1200 | U575: 66000000 | V575: 10878336 | W575: 5.5155494 | X575: 1195 | Y575: 0
... A579: =IF(OR(MID(R579,8,1)="0",MID(R579,8,1)="5"),"신규","러닝") -> 러닝 | B579: 최초 | C579: =IF($B579="리오더","",Q579) -> POLFIF3904 | D579: =IF(C579="",0,1/COUNTIF(C:C,C579)) -> 1 | E579: =IF($B579="리오더",Q579,"") | F579: =IF(E579="",0,1/COUNTIF(E:E,E579)) -> 0 | G579: =IF($B579="리오더","",R579) -> POLFIF3904GR | H579: =IF(G579="",0,1/COUNTIF(G:G,G579)) -> 1 | I579: =IF($B579="리오더",R579,"") | J579: =IF(I579="",0,1/COUNTIF(I:I,I579)) -> 0 | K579: =MID(R579,6,2) -> F3 | L579: =VLOOKUP(N579,CODE!K:P,CODE!$P$1,FALSE) -> 모자 | M579: =VLOOKUP(MID(R579,1,3),CODE!$B:$G,CODE!D$1,FALSE) -> POL | N579: =MID(R579,4,2) -> FI | O579: =IF(ISERROR(IF(VLOOKUP($N579,CODE!$K:$P,CODE!$O$1,FALSE)="",$M579,$M579&"-"&VLOOKUP($N579,CODE!$K:$P,CODE!$O$1,FALSE)))=TRUE,"",IF(VLOOKUP($N579,CODE!$K:$P,CODE!$O$1,FALSE)="",$M579,$M579&"-"&VLOOKUP($N579,CODE!$K:$P,CODE!$O$1,FALSE))) -> POL | P579: =IF(OR(MID(R579,8,1)="0",MID(R579,8,1)="1",MID(R579,8,1)="2",MID(R579,8,1)="3",MID(R579,8,1)="4"),"성인","키즈") -> 키즈 | Q579: =MID(R579,1,10) -> POLFIF3904 | R579: POLFIF3904GR | S579: M | T579: 1500 | U579: 73500000 | V579: 16332000 | W579: 4.0912431 | X579: 1500 | Y579: 0
A580: =IF(OR(MID(R580,8,1)="0",MID(R580,8,1)="5"),"신규","러닝") -> 신규 | B580: =IF(COUNTIF(R$1:R579,R580)=0,"최초","리오더") -> 리오더 | C580: =IF($B580="리오더","",Q580) | D580: =IF(C580="",0,1/COUNTIF(C:C,C580)) -> 0 | E580: =IF($B580="리오더",Q580,"") -> DPSSNF3501 | F580: =IF(E580="",0,1/COUNTIF(E:E,E580)) -> 1 | G580: =IF($B580="리오더","",R580) | H580: =IF(G580="",0,1/COUNTIF(G:G,G580)) -> 0 | I580: =IF($B580="리오더",R580,"") -> DPSSNF3501PK | J580: =IF(I580="",0,1/COUNTIF(I:I,I580)) -> 1 | K580: =MID(R580,6,2) -> F3 | L580: =VLOOKUP(N580,CODE!K:P,CODE!$P$1,FALSE) -> 모자 | M580: =VLOOKUP(MID(R580,1,3),CODE!$B:$G,CODE!D$1,FALSE) -> DPS | N580: =MID(R580,4,2) -> SN | O580: =IF(ISERROR(IF(VLOOKUP($N580,CODE!$K:$P,CODE!$O$1,FALSE)="",$M580,$M580&"-"&VLOOKUP($N580,CODE!$K:$P,CODE!$O$1,FALSE)))=TRUE,"",IF(VLOOKUP($N580,CODE!$K:$P,CODE!$O$1,FALSE)="",$M580,$M580&"-"&VLOOKUP($N580,CODE!$K:$P,CODE!$O$1,FALSE))) -> DPS | P580: =IF(OR(MID(R580,8,1)="0",MID(R580,8,1)="1",MID(R580,8,1)="2",MID(R580,8,1)="3",MID(R580,8,1)="4"),"성인","키즈") -> 키즈 | Q580: =MID(R580,1,10) -> DPSSNF3501 | R580: DPSSNF3501PK | S580: M | T580: 2000 | U580: 90000000 | V580: 23440000 | W580: 3.4905368 | X580: 2050 | Y580: 0
A581: =IF(OR(MID(R581,8,1)="0",MID(R581,8,1)="5"),"신규","러닝") -> 러닝 | B581: =IF(COUNTIF(R$1:R580,R581)=0,"최초","리오더") -> 최초 | C581: =IF($B581="리오더","",Q581) -> SMBFIF3426 | D581: =IF(C581="",0,1/COUNTIF(C:C,C581)) -> 1 | E581: =IF($B581="리오더",Q581,"") | F581: =IF(E581="",0,1/COUNTIF(E:E,E581)) -> 0 | G581: =IF($B581="리오더","",R581) -> SMBFIF3426BK | H581: =IF(G581="",0,1/COUNTIF(G:G,G581)) -> 1 | I581: =IF($B581="리오더",R581,"") | J581: =IF(I581="",0,1/COUNTIF(I:I,I581)) -> 0 | K581: =MID(R581,6,2) -> F3 | L581: =VLOOKUP(N581,CODE!K:P,CODE!$P$1,FALSE) -> 모자 | M581: =VLOOKUP(MID(R581,1,3),CODE!$B:$G,CODE!D$1,FALSE) -> SMB | N581: =MID(R581,4,2) -> FI | O581: =IF(ISERROR(IF(VLOOKUP($N581,CODE!$K:$P,CODE!$O$1,FALSE)="",$M581,$M581&"-"&VLOOKUP($N581,CODE!$K:$P,CODE!$O$1,FALSE)))=TRUE,"",IF(VLOOKUP($N581,CODE!$K:$P,CODE!$O$1,FALSE)="",$M581,$M581&"-"&VLOOKUP($N581,CODE!$K:$P,CODE!$O$1,FALSE))) -> SMB | P581: =IF(OR(MID(R581,8,1)="0",MID(R581,8,1)="1",MID(R581,8,1)="2",MID(R581,8,1)="3",MID(R581,8,1)="4"),"성인","키즈") -> 성인 | Q581: =MID(R581,1,10) -> SMBFIF3426 | R581: SMBFIF3426BK | S581: M | T581: 2000 | U581: 78000000 | V581: 7050388 | W581: 10.057474 | X581: 1998 | Y581: 0
A582: =IF(OR(MID(R582,8,1)="0",MID(R582,8,1)="5"),"신규","러닝") -> 러닝 | B582: =IF(COUNTIF(R$1:R581,R582)=0,"최초","리오더") -> 최초 | C582: =IF($B582="리오더","",Q582) -> URBFIF3409 | D582: =IF(C582="",0,1/COUNTIF(C:C,C582)) -> 1 | E582: =IF($B582="리오더",Q582,"") | F582: =IF(E582="",0,1/COUNTIF(E:E,E582)) -> 0 | G582: =IF($B582="리오더","",R582) -> URBFIF3409BK | H582: =IF(G582="",0,1/COUNTIF(G:G,G582)) -> 1 | I582: =IF($B582="리오더",R582,"") | J582: =IF(I582="",0,1/COUNTIF(I:I,I582)) -> 0 | K582: =MID(R582,6,2) -> F3 | L582: =VLOOKUP(N582,CODE!K:P,CODE!$P$1,FALSE) -> 모자 | M582: =VLOOKUP(MID(R582,1,3),CODE!$B:$G,CODE!D$1,FALSE) -> URB | N582: =MID(R582,4,2) -> FI | O582: =IF(ISERROR(IF(VLOOKUP($N582,CODE!$K:$P,CODE!$O$1,FALSE)="",$M582,$M582&"-"&VLOOKUP($N582,CODE!$K:$P,CODE!$O$1,FALSE)))=TRUE,"",IF(VLOOKUP($N582,CODE!$K:$P,CODE!$O$1,FALSE)="",$M582,$M582&"-"&VLOOKUP($N582,CODE!$K:$P,CODE!$O$1,FALSE))) -> URB | P582: =IF(OR(MID(R582,8,1)="0",MID(R582,8,1)="1",MID(R582,8,1)="2",MID(R582,8,1)="3",MID(R582,8,1)="4"),"성인","키즈") -> 성인 | Q582: =MID(R582,1,10) -> URBFIF3409 | R582: URBFIF3409BK | S582: M | T582: 1500 | U582: 58500000 | V582: 6801144 | W582: 7.8195401 | X582: 1500 | Y582: 0
A583: =IF(OR(MID(R583,8,1)="0",MID(R583,8,1)="5"),"신규","러닝") -> 러닝 | B583: =IF(COUNTIF(R$1:R582,R583)=0,"최초","리오더") -> 최초 | C583: =IF($B583="리오더","",Q583) -> VBLBAF3603 | D583: =IF(C583="",0,1/COUNTIF(C:C,C583)) -> 1 | E583: =IF($B583="리오더",Q583,"") | F583: =IF(E583="",0,1/COUNTIF(E:E,E583)) -> 0 | G583: =IF($B583="리오더","",R583) -> VBLBAF3603RE | H583: =IF(G583="",0,1/COUNTIF(G:G,G583)) -> 1 | I583: =IF($B583="리오더",R583,"") | J583: =IF(I583="",0,1/COUNTIF(I:I,I583)) -> 0 | K583: =MID(R583,6,2) -> F3 | L583: =VLOOKUP(N583,CODE!K:P,CODE!$P$1,FALSE) -> 모자 | M583: =VLOOKUP(MID(R583,1,3),CODE!$B:$G,CODE!D$1,FALSE) -> VBL | N583: =MID(R583,4,2) -> BA | O583: =IF(ISERROR(IF(VLOOKUP($N583,CODE!$K:$P,CODE!$O$1,FALSE)="",$M583,$M583&"-"&VLOOKUP($N583,CODE!$K:$P,CODE!$O$1,FALSE)))=TRUE,"",IF(VLOOKUP($N583,CODE!$K:$P,CODE!$O$1,FALSE)="",$M583,$M583&"-"&VLOOKUP($N583,CODE!$K:$P,CODE!$O$1,FALSE))) -> VBL | P583: =IF(OR(MID(R583,8,1)="0",MID(R583,8,1)="1",MID(R583,8,1)="2",MID(R583,8,1)="3",MID(R583,8,1)="4"),"성인","키즈") -> 키즈 | Q583: =MID(R583,1,10) -> VBLBAF3603 | R583: VBLBAF3603RE | S583: M | T583: 1600 | U583: 84800000 | V583: 6959488 | W583: 11.077095 | X583: 1600 | Y583: 0
A584: =IF(OR(MID(R584,8,1)="0",MID(R584,8,1)="5"),"신규","러닝") -> 러닝 | B584: =IF(COUNTIF(R$1:R583,R584)=0,"최초","리오더") -> 최초 | C584: =IF($B584="리오더","",Q584) -> HCUFIF3403 | D584: =IF(C584="",0,1/COUNTIF(C:C,C584)) -> 1 | E584: =IF($B584="리오더",Q584,"") | F584: =IF(E584="",0,1/COUNTIF(E:E,E584)) -> 0 | G584: =IF($B584="리오더","",R584) -> HCUFIF3403BK | H584: =IF(G584="",0,1/COUNTIF(G:G,G584)) -> 1 | I584: =IF($B584="리오더",R584,"") | J584: =IF(I584="",0,1/COUNTIF(I:I,I584)) -> 0 | K584: =MID(R584,6,2) -> F3 | L584: =VLOOKUP(N584,CODE!K:P,CODE!$P$1,FALSE) -> 모자 | M584: =VLOOKUP(MID(R584,1,3),CODE!$B:$G,CODE!D$1,FALSE) -> HCU | N584: =MID(R584,4,2) -> FI | O584: =IF(ISERROR(IF(VLOOKUP($N584,CODE!$K:$P,CODE!$O$1,FALSE)="",$M584,$M584&"-"&VLOOKUP($N584,CODE!$K:$P,CODE!$O$1,FALSE)))=TRUE,"",IF(VLOOKUP($N584,CODE!$K:$P,CODE!$O$1,FALSE)="",$M584,$M584&"-"&VLOOKUP($N584,CODE!$K:$P,CODE!$O$1,FALSE))) -> HCU | P584: =IF(OR(MID(R584,8,1)="0",MID(R584,8,1)="1",MID(R584,8,1)="2",MID(R584,8,1)="3",MID(R584,8,1)="4"),"성인","키즈") -> 성인 | Q584: =MID(R584,1,10) -> HCUFIF3403 | R584: HCUFIF3403BK | S584: M | T584: 1000 | U584: 43000000 | V584: 6600000 | W584: 5.922865 | X584: 1000 | Y584: 0
A585: =IF(OR(MID(R585,8,1)="0",MID(R585,8,1)="5"),"신규","러닝") -> 신규 | B585: =IF(COUNTIF(R$1:R584,R585)=0,"최초","리오더") -> 최초 | C585: =IF($B585="리오더","",Q585) -> HCUMIF3010 | D585: =IF(C585="",0,1/COUNTIF(C:C,C585)) -> 0.5 | E585: =IF($B585="리오더",Q585,"") | F585: =IF(E585="",0,1/COUNTIF(E:E,E585)) -> 0 | G585: =IF($B585="리오더","",R585) -> HCUMIF3010BK | H585: =IF(G585="",0,1/COUNTIF(G:G,G585)) -> 1 | I585: =IF($B585="리오더",R585,"") | J585: =IF(I585="",0,1/COUNTIF(I:I,I585)) -> 0 | K585: =MID(R585,6,2) -> F3 | L585: =VLOOKUP(N585,CODE!K:P,CODE!$P$1,FALSE) -> 모자 | M585: =VLOOKUP(MID(R585,1,3),CODE!$B:$G,CODE!D$1,FALSE) -> HCU | N585: =MID(R585,4,2) -> MI | O585: =IF(ISERROR(IF(VLOOKUP($N585,CODE!$K:$P,CODE!$O$1,FALSE)="",$M585,$M585&"-"&VLOOKUP($N585,CODE!$K:$P,CODE!$O$1,FALSE)))=TRUE,"",IF(VLOOKUP($N585,CODE!$K:$P,CODE!$O$1,FALSE)="",$M585,$M585&"-"&VLOOKUP($N585,CODE!$K:$P,CODE!$O$1,FALSE))) -> HCU | P585: =IF(OR(MID(R585,8,1)="0",MID(R585,8,1)="1",MID(R585,8,1)="2",MID(R585,8,1)="3",MID(R585,8,1)="4"),"성인","키즈") -> 성인 | Q585: =MID(R585,1,10) -> HCUMIF3010 | R585: HCUMIF3010BK | S585: M | T585: 2000 | U585: 90000000 | V585: 11836760 | W585: 6.9122109 | X585: 1998 | Y585: 0
A586: =IF(OR(MID(R586,8,1)="0",MID(R586,8,1)="5"),"신규","러닝") -> 신규 | B586: =IF(COUNTIF(R$1:R585,R586)=0,"최초","리오더") -> 최초 | C586: =IF($B586="리오더","",Q586) -> HCUMIF3010 | D586: =IF(C586="",0,1/COUNTIF(C:C,C586)) -> 0.5 | E586: =IF($B586="리오더",Q586,"") | F586: =IF(E586="",0,1/COUNTIF(E:E,E586)) -> 0 | G586: =IF($B586="리오더","",R586) -> HCUMIF3010KH | H586: =IF(G586="",0,1/COUNTIF(G:G,G586)) -> 1 | I586: =IF($B586="리오더",R586,"") | J586: =IF(I586="",0,1/COUNTIF(I:I,I586)) -> 0 | K586: =MID(R586,6,2) -> F3 | L586: =VLOOKUP(N586,CODE!K:P,CODE!$P$1,FALSE) -> 모자 | M586: =VLOOKUP(MID(R586,1,3),CODE!$B:$G,CODE!D$1,FALSE) -> HCU | N586: =MID(R586,4,2) -> MI | O586: =IF(ISERROR(IF(VLOOKUP($N586,CODE!$K:$P,CODE!$O$1,FALSE)="",$M586,$M586&"-"&VLOOKUP($N586,CODE!$K:$P,CODE!$O$1,FALSE)))=TRUE,"",IF(VLOOKUP($N586,CODE!$K:$P,CODE!$O$1,FALSE)="",$M586,$M586&"-"&VLOOKUP($N586,CODE!$K:$P,CODE!$O$1,FALSE))) -> HCU | P586: =IF(OR(MID(R586,8,1)="0",MID(R586,8,1)="1",MID(R586,8,1)="2",MID(R586,8,1)="3",MID(R586,8,1)="4"),"성인","키즈") -> 성인 | Q586: =MID(R586,1,10) -> HCUMIF3010 | R586: HCUMIF3010KH | S586: M | T586: 800 | U586: 36000000 | V586: 4726704 | W586: 6.9239099 | X586: 798 | Y586: 0
A587: =IF(OR(MID(R587,8,1)="0",MID(R587,8,1)="5"),"신규","러닝") -> 러닝 | B587: =IF(COUNTIF(R$1:R586,R587)=0,"최초","리오더") -> 최초 | C587: =IF($B587="리오더","",Q587) -> PLAUMF3407 | D587: =IF(C587="",0,1/COUNTIF(C:C,C587)) -> 1 | E587: =IF($B587="리오더",Q587,"") | F587: =IF(E587="",0,1/COUNTIF(E:E,E587)) -> 0 | G587: =IF($B587="리오더","",R587) -> PLAUMF3407BK | H587: =IF(G587="",0,1/COUNTIF(G:G,G587)) -> 1 | I587: =IF($B587="리오더",R587,"") | J587: =IF(I587="",0,1/COUNTIF(I:I,I587)) -> 0 | K587: =MID(R587,6,2) -> F3 | L587: =VLOOKUP(N587,CODE!K:P,CODE!$P$1,FALSE) -> 모자 | M587: =VLOOKUP(MID(R587,1,3),CODE!$B:$G,CODE!D$1,FALSE) -> PLA | N587: =MID(R587,4,2) -> UM | O587: =IF(ISERROR(IF(VLOOKUP($N587,CODE!$K:$P,CODE!$O$1,FALSE)="",$M587,$M587&"-"&VLOOKUP($N587,CODE!$K:$P,CODE!$O$1,FALSE)))=TRUE,"",IF(VLOOKUP($N587,CODE!$K:$P,CODE!$O$1,FALSE)="",$M587,$M587&"-"&VLOOKUP($N587,CODE!$K:$P,CODE!$O$1,FALSE))) -> PLA | P587: =IF(OR(MID(R587,8,1)="0",MID(R587,8,1)="1",MID(R587,8,1)="2",MID(R587,8,1)="3",MID(R587,8,1)="4"),"성인","키즈") -> 성인 | Q587: =MID(R587,1,10) -> PLAUMF3407 | R587: PLAUMF3407BK | S587: M | T587: 1500 | U587: 88500000 | V587: 10384605 | W587: 7.7474825 | X587: 1500 | Y587: 0
A588: =IF(OR(MID(R588,8,1)="0",MID(R588,8,1)="5"),"신규","러닝") -> 러닝 | B588: =IF(COUNTIF(R$1:R587,R588)=0,"최초","리오더") -> 최초 | C588: =IF($B588="리오더","",Q588) -> PLABPF3404 | D588: =IF(C588="",0,1/COUNTIF(C:C,C588)) -> 1 | E588: =IF($B588="리오더",Q588,"") | F588: =IF(E588="",0,1/COUNTIF(E:E,E588)) -> 0 | G588: =IF($B588="리오더","",R588) -> PLABPF3404BK | H588: =IF(G588="",0,1/COUNTIF(G:G,G588)) -> 1 | I588: =IF($B588="리오더",R588,"") | J588: =IF(I588="",0,1/COUNTIF(I:I,I588)) -> 0 | K588: =MID(R588,6,2) -> F3 | L588: =VLOOKUP(N588,CODE!K:P,CODE!$P$1,FALSE) -> 가방 | M588: =VLOOKUP(MID(R588,1,3),CODE!$B:$G,CODE!D$1,FALSE) -> PLA | N588: =MID(R588,4,2) -> BP | O588: =IF(ISERROR(IF(VLOOKUP($N588,CODE!$K:$P,CODE!$O$1,FALSE)="",$M588,$M588&"-"&VLOOKUP($N588,CODE!$K:$P,CODE!$O$1,FALSE)))=TRUE,"",IF(VLOOKUP($N588,CODE!$K:$P,CODE!$O$1,FALSE)="",$M588,$M588&"-"&VLOOKUP($N588,CODE!$K:$P,CODE!$O$1,FALSE))) -> PLA-가방 | P588: =IF(OR(MID(R588,8,1)="0",MID(R588,8,1)="1",MID(R588,8,1)="2",MID(R588,8,1)="3",MID(R588,8,1)="4"),"성인","키즈") -> 성인 | Q588: =MID(R588,1,10) -> PLABPF3404 | R588: PLABPF3404BK | S588: M | T588: 800 | U588: 100000000 | V588: 22400000 | W588: 4.0584416 | X588: 800 | Y588: 0
A589: =IF(OR(MID(R589,8,1)="0",MID(R589,8,1)="5"),"신규","러닝") -> 신규 | B589: =IF(COUNTIF(R$1:R588,R589)=0,"최초","리오더") -> 최초 | C589: =IF($B589="리오더","",Q589) -> JOIBAF3509 | D589: =IF(C589="",0,1/COUNTIF(C:C,C589)) -> 1 | E589: =IF($B589="리오더",Q589,"") | F589: =IF(E589="",0,1/COUNTIF(E:E,E589)) -> 0 | G589: =IF($B589="리오더","",R589) -> JOIBAF3509PK | H589: =IF(G589="",0,1/COUNTIF(G:G,G589)) -> 1 | I589: =IF($B589="리오더",R589,"") | J589: =IF(I589="",0,1/COUNTIF(I:I,I589)) -> 0 | K589: =MID(R589,6,2) -> F3 | L589: =VLOOKUP(N589,CODE!K:P,CODE!$P$1,FALSE) -> 모자 | M589: =VLOOKUP(MID(R589,1,3),CODE!$B:$G,CODE!D$1,FALSE) -> JOI | N589: =MID(R589,4,2) -> BA | O589: =IF(ISERROR(IF(VLOOKUP($N589,CODE!$K:$P,CODE!$O$1,FALSE)="",$M589,$M589&"-"&VLOOKUP($N589,CODE!$K:$P,CODE!$O$1,FALSE)))=TRUE,"",IF(VLOOKUP($N589,CODE!$K:$P,CODE!$O$1,FALSE)="",$M589,$M589&"-"&VLOOKUP($N589,CODE!$K:$P,CODE!$O$1,FALSE))) -> JOI | P589: =IF(OR(MID(R589,8,1)="0",MID(R589,8,1)="1",MID(R589,8,1)="2",MID(R589,8,1)="3",MID(R589,8,1)="4"),"성인","키즈") -> 키즈 | Q589: =MID(R589,1,10) -> JOIBAF3509 | R589: JOIBAF3509PK | S589: M | T589: 1500 | U589: 73500000 | V589: 12012930 | W589: 5.5621886 | X589: 1473 | Y589: 0
A590: =IF(OR(MID(R590,8,1)="0",MID(R590,8,1)="5"),"신규","러닝") -> 신규 | B590: =IF(COUNTIF(R$1:R589,R590)=0,"최초","리오더") -> 최초 | C590: =IF($B590="리오더","",Q590) -> JOIBAF3510 | D590: =IF(C590="",0,1/COUNTIF(C:C,C590)) -> 1 | E590: =IF($B590="리오더",Q590,"") | F590: =IF(E590="",0,1/COUNTIF(E:E,E590)) -> 0 | G590: =IF($B590="리오더","",R590) -> JOIBAF3510YE | H590: =IF(G590="",0,1/COUNTIF(G:G,G590)) -> 1 | I590: =IF($B590="리오더",R590,"") | J590: =IF(I590="",0,1/COUNTIF(I:I,I590)) -> 0 | K590: =MID(R590,6,2) -> F3 | L590: =VLOOKUP(N590,CODE!K:P,CODE!$P$1,FALSE) -> 모자 | M590: =VLOOKUP(MID(R590,1,3),CODE!$B:$G,CODE!D$1,FALSE) -> JOI | N590: =MID(R590,4,2) -> BA | O590: =IF(ISERROR(IF(VLOOKUP($N590,CODE!$K:$P,CODE!$O$1,FALSE)="",$M590,$M590&"-"&VLOOKUP($N590,CODE!$K:$P,CODE!$O$1,FALSE)))=TRUE,"",IF(VLOOKUP($N590,CODE!$K:$P,CODE!$O$1,FALSE)="",$M590,$M590&"-"&VLOOKUP($N590,CODE!$K:$P,CODE!$O$1,FALSE))) -> JOI | P590: =IF(OR(MID(R590,8,1)="0",MID(R590,8,1)="1",MID(R590,8,1)="2",MID(R590,8,1)="3",MID(R590,8,1)="4"),"성인","키즈") -> 키즈 | Q590: =MID(R590,1,10) -> JOIBAF3510 | R590: JOIBAF3510YE | S590: M | T590: 1500 | U590: 73500000 | V590: 12605370 | W590: 5.3007712 | X590: 1401 | Y590: 0
A591: =IF(OR(MID(R591,8,1)="0",MID(R591,8,1)="5"),"신규","러닝") -> 신규 | B591: =IF(COUNTIF(R$1:R590,R591)=0,"최초","리오더") -> 최초 | C591: =IF($B591="리오더","",Q591) -> JOIBAF3511 | D591: =IF(C591="",0,1/COUNTIF(C:C,C591)) -> 1 | E591: =IF($B591="리오더",Q591,"") | F591: =IF(E591="",0,1/COUNTIF(E:E,E591)) -> 0 | G591: =IF($B591="리오더","",R591) -> JOIBAF3511GY | H591: =IF(G591="",0,1/COUNTIF(G:G,G591)) -> 1 | I591: =IF($B591="리오더",R591,"") | J591: =IF(I591="",0,1/COUNTIF(I:I,I591)) -> 0 | K591: =MID(R591,6,2) -> F3 | L591: =VLOOKUP(N591,CODE!K:P,CODE!$P$1,FALSE) -> 모자 | M591: =VLOOKUP(MID(R591,1,3),CODE!$B:$G,CODE!D$1,FALSE) -> JOI | N591: =MID(R591,4,2) -> BA | O591: =IF(ISERROR(IF(VLOOKUP($N591,CODE!$K:$P,CODE!$O$1,FALSE)="",$M591,$M591&"-"&VLOOKUP($N591,CODE!$K:$P,CODE!$O$1,FALSE)))=TRUE,"",IF(VLOOKUP($N591,CODE!$K:$P,CODE!$O$1,FALSE)="",$M591,$M591&"-"&VLOOKUP($N591,CODE!$K:$P,CODE!$O$1,FALSE))) -> JOI | P591: =IF(OR(MID(R591,8,1)="0",MID(R591,8,1)="1",MID(R591,8,1)="2",MID(R591,8,1)="3",MID(R591,8,1)="4"),"성인","키즈") -> 키즈 | Q591: =MID(R591,1,10) -> JOIBAF3511 | R591: JOIBAF3511GY | S591: M | T591: 1200 | U591: 58800000 | V591: 9111192 | W591: 5.8669102 | X591: 1202 | Y591: 0
... A831: =IF(OR(MID(R831,8,1)="0",MID(R831,8,1)="5"),"신규","러닝") -> 신규 | B831: =IF(COUNTIF(R$1:R830,R831)=0,"최초","리오더") -> 리오더 | C831: =IF($B831="리오더","",Q831) | D831: =IF(C831="",0,1/COUNTIF(C:C,C831)) -> 0 | E831: =IF($B831="리오더",Q831,"") -> SHLFAF5005 | F831: =IF(E831="",0,1/COUNTIF(E:E,E831)) -> 1 | G831: =IF($B831="리오더","",R831) | H831: =IF(G831="",0,1/COUNTIF(G:G,G831)) -> 0 | I831: =IF($B831="리오더",R831,"") -> SHLFAF5005BK | J831: =IF(I831="",0,1/COUNTIF(I:I,I831)) -> 1 | K831: =MID(R831,6,2) -> F5 | L831: =VLOOKUP(N831,CODE!K:P,CODE!$P$1,FALSE) -> 모자 | M831: =VLOOKUP(MID(R831,1,3),CODE!$B:$G,CODE!D$1,FALSE) -> SHL | N831: =MID(R831,4,2) -> FA | O831: =IF(ISERROR(IF(VLOOKUP($N831,CODE!$K:$P,CODE!$O$1,FALSE)="",$M831,$M831&"-"&VLOOKUP($N831,CODE!$K:$P,CODE!$O$1,FALSE)))=TRUE,"",IF(VLOOKUP($N831,CODE!$K:$P,CODE!$O$1,FALSE)="",$M831,$M831&"-"&VLOOKUP($N831,CODE!$K:$P,CODE!$O$1,FALSE))) -> SHL | P831: =IF(OR(MID(R831,8,1)="0",MID(R831,8,1)="1",MID(R831,8,1)="2",MID(R831,8,1)="3",MID(R831,8,1)="4"),"성인","키즈") -> 성인 | Q831: =MID(R831,1,10) -> SHLFAF5005 | R831: SHLFAF5005BK | S831: B | T831: 5 | U831: 295000 | V831: 120781.82 | W831: 2.2203824 | X831: 5 | Y831: 0

Sheet P (2)
B1: 2014 FW 기획진행현황 (HATS ON) 2
P2: =TODAY() -> 42157
B3: 분류 | C3: 브랜드품목 | D3: 러닝/신규 | E3: 최초/리오더 | F3: 품번수 | G3: 품번수(리오더) | H3: 색상수 | I3: 색상수(리오더) | J3: 기획수량 | K3: LOT | L3: TAG가 | M3: 원가(-V) | N3: 배수 | O3: 입고수량 | P3: 미입고수량
F6: 데이터
B7: 분류 | C7: 브랜드품목 | D7: 러닝/신규 | E7: 최초/리오더 | F7: 품번수 | G7: 품번수(리오더) | H7: 색상수 | I7: 색상수(리오더) | J7: 기획수량 | K7: LOT | L7: TAG가 | M7: 원가(-V) | N7: 배수 | O7: 입고수량 | P7: 미입고수량
B8: M | C8: ELS | D8: 신규 | E8: 최초 | F8: 34 | G8: 0 | H8: 35 | I8: 0 | J8: 42730 | K8: 1220.8571 | L8: 2144950000 | M8: 336824540 | N8: 5.7892294 | O8: 42828 | P8: 0
E9: 리오더 | F9: 0 | G9: 4 | H9: 0 | I9: 4 | J9: 5000 | K9: 1250 | L9: 235000000 | M9: 33865430 | N9: 6.3083907 | O9: 4962 | P9: 0
D10: 러닝 | E10: 최초 | F10: 5 | G10: 0 | H10: 6 | I10: 0 | J10: 15000 | K10: 2500 | L10: 791000000 | M10: 110115780 | N10: 6.5303166 | O10: 14972 | P10: 0
C11: ELS-가방 | D11: 신규 | E11: 최초 | F11: 5 | G11: 0 | H11: 5 | I11: 0 | J11: 3800 | K11: 760 | L11: 382200000 | M11: 86426000 | N11: 4.0202548 | O11: 3800 | P11: 0
D12: 러닝 | E12: 최초 | F12: 1 | G12: 0 | H12: 1 | I12: 0 | J12: 1000 | K12: 1000 | L12: 45000000 | M12: 9820000 | N12: 4.1658952 | O12: 1000 | P12: 0
C13: ELS-의류 | D13: 신규 | E13: 최초 | F13: 31 | G13: 0 | H13: 42 | I13: 0 | J13: 48600 | K13: 1157.1429 | L13: 6098800000 | M13: 1404577814 | N13: 3.9473524 | O13: 49246 | P13: 0
C14: SMB | D14: 신규 | E14: 최초 | F14: 40 | G14: 0 | H14: 53 | I14: 0 | J14: 57000 | K14: 1075.4717 | L14: 2457800000 | M14: 338604881 | N14: 6.5987343 | O14: 56568 | P14: 0
E15: 리오더 | F15: 0 | G15: 3 | H15: 0 | I15: 4 | J15: 1700 | K15: 425 | L15: 68100000 | M15: 8901592 | N15: 6.9548336 | O15: 1700 | P15: 0
D16: 러닝 | E16: 최초 | F16: 5 | G16: 0 | H16: 5 | I16: 0 | J16: 12500 | K16: 2500 | L16: 561500000 | M16: 76003238 | N16: 6.716221 | O16: 12498 | P16: 0
C17: NAA | D17: 신규 | E17: 최초 | F17: 3 | G17: 0 | H17: 3 | I17: 0 | J17: 2400 | K17: 800 | L17: 93600000 | M17: 14322000 | N17: 5.9412728 | O17: 2395 | P17: 0
C18: NOV | D18: 신규 | E18: 최초 | F18: 9 | G18: 0 | H18: 14 | I18: 0 | J18: 11400 | K18: 814.28571 | L18: 837800000 | M18: 146642468 | N18: 5.1938321 | O18: 11368 | P18: 0
E19: 리오더 | F19: 0 | G19: 1 | H19: 0 | I19: 3 | J19: 2100 | K19: 700 | L19: 165900000 | M19: 24360063 | N19: 6.1912066 | O19: 2108 | P19: 0
C20: VBL | D20: 신규 | E20: 최초 | F20: 9 | G20: 0 | H20: 9 | I20: 0 | J20: 10000 | K20: 1111.1111 | L20: 535600000 | M20: 68710292 | N20: 7.086407 | O20: 9792 | P20: 0
D21: 러닝 | E21: 최초 | F21: 5 | G21: 0 | H21: 5 | I21: 0 | J21: 9100 | K21: 1820 | L21: 491300000 | M21: 42189678 | N21: 10.586389 | O21: 9091 | P21: 0
C22: PLA | D22: 신규 | E22: 최초 | F22: 4 | G22: 0 | H22: 9 | I22: 0 | J22: 9400 | K22: 1044.4444 | L22: 533000000 | M22: 71206272 | N22: 6.8048143 | O22: 9331 | P22: 0
D23: 러닝 | E23: 최초 | F23: 3 | G23: 0 | H23: 3 | I23: 0 | J23: 5000 | K23: 1666.6667 | L23: 295000000 | M23: 38388735 | N23: 6.9859509 | O23: 4999 | P23: 0
E24: 리오더 | F24: 0 | G24: 1 | H24: 0 | I24: 1 | J24: 2000 | K24: 2000 | L24: 118000000 | M24: 13846140 | N24: 7.7474825 | O24: 2000 | P24: 0
C25: HCU | D25: 신규 | E25: 최초 | F25: 10 | G25: 0 | H25: 15 | I25: 0 | J25: 19100 | K25: 1273.3333 | L25: 947500000 | M25: 145850102 | N25: 5.9058144 | O25: 19111 | P25: 0
D26: 러닝 | E26: 최초 | F26: 6 | G26: 0 | H26: 7 | I26: 0 | J26: 10500 | K26: 1500 | L26: 527500000 | M26: 69627740 | N26: 6.8872759 | O26: 10512 | P26: 0
C27: BRO | D27: 신규 | E27: 최초 | F27: 7 | G27: 0 | H27: 8 | I27: 0 | J27: 8000 | K27: 1000 | L27: 428000000 | M27: 68141450 | N27: 5.7100474 | O27: 7871 | P27: 0
C28: BMD | D28: 신규 | E28: 최초 | F28: 2 | G28: 0 | H28: 2 | I28: 0 | J28: 2000 | K28: 1000 | L28: 104000000 | M28: 15833020 | N28: 5.97141 | O28: 1992 | P28: 0
D29: 러닝 | E29: 최초 | F29: 2 | G29: 0 | H29: 2 | I29: 0 | J29: 2000 | K29: 1000 | L29: 108000000 | M29: 13387180 | N29: 7.3340179 | O29: 1891 | P29: 0
C30: WTR | D30: 신규 | E30: 최초 | F30: 12 | G30: 0 | H30: 12 | I30: 0 | J30: 10200 | K30: 850 | L30: 602600000 | M30: 94766000 | N30: 5.7807461 | O30: 10184 | P30: 0
D31: 러닝 | E31: 최초 | F31: 3 | G31: 0 | H31: 3 | I31: 0 | J31: 4000 | K31: 1333.3333 | L31: 226000000 | M31: 39526080 | N31: 5.1979489 | O31: 3961 | P31: 0
C32: JOI | D32: 신규 | E32: 최초 | F32: 12 | G32: 0 | H32: 13 | I32: 0 | J32: 15100 | K32: 1161.5385 | L32: 738900000 | M32: 122478171 | N32: 5.4844652 | O32: 14963 | P32: 0
D33: 러닝 | E33: 최초 | F33: 3 | G33: 0 | H33: 4 | I33: 0 | J33: 6000 | K33: 1500 | L33: 330000000 | M33: 56836785 | N33: 5.2782718 | O33: 5981 | P33: 0
C34: FFT | D34: 신규 | E34: 최초 | F34: 8 | G34: 0 | H34: 8 | I34: 0 | J34: 144 | K34: 18 | L34: 6024000 | M34: 2464363.6 | N34: 2.2222222 | O34: 144 | P34: 0
C35: ELS-ACC | D35: 신규 | E35: 최초 | F35: 3 | G35: 0 | H35: 3 | I35: 0 | J35: 2400 | K35: 800 | L35: 108000000 | M35: 21866272 | N35: 4.4901032 | O35: 2344 | P35: 0
C36: JOI-ACC | D36: 신규 | E36: 최초 | F36: 4 | G36: 0 | H36: 4 | I36: 0 | J36: 3200 | K36: 800 | L36: 118400000 | M36: 16809098 | N36: 6.4034588 | O36: 3197 | P36: 0
C37: PLA-가방 | D37: 신규 | E37: 최초 | F37: 1 | G37: 0 | H37: 1 | I37: 0 | J37: 600 | K37: 600 | L37: 89400000 | M37: 23160000 | N37: 3.5091851 | O37: 600 | P37: 0
E38: 리오더 | F38: 0 | G38: 1 | H38: 0 | I38: 1 | J38: 900 | K38: 900 | L38: 134100000 | M38: 31266000 | N38: 3.8990946 | O38: 900 | P38: 0
D39: 러닝 | E39: 최초 | F39: 1 | G39: 0 | H39: 1 | I39: 0 | J39: 800 | K39: 800 | L39: 100000000 | M39: 22400000 | N39: 4.0584416 | O39: 800 | P39: 0
E40: 리오더 | F40: 0 | G40: 1 | H40: 0 | I40: 1 | J40: 300 | K40: 300 | L40: 37500000 | M40: 7560000 | N40: 4.5093795 | O40: 300 | P40: 0
C41: URB | D41: 신규 | E41: 최초 | F41: 44 | G41: 0 | H41: 52 | I41: 0 | J41: 60150 | K41: 1156.7308 | L41: 2814850000 | M41: 3.7990847e+08 | N41: 6.7357133 | O41: 60079 | P41: 0
E42: 리오더 | F42: 0 | G42: 1 | H42: 0 | I42: 1 | J42: 2000 | K42: 2000 | L42: 98000000 | M42: 9898920 | N42: 9.0000636 | O42: 1811 | P42: 0
D43: 러닝 | E43: 최초 | F43: 26 | G43: 0 | H43: 28 | I43: 0 | J43: 49100 | K43: 1753.5714 | L43: 2049700000 | M43: 254333232 | N43: 7.3264654 | O43: 49020 | P43: 0
E44: 리오더 | F44: 0 | G44: 3 | H44: 0 | I44: 3 | J44: 2800 | K44: 933.33333 | L44: 106000000 | M44: 10236397 | N44: 9.4138239 | O44: 2798 | P44: 0
C45: MGM | D45: 신규 | E45: 최초 | F45: 17 | G45: 0 | H45: 17 | I45: 0 | J45: 18800 | K45: 1105.8824 | L45: 846000000 | M45: 115901840 | N45: 6.6357092 | O45: 18501 | P45: 0
E46: 리오더 | F46: 0 | G46: 5 | H46: 0 | I46: 5 | J46: 7400 | K46: 1480 | L46: 333000000 | M46: 42096116 | N46: 7.191335 | O46: 7412 | P46: 0
C47: SWB | D47: 신규 | E47: 최초 | F47: 17 | G47: 0 | H47: 22 | I47: 0 | J47: 24800 | K47: 1127.2727 | L47: 1220400000 | M47: 185251988 | N47: 5.9888941 | O47: 24213 | P47: 0
C48: DPS | D48: 신규 | E48: 최초 | F48: 11 | G48: 0 | H48: 12 | I48: 0 | J48: 12400 | K48: 1033.3333 | L48: 586800000 | M48: 120898456 | N48: 4.4124182 | O48: 12398 | P48: 0
E49: 리오더 | F49: 0 | G49: 4 | H49: 0 | I49: 4 | J49: 5200 | K49: 1300 | L49: 235600000 | M49: 37303688 | N49: 5.7415722 | O49: 5135 | P49: 0
D50: 러닝 | E50: 최초 | F50: 4 | G50: 0 | H50: 4 | I50: 0 | J50: 5600 | K50: 1400 | L50: 281200000 | M50: 26765980 | N50: 9.5507941 | O50: 5600 | P50: 0
C51: VBL-의류 | D51: 신규 | E51: 최초 | F51: 3 | G51: 0 | H51: 4 | I51: 0 | J51: 4400 | K51: 1100 | L51: 327600000 | M51: 67648150 | N51: 4.4024586 | O51: 4499 | P51: 0
C52: SBR | D52: 신규 | E52: 최초 | F52: 88 | G52: 0 | H52: 149 | I52: 0 | J52: 153190 | K52: 1028.1208 | L52: 6487610000 | M52: 9.8012666e+08 | N52: 6.0174134 | O52: 152441 | P52: 0
E53: 리오더 | F53: 0 | G53: 5 | H53: 0 | I53: 5 | J53: 3300 | K53: 660 | L53: 154500000 | M53: 29225140 | N53: 4.8059494 | O53: 3343 | P53: 0
C54: URB-의류 | D54: 신규 | E54: 최초 | F54: 5 | G54: 0 | H54: 6 | I54: 0 | J54: 7900 | K54: 1316.6667 | L54: 1628600000 | M54: 387556550 | N54: 3.820205 | O54: 8492 | P54: 0
C55: NOV-ACC | D55: 신규 | E55: 최초 | F55: 4 | G55: 0 | H55: 5 | I55: 0 | J55: 6000 | K55: 1200 | L55: 42600000 | M55: 6451740 | N55: 6.002609 | O55: 5998 | P55: 0
C56: POL | D56: 신규 | E56: 최초 | F56: 4 | G56: 0 | H56: 4 | I56: 0 | J56: 3600 | K56: 900 | L56: 158000000 | M56: 35274876 | N56: 4.0719169 | O56: 3593 | P56: 0
E57: 리오더 | F57: 0 | G57: 2 | H57: 0 | I57: 2 | J57: 2000 | K57: 1000 | L57: 110000000 | M57: 24738520 | N57: 4.042279 | O57: 2000 | P57: 0
D58: 러닝 | E58: 최초 | F58: 4 | G58: 0 | H58: 4 | I58: 0 | J58: 9200 | K58: 2300 | L58: 450800000 | M58: 93129600 | N58: 4.4005148 | O58: 9167 | P58: 0
C59: PNY-의류 | D59: 신규 | E59: 최초 | F59: 14 | G59: 0 | H59: 17 | I59: 0 | J59: 18900 | K59: 1111.7647 | L59: 1813500000 | M59: 394063646 | N59: 4.1836804 | O59: 19222 | P59: 0
C60: URB-가방 | D60: 신규 | E60: 최초 | F60: 3 | G60: 0 | H60: 3 | I60: 0 | J60: 1800 | K60: 600 | L60: 284400000 | M60: 67536000 | N60: 3.8282613 | O60: 1800 | P60: 0
C61: PNY-가방 | D61: 신규 | E61: 최초 | F61: 2 | G61: 0 | H61: 2 | I61: 0 | J61: 1200 | K61: 600 | L61: 152400000 | M61: 35340000 | N61: 3.9203581 | O61: 1200 | P61: 0
C62: DPS-가방 | D62: 신규 | E62: 최초 | F62: 3 | G62: 0 | H62: 3 | I62: 0 | J62: 1500 | K62: 500 | L62: 193500000 | M62: 51280000 | N62: 3.4303645 | O62: 1500 | P62: 0
C63: PNY | D63: 신규 | E63: 최초 | F63: 1 | G63: 0 | H63: 1 | I63: 0 | J63: 1200 | K63: 1200 | L63: 63600000 | M63: 8232840 | N63: 7.022872 | O63: 1200 | P63: 0
C64: MGM-가방 | D64: 신규 | E64: 최초 | F64: 3 | G64: 0 | H64: 3 | I64: 0 | J64: 1200 | K64: 400 | L64: 153200000 | M64: 36824000 | N64: 3.7821184 | O64: 1200 | P64: 0
C65: ZZZ | D65: 신규 | E65: 최초 | F65: 15 | G65: 0 | H65: 15 | I65: 0 | J65: 4800 | K65: 320 | L65: 250800000 | M65: 74671527 | N65: 3.0533727 | O65: 4813 | P65: 0
D66: 러닝 | E66: 최초 | F66: 1 | G66: 0 | H66: 2 | I66: 0 | J66: 3500 | K66: 1750 | L66: 206500000 | M66: 38500000 | N66: 4.8760331 | O66: 3555 | P66: 0
C67: YGF | D67: 러닝 | E67: 최초 | F67: 2 | G67: 0 | H67: 2 | I67: 0 | J67: 1500 | K67: 750 | L67: 84500000 | M67: 8667008 | N67: 8.8632873 | O67: 1498 | P67: 0
C68: BLL | D68: 신규 | E68: 최초 | F68: 11 | G68: 0 | H68: 14 | I68: 0 | J68: 5200 | K68: 371.42857 | L68: 289600000 | M68: 49583342 | N68: 5.3097011 | O68: 5187 | P68: 0
E69: 리오더 | F69: 0 | G69: 1 | H69: 0 | I69: 1 | J69: 600 | K69: 600 | L69: 41400000 | M69: 6874548 | N69: 5.4747401 | O69: 600 | P69: 0
B70: M 요약 | F70: 510 | G70: 32 | H70: 642 | I70: 35 | J70: 743214 | K70: 1097.805 | L70: 41925134000 | M70: 7.1550964e+09 | N70: 5.3267987 | O70: 741684 | P70: 0
B71: B | C71: FFT | D71: 신규 | E71: 최초 | F71: 37 | G71: 0 | H71: 38 | I71: 0 | J71: 4701 | K71: 123.71053 | L71: 209045000 | M71: 85518409 | N71: 2.2222222 | O71: 4700 | P71: 0
E72: 리오더 | F72: 0 | G72: 5 | H72: 0 | I72: 5 | J72: 640 | K72: 128 | L72: 25580000 | M72: 10464545 | N72: 2.2222222 | O72: 640 | P72: 0
C73: GOO | D73: 신규 | E73: 최초 | F73: 9 | G73: 0 | H73: 12 | I73: 0 | J73: 3720 | K73: 310 | L73: 206904000 | M73: 45597264 | N73: 4.1251279 | O73: 3718 | P73: 0
C74: GRA | D74: 신규 | E74: 최초 | F74: 25 | G74: 0 | H74: 45 | I74: 0 | J74: 6650 | K74: 147.77778 | L74: 344990000 | M74: 77110529 | N74: 4.0672432 | O74: 6650 | P74: 0
C75: NHL | D75: 신규 | E75: 최초 | F75: 19 | G75: 0 | H75: 22 | I75: 0 | J75: 17700 | K75: 804.54545 | L75: 785796000 | M75: 2.1457401e+08 | N75: 3.329201 | O75: 17688 | P75: 0
C76: NIX | D76: 신규 | E76: 최초 | F76: 10 | G76: 0 | H76: 14 | I76: 0 | J76: 2250 | K76: 160.71429 | L76: 85300000 | M76: 29467273 | N76: 2.6315789 | O76: 2250 | P76: 0
C77: MLN | D77: 신규 | E77: 최초 | F77: 6 | G77: 0 | H77: 7 | I77: 0 | J77: 2304 | K77: 329.14286 | L77: 112896000 | M77: 39769108 | N77: 2.5807149 | O77: 995 | P77: 0
C78: SHL | D78: 신규 | E78: 최초 | F78: 5 | G78: 0 | H78: 5 | I78: 0 | J78: 200 | K78: 40 | L78: 11800000 | M78: 4831272.7 | N78: 2.2203824 | O78: 200 | P78: 0
E79: 리오더 | F79: 0 | G79: 5 | H79: 0 | I79: 5 | J79: 25 | K79: 5 | L79: 1475000 | M79: 603909.09 | N79: 2.2203824 | O79: 25 | P79: 0
B80: B 요약 | F80: 111 | G80: 10 | H80: 143 | I80: 10 | J80: 38190 | K80: 249.60784 | L80: 1783786000 | M80: 5.0793632e+08 | N80: 3.1925727 | O80: 36866 | P80: 0
B81: 총합계 | F81: 621 | G81: 42 | H81: 785 | I81: 45 | J81: 781404 | K81: 941.4506 | L81: 43708920000 | M81: 7.6630327e+09 | N81: 5.1853337 | O81: 778550 | P81: 0

Sheet CODE
C1: 2 | D1: 3 | E1: 4 | F1: 5 | G1: 6 | L1: 2 | M1: 3 | N1: 4 | O1: 5 | P1: 6 | S1: 2 | T1: 3 | X1: 2 | Y1: 3 | AE1: 2 | AF1: 3 | AJ1: 2 | AK1: 3 | AL1: 4 | AO1: 2 | AP1: 3 | AS1: 2 | AT1: 3 | AW1: 2 | AX1: 3
A2: BRAND (3자리) | I2: ITEM (2자리) | R2: YEAR (2자리) | V2: SEASON (1자리) | AA2: STNO (3자리) | AC2: COLOR (2자리) | AH2: SIZE (3자리) | AN2: 분류 | AR2: 성별 | AV2: 원산지
A3: 구코드 | B3: 코드 | C3: 코드명 | D3: 그룹 | E3: 코드 | F3: 구분 | G3: B/M/C | I3: 구코드 | J3: 구코드명 | K3: 코드 | L3: 코드명 | M3: 코드 | N3: 구분 | O3: 구분 | P3: 구분 | R3: 코드 | S3: 코드명 | T3: 코드 | V3: 구코드 | W3: 코드 | X3: 코드명 | Y3: 코드 | AA3: 코드 | AC3: 구코드 | AD3: 코드 | AE3: 코드명 | AF3: 코드 | AH3: 구코드 | AI3: 코드 | AJ3: 코드명 | AK3: TYPE | AL3: 코드 | AN3: 코드 | AO3: 코드명 | AP3: 코드 | AR3: 코드 | AS3: 코드명 | AT3: 코드 | AV3: 코드 | AW3: 코드명 | AX3: 코드
A4: BZ | C4: COP CARDINALS | D4: =B4 -> 0 | E4: =B4 -> 0 | F4: SPORTS | G4: B | I4: CA | J4: BASIC CAP (핀치히터) | K4: BA | L4: BASIC CAP | M4: =K4 -> BA | N4: 의류외 | P4: 모자 | R4: A | S4: 2009 | T4: =R4 -> A | V4: 0 | W4: 0 | X4: SS | Y4: =W4 -> 0 | AA4: 001 | AC4: B0 | AD4: BK | AE4: Black | AF4: =AD4 -> BK | AH4: A | AI4: FRE | AJ4: OSFA(ADJUST CAP) | AK4: 1 | AL4: =AI4 -> FRE | AN4: B | AO4: 사입 | AP4: =AN4 -> B | AR4: M | AS4: 남자 | AT4: =AR4 -> M | AV4: CN | AW4: 중국 | AX4: =AV4 -> CN
A5: BH | C5: COP INDIANS | D5: =B5 -> 0 | E5: =B5 -> 0 | F5: SPORTS | G5: B | I5: CS | J5: VISOR CAP | K5: BA | L5: BASIC CAP | M5: =K5 -> BA | N5: 의류외 | P5: 모자 | R5: B | S5: 2010 | T5: =R5 -> B | V5: 1 | W5: 0 | X5: SS | Y5: =W5 -> 0 | AA5: 002 | AC5: B1 | AE5: Black Camo | AF5: =AD5 -> 0 | AI5: XXS | AJ5: XXS | AK5: 1 | AL5: XXS | AN5: C | AO5: 위탁 | AP5: =AN5 -> C | AR5: W | AS5: 여자 | AT5: =AR5 -> W | AV5: JP | AW5: 일본 | AX5: =AV5 -> JP
A6: BR | C6: COP METS | D6: =B6 -> 0 | E6: =B6 -> 0 | F6: SPORTS | G6: B | I6: CC | J6: FLEX CAP (3930) | K6: FL | L6: FLEX CAP | M6: =K6 -> FL | N6: 의류외 | P6: 모자 | R6: C | S6: 2011 | T6: =R6 -> C | V6: 2 | W6: 0 | X6: SS | Y6: =W6 -> 0 | AA6: 003 | AC6: B2 | AE6: Black Leopard | AF6: =AD6 -> 0 | AH6: N | AI6: OXS | AJ6: XS | AK6: 1 | AL6: =AI6 -> OXS | AN6: M | AO6: 제조 | AP6: =AN6 -> M | AR6: U | AS6: UNISEX | AT6: =AR6 -> U | AV6: KR | AW6: 한국 | AX6: =AV6 -> KR
A7: BC | C7: COP ORIOLES | D7: =B7 -> 0 | E7: =B7 -> 0 | F7: SPORTS | G7: B | I7: CD | J7: NORMAL FITTED CAP (커브) | K7: FL | L7: FLEX CAP | M7: =K7 -> FL | N7: 의류외 | P7: 모자 | R7: D | S7: 2012 | T7: =R7 -> D | V7: 3 | W7: 0 | X7: SS | Y7: =W7 -> 0 | AA7: 004 | AC7: B3 | AE7: Black/White | AF7: =AD7 -> 0 | AI7: OSS | AJ7: S | AK7: 1 | AL7: =AI7 -> OSS | AR7: K | AS7: KIDS | AT7: =AR7 -> K | AV7: US | AW7: 미국 | AX7: =AV7 -> US
A8: BJ | C8: COP TIGERS | D8: =B8 -> 0 | E8: =B8 -> 0 | F8: SPORTS | G8: B | I8: CE | J8: FLAT BILL FITTED CAP(5950) | K8: FI | L8: FITTED CAP | M8: =K8 -> FI | N8: 의류외 | P8: 모자 | R8: E | S8: 2013 | T8: =R8 -> E | V8: 4 | W8: 0 | X8: SS | Y8: =W8 -> 0 | AA8: 005 | AC8: B4 | AE8: Black/Flann | AF8: =AD8 -> 0 | AI8: OMM | AJ8: M | AK8: 1 | AL8: =AI8 -> OMM | AR8: N | AS8: NEWERA | AT8: =AR8 -> N | AV8: IN | AW8: 인도네시아 | AX8: =AV8 -> IN
A9: KC | B9: KDO | C9: DOOSAN BEARS | D9: KBO | E9: =B9 -> KDO | F9: SPORTS | G9: B | I9: CU | J9: FLAT BILL FLEX CAP(일자) | K9: FI | L9: FITTED CAP | M9: =K9 -> FI | N9: 의류외 | P9: 모자 | R9: F | S9: 2014 | T9: =R9 -> F | V9: 5 | W9: 3 | X9: FW | Y9: =W9 -> 3 | AA9: 006 | AC9: B5 | AE9: Dark Flann | AF9: =AD9 -> 0 | AI9: OLL | AJ9: L | AK9: 1 | AL9: =AI9 -> OLL | AR9: A | AS9: AUTHENTIC | AT9: =AR9 -> A | AV9: BG | AW9: 방글라데시 | AX9: =AV9 -> BG
A10: CD | B10: ZCD | C10: EUR BARCELONA | D10: =B10 -> ZCD | E10: =B10 -> ZCD | F10: SPORTS | G10: B | I10: DA | J10: FLAT BILL FITTED BASIC (BLANK 5950) | K10: FI | L10: FITTED CAP | M10: =K10 -> FI | N10: 의류외 | P10: 모자 | R10: G | S10: 2015 | T10: =R10 -> G | V10: 6 | W10: 3 | X10: FW | Y10: =W10 -> 3 | AA10: 007 | AC10: B6 | AE10: Loden | AF10: =AD10 -> 0 | AI10: OXL | AJ10: XL | AK10: 1 | AL10: =AI10 -> OXL | AV10: DE | AW10: 독일 | AX10: =AV10 -> DE
A11: CA | B11: ZCA | C11: EUR MUCHESTER | D11: =B11 -> ZCA | E11: =B11 -> ZCA | F11: SPORTS | G11: B | I11: CB | J11: WASHED CAP (워싱캡) | K11: WC | L11: WASHED CAP | M11: =K11 -> WC | N11: 의류외 | P11: 모자 | R11: H | S11: 2016 | T11: =R11 -> H | V11: 7 | W11: 3 | X11: FW | Y11: =W11 -> 3 | AA11: 008 | AC11: B7 | AE11: Pine X | AF11: =AD11 -> 0 | AH11: O | AI11: OSM | AJ11: S~M | AK11: 1 | AL11: =AI11 -> OSM | AV11: AT | AW11: 오스트리아 | AX11: =AV11 -> AT
A12: KH | B12: KHA | C12: HANWHA EAGLES | D12: KBO | E12: =B12 -> KHA | F12: SPORTS | G12: B | I12: CF | J12: TRUCKER CAP | K12: TR | L12: TRUCKER CAP | M12: =K12 -> TR | N12: 의류외 | P12: 모자 | R12: I | S12: 2017 | T12: =R12 -> I | V12: 8 | W12: 3 | X12: FW | Y12: =W12 -> 3 | AA12: 009 | AC12: B8 | AE12: Block | AF12: =AD12 -> 0 | AH12: P | AI12: OML | AJ12: M~L | AK12: 1 | AL12: =AI12 -> OML | AV12: BE | AW12: 벨기에 | AX12: =AV12 -> BE
A13: KA | B13: KKI | C13: KIA TIGERS | D13: KBO | E13: =B13 -> KKI | F13: SPORTS | G13: B | I13: CV | J13: MESH CAP(커브) | K13: TR | L13: TRUCKER CAP | M13: =K13 -> TR | N13: 의류외 | P13: 모자 | R13: J | S13: 2018 | T13: =R13 -> J | V13: 9 | W13: 3 | X13: FW | Y13: =W13 -> 3 | AA13: 010 | AC13: B9 | AD13: BU | AE13: Burgundy | AF13: =AD13 -> BU | AH13: Q | AI13: LXL | AJ13: L~XL | AK13: 1 | AL13: =AI13 -> LXL | AV13: CH | AW13: 스위스 | AX13: =AV13 -> CH
A14: KG | B14: KLG | C14: LG TWINS | D14: KBO | E14: =B14 -> KLG | F14: SPORTS | G14: B | I14: CW | J14: FLAT BILL MESH CAP(일자) | K14: TR | L14: TRUCKER CAP | M14: =K14 -> TR | N14: 의류외 | P14: 모자 | AC14: BA | AE14: PLAID BLACK | AF14: =AD14 -> 0 | AV14: ES | AW14: 스페인 | AX14: =AV14 -> ES
A15: KD | B15: KLO | C15: LOTTE GIANTS | D15: KBO | E15: =B15 -> KLO | F15: SPORTS | G15: B | I15: DB | J15: FLAT BILL TRUCKER CAP | K15: TR | L15: TRUCKER CAP | M15: =K15 -> TR | N15: 의류외 | P15: 모자 | AC15: BB | AE15: Black/Red | AF15: =AD15 -> 0 | AH15: E | AI15: 700 | AJ15: 7(56CM) | AK15: 2 | AL15: =AI15 -> 700 | AV15: FR | AW15: 프랑스 | AX15: =AV15 -> FR
A16: AO | B16: NAN | C16: MLB ANGELS | D16: MLB | E16: =B16 -> NAN | F16: SPORTS | G16: B | I16: CZ | J16: UMPIRE | K16: UM | L16: UMPIRE | M16: =K16 -> UM | N16: 의류외 | P16: 모자 | AC16: C1 | AD16: BG | AE16: Beige | AF16: =AD16 -> BG | AH16: F | AI16: 718 | AJ16: 71/8(57CM) | AK16: 2 | AL16: =AI16 -> 718 | AV16: GR | AW16: 영국 | AX16: =AV16 -> GR
A17: AU | B17: NAS | C17: MLB A'S | D17: MLB | E17: =B17 -> NAS | F17: SPORTS | G17: B | I17: CG | J17: PERFORMANCE CAP(기능성) | K17: PE | L17: PERFORMANCE CAP | M17: =K17 -> PE | N17: 의류외 | P17: 모자 | AC17: C2 | AE17: Putty | AF17: =AD17 -> 0 | AH17: G | AI17: 714 | AJ17: 71/4(58CM) | AK17: 2 | AL17: =AI17 -> 714 | AV17: IT | AW17: 이탈리아 | AX17: =AV17 -> IT
A18: AM | B18: NAT | C18: MLB ASTROS | D18: MLB | E18: =B18 -> NAT | F18: SPORTS | G18: B | I18: CI | J18: MILITARY CAP | K18: MI | L18: MILITARY CAP | M18: =K18 -> MI | N18: 의류외 | P18: 모자 | AC18: C3 | AE18: Sand | AF18: =AD18 -> 0 | AH18: H | AI18: 738 | AJ18: 73/8(59CM) | AK18: 2 | AL18: =AI18 -> 738 | AV18: PI | AW18: 필리핀 | AX18: =AV18 -> PI
A19: A4 | B19: NBL | C19: MLB BLUEJAYS | D19: MLB | E19: =B19 -> NBL | F19: SPORTS | G19: B | I19: CK | J19: FEDORA | K19: FE | L19: FEDORA | M19: =K19 -> FE | N19: 의류외 | P19: 모자 | AC19: C4 | AD19: KH | AE19: Khaki | AF19: =AD19 -> KH | AH19: I | AI19: 712 | AJ19: 71/2(60CM) | AK19: 2 | AL19: =AI19 -> 712 | AV19: PT | AW19: 포르투갈 | AX19: =AV19 -> PT
A20: AC | B20: NBR | C20: MLB BRAVES | D20: MLB | E20: =B20 -> NBR | F20: SPORTS | G20: B | I20: CL | J20: HUNTING CAP | K20: HU | L20: HUNTING CAP | M20: =K20 -> HU | N20: 의류외 | P20: 모자 | AC20: C5 | AE20: Café | AF20: =AD20 -> 0 | AH20: J | AI20: 758 | AJ20: 75/8(61CM) | AK20: 2 | AL20: =AI20 -> 758 | AV20: TW | AW20: 대만 | AX20: =AV20 -> TW
A21: AQ | B21: NBE | C21: MLB BREWERS | D21: MLB | E21: =B21 -> NBE | F21: SPORTS | G21: B | I21: CT | J21: CASQUETTE | K21: CT | L21: CASQUETTE | M21: =K21 -> CT | N21: 의류외 | P21: 모자 | AC21: C6 | AD21: BW | AE21: Brown | AF21: =AD21 -> BW | AH21: K | AI21: 734 | AJ21: 73/4(62CM) | AK21: 2 | AL21: =AI21 -> 734 | AV21: VT | AW21: 베트남 | AX21: =AV21 -> VT
A22: A1 | B22: NCA | C22: MLB CARDINALS | D22: MLB | E22: =B22 -> NCA | F22: SPORTS | G22: B | I22: CM | J22: BERET | K22: CM | L22: BERET | M22: =K22 -> CM | N22: 의류외 | P22: 모자 | AC22: C7 | AE22: Dk.Brown | AF22: =AD22 -> 0 | AH22: L | AI22: 778 | AJ22: 77/8(63CM) | AK22: 2 | AL22: =AI22 -> 778 | AV22: CB | AW22: 캄보디아 | AX22: =AV22 -> CB
A23: AF | B23: NCU | C23: MLB CUBS | D23: MLB | E23: =B23 -> NCU | F23: SPORTS | G23: B | I23: CJ | J23: FASHION HAT | K23: FA | L23: FASHION HAT | M23: =K23 -> FA | N23: 의류외 | P23: 모자 | AC23: C8 | AE23: Light.Brown | AF23: =AD23 -> 0 | AH23: M | AI23: 800 | AJ23: 8(64CM) | AK23: 2 | AL23: =AI23 -> 800
A24: AB | B24: NDB | C24: MLB D'BACKS | D24: MLB | E24: =B24 -> NDB | F24: SPORTS | G24: B | I24: CX | J24: PAPER 소재로 된 것. | K24: FA | L24: FASHION HAT | M24: =K24 -> FA | N24: 의류외 | P24: 모자 | AC24: C9 | AD24: BR | AE24: Metalic Bronze | AF24: =AD24 -> BR
A25: A2 | B25: NDE | C25: MLB DEVILSRAYS | D25: MLB | E25: =B25 -> NDE | F25: SPORTS | G25: B | I25: CY | J25: Trim이 길고 펄럭임 | K25: FA | L25: FASHION HAT | M25: =K25 -> FA | N25: 의류외 | P25: 모자 | AC25: CA | AE25: Brown Leopard | AF25: =AD25 -> 0 | AI25: 600 | AJ25: 6(48CM) | AK25: 3 | AL25: =AI25 -> 600
A26: AP | B26: NDO | C26: MLB DODGERS | D26: MLB | E26: =B26 -> NDO | F26: SPORTS | G26: B | I26: CH | J26: BUCKET | K26: FA | L26: FASHION HAT | M26: =K26 -> FA | N26: 의류외 | P26: 모자 | AC26: CB | AE26: Dk.Khaki | AF26: =AD26 -> 0 | AI26: 618 | AJ26: 61/8(49CM) | AK26: 3 | AL26: =AI26 -> 618
A27: AY | B27: NGI | C27: MLB GIANTS | D27: MLB | E27: =B27 -> NGI | F27: SPORTS | G27: B | I27: CN | J27: NORMAL BEANIE | K27: BE | L27: BEANIE | M27: =K27 -> BE | N27: 의류외 | P27: 모자 | AC27: CC | AD27: CH | AE27: Chocolate | AF27: =AD27 -> CH | AI27: 614 | AJ27: 61/4(50CM) | AK27: 3 | AL27: =AI27 -> 614
A28: AI | B28: NIN | C28: MLB INDIANS | D28: MLB | E28: =B28 -> NIN | F28: SPORTS | G28: B | I28: CO | J28: REVERSABLE BEANIE | K28: BE | L28: BEANIE | M28: =K28 -> BE | N28: 의류외 | P28: 모자 | AC28: CD | AE28: Walnut | AF28: =AD28 -> 0 | AH28: H | AI28: 638 | AJ28: 63/8(51CM) | AK28: 3 | AL28: =AI28 -> 638
A29: AZ | B29: NMR | C29: MLB MARINERS | D29: MLB | E29: =B29 -> NMR | F29: SPORTS | G29: B | I29: CR | J29: CUFF KNIT BEANIE | K29: BE | L29: BEANIE | M29: =K29 -> BE | N29: 의류외 | P29: 모자 | AC29: CE | AD29: CL | AE29: CAMEL | AF29: =AD29 -> CL | AH29: I | AI29: 612 | AJ29: 61/2(52CM) | AK29: 3 | AL29: =AI29 -> 612
A30: AL | B30: NMA | C30: MLB MARLINS | D30: MLB | E30: =B30 -> NMA | F30: SPORTS | G30: B | I30: CP | J30: VISOR BEANIE (챙비니) | K30: VB | L30: VISOR BEANIE | M30: =K30 -> VB | N30: 의류외 | P30: 모자 | AC30: CF | AE30: PLAID BROWN | AF30: =AD30 -> 0 | AH30: J | AI30: 658 | AJ30: 65/8(53CM) | AK30: 3 | AL30: =AI30 -> 658
A31: AS | B31: NME | C31: MLB METS | D31: MLB | E31: =B31 -> NME | F31: SPORTS | G31: B | I31: CQ | J31: EARFLAP BEANIE | K31: EB | L31: EARFLAP BEANIE | M31: =K31 -> EB | N31: 의류외 | P31: 모자 | AC31: E0 | AD31: GY | AE31: Grey | AF31: =AD31 -> GY | AH31: K | AI31: 634 | AJ31: 63/4(54CM) | AK31: 3 | AL31: =AI31 -> 634
A32: A5 | B32: NNA | C32: MLB NATIONALS | D32: MLB | E32: =B32 -> NNA | F32: SPORTS | G32: B | J32: EARCAP | K32: ER | L32: EARCAP | M32: =K32 -> ER | N32: 의류외 | P32: 모자 | AC32: E1 | AE32: Light Grey | AF32: =AD32 -> 0 | AH32: D | AI32: 678 | AJ32: 67/8(55CM) | AK32: 3 | AL32: =AI32 -> 678
A33: AD | B33: NOR | C33: MLB ORIOLES | D33: MLB | E33: =B33 -> NOR | F33: SPORTS | G33: B | J33: TROOPER | K33: TP | L33: TROOPER | M33: =K33 -> TP | N33: 의류외 | P33: 모자 | AC33: E2 | AE33: Dk.Grey | AF33: =AD33 -> 0
A34: AX | B34: NPA | C34: MLB PADRES | D34: MLB | E34: =B34 -> NPA | F34: SPORTS | G34: B | I34: EA | J34: KNIT MUFFLER | K34: MU | L34: MUFFLER | M34: =K34 -> MU | N34: 의류외 | O34: ACC | P34: ACC | AC34: E3 | AE34: C.Coal Grey | AF34: =AD34 -> 0 | AH34: 4 | AI34: 240 | AJ34: 240 | AK34: 4 | AL34: =AI34 -> 240
A35: AV | B35: NPH | C35: MLB PHILLIES | D35: MLB | E35: =B35 -> NPH | F35: SPORTS | G35: B | I35: EB | J35: HOOD MUFFLER | K35: MU | L35: MUFFLER | M35: =K35 -> MU | N35: 의류외 | O35: ACC | P35: ACC | AC35: E4 | AE35: Gunmetal | AF35: =AD35 -> 0 | AH35: 5 | AI35: 250 | AJ35: 250 | AK35: 4 | AL35: =AI35 -> 250
A36: AW | B36: NPI | C36: MLB PIRATES | D36: MLB | E36: =B36 -> NPI | F36: SPORTS | G36: B | I36: EC | J36: SCARF | K36: MU | L36: MUFFLER | M36: =K36 -> MU | N36: 의류외 | O36: ACC | P36: ACC | AC36: E5 | AE36: PLAID GREY | AF36: =AD36 -> 0 | AH36: 7 | AI36: 270 | AJ36: 270 | AK36: 4 | AL36: =AI36 -> 270
A37: A3 | B37: NRA | C37: MLB RANGERS | D37: MLB | E37: =B37 -> NRA | F37: SPORTS | G37: B | J37: WARMER | K37: WA | L37: WARMER | M37: =K37 -> WA | N37: 의류외 | O37: ACC | P37: ACC | AC37: E6 | AE37: Light Beige | AF37: =AD37 -> 0 | AH37: 8 | AI37: 280 | AJ37: 280 | AK37: 4 | AL37: =AI37 -> 280
A38: AH | B38: NRD | C38: MLB REDS | D38: MLB | E38: =B38 -> NRD | F38: SPORTS | G38: B | I38: ED | J38: MITTEN(장갑) | K38: ED | L38: MITTEN | M38: =K38 -> ED | N38: 의류외 | O38: ACC | P38: ACC | AC38: G0 | AD38: MT | AE38: Mint | AF38: =AD38 -> MT
A39: AE | B39: NRE | C39: MLB REDSOX | D39: MLB | E39: =B39 -> NRE | F39: SPORTS | G39: B | I39: FA | J39: CAP CARRIER(모자 휴대가방) | K39: CC | L39: CAP CARRIER | M39: =K39 -> CC | N39: 의류외 | O39: ACC | P39: ACC | AC39: G1 | AD39: GR | AE39: Green | AF39: =AD39 -> GR | AI39: 03M | AJ39: 3M | AK39: 5 | AL39: 3M
A40: AJ | B40: NRO | C40: MLB ROCKIES | D40: MLB | E40: =B40 -> NRO | F40: SPORTS | G40: B | I40: FB | J40: CAP SPRAY(모자 세정액) | K40: CS | L40: CAP SPRAY | M40: =K40 -> CS | N40: 의류외 | O40: ACC | P40: ACC | AC40: G2 | AE40: Olive | AF40: =AD40 -> 0 | AI40: 06M | AJ40: 6M | AK40: 5 | AL40: 6M
A41: AN | B41: NRY | C41: MLB ROYALS | D41: MLB | E41: =B41 -> NRY | F41: SPORTS | G41: B | I41: FC | J41: DP cap (빅모자) | K41: DC | L41: DP cap | M41: =K41 -> DC | N41: 의류외 | O41: ACC | P41: ACC | AC41: G3 | AE41: New Olive | AF41: =AD41 -> 0 | AI41: 09M | AJ41: 9M | AK41: 5 | AL41: 9M
A42: AK | B42: NTI | C42: MLB TIGERS | D42: MLB | E42: =B42 -> NTI | F42: SPORTS | G42: B | J42: 액서사리 | K42: AC | L42: ACC | M42: =K42 -> AC | N42: 의류외 | O42: ACC | P42: ACC | AC42: G4 | AE42: Light Olive | AF42: =AD42 -> 0 | AI42: 12M | AJ42: 12M | AK42: 5 | AL42: 12M
A43: AR | B43: NTW | C43: MLB TWINS | D43: MLB | E43: =B43 -> NTW | F43: SPORTS | G43: B | I43: AN | J43: 반팔 | K43: TS | L43: SHOT SLEEVES | M43: =K43 -> TS | N43: 의류 | O43: 의류 | P43: 의류 | AC43: G5 | AE43: P.Green | AF43: =AD43 -> 0 | AI43: 18M | AJ43: 18M | AK43: 5 | AL43: 18M
A44: AG | B44: NWS | C44: MLB W'SOX | D44: MLB | E44: =B44 -> NWS | F44: SPORTS | G44: B | J44: 긴팔 | K44: TL | L44: LONG SLEEVES | M44: =K44 -> TL | N44: 의류 | O44: 의류 | P44: 의류 | AC44: G6 | AE44: R.Green | AF44: =AD44 -> 0
A45: AT | B45: NYA | C45: MLB YANKEES | D45: MLB | E45: =B45 -> NYA | F45: SPORTS | G45: B | J45: 후드티 | K45: TH | L45: HOODED T-SHIRTS | M45: =K45 -> TH | N45: 의류 | O45: 의류 | P45: 의류 | AC45: G7 | AE45: Deep Green | AF45: =AD45 -> 0
A46: AA | B46: NEW | C46: NEW ERA | D46: MLB | E46: =B46 -> NEW | F46: SPORTS | G46: B | K46: HP | L46: HOODED JUMPER | M46: =K46 -> HP | N46: 의류 | O46: 의류 | P46: 의류 | AC46: G8 | AE46: Green Checker | AF46: =AD46 -> 0
A47: KF | B47: KNE | C47: NEXEN HEROES | D47: KBO | E47: =B47 -> KNE | F47: SPORTS | G47: B | J47: 야구점퍼 | K47: JP | L47: JUMPER | M47: =K47 -> JP | N47: 의류 | O47: 의류 | P47: 의류 | AC47: G9 | AE47: Dk. Green | AF47: =AD47 -> 0
A48: KE | B48: KSA | C48: SAMSUNG LIONS | D48: KBO | E48: =B48 -> KSA | F48: SPORTS | G48: B | I48: FF | J48: 쪼리 | K48: FF | L48: 쪼리 | M48: =K48 -> FF | N48: 의류외 | O48: 신발 | P48: 신발 | AC48: GA | AE48: Olive Camo | AF48: =AD48 -> 0
A49: KB | B49: KSK | C49: SK WYVERNS | D49: KBO | E49: =B49 -> KSK | F49: SPORTS | G49: B | I49: BP | J49: 백팩 | K49: BP | L49: BACK PACK | M49: =K49 -> BP | N49: 의류외 | O49: 가방 | P49: 가방 | AC49: GB | AD49: AR | AE49: Army | AF49: =AD49 -> AR
B50: BBC | C50: NBA BOSTON CELTICS | D50: NBA | E50: =B50 -> BBC | F50: SPORTS | G50: B | K50: JS | L50: JUMPSUIT | M50: =K50 -> JS | N50: 의류 | O50: 의류 | P50: 의류 | AC50: GC | AE50: Spruce | AF50: =AD50 -> 0
B51: BCB | C51: NBA CHICAGO BULLS | D51: NBA | E51: =B51 -> BCB | F51: SPORTS | G51: B | K51: SB | L51: SHOULDER BAG | M51: SB | N51: 의류외 | O51: 가방 | P51: 가방 | AC51: N0 | AD51: NY | AE51: Navy | AF51: =AD51 -> NY
A52: FA | B52: VOL | C52: VOLCOM | D52: =B52 -> VOL | E52: =B52 -> VOL | F52: SPORTS | G52: B | K52: PT | L52: PANTS | M52: PT | N52: 의류 | O52: 의류 | P52: 의류 | AC52: N1 | AE52: Dk.Navy | AF52: =AD52 -> 0
A53: FB | B53: BIL | C53: BILLABONG | D53: =B53 -> BIL | E53: =B53 -> BIL | F53: STREET | G53: B | K53: RC | L53: RAIN COAT (우비) | M53: RC | N53: 의류 | O53: 의류 | P53: 의류 | AC53: N2 | AD53: PP | AE53: Purple | AF53: =AD53 -> PP
A54: FC | B54: QSV | C54: QUIKSILVER | D54: =B54 -> QSV | E54: =B54 -> QSV | F54: STREET | G54: B | K54: SV | L54: SUN VISOR (썬캡) | M54: SV | N54: 의류외 | P54: 모자 | AC54: N3 | AE54: Dk.Purple | AF54: =AD54 -> 0
A55: FD | B55: ROX | C55: ROXY | D55: =B55 -> ROX | E55: =B55 -> ROX | F55: STREET | G55: B | K55: BB | L55: BIB (턱받이) | M55: BB | N55: 의류 | O55: 의류 | P55: 의류 | AC55: N4 | AE55: VIOLET | AF55: =AD55 -> 0
A56: FE | B56: GRA | C56: GRACEHAT | D56: =B56 -> GRA | E56: =B56 -> GRA | F56: F-HAT | G56: B | K56: BS | L56: BODYSUIT (바디수트) | M56: BS | N56: 의류 | O56: 의류 | P56: 의류 | AC56: N5 | AE56: Magenta Checker | AF56: =AD56 -> 0
B57: GRL | C57: GRACEHAT(LUI MARCHE) | D57: =B57 -> GRL | E57: =B57 -> GRL | F57: F-HAT | G57: B | K57: RP | L57: ROMPER (롬퍼) | M57: RP | N57: 의류 | O57: 의류 | P57: 의류 | AC57: N6 | AE57: Navy Checker | AF57: =AD57 -> 0
B58: GRH | C58: GRACEHAT(DISTRIBUTION) | D58: =B58 -> GRH | E58: =B58 -> GRH | F58: F-HAT | G58: B | K58: SP | L58: SLEEPER (우주복) | M58: SP | N58: 의류 | O58: 의류 | P58: 의류 | AC58: N7 | AE58: Light Purple | AF58: =AD58 -> 0
A59: FF | B59: BUT | C59: BURTON | D59: =B59 -> BUT | E59: =B59 -> BUT | F59: STREET | G59: B | K59: BK | L59: BLANKET (담요) | M59: BK | N59: 의류외 | O59: ACC | P59: ACC | AC59: N8 | AE59: Navy Stripe | AF59: =AD59 -> 0
A60: FG | B60: ZZZ | C60: FOX RACING | D60: =B60 -> ZZZ | E60: =B60 -> ZZZ | G60: B | K60: CR | L60: CARRIER (캐리어) | M60: CR | N60: 의류외 | O60: 가방 | P60: 가방 | AC60: N9 | AE60: Marine | AF60: =AD60 -> 0
A61: FH | B61: ZZZ | C61: HURLEY | D61: =B61 -> ZZZ | E61: =B61 -> ZZZ | G61: B | K61: OP | L61: ONE-PIECE (원피스) | M61: OP | N61: 의류 | O61: 의류 | P61: 의류 | AC61: NA | AE61: Mage | AF61: =AD61 -> 0
A62: FI | B62: STU | C62: STUSSY | D62: =B62 -> STU | E62: =B62 -> STU | F62: STREET | G62: B | K62: SN | L62: SNAPBACK | M62: SN | N62: 의류외 | P62: 모자 | AC62: NB | AE62: MULTI | AF62: =AD62 -> 0
A63: FJ | B63: NIX | C63: NIXON | D63: =B63 -> NIX | E63: =B63 -> NIX | F63: STREET | G63: B | K63: VE | L63: VEST (조끼) | M63: VE | N63: 의류 | O63: 의류 | P63: 의류 | AC63: R0 | AD63: RE | AE63: Red | AF63: =AD63 -> RE
A64: FK | B64: ZZZ | C64: D.C | D64: =B64 -> ZZZ | E64: =B64 -> ZZZ | G64: B | AC64: R1 | AE64: Maroon | AF64: =AD64 -> 0
A65: FL | B65: ANA | C65: ANALOG | D65: =B65 -> ANA | E65: =B65 -> ANA | F65: STREET | G65: B | AC65: R2 | AE65: Wine | AF65: =AD65 -> 0
A66: FM | B66: ADA | C66: ADIDAS | D66: =B66 -> ADA | E66: =B66 -> ADA | F66: STREET | G66: B | AC66: R3 | AD66: PK | AE66: Pink | AF66: =AD66 -> PK
A67: FN | B67: NKE | C67: NIKE | D67: =B67 -> NKE | E67: =B67 -> NKE | G67: B | AC67: R4 | AE67: Light Pink | AF67: =AD67 -> 0
A68: FO | B68: PUM | C68: PUMA | D68: =B68 -> PUM | E68: =B68 -> PUM | G68: B | AC68: R5 | AE68: Hot Pink | AF68: =AD68 -> 0
A69: FP | B69: ZZZ | C69: 7 UNION | D69: =B69 -> ZZZ | E69: =B69 -> ZZZ | G69: B | AC69: R6 | AE69: Metalic Pink | AF69: =AD69 -> 0
A70: FQ | B70: ZZZ | C70: SUPRA | D70: =B70 -> ZZZ | E70: =B70 -> ZZZ | G70: B | AC70: R7 | AE70: Pink Leopard | AF70: =AD70 -> 0
A71: FR | B71: ZZZ | C71: KR3W | D71: =B71 -> ZZZ | E71: =B71 -> ZZZ | G71: B | AC71: R8 | AE71: Pearl Pink | AF71: =AD71 -> 0
A72: FS | B72: ZZZ | C72: C1RCA | D72: =B72 -> ZZZ | E72: =B72 -> ZZZ | G72: B | AC72: R9 | AE72: Fuchsia Pink | AF72: =AD72 -> 0
A73: FY | B73: ZZZ | C73: RIP CURL | D73: =B73 -> ZZZ | E73: =B73 -> ZZZ | G73: B | AC73: RA | AE73: Lava | AF73: =AD73 -> 0
A74: FZ | B74: ZZZ | C74: ES | D74: =B74 -> ZZZ | E74: =B74 -> ZZZ | G74: B | AC74: RB | AE74: PLAID RED | AF74: =AD74 -> 0
A75: F0 | B75: DRA | C75: DRAGON | D75: =B75 -> DRA | E75: =B75 -> DRA | F75: STREET | G75: B | AC75: U0 | AD75: BL | AE75: Blue | AF75: =AD75 -> BL
A76: F1 | B76: HUF | C76: HUF | D76: =B76 -> HUF | E76: =B76 -> HUF | F76: STREET | G76: B | AC76: U1 | AE76: Light.Blue | AF76: =AD76 -> 0
A77: F2 | B77: HUN | C77: HUNDREDS | D77: =B77 -> HUN | E77: =B77 -> HUN | F77: STREET | G77: B | AC77: U2 | AE77: Deep.Blue | AF77: =AD77 -> 0
A78: F3 | B78: ZZZ | C78: TROPICAL SOUND | D78: =B78 -> ZZZ | E78: =B78 -> ZZZ | G78: B | AC78: U3 | AE78: Sky Blue | AF78: =AD78 -> 0
A79: F4 | B79: GOO | C79: GOORIN BROTHERS | D79: =B79 -> GOO | E79: =B79 -> GOO | F79: F-HAT | G79: B | AC79: U4 | AE79: Indigo | AF79: =AD79 -> 0
B80: GOL | C80: GOORIN BROTHERS(LUI MARCHE) | D80: =B80 -> GOL | E80: =B80 -> GOL | F80: F-HAT | G80: B | AC80: U5 | AE80: Royal | AF80: =AD80 -> 0
B81: GOD | C81: GOORIN BROTHERS(DISTRIBUTION) | D81: =B81 -> GOD | E81: =B81 -> GOD | F81: F-HAT | G81: B | AC81: U6 | AE81: Dk Blue | AF81: =AD81 -> 0
A82: F5 | B82: CRO | C82: CROOKS & CASTLE | D82: =B82 -> CRO | E82: =B82 -> CRO | F82: STREET | G82: B | AC82: U7 | AE82: Royal Blue | AF82: =AD82 -> 0
A83: F6 | B83: ZZZ | C83: ELECTRIC | D83: =B83 -> ZZZ | E83: =B83 -> ZZZ | G83: B | AC83: U8 | AE83: Teal | AF83: =AD83 -> 0
A84: F7 | B84: ZZZ | C84: GRAVIS | D84: =B84 -> ZZZ | E84: =B84 -> ZZZ | G84: B | AC84: U9 | AE84: CYPRESS | AF84: =AD84 -> 0
A85: F8 | B85: ZZZ | C85: OFFICIAL | D85: =B85 -> ZZZ | E85: =B85 -> ZZZ | G85: B | AC85: W0 | AD85: WH | AE85: White | AF85: =AD85 -> WH
A86: GA | B86: ZZZ | C86: SHIFT | D86: =B86 -> ZZZ | E86: =B86 -> ZZZ | G86: B | AC86: W1 | AD86: SL | AE86: Silver | AF86: =AD86 -> SL
A87: GB | B87: TRU | C87: TRUE RELIGION | D87: =B87 -> TRU | E87: =B87 -> TRU | F87: F-CAP | G87: B | AC87: W2 | AE87: Metalic Silver | AF87: =AD87 -> 0
B88: TRL | C88: TRUE RELIGION(LUI MARCHE) | D88: =B88 -> TRL | E88: =B88 -> TRL | F88: F-CAP | G88: B | AC88: W3 | AD88: IV | AE88: Ivory | AF88: =AD88 -> IV
A89: GC | B89: DAK | C89: DAKINE | D89: =B89 -> DAK | E89: =B89 -> DAK | F89: STREET | G89: B | AC89: W4 | AE89: White/Grey | AF89: =AD89 -> 0
A90: GD | B90: ZZZ | C90: OAKLEY | D90: =B90 -> ZZZ | E90: =B90 -> ZZZ | G90: B | AC90: W5 | AE90: White/DK.Grey | AF90: =AD90 -> 0
A91: GE | B91: EDH | C91: ED HARDY | D91: =B91 -> EDH | E91: =B91 -> EDH | F91: F-CAP | G91: B | AC91: Y0 | AD91: YE | AE91: Yellow | AF91: =AD91 -> YE
A92: GF | B92: ZZZ | C92: ITALY | D92: =B92 -> ZZZ | E92: =B92 -> ZZZ | G92: B | AC92: Y1 | AE92: Ab.Yellow | AF92: =AD92 -> 0
A93: GG | B93: ZZZ | C93: UNDER AMOUR | D93: =B93 -> ZZZ | E93: =B93 -> ZZZ | G93: B | AC93: Y2 | AD93: GD | AE93: Gold | AF93: =AD93 -> GD
A94: GH | B94: ZZZ | C94: NEW BALANCE | D94: =B94 -> ZZZ | E94: =B94 -> ZZZ | G94: B | AC94: Y3 | AE94: Old Gold | AF94: =AD94 -> 0
A95: GI | B95: ZZZ | C95: O'NEILL | D95: =B95 -> ZZZ | E95: =B95 -> ZZZ | G95: B | AC95: Y4 | AE95: Pumpkin | AF95: =AD95 -> 0
A96: GJ | B96: KAN | C96: KANGOL | D96: =B96 -> KAN | E96: =B96 -> KAN | F96: F-HAT | G96: B | AC96: Y5 | AD96: OR | AE96: Orange | AF96: =AD96 -> OR
A97: GK | B97: ZZZ | C97: A.KURTZ | D97: =B97 -> ZZZ | E97: =B97 -> ZZZ | G97: B | AC97: Y6 | AE97: BT Orange | AF97: =AD97 -> 0
A98: GL | B98: ZZZ | C98: THE NORTH FACE | D98: =B98 -> ZZZ | E98: =B98 -> ZZZ | G98: B | AC98: Y7 | AE98: Mustard | AF98: =AD98 -> 0
A99: GM | B99: ZZZ | C99: OBEY | D99: =B99 -> ZZZ | E99: =B99 -> ZZZ | G99: B
A100: GR | B100: WES | C100: WESC | D100: =B100 -> WES | E100: =B100 -> WES | F100: STREET | G100: B
...

Sheet P (3)
B1: 2014 FW 기획진행현황 (HATS ON) / 시즌별
N2: =TODAY() -> 42157
B3: 분류 | C3: 품목 | D3: 시즌 | E3: 브랜드 | F3: 최초 | H3: 리오더 | J3: 기획수량 | K3: 총TAG가 | L3: 총원가(-V) | M3: 입고수량 | N3: 미입고수량
F4: 품번수 | G4: 색상수 | H4: 품번수 | I4: 색상수
F5: 데이터
B6: 분류 | C6: 년도시즌 | D6: 품목2 | E6: 브랜드 | F6: 최초품번 | G6: 최초색상 | H6: 리오더품번 | I6: 리오더색상 | J6: 기획수량 | K6: 총TAG가 | L6: 총원가(-V) | M6: 입고수량 | N6: 미입고수량
B7: M | C7: F3 | D7: ACC | E7: NOV | F7: 4 | G7: 5 | H7: 0 | I7: 0 | J7: 6000 | K7: 42600000 | L7: 6451740 | M7: 5998 | N7: 0
D8: ACC 요약 | F8: 4 | G8: 5 | H8: 0 | I8: 0 | J8: 6000 | K8: 42600000 | L8: 6451740 | M8: 5998 | N8: 0
D9: 가방 | E9: DPS | F9: 3 | G9: 3 | H9: 0 | I9: 0 | J9: 1500 | K9: 193500000 | L9: 51280000 | M9: 1500 | N9: 0
E10: ELS | F10: 6 | G10: 6 | H10: 0 | I10: 0 | J10: 4800 | K10: 427200000 | L10: 96246000 | M10: 4800 | N10: 0
E11: MGM | F11: 3 | G11: 3 | H11: 0 | I11: 0 | J11: 1200 | K11: 153200000 | L11: 36824000 | M11: 1200 | N11: 0
E12: PLA | F12: 2 | G12: 2 | H12: 2 | I12: 2 | J12: 2600 | K12: 361000000 | L12: 84386000 | M12: 2600 | N12: 0
E13: URB | F13: 3 | G13: 3 | H13: 0 | I13: 0 | J13: 1800 | K13: 284400000 | L13: 67536000 | M13: 1800 | N13: 0
E14: PNY | F14: 2 | G14: 2 | H14: 0 | I14: 0 | J14: 1200 | K14: 152400000 | L14: 35340000 | M14: 1200 | N14: 0
D15: 가방 요약 | F15: 19 | G15: 19 | H15: 2 | I15: 2 | J15: 13100 | K15: 1571700000 | L15: 371612000 | M15: 13100 | N15: 0
D16: 모자 | E16: BMD | F16: 2 | G16: 2 | H16: 0 | I16: 0 | J16: 2000 | K16: 108000000 | L16: 13387180 | M16: 1891 | N16: 0
E17: DPS | F17: 11 | G17: 12 | H17: 4 | I17: 4 | J17: 19600 | K17: 917600000 | L17: 162709668 | M17: 19537 | N17: 0
E18: ELS | F18: 8 | G18: 9 | H18: 1 | I18: 1 | J18: 18900 | K18: 924500000 | L18: 124339603 | M18: 18766 | N18: 0
E19: HCU | F19: 13 | G19: 18 | H19: 0 | I19: 0 | J19: 25600 | K19: 1261000000 | L19: 183859922 | M19: 25617 | N19: 0
E20: JOI | F20: 4 | G20: 4 | H20: 0 | I20: 0 | J20: 5400 | K20: 264600000 | L20: 43956588 | M20: 5267 | N20: 0
E21: MGM | F21: 15 | G21: 15 | H21: 5 | I21: 5 | J21: 24200 | K21: 1089000000 | L21: 146097032 | M21: 23957 | N21: 0
E22: NAA | F22: 3 | G22: 3 | H22: 0 | I22: 0 | J22: 2400 | K22: 93600000 | L22: 14322000 | M22: 2395 | N22: 0
E23: PLA | F23: 4 | G23: 4 | H23: 1 | I23: 1 | J23: 8000 | K23: 472000000 | L23: 59719275 | M23: 7998 | N23: 0
E24: POL | F24: 6 | G24: 6 | H24: 0 | I24: 0 | J24: 11200 | K24: 520800000 | L24: 108613660 | M24: 11163 | N24: 0
E25: SBR | F25: 21 | G25: 23 | H25: 2 | I25: 2 | J25: 28890 | K25: 1172310000 | L25: 1.6749234e+08 | M25: 28961 | N25: 0
E26: SMB | F26: 20 | G26: 28 | H26: 0 | I26: 0 | J26: 40900 | K26: 1668300000 | L26: 222598359 | M26: 40413 | N26: 0
E27: SWB | F27: 1 | G27: 2 | H27: 0 | I27: 0 | J27: 3000 | K27: 135000000 | L27: 15515040 | M27: 3000 | N27: 0
E28: URB | F28: 64 | G28: 73 | H28: 3 | I28: 3 | J28: 103150 | K28: 4551050000 | L28: 5.9189758e+08 | M28: 103014 | N28: 0
... E33: YGF | F33: 2 | G33: 2 | H33: 0 | I33: 0 | J33: 1500 | K33: 84500000 | L33: 8667008 | M33: 1498 | N33: 0
D34: 모자 요약 | F34: 204 | G34: 232 | H34: 16 | I34: 16 | J34: 310684 | K34: 14114884000 | L34: 2.0174247e+09 | M34: 309484 | N34: 0
C35: F3 합계 | F35: 227 | G35: 256 | H35: 18 | I35: 18 | J35: 329784 | K35: 15729184000 | L35: 2.3954884e+09 | M35: 328582 | N35: 0
C36: F4 | D36: 의류 | E36: ELS | F36: 5 | G36: 7 | H36: 0 | I36: 0 | J36: 7900 | K36: 562500000 | L36: 117233675 | M36: 7446 | N36: 0
E37: VBL | F37: 3 | G37: 4 | H37: 0 | I37: 0 | J37: 4400 | K37: 327600000 | L37: 67648150 | M37: 4499 | N37: 0
E38: PNY | F38: 2 | G38: 2 | H38: 0 | I38: 0 | J38: 2200 | K38: 183800000 | L38: 39868400 | M38: 2238 | N38: 0
D39: 의류 요약 | F39: 10 | G39: 13 | H39: 0 | I39: 0 | J39: 14500 | K39: 1073900000 | L39: 224750225 | M39: 14183 | N39: 0
C40: F4 합계 | F40: 10 | G40: 13 | H40: 0 | I40: 0 | J40: 14500 | K40: 1073900000 | L40: 224750225 | M40: 14183 | N40: 0
C41: F5 | D41: ACC | E41: ELS | F41: 3 | G41: 3 | H41: 0 | I41: 0 | J41: 2400 | K41: 108000000 | L41: 21866272 | M41: 2344 | N41: 0
E42: JOI | F42: 4 | G42: 4 | H42: 0 | I42: 0 | J42: 3200 | K42: 118400000 | L42: 16809098 | M42: 3197 | N42: 0
D43: ACC 요약 | F43: 7 | G43: 7 | H43: 0 | I43: 0 | J43: 5600 | K43: 226400000 | L43: 38675370 | M43: 5541 | N43: 0
D44: 모자 | E44: NOV | F44: 9 | G44: 14 | H44: 1 | I44: 3 | J44: 13500 | K44: 1003700000 | L44: 171002531 | M44: 13476 | N44: 0
E45: BMD | F45: 2 | G45: 2 | H45: 0 | I45: 0 | J45: 2000 | K45: 104000000 | L45: 15833020 | M45: 1992 | N45: 0
E46: BRO | F46: 7 | G46: 8 | H46: 0 | I46: 0 | J46: 8000 | K46: 428000000 | L46: 68141450 | M46: 7871 | N46: 0
E47: DPS | F47: 4 | G47: 4 | H47: 0 | I47: 0 | J47: 3600 | K47: 186000000 | L47: 22258456 | M47: 3596 | N47: 0
E48: ELS | F48: 31 | G48: 32 | H48: 3 | I48: 3 | J48: 43830 | K48: 2246450000 | L48: 356466147 | M48: 43996 | N48: 0
E49: HCU | F49: 3 | G49: 4 | H49: 0 | I49: 0 | J49: 4000 | K49: 214000000 | L49: 31617920 | M49: 4006 | N49: 0
E50: JOI | F50: 11 | G50: 13 | H50: 0 | I50: 0 | J50: 15700 | K50: 804300000 | L50: 135358368 | M50: 15677 | N50: 0
E51: MGM | F51: 2 | G51: 2 | H51: 0 | I51: 0 | J51: 2000 | K51: 90000000 | L51: 11900924 | M51: 1956 | N51: 0
E52: PLA | F52: 3 | G52: 8 | H52: 0 | I52: 0 | J52: 8400 | K52: 474000000 | L52: 63721872 | M52: 8332 | N52: 0
E53: POL | F53: 2 | G53: 2 | H53: 2 | I53: 2 | J53: 3600 | K53: 198000000 | L53: 44529336 | M53: 3597 | N53: 0
E54: SBR | F54: 67 | G54: 126 | H54: 3 | I54: 3 | J54: 127600 | K54: 5469800000 | L54: 8.4185946e+08 | M54: 126823 | N54: 0
E55: SMB | F55: 25 | G55: 30 | H55: 3 | I55: 4 | J55: 30300 | K55: 1419100000 | L55: 2.0091135e+08 | M55: 30353 | N55: 0
E56: SWB | F56: 16 | G56: 20 | H56: 0 | I56: 0 | J56: 21800 | K56: 1085400000 | L56: 169736948 | M56: 21213 | N56: 0
... E61: BLL | F61: 11 | G61: 14 | H61: 1 | I61: 1 | J61: 5800 | K61: 331000000 | L61: 56457890 | M61: 5787 | N61: 0
D62: 모자 요약 | F62: 223 | G62: 310 | H62: 14 | I62: 17 | J62: 328030 | K62: 16101050000 | L62: 2.4670865e+09 | M62: 326102 | N62: 0
D63: 의류 | E63: ELS | F63: 26 | G63: 35 | H63: 0 | I63: 0 | J63: 40700 | K63: 5536300000 | L63: 1287344139 | M63: 41800 | N63: 0
E64: URB | F64: 5 | G64: 6 | H64: 0 | I64: 0 | J64: 7900 | K64: 1628600000 | L64: 387556550 | M64: 8492 | N64: 0
E65: PNY | F65: 12 | G65: 15 | H65: 0 | I65: 0 | J65: 16700 | K65: 1629700000 | L65: 354195246 | M65: 16984 | N65: 0
D66: 의류 요약 | F66: 43 | G66: 56 | H66: 0 | I66: 0 | J66: 65300 | K66: 8794600000 | L66: 2029095935 | M66: 67276 | N66: 0
C67: F5 합계 | F67: 273 | G67: 373 | H67: 14 | I67: 17 | J67: 398930 | K67: 25122050000 | L67: 4.5348578e+09 | M67: 398919 | N67: 0
B68: M 요약 | F68: 510 | G68: 642 | H68: 32 | I68: 35 | J68: 743214 | K68: 41925134000 | L68: 7.1550964e+09 | M68: 741684 | N68: 0
B69: B | C69: F3 | D69: 모자 | E69: GOO | F69: 9 | G69: 12 | H69: 0 | I69: 0 | J69: 3720 | K69: 206904000 | L69: 45597264 | M69: 3718 | N69: 0
E70: GRA | F70: 4 | G70: 7 | H70: 0 | I70: 0 | J70: 1000 | K70: 50000000 | L70: 12739208 | M70: 1000 | N70: 0
E71: MLN | F71: 6 | G71: 7 | H71: 0 | I71: 0 | J71: 2304 | K71: 112896000 | L71: 39769108 | M71: 995 | N71: 0
E72: NHL | F72: 19 | G72: 22 | H72: 0 | I72: 0 | J72: 17700 | K72: 785796000 | L72: 2.1457401e+08 | M72: 17688 | N72: 0
E73: NIX | F73: 9 | G73: 13 | H73: 0 | I73: 0 | J73: 2050 | K73: 79700000 | L73: 27532727 | M73: 2050 | N73: 0
E74: FFT | F74: 23 | G74: 23 | H74: 2 | I74: 2 | J74: 3041 | K74: 140025000 | L74: 57282955 | M74: 3040 | N74: 0
D75: 모자 요약 | F75: 70 | G75: 84 | H75: 2 | I75: 2 | J75: 29815 | K75: 1375321000 | L75: 3.9749527e+08 | M75: 28491 | N75: 0
C76: F3 합계 | F76: 70 | G76: 84 | H76: 2 | I76: 2 | J76: 29815 | K76: 1375321000 | L76: 3.9749527e+08 | M76: 28491 | N76: 0
C77: F5 | D77: 모자 | E77: GRA | F77: 21 | G77: 38 | H77: 0 | I77: 0 | J77: 5650 | K77: 294990000 | L77: 64371321 | M77: 5650 | N77: 0
E78: NIX | F78: 1 | G78: 1 | H78: 0 | I78: 0 | J78: 200 | K78: 5600000 | L78: 1934545.5 | M78: 200 | N78: 0
E79: FFT | F79: 14 | G79: 15 | H79: 3 | I79: 3 | J79: 2300 | K79: 94600000 | L79: 38700000 | M79: 2300 | N79: 0
E80: SHL | F80: 5 | G80: 5 | H80: 5 | I80: 5 | J80: 225 | K80: 13275000 | L80: 5435181.8 | M80: 225 | N80: 0
D81: 모자 요약 | F81: 41 | G81: 59 | H81: 8 | I81: 8 | J81: 8375 | K81: 408465000 | L81: 1.1044105e+08 | M81: 8375 | N81: 0
C82: F5 합계 | F82: 41 | G82: 59 | H82: 8 | I82: 8 | J82: 8375 | K82: 408465000 | L82: 1.1044105e+08 | M82: 8375 | N82: 0
B83: B 요약 | F83: 111 | G83: 143 | H83: 10 | I83: 10 | J83: 38190 | K83: 1783786000 | L83: 5.0793632e+08 | M83: 36866 | N83: 0
B84: 총합계 | F84: 621 | G84: 785 | H84: 42 | I84: 45 | J84: 781404 | K84: 43708920000 | L84: 7.6630327e+09 | M84: 778550 | N84: 0

Sheet P (4)
B1: 2014 FW 기획진행현황 (HATS ON) / 시즌별
L2: =TODAY() -> 42157
B3: 분류 | C3: 품목 | D3: 상세 | E3: 브랜드 | G3: 최초 | I3: 리오더 | K3: 기획수량 | L3: 입고수량 | M3: 미입고수량
G4: 품번수 | H4: 색상수 | I4: 품번수 | J4: 색상수
F5: 데이터
B6: 년도시즌 | C6: 성별 | D6: 품목2 | E6: 품목 | F6: 최초품번 | G6: 최초색상 | H6: 리오더품번 | I6: 리오더색상 | J6: 기획수량 | K6: 입고수량 | L6: 미입고수량 | M6: 합계 : 원가(-V) | N6: 합계 : TAG가
B7: F3 | C7: 성인 | D7: ACC | E7: AC | F7: 4 | G7: 5 | H7: 0 | I7: 0 | J7: 6000 | K7: 5998 | L7: 0 | M7: 6451740 | N7: 42600000
D8: ACC 요약 | F8: 4 | G8: 5 | H8: 0 | I8: 0 | J8: 6000 | K8: 5998 | L8: 0 | M8: 6451740 | N8: 42600000
D9: 가방 | E9: BP | F9: 11 | G9: 11 | H9: 2 | I9: 2 | J9: 7300 | K9: 7300 | L9: 0 | M9: 239496000 | N9: 1015500000
D10: 가방 요약 | F10: 11 | G10: 11 | H10: 2 | I10: 2 | J10: 7300 | K10: 7300 | L10: 0 | M10: 239496000 | N10: 1015500000
D11: 모자 | E11: BA | F11: 12 | G11: 15 | H11: 0 | I11: 0 | J11: 14800 | K11: 14563 | L11: 0 | M11: 88577849 | N11: 679000000
E12: CT | F12: 1 | G12: 1 | H12: 0 | I12: 0 | J12: 100 | K12: 100 | L12: 0 | M12: 1726664.6 | N12: 5900000
E13: FA | F13: 16 | G13: 18 | H13: 2 | I13: 2 | J13: 3724 | K13: 3778 | L13: 0 | M13: 39615700 | N13: 175744000
E14: FE | F14: 2 | G14: 3 | H14: 0 | I14: 0 | J14: 864 | K14: 864 | L14: 0 | M14: 13528080 | N14: 61344000
E15: FI | F15: 40 | G15: 45 | H15: 3 | I15: 3 | J15: 59874 | K15: 58534 | L15: 0 | M15: 3.6757396e+08 | N15: 2625690000
E16: FL | F16: 2 | G16: 2 | H16: 0 | I16: 0 | J16: 2400 | K16: 2399 | L16: 0 | M16: 14046600 | N16: 84000000
E17: HU | F17: 4 | G17: 5 | H17: 0 | I17: 0 | J17: 1536 | K17: 1534 | L17: 0 | M17: 18137244 | N17: 82320000
E18: MI | F18: 18 | G18: 26 | H18: 0 | I18: 0 | J18: 39230 | K18: 39271 | L18: 0 | M18: 2.6175917e+08 | N18: 1747430000
E19: SN | F19: 148 | G19: 166 | H19: 10 | I19: 10 | J19: 152971 | K19: 152241 | L19: 0 | M19: 1.1117023e+09 | N19: 6944777000
E20: UM | F20: 4 | G20: 4 | H20: 1 | I20: 1 | J20: 8000 | K20: 7998 | L20: 0 | M20: 59719275 | N20: 472000000
D21: 모자 요약 | F21: 247 | G21: 285 | H21: 16 | I21: 16 | J21: 283499 | K21: 281282 | L21: 0 | M21: 1.9763868e+09 | N21: 12878205000
C22: 키즈 | D22: 가방 | E22: BP | F22: 7 | G22: 7 | H22: 0 | I22: 0 | J22: 4800 | K22: 4800 | L22: 0 | M22: 122296000 | N22: 511200000
E23: SB | F23: 1 | G23: 1 | H23: 0 | I23: 0 | J23: 1000 | K23: 1000 | L23: 0 | M23: 9820000 | N23: 45000000
D24: 가방 요약 | F24: 8 | G24: 8 | H24: 0 | I24: 0 | J24: 5800 | K24: 5800 | L24: 0 | M24: 132116000 | N24: 556200000
D25: 모자 | E25: BA | F25: 10 | G25: 12 | H25: 0 | I25: 0 | J25: 20500 | K25: 20216 | L25: 0 | M25: 148059041 | N25: 982900000
E26: FI | F26: 6 | G26: 6 | H26: 0 | I26: 0 | J26: 17200 | K26: 17167 | L26: 0 | M26: 152365100 | N26: 830800000
E27: FL | F27: 1 | G27: 1 | H27: 0 | I27: 0 | J27: 1000 | K27: 1000 | L27: 0 | M27: 5679500 | N27: 33000000
E28: SN | F28: 10 | G28: 12 | H28: 2 | I28: 2 | J28: 18300 | K28: 18310 | L28: 0 | M28: 132429463 | N28: 765300000
D29: 모자 요약 | F29: 27 | G29: 31 | H29: 2 | I29: 2 | J29: 57000 | K29: 56693 | L29: 0 | M29: 438533104 | N29: 2612000000
B30: F3 합계 | F30: 297 | G30: 340 | H30: 20 | I30: 20 | J30: 359599 | K30: 357073 | L30: 0 | M30: 2.7929837e+09 | N30: 17104505000
B31: F4 | C31: 성인 | D31: 의류 | E31: PT | F31: 1 | G31: 1 | H31: 0 | I31: 0 | J31: 1500 | K31: 1388 | L31: 0 | M31: 23567700 | N31: 112500000
E32: TH | F32: 1 | G32: 1 | H32: 0 | I32: 0 | J32: 1000 | K32: 1048 | L32: 0 | M32: 19655000 | N32: 89000000
E33: TL | F33: 5 | G33: 6 | H33: 0 | I33: 0 | J33: 6400 | K33: 6320 | L33: 0 | M33: 101900375 | N33: 491600000
D34: 의류 요약 | F34: 7 | G34: 8 | H34: 0 | I34: 0 | J34: 8900 | K34: 8756 | L34: 0 | M34: 145123075 | N34: 693100000
C35: 키즈 | D35: 의류 | E35: PT | F35: 1 | G35: 2 | H35: 0 | I35: 0 | J35: 2000 | K35: 1974 | L35: 0 | M35: 27508150 | N35: 130000000
E36: TL | F36: 2 | G36: 3 | H36: 0 | I36: 0 | J36: 3600 | K36: 3453 | L36: 0 | M36: 52119000 | N36: 250800000
D37: 의류 요약 | F37: 3 | G37: 5 | H37: 0 | I37: 0 | J37: 5600 | K37: 5427 | L37: 0 | M37: 79627150 | N37: 380800000
B38: F4 합계 | F38: 10 | G38: 13 | H38: 0 | I38: 0 | J38: 14500 | K38: 14183 | L38: 0 | M38: 224750225 | N38: 1073900000
B39: F5 | C39: 성인 | D39: 모자 | E39: BA | F39: 22 | G39: 29 | H39: 1 | I39: 1 | J39: 31000 | K39: 30870 | L39: 0 | M39: 210459331 | N39: 1454000000
E40: BE | F40: 32 | G40: 68 | H40: 3 | I40: 4 | J40: 63800 | K40: 63709 | L40: 0 | M40: 3.3634559e+08 | N40: 2342400000
E41: CM | F41: 2 | G41: 3 | H41: 0 | I41: 0 | J41: 400 | K41: 400 | L41: 0 | M41: 4438053.8 | N41: 19600000
E42: CT | F42: 7 | G42: 8 | H42: 0 | I42: 0 | J42: 1800 | K42: 1796 | L42: 0 | M42: 16117988 | N42: 88800000
E43: EB | F43: 11 | G43: 22 | H43: 0 | I43: 0 | J43: 19500 | K43: 19412 | L43: 0 | M43: 161143416 | N43: 919700000
E44: ER | F44: 47 | G44: 50 | H44: 0 | I44: 0 | J44: 51100 | K44: 50492 | L44: 0 | M44: 431853090 | N44: 2895300000
E45: FA | F45: 14 | G45: 18 | H45: 8 | I45: 8 | J45: 5825 | K45: 5836 | L45: 0 | M45: 60730311 | N45: 304475000
E46: FE | F46: 12 | G46: 17 | H46: 1 | I46: 1 | J46: 3610 | K46: 3602 | L46: 0 | M46: 46641878 | N46: 230830000
E47: FI | F47: 1 | G47: 2 | H47: 0 | I47: 0 | J47: 2400 | K47: 2391 | L47: 0 | M47: 16264200 | N47: 103200000
E48: HU | F48: 6 | G48: 12 | H48: 0 | I48: 0 | J48: 2790 | K48: 2789 | L48: 0 | M48: 26550613 | N48: 134310000
E49: MI | F49: 14 | G49: 21 | H49: 0 | I49: 0 | J49: 19950 | K49: 19871 | L49: 0 | M49: 1.5119375e+08 | N49: 917450000
E50: SN | F50: 18 | G50: 19 | H50: 3 | I50: 3 | J50: 21900 | K50: 21282 | L50: 0 | M50: 1.4197086e+08 | N50: 1042900000
E51: TP | F51: 16 | G51: 19 | H51: 1 | I51: 3 | J51: 21500 | K51: 21458 | L51: 0 | M51: 233345209 | N51: 1504500000
E52: UM | F52: 2 | G52: 6 | H52: 0 | I52: 0 | J52: 6400 | K52: 6400 | L52: 0 | M52: 44382492 | N52: 348000000
D53: 모자 요약 | F53: 204 | G53: 294 | H53: 17 | I53: 20 | J53: 251975 | K53: 250308 | L53: 0 | M53: 1.8814368e+09 | N53: 12305465000
D54: 의류 | E54: HP | F54: 5 | G54: 5 | H54: 0 | I54: 0 | J54: 5200 | K54: 5344 | L54: 0 | M54: 154734550 | N54: 668800000
E55: JP | F55: 7 | G55: 9 | H55: 0 | I55: 0 | J55: 11600 | K55: 12311 | L55: 0 | M55: 658816000 | N55: 2756800000
E56: PT | F56: 2 | G56: 3 | H56: 0 | I56: 0 | J56: 4000 | K56: 3954 | L56: 0 | M56: 68002542 | N56: 316000000
E57: TH | F57: 4 | G57: 5 | H57: 0 | I57: 0 | J57: 5200 | K57: 5254 | L57: 0 | M57: 116973070 | N57: 522800000
E58: TL | F58: 5 | G58: 6 | H58: 0 | I58: 0 | J58: 7000 | K58: 7006 | L58: 0 | M58: 1.2038983e+08 | N58: 573000000
D59: 의류 요약 | F59: 23 | G59: 28 | H59: 0 | I59: 0 | J59: 33000 | K59: 33869 | L59: 0 | M59: 1118915995 | N59: 4837400000
C60: 키즈 | D60: ACC | E60: ED | F60: 5 | G60: 5 | H60: 0 | I60: 0 | J60: 4000 | K60: 3941 | L60: 0 | M60: 28883712 | N60: 154400000
E61: MU | F61: 2 | G61: 2 | H61: 0 | I61: 0 | J61: 1600 | K61: 1600 | L61: 0 | M61: 9791657.6 | N61: 72000000
D62: ACC 요약 | F62: 7 | G62: 7 | H62: 0 | I62: 0 | J62: 5600 | K62: 5541 | L62: 0 | M62: 38675370 | N62: 226400000
D63: 모자 | E63: BA | F63: 8 | G63: 8 | H63: 1 | I63: 1 | J63: 10100 | K63: 10091 | L63: 0 | M63: 80907304 | N63: 473700000
E64: BE | F64: 5 | G64: 9 | H64: 0 | I64: 0 | J64: 5800 | K64: 5775 | L64: 0 | M64: 33806000 | N64: 219000000
E65: EB | F65: 12 | G65: 17 | H65: 2 | I65: 2 | J65: 18200 | K65: 18187 | L65: 0 | M65: 155260377 | N65: 883400000
E66: ER | F66: 21 | G66: 21 | H66: 2 | I66: 2 | J66: 25630 | K66: 25246 | L66: 0 | M66: 2.2079144e+08 | N66: 1368450000
E67: SN | F67: 6 | G67: 9 | H67: 0 | I67: 0 | J67: 11900 | K67: 12099 | L67: 0 | M67: 86199260 | N67: 543500000
E68: TP | F68: 6 | G68: 8 | H68: 0 | I68: 0 | J68: 8600 | K68: 8588 | L68: 0 | M68: 80744376 | N68: 487400000
E69: UM | F69: 1 | G69: 1 | H69: 0 | I69: 0 | J69: 1200 | K69: 1200 | L69: 0 | M69: 8232840 | N69: 63600000
E70: VB | F70: 1 | G70: 2 | H70: 0 | I70: 0 | J70: 3000 | K70: 2983 | L70: 0 | M70: 30149160 | N70: 165000000
D71: 모자 요약 | F71: 60 | G71: 75 | H71: 5 | I71: 5 | J71: 84430 | K71: 84169 | L71: 0 | M71: 696090754 | N71: 4204050000
D72: 의류 | E72: HP | F72: 4 | G72: 4 | H72: 0 | I72: 0 | J72: 4000 | K72: 4194 | L72: 0 | M72: 95136500 | N72: 466000000
E73: JP | F73: 3 | G73: 7 | H73: 0 | I73: 0 | J73: 9500 | K73: 10109 | L73: 0 | M73: 474519625 | N73: 1953000000
E74: PT | F74: 3 | G74: 3 | H74: 0 | I74: 0 | J74: 3200 | K74: 3235 | L74: 0 | M74: 57207565 | N74: 250800000
E75: TH | F75: 4 | G75: 6 | H75: 0 | I75: 0 | J75: 6200 | K75: 6249 | L75: 0 | M75: 124591450 | N75: 573800000
E76: TL | F76: 5 | G76: 7 | H76: 0 | I76: 0 | J76: 8400 | K76: 8542 | L76: 0 | M76: 133872300 | N76: 615600000
E77: VE | F77: 1 | G77: 1 | H77: 0 | I77: 0 | J77: 1000 | K77: 1078 | L77: 0 | M77: 24852500 | N77: 98000000
D78: 의류 요약 | F78: 20 | G78: 28 | H78: 0 | I78: 0 | J78: 32300 | K78: 33407 | L78: 0 | M78: 910179940 | N78: 3957200000
B79: F5 합계 | F79: 314 | G79: 432 | H79: 22 | I79: 25 | J79: 407305 | K79: 407294 | L79: 0 | M79: 4.6452988e+09 | N79: 25530515000
B80: (비어 있음) | C80: (비어 있음) | D80: (비어 있음) | E80: (비어 있음)
D81: (비어 있음) 요약
B82: (비어 있음) 합계
B83: 총합계 | F83: 621 | G83: 785 | H83: 42 | I83: 45 | J83: 781404 | K83: 778550 | L83: 0 | M83: 7.6630327e+09 | N83: 43708920000
