Workbook

Sheet 순점검
A1: 업체차수점검 | K1: 품번순서
K3: 브랜드 | N3: 사용가
E4: 데이터 | K4: SBR | N4: 사용불가
A5: 업체명 | B5: 차수 | C5: 발주일 | D5: 브랜드 | E5: 품번수 | F5: 색상수 | G5: 수량 | H5: 원가금액 | I5: TAG가금액 | K5: 의류외
A6: 동일모자 | B6: 3 | C6: 41549 | D6: JIL | E6: 1 | F6: 1 | G6: 4000 | H6: 25255440 | I6: 116000000
A7: 성진 | B7: 23 | C7: 41565 | D7: JIL | E7: 8 | F7: 8 | G7: 8000 | H7: 58663060 | I7: 354000000 | K7: REORDER | N7: MAIN (U,M,W) | Q7: MAIN (K)
A8: FOREMOST | B8: 1 | C8: 41513 | D8: JIL | E8: 8 | F8: 15 | G8: 17700 | H8: 97414461 | I8: 642700000 | K8: 품번순서 | N8: 품번순서 | Q8: 품번순서
B9: 4 | C9: 41543 | D9: JIL | E9: 8 | F9: 8 | G9: 7800 | H9: 34472160 | I9: 312200000 | K9: 1 | L9: =IF(ISERROR(VLOOKUP($K$4&$K$5&$K9,기획현황!$H:$H,1,FALSE))=TRUE,"",VLOOKUP($K$4&$K$5&$K9,기획현황!$H:$H,1,FALSE)) -> SBR의류외1 | N9: 201 | O9: =IF(ISERROR(VLOOKUP($K$4&$K$5&$N9,기획현황!$H:$H,1,FALSE))=TRUE,"",VLOOKUP($K$4&$K$5&$N9,기획현황!$H:$H,1,FALSE)) | Q9: =N9+500 -> 701 | R9: =IF(ISERROR(VLOOKUP($K$4&$K$5&$Q9,기획현황!$H:$H,1,FALSE))=TRUE,"",VLOOKUP($K$4&$K$5&$Q9,기획현황!$H:$H,1,FALSE))
B10: 6 | C10: 41549 | D10: JIL | E10: 1 | F10: 1 | G10: 2400 | H10: 14986862 | I10: 108000000 | K10: =K9+1 -> 2 | L10: =IF(ISERROR(VLOOKUP($K$4&$K$5&$K10,기획현황!$H:$H,1,FALSE))=TRUE,"",VLOOKUP($K$4&$K$5&$K10,기획현황!$H:$H,1,FALSE)) -> SBR의류외2 | N10: =N9+1 -> 202 | O10: =IF(ISERROR(VLOOKUP($K$4&$K$5&$N10,기획현황!$H:$H,1,FALSE))=TRUE,"",VLOOKUP($K$4&$K$5&$N10,기획현황!$H:$H,1,FALSE)) | Q10: =Q9+1 -> 702 | R10: =IF(ISERROR(VLOOKUP($K$4&$K$5&$Q10,기획현황!$H:$H,1,FALSE))=TRUE,"",VLOOKUP($K$4&$K$5&$Q10,기획현황!$H:$H,1,FALSE))
B11: 8 | E11: 3 | F11: 5 | G11: 4600 | H11: 28852502 | I11: 185800000 | K11: =K10+1 -> 3 | L11: =IF(ISERROR(VLOOKUP($K$4&$K$5&$K11,기획현황!$H:$H,1,FALSE))=TRUE,"",VLOOKUP($K$4&$K$5&$K11,기획현황!$H:$H,1,FALSE)) -> SBR의류외3 | N11: =N10+1 -> 203 | O11: =IF(ISERROR(VLOOKUP($K$4&$K$5&$N11,기획현황!$H:$H,1,FALSE))=TRUE,"",VLOOKUP($K$4&$K$5&$N11,기획현황!$H:$H,1,FALSE)) | Q11: =Q10+1 -> 703 | R11: =IF(ISERROR(VLOOKUP($K$4&$K$5&$Q11,기획현황!$H:$H,1,FALSE))=TRUE,"",VLOOKUP($K$4&$K$5&$Q11,기획현황!$H:$H,1,FALSE))
B12: 16 | C12: 41565 | D12: JIL | E12: 1 | F12: 2 | G12: 3500 | H12: 22990975 | I12: 150500000 | K12: =K11+1 -> 4 | L12: =IF(ISERROR(VLOOKUP($K$4&$K$5&$K12,기획현황!$H:$H,1,FALSE))=TRUE,"",VLOOKUP($K$4&$K$5&$K12,기획현황!$H:$H,1,FALSE)) -> SBR의류외4 | N12: =N11+1 -> 204 | O12: =IF(ISERROR(VLOOKUP($K$4&$K$5&$N12,기획현황!$H:$H,1,FALSE))=TRUE,"",VLOOKUP($K$4&$K$5&$N12,기획현황!$H:$H,1,FALSE)) | Q12: =Q11+1 -> 704 | R12: =IF(ISERROR(VLOOKUP($K$4&$K$5&$Q12,기획현황!$H:$H,1,FALSE))=TRUE,"",VLOOKUP($K$4&$K$5&$Q12,기획현황!$H:$H,1,FALSE))
B13: 18 | C13: 41568 | D13: JIL | E13: 2 | F13: 3 | G13: 6000 | H13: 29328778 | I13: 174000000 | K13: =K12+1 -> 5 | L13: =IF(ISERROR(VLOOKUP($K$4&$K$5&$K13,기획현황!$H:$H,1,FALSE))=TRUE,"",VLOOKUP($K$4&$K$5&$K13,기획현황!$H:$H,1,FALSE)) -> SBR의류외5 | N13: =N12+1 -> 205 | O13: =IF(ISERROR(VLOOKUP($K$4&$K$5&$N13,기획현황!$H:$H,1,FALSE))=TRUE,"",VLOOKUP($K$4&$K$5&$N13,기획현황!$H:$H,1,FALSE)) | Q13: =Q12+1 -> 705 | R13: =IF(ISERROR(VLOOKUP($K$4&$K$5&$Q13,기획현황!$H:$H,1,FALSE))=TRUE,"",VLOOKUP($K$4&$K$5&$Q13,기획현황!$H:$H,1,FALSE))
B14: 19 | C14: 41568 | D14: JIL | E14: 8 | F14: 10 | G14: 10600 | H14: 53962466 | I14: 475800000 | K14: =K13+1 -> 6 | L14: =IF(ISERROR(VLOOKUP($K$4&$K$5&$K14,기획현황!$H:$H,1,FALSE))=TRUE,"",VLOOKUP($K$4&$K$5&$K14,기획현황!$H:$H,1,FALSE)) -> SBR의류외6 | N14: =N13+1 -> 206 | O14: =IF(ISERROR(VLOOKUP($K$4&$K$5&$N14,기획현황!$H:$H,1,FALSE))=TRUE,"",VLOOKUP($K$4&$K$5&$N14,기획현황!$H:$H,1,FALSE)) | Q14: =Q13+1 -> 706 | R14: =IF(ISERROR(VLOOKUP($K$4&$K$5&$Q14,기획현황!$H:$H,1,FALSE))=TRUE,"",VLOOKUP($K$4&$K$5&$Q14,기획현황!$H:$H,1,FALSE))
B15: 20 | C15: 41570 | D15: JIL | E15: 5 | F15: 5 | G15: 2800 | H15: 16602761 | I15: 130400000 | K15: =K14+1 -> 7 | L15: =IF(ISERROR(VLOOKUP($K$4&$K$5&$K15,기획현황!$H:$H,1,FALSE))=TRUE,"",VLOOKUP($K$4&$K$5&$K15,기획현황!$H:$H,1,FALSE)) -> SBR의류외7 | N15: =N14+1 -> 207 | O15: =IF(ISERROR(VLOOKUP($K$4&$K$5&$N15,기획현황!$H:$H,1,FALSE))=TRUE,"",VLOOKUP($K$4&$K$5&$N15,기획현황!$H:$H,1,FALSE)) | Q15: =Q14+1 -> 707 | R15: =IF(ISERROR(VLOOKUP($K$4&$K$5&$Q15,기획현황!$H:$H,1,FALSE))=TRUE,"",VLOOKUP($K$4&$K$5&$Q15,기획현황!$H:$H,1,FALSE))
B16: 28 | C16: 41598 | D16: JIL | E16: 9 | F16: 12 | G16: 7300 | H16: 57227273 | I16: 377700000 | K16: =K15+1 -> 8 | L16: =IF(ISERROR(VLOOKUP($K$4&$K$5&$K16,기획현황!$H:$H,1,FALSE))=TRUE,"",VLOOKUP($K$4&$K$5&$K16,기획현황!$H:$H,1,FALSE)) -> SBR의류외8 | N16: =N15+1 -> 208 | O16: =IF(ISERROR(VLOOKUP($K$4&$K$5&$N16,기획현황!$H:$H,1,FALSE))=TRUE,"",VLOOKUP($K$4&$K$5&$N16,기획현황!$H:$H,1,FALSE)) | Q16: =Q15+1 -> 708 | R16: =IF(ISERROR(VLOOKUP($K$4&$K$5&$Q16,기획현황!$H:$H,1,FALSE))=TRUE,"",VLOOKUP($K$4&$K$5&$Q16,기획현황!$H:$H,1,FALSE))
A17: HMA | B17: 2 | C17: 41598 | D17: JIL | E17: 1 | F17: 1 | G17: 500 | H17: 3831168.8 | I17: 29500000 | K17: =K16+1 -> 9 | L17: =IF(ISERROR(VLOOKUP($K$4&$K$5&$K17,기획현황!$H:$H,1,FALSE))=TRUE,"",VLOOKUP($K$4&$K$5&$K17,기획현황!$H:$H,1,FALSE)) -> SBR의류외9 | N17: =N16+1 -> 209 | O17: =IF(ISERROR(VLOOKUP($K$4&$K$5&$N17,기획현황!$H:$H,1,FALSE))=TRUE,"",VLOOKUP($K$4&$K$5&$N17,기획현황!$H:$H,1,FALSE)) | Q17: =Q16+1 -> 709 | R17: =IF(ISERROR(VLOOKUP($K$4&$K$5&$Q17,기획현황!$H:$H,1,FALSE))=TRUE,"",VLOOKUP($K$4&$K$5&$Q17,기획현황!$H:$H,1,FALSE))
A18: QF | B18: 8 | E18: 7 | F18: 7 | G18: 5600 | H18: 21586848 | I18: 231200000 | K18: =K17+1 -> 10 | L18: =IF(ISERROR(VLOOKUP($K$4&$K$5&$K18,기획현황!$H:$H,1,FALSE))=TRUE,"",VLOOKUP($K$4&$K$5&$K18,기획현황!$H:$H,1,FALSE)) -> SBR의류외10 | N18: =N17+1 -> 210 | O18: =IF(ISERROR(VLOOKUP($K$4&$K$5&$N18,기획현황!$H:$H,1,FALSE))=TRUE,"",VLOOKUP($K$4&$K$5&$N18,기획현황!$H:$H,1,FALSE)) | Q18: =Q17+1 -> 710 | R18: =IF(ISERROR(VLOOKUP($K$4&$K$5&$Q18,기획현황!$H:$H,1,FALSE))=TRUE,"",VLOOKUP($K$4&$K$5&$Q18,기획현황!$H:$H,1,FALSE))
A19: TS | B19: 1 | C19: 41591 | D19: JIL | E19: 1 | F19: 2 | G19: 1800 | H19: 14040000 | I19: 81000000 | K19: =K18+1 -> 11 | L19: =IF(ISERROR(VLOOKUP($K$4&$K$5&$K19,기획현황!$H:$H,1,FALSE))=TRUE,"",VLOOKUP($K$4&$K$5&$K19,기획현황!$H:$H,1,FALSE)) -> SBR의류외11 | N19: =N18+1 -> 211 | O19: =IF(ISERROR(VLOOKUP($K$4&$K$5&$N19,기획현황!$H:$H,1,FALSE))=TRUE,"",VLOOKUP($K$4&$K$5&$N19,기획현황!$H:$H,1,FALSE)) | Q19: =Q18+1 -> 711 | R19: =IF(ISERROR(VLOOKUP($K$4&$K$5&$Q19,기획현황!$H:$H,1,FALSE))=TRUE,"",VLOOKUP($K$4&$K$5&$Q19,기획현황!$H:$H,1,FALSE))
A20: YITIAN | B20: 1 | C20: 41568 | D20: JIL | E20: 1 | F20: 1 | G20: 600 | H20: 3365742 | I20: 27000000 | K20: =K19+1 -> 12 | L20: =IF(ISERROR(VLOOKUP($K$4&$K$5&$K20,기획현황!$H:$H,1,FALSE))=TRUE,"",VLOOKUP($K$4&$K$5&$K20,기획현황!$H:$H,1,FALSE)) -> SBR의류외12 | N20: =N19+1 -> 212 | O20: =IF(ISERROR(VLOOKUP($K$4&$K$5&$N20,기획현황!$H:$H,1,FALSE))=TRUE,"",VLOOKUP($K$4&$K$5&$N20,기획현황!$H:$H,1,FALSE)) | Q20: =Q19+1 -> 712 | R20: =IF(ISERROR(VLOOKUP($K$4&$K$5&$Q20,기획현황!$H:$H,1,FALSE))=TRUE,"",VLOOKUP($K$4&$K$5&$Q20,기획현황!$H:$H,1,FALSE))
A21: 총합계 | E21: 64 | F21: 81 | G21: 83200 | H21: 4.825805e+08 | I21: 3395800000 | K21: =K20+1 -> 13 | L21: =IF(ISERROR(VLOOKUP($K$4&$K$5&$K21,기획현황!$H:$H,1,FALSE))=TRUE,"",VLOOKUP($K$4&$K$5&$K21,기획현황!$H:$H,1,FALSE)) -> SBR의류외13 | N21: =N20+1 -> 213 | O21: =IF(ISERROR(VLOOKUP($K$4&$K$5&$N21,기획현황!$H:$H,1,FALSE))=TRUE,"",VLOOKUP($K$4&$K$5&$N21,기획현황!$H:$H,1,FALSE)) | Q21: =Q20+1 -> 713 | R21: =IF(ISERROR(VLOOKUP($K$4&$K$5&$Q21,기획현황!$H:$H,1,FALSE))=TRUE,"",VLOOKUP($K$4&$K$5&$Q21,기획현황!$H:$H,1,FALSE))
K22: =K21+1 -> 14 | L22: =IF(ISERROR(VLOOKUP($K$4&$K$5&$K22,기획현황!$H:$H,1,FALSE))=TRUE,"",VLOOKUP($K$4&$K$5&$K22,기획현황!$H:$H,1,FALSE)) -> SBR의류외14 | N22: =N21+1 -> 214 | O22: =IF(ISERROR(VLOOKUP($K$4&$K$5&$N22,기획현황!$H:$H,1,FALSE))=TRUE,"",VLOOKUP($K$4&$K$5&$N22,기획현황!$H:$H,1,FALSE)) | Q22: =Q21+1 -> 714 | R22: =IF(ISERROR(VLOOKUP($K$4&$K$5&$Q22,기획현황!$H:$H,1,FALSE))=TRUE,"",VLOOKUP($K$4&$K$5&$Q22,기획현황!$H:$H,1,FALSE))
K23: =K22+1 -> 15 | L23: =IF(ISERROR(VLOOKUP($K$4&$K$5&$K23,기획현황!$H:$H,1,FALSE))=TRUE,"",VLOOKUP($K$4&$K$5&$K23,기획현황!$H:$H,1,FALSE)) -> SBR의류외15 | N23: =N22+1 -> 215 | O23: =IF(ISERROR(VLOOKUP($K$4&$K$5&$N23,기획현황!$H:$H,1,FALSE))=TRUE,"",VLOOKUP($K$4&$K$5&$N23,기획현황!$H:$H,1,FALSE)) | Q23: =Q22+1 -> 715 | R23: =IF(ISERROR(VLOOKUP($K$4&$K$5&$Q23,기획현황!$H:$H,1,FALSE))=TRUE,"",VLOOKUP($K$4&$K$5&$Q23,기획현황!$H:$H,1,FALSE))
K24: =K23+1 -> 16 | L24: =IF(ISERROR(VLOOKUP($K$4&$K$5&$K24,기획현황!$H:$H,1,FALSE))=TRUE,"",VLOOKUP($K$4&$K$5&$K24,기획현황!$H:$H,1,FALSE)) -> SBR의류외16 | N24: =N23+1 -> 216 | O24: =IF(ISERROR(VLOOKUP($K$4&$K$5&$N24,기획현황!$H:$H,1,FALSE))=TRUE,"",VLOOKUP($K$4&$K$5&$N24,기획현황!$H:$H,1,FALSE)) | Q24: =Q23+1 -> 716 | R24: =IF(ISERROR(VLOOKUP($K$4&$K$5&$Q24,기획현황!$H:$H,1,FALSE))=TRUE,"",VLOOKUP($K$4&$K$5&$Q24,기획현황!$H:$H,1,FALSE))
K25: =K24+1 -> 17 | L25: =IF(ISERROR(VLOOKUP($K$4&$K$5&$K25,기획현황!$H:$H,1,FALSE))=TRUE,"",VLOOKUP($K$4&$K$5&$K25,기획현황!$H:$H,1,FALSE)) -> SBR의류외17 | N25: =N24+1 -> 217 | O25: =IF(ISERROR(VLOOKUP($K$4&$K$5&$N25,기획현황!$H:$H,1,FALSE))=TRUE,"",VLOOKUP($K$4&$K$5&$N25,기획현황!$H:$H,1,FALSE)) | Q25: =Q24+1 -> 717 | R25: =IF(ISERROR(VLOOKUP($K$4&$K$5&$Q25,기획현황!$H:$H,1,FALSE))=TRUE,"",VLOOKUP($K$4&$K$5&$Q25,기획현황!$H:$H,1,FALSE))
K26: =K25+1 -> 18 | L26: =IF(ISERROR(VLOOKUP($K$4&$K$5&$K26,기획현황!$H:$H,1,FALSE))=TRUE,"",VLOOKUP($K$4&$K$5&$K26,기획현황!$H:$H,1,FALSE)) -> SBR의류외18 | N26: =N25+1 -> 218 | O26: =IF(ISERROR(VLOOKUP($K$4&$K$5&$N26,기획현황!$H:$H,1,FALSE))=TRUE,"",VLOOKUP($K$4&$K$5&$N26,기획현황!$H:$H,1,FALSE)) | Q26: =Q25+1 -> 718 | R26: =IF(ISERROR(VLOOKUP($K$4&$K$5&$Q26,기획현황!$H:$H,1,FALSE))=TRUE,"",VLOOKUP($K$4&$K$5&$Q26,기획현황!$H:$H,1,FALSE))
K27: =K26+1 -> 19 | L27: =IF(ISERROR(VLOOKUP($K$4&$K$5&$K27,기획현황!$H:$H,1,FALSE))=TRUE,"",VLOOKUP($K$4&$K$5&$K27,기획현황!$H:$H,1,FALSE)) -> SBR의류외19 | N27: =N26+1 -> 219 | O27: =IF(ISERROR(VLOOKUP($K$4&$K$5&$N27,기획현황!$H:$H,1,FALSE))=TRUE,"",VLOOKUP($K$4&$K$5&$N27,기획현황!$H:$H,1,FALSE)) | Q27: =Q26+1 -> 719 | R27: =IF(ISERROR(VLOOKUP($K$4&$K$5&$Q27,기획현황!$H:$H,1,FALSE))=TRUE,"",VLOOKUP($K$4&$K$5&$Q27,기획현황!$H:$H,1,FALSE))
K28: =K27+1 -> 20 | L28: =IF(ISERROR(VLOOKUP($K$4&$K$5&$K28,기획현황!$H:$H,1,FALSE))=TRUE,"",VLOOKUP($K$4&$K$5&$K28,기획현황!$H:$H,1,FALSE)) -> SBR의류외20 | N28: =N27+1 -> 220 | O28: =IF(ISERROR(VLOOKUP($K$4&$K$5&$N28,기획현황!$H:$H,1,FALSE))=TRUE,"",VLOOKUP($K$4&$K$5&$N28,기획현황!$H:$H,1,FALSE)) | Q28: =Q27+1 -> 720 | R28: =IF(ISERROR(VLOOKUP($K$4&$K$5&$Q28,기획현황!$H:$H,1,FALSE))=TRUE,"",VLOOKUP($K$4&$K$5&$Q28,기획현황!$H:$H,1,FALSE))
K29: =K28+1 -> 21 | L29: =IF(ISERROR(VLOOKUP($K$4&$K$5&$K29,기획현황!$H:$H,1,FALSE))=TRUE,"",VLOOKUP($K$4&$K$5&$K29,기획현황!$H:$H,1,FALSE)) -> SBR의류외21 | N29: =N28+1 -> 221 | O29: =IF(ISERROR(VLOOKUP($K$4&$K$5&$N29,기획현황!$H:$H,1,FALSE))=TRUE,"",VLOOKUP($K$4&$K$5&$N29,기획현황!$H:$H,1,FALSE)) | Q29: =Q28+1 -> 721 | R29: =IF(ISERROR(VLOOKUP($K$4&$K$5&$Q29,기획현황!$H:$H,1,FALSE))=TRUE,"",VLOOKUP($K$4&$K$5&$Q29,기획현황!$H:$H,1,FALSE))
K30: =K29+1 -> 22 | L30: =IF(ISERROR(VLOOKUP($K$4&$K$5&$K30,기획현황!$H:$H,1,FALSE))=TRUE,"",VLOOKUP($K$4&$K$5&$K30,기획현황!$H:$H,1,FALSE)) -> SBR의류외22 | N30: =N29+1 -> 222 | O30: =IF(ISERROR(VLOOKUP($K$4&$K$5&$N30,기획현황!$H:$H,1,FALSE))=TRUE,"",VLOOKUP($K$4&$K$5&$N30,기획현황!$H:$H,1,FALSE)) | Q30: =Q29+1 -> 722 | R30: =IF(ISERROR(VLOOKUP($K$4&$K$5&$Q30,기획현황!$H:$H,1,FALSE))=TRUE,"",VLOOKUP($K$4&$K$5&$Q30,기획현황!$H:$H,1,FALSE))
K31: =K30+1 -> 23 | L31: =IF(ISERROR(VLOOKUP($K$4&$K$5&$K31,기획현황!$H:$H,1,FALSE))=TRUE,"",VLOOKUP($K$4&$K$5&$K31,기획현황!$H:$H,1,FALSE)) -> SBR의류외23 | N31: =N30+1 -> 223 | O31: =IF(ISERROR(VLOOKUP($K$4&$K$5&$N31,기획현황!$H:$H,1,FALSE))=TRUE,"",VLOOKUP($K$4&$K$5&$N31,기획현황!$H:$H,1,FALSE)) | Q31: =Q30+1 -> 723 | R31: =IF(ISERROR(VLOOKUP($K$4&$K$5&$Q31,기획현황!$H:$H,1,FALSE))=TRUE,"",VLOOKUP($K$4&$K$5&$Q31,기획현황!$H:$H,1,FALSE))
K32: =K31+1 -> 24 | L32: =IF(ISERROR(VLOOKUP($K$4&$K$5&$K32,기획현황!$H:$H,1,FALSE))=TRUE,"",VLOOKUP($K$4&$K$5&$K32,기획현황!$H:$H,1,FALSE)) -> SBR의류외24 | N32: =N31+1 -> 224 | O32: =IF(ISERROR(VLOOKUP($K$4&$K$5&$N32,기획현황!$H:$H,1,FALSE))=TRUE,"",VLOOKUP($K$4&$K$5&$N32,기획현황!$H:$H,1,FALSE)) | Q32: =Q31+1 -> 724 | R32: =IF(ISERROR(VLOOKUP($K$4&$K$5&$Q32,기획현황!$H:$H,1,FALSE))=TRUE,"",VLOOKUP($K$4&$K$5&$Q32,기획현황!$H:$H,1,FALSE))
K33: =K32+1 -> 25 | L33: =IF(ISERROR(VLOOKUP($K$4&$K$5&$K33,기획현황!$H:$H,1,FALSE))=TRUE,"",VLOOKUP($K$4&$K$5&$K33,기획현황!$H:$H,1,FALSE)) -> SBR의류외25 | N33: =N32+1 -> 225 | O33: =IF(ISERROR(VLOOKUP($K$4&$K$5&$N33,기획현황!$H:$H,1,FALSE))=TRUE,"",VLOOKUP($K$4&$K$5&$N33,기획현황!$H:$H,1,FALSE)) | Q33: =Q32+1 -> 725 | R33: =IF(ISERROR(VLOOKUP($K$4&$K$5&$Q33,기획현황!$H:$H,1,FALSE))=TRUE,"",VLOOKUP($K$4&$K$5&$Q33,기획현황!$H:$H,1,FALSE))
... K107: =K106+1 -> 99 | L107: =IF(ISERROR(VLOOKUP($K$4&$K$5&$K107,기획현황!$H:$H,1,FALSE))=TRUE,"",VLOOKUP($K$4&$K$5&$K107,기획현황!$H:$H,1,FALSE)) | N107: =N106+1 -> 299 | O107: =IF(ISERROR(VLOOKUP($K$4&$K$5&$N107,기획현황!$H:$H,1,FALSE))=TRUE,"",VLOOKUP($K$4&$K$5&$N107,기획현황!$H:$H,1,FALSE)) | Q107: =Q106+1 -> 799 | R107: =IF(ISERROR(VLOOKUP($K$4&$K$5&$Q107,기획현황!$H:$H,1,FALSE))=TRUE,"",VLOOKUP($K$4&$K$5&$Q107,기획현황!$H:$H,1,FALSE))
K108: =K107+1 -> 100 | L108: =IF(ISERROR(VLOOKUP($K$4&$K$5&$K108,기획현황!$H:$H,1,FALSE))=TRUE,"",VLOOKUP($K$4&$K$5&$K108,기획현황!$H:$H,1,FALSE))
K109: =K108+1 -> 101 | L109: =IF(ISERROR(VLOOKUP($K$4&$K$5&$K109,기획현황!$H:$H,1,FALSE))=TRUE,"",VLOOKUP($K$4&$K$5&$K109,기획현황!$H:$H,1,FALSE))
K110: =K109+1 -> 102 | L110: =IF(ISERROR(VLOOKUP($K$4&$K$5&$K110,기획현황!$H:$H,1,FALSE))=TRUE,"",VLOOKUP($K$4&$K$5&$K110,기획현황!$H:$H,1,FALSE))
K111: =K110+1 -> 103 | L111: =IF(ISERROR(VLOOKUP($K$4&$K$5&$K111,기획현황!$H:$H,1,FALSE))=TRUE,"",VLOOKUP($K$4&$K$5&$K111,기획현황!$H:$H,1,FALSE))
K112: =K111+1 -> 104 | L112: =IF(ISERROR(VLOOKUP($K$4&$K$5&$K112,기획현황!$H:$H,1,FALSE))=TRUE,"",VLOOKUP($K$4&$K$5&$K112,기획현황!$H:$H,1,FALSE))
K113: =K112+1 -> 105 | L113: =IF(ISERROR(VLOOKUP($K$4&$K$5&$K113,기획현황!$H:$H,1,FALSE))=TRUE,"",VLOOKUP($K$4&$K$5&$K113,기획현황!$H:$H,1,FALSE))
K114: =K113+1 -> 106 | L114: =IF(ISERROR(VLOOKUP($K$4&$K$5&$K114,기획현황!$H:$H,1,FALSE))=TRUE,"",VLOOKUP($K$4&$K$5&$K114,기획현황!$H:$H,1,FALSE))
K115: =K114+1 -> 107 | L115: =IF(ISERROR(VLOOKUP($K$4&$K$5&$K115,기획현황!$H:$H,1,FALSE))=TRUE,"",VLOOKUP($K$4&$K$5&$K115,기획현황!$H:$H,1,FALSE))
K116: =K115+1 -> 108 | L116: =IF(ISERROR(VLOOKUP($K$4&$K$5&$K116,기획현황!$H:$H,1,FALSE))=TRUE,"",VLOOKUP($K$4&$K$5&$K116,기획현황!$H:$H,1,FALSE))
K117: =K116+1 -> 109 | L117: =IF(ISERROR(VLOOKUP($K$4&$K$5&$K117,기획현황!$H:$H,1,FALSE))=TRUE,"",VLOOKUP($K$4&$K$5&$K117,기획현황!$H:$H,1,FALSE))
K118: =K117+1 -> 110 | L118: =IF(ISERROR(VLOOKUP($K$4&$K$5&$K118,기획현황!$H:$H,1,FALSE))=TRUE,"",VLOOKUP($K$4&$K$5&$K118,기획현황!$H:$H,1,FALSE))
K119: =K118+1 -> 111 | L119: =IF(ISERROR(VLOOKUP($K$4&$K$5&$K119,기획현황!$H:$H,1,FALSE))=TRUE,"",VLOOKUP($K$4&$K$5&$K119,기획현황!$H:$H,1,FALSE))
... K207: =K206+1 -> 199 | L207: =IF(ISERROR(VLOOKUP($K$4&$K$5&$K207,기획현황!$H:$H,1,FALSE))=TRUE,"",VLOOKUP($K$4&$K$5&$K207,기획현황!$H:$H,1,FALSE))

Sheet 기획현황
C1: PO ISSUE | F1: 1 | G1: =F1+1 -> 2 | H1: =G1+1 -> 3 | I1: =H1+1 -> 4 | J1: =I1+1 -> 5 | K1: =J1+1 -> 6 | L1: =K1+1 -> 7 | M1: =L1+1 -> 8 | N1: =M1+1 -> 9 | ... BR1: =BQ1+1 -> 65
K2: 2014 | L2: FW | M2: 기획현황 (♥문솔♥) | BX2: DATA UPLOAD FOR E-BIZ | CS2: TAG ISSUE | DG2: **PRODUCTION SCHEDULE
AO3: 환율 | AS3: 관세 | AW3: 제비용 | AX3: *인도네시아, 방글라데시 무관세 적용
AO4: KRW | AP4: EUR | AQ4: USD | AR4: JPY | AS4: 모자 | AT4: 의류 | AU4: 가방 | AV4: ACC | AW4: 0.05 | BN4: SHORTAGE | DV4: =TODAY() -> 42191
AO5: 1 | AP5: 1500 | AQ5: 1100 | AR5: 13 | AS5: 0.08 | AT5: 0.13 | AU5: 0.056 | AV5: 0.08 | BB5: =TODAY() -> 42191 | BG5: 건별계약서내용과 동일
K6: * 업체,업체차수,브랜드 정렬 | AZ6: 월,수요일 | BN6: 0.1
BX7: 컬렉션 | BY7: 시즌 | BZ7: 소재 | CA7: 품목 | CB7: 성별 | CC7: 국가 | CD7: 원산지 코드 | CE7: STYLE | CF7: 순번 | CG7: STYLE명 | CH7: COL | CI7: S_TYPE | CJ7: SIZE | CK7: 수량 | CL7: FOB | CM7: TAG가 | CN7: 원가 | CO7: 자재원가 | CP7: 구분
K8: 이미지 | L8: 브랜드 | M8: 브랜드명 | N8: 년도 | O8: 시즌 | P8: 품목 | Q8: 품목명 | R8: 성별 | S8: 순번 | T8: 순번 | U8: 품번 | V8: 품번수 | W8: 품명(=샘플명) | X8: 색상 | Y8: 색상명 | Z8: 품번색상 | AA8: 품번오더차수 | AB8: 색상수 | AC8: 원자재 혼용율 | AD8: 사이즈타입 | AE8: 사이즈 | AF8: 수량 | AG8: 업체 | AM8: TAG가 | AO8: 원가(-VAT) | AX8: 일정 | BG8: 원가 확정여부 | BH8: 입고일 확정여부 | BI8: 입고수량점검 | BO8: TOTAL | BX8: 브랜드 | BY8: 시즌 | BZ8: 분류 | CA8: 품목 | CB8: 성별 | CC8: 국가 | CD8: 샘플명 | CE8: 품번 | CF8: 순번 | CG8: 품번명 | CH8: 색상 | CI8: 사이즈타입 | CJ8: 사이즈 | CK8: 수량 | CL8: FOB($) | CM8: TAG가(\) | CN8: 원가(\,-VAT) | CO8: 자재원가(\,-VAT) | CP8: 수입1, 내수2 | CQ8: 발주번호 | CS8: NO. | CT8: 품번 (HAT'S ON CODE) | CU8: 명칭(상단) | CV8: 명칭(하단) | CW8: 명칭 (색상/사이즈) | CX8: 브랜드 | CY8: 순번 | CZ8: 수량 | DA8: TAG가(\) | DB8: 색상 | DC8: 사이즈 | DD8: 자율안전인증번호 | DE8: 최초순번 | DG8: PRODUCTION SCHEDULE | DZ8: 비고 | EF8: 순번 | EL8: 가격사정여부
AG9: 업체명 | AH9: 차수 | AI9: 차수 | AJ9: 분류 | AK9: 국가 | AL9: 수입/내수 | AN9: 확정일 | AO9: 목표 | AP9: 조정 | AQ9: 차이 | AR9: 공급자재 | AV9: 해외(FOB, USD, JPY) | AW9: 국내(KRW) | AX9: 발주일 | AY9: 선적일 | AZ9: 납기일 | BO9: 수량 | BP9: 원가금액 (-VAT,백만원) | BQ9: TAG가금액 (백만원) | BR9: MU | DG9: PO 발송일 | DH9: 메인작지 수령 목표일 | DI9: 메인작지 수령일 | DJ9: 메인작지 발송일 | DK9: 건별계약서 작성(원가, 납기) | DL9: 중국원단사용유무 | DN9: 원자재 발주일 | DO9: 부자재 발주일 | DP9: 원부자재 발송 목표일 | DQ9: 원자재 발송일 | DR9: 부자재 발송일 | DS9: 최초상품대금 결재상신일 | DT9: PPS 수령일 | DU9: PPS 컨펌일 | DV9: 가격택 발송일 | DW9: INSPECTION일 | DX9: SPS 수령일 | DY9: 입고 완료여부 | EF9: 0
AR10: 원자재 | AS10: 부자재 | AT10: 기타 | AU10: 계 | AZ10: 목표 | BA10: 계약 | BB10: 1차입고 | BC10: 2차입고 | BD10: 3차입고 | BE10: 4차입고 | BF10: 5차입고 | BI10: 1차입고 | BJ10: 2차입고 | BK10: 3차입고 | BL10: 4차입고 | BM10: 5차입고 | BN10: 미입고수량 | DE10: 최초순번 | DL10: 총가지수 | DM10: 중국가지수 | EF10: 5 | EI10: 품번수계산
V11: =SUM(V$13:V62617)-SUMIF($I:$I,"TTL",V:V) -> 95 | AB11: =SUM(AB$13:AB62617)-SUMIF($I:$I,"TTL",AB:AB) -> 156 | AF11: =SUM(AF$13:AF62617)-SUMIF($I:$I,"TTL",AF:AF) -> 165290 | BI11: =SUM(BI$13:BI62621)-SUMIF($I:$I,"TTL",BI:BI) -> 136505 | BJ11: =SUM(BJ$13:BJ62621)-SUMIF($I:$I,"TTL",BJ:BJ) -> 24000 | BK11: =SUM(BK$13:BK62621)-SUMIF($I:$I,"TTL",BK:BK) -> 4081 | BL11: =SUM(BL$13:BL62621)-SUMIF($I:$I,"TTL",BL:BL) -> 0 | BM11: =SUM(BM$13:BM62621)-SUMIF($I:$I,"TTL",BM:BM) -> 0 | BN11: =SUM(BN$13:BN62621)-SUMIF($I:$I,"TTL",BN:BN) -> 0 | BO11: =SUM(BO$13:BO62617)-SUMIF($I:$I,"TTL",BO:BO) -> 165290 | BP11: =SUM(BP$13:BP62617)-SUMIF($I:$I,"TTL",BP:BP) -> 1.1077518e+09 | BQ11: =SUM(BQ$13:BQ62617)-SUMIF($I:$I,"TTL",BQ:BQ) -> 7042910000 | BR11: =IF(ISERROR($BQ11/($BP11*1.1))=TRUE,0,$BQ11/($BP11*1.1)) -> 5.7798556 | BV11: 품번/색상/사이즈/수량/업체/차수/국가 | DH11: 90 | DL11: 숫자로 표기 | DM11: 숫자로 표기 | DN11: '없음'표기 | DO11: '없음'표기 | DP11: 60 | DQ11: 최종일표기 | DR11: 최종일표기 | EC11: 품번색상/발주일 | ED11: 품번색상사이즈 | EE11: 리오더(NEW) | EF11: 리오더(RUNNING) | EG11: 품번차수 | EI11: 품번 | EJ11: 품번색상
A12: 구분 | B12: 브랜드품목 | C12: 브랜드/업체/차수 | D12: 브랜드/업체/차수/품번색상 | E12: 순서 | F12: 브랜드/업체/차수/순서 | G12: 브랜드/업체/차수/순서/품번색상/사이즈 | H12: 브랜드/순번 | I12: 브랜드 | J12: 공란 | K12: 이미지 | L12: 브랜드 | M12: 브랜드명 | N12: 년도 | O12: 시즌 | P12: 품목 | Q12: 품목명 | R12: 성별 | S12: 순번 | T12: 순번2 | U12: 품번 | V12: 품번수 | W12: 품명(=샘플명) | X12: 색상 | Y12: 색상명 | Z12: 품번색상 | AA12: 오더차수 | AB12: 색상수 | AC12: 혼용율 | AD12: 사이즈타입 | AE12: 사이즈 | AF12: 수량 | AG12: 업체명 | AH12: 차수 | AI12: 차수2 | AJ12: 분류 | AK12: 국가 | AL12: 수입/내수 | AM12: TAG가목표 | AN12: TAG가조정 | AO12: 원가목표 | AP12: 원가조정 | AQ12: 원가차이 | AR12: 공급원자재 | AS12: 공급부자재 | AT12: 공급기타 | AU12: 공급계 | AV12: 해외(FOB, USD, JPY) | AW12: 국내(KRW) | AX12: 발주일 | AY12: 선적일 | AZ12: 목표납기일 | BA12: 계약납기일 | BB12: 1차입고일 | BC12: 2차입고일 | BD12: 3차입고일 | BE12: 4차입고일 | BF12: 5차입고일 | BG12: 확정여부 | BH12: 확정여부 | BI12: 1차입고수량 | BJ12: 2차입고수량 | BK12: 3차입고수량 | BL12: 3차입고수량 | BM12: 3차입고수량 | BN12: 차이수량 | BO12: TOTAL수량 | BP12: TOTAL원가금액 | BQ12: TOTALTAG가금액 | BR12: MU
A13: =IF(OR($I13="TTL",$I13=""),"",IF(ISERROR(VLOOKUP($B13,CODE!$D:$G,CODE!$F$1-2,FALSE))=TRUE,"전략",VLOOKUP($B13,CODE!$D:$G,CODE!$F$1-2,FALSE))) -> F-CAP | B13: =IF(OR($I13="TTL",$I13=""),"",IF(VLOOKUP($P13,CODE!$K:$O,CODE!$O$1,FALSE)="",$I13,$I13&"-"&VLOOKUP($P13,CODE!$K:$O,CODE!$O$1,FALSE))) -> DPS | C13: =IF($I13="TTL","",I13&"-"&$AG13&"-"&$AI13) -> DPS-캡보이-02 | D13: =$C13&$Z13 -> DPS-캡보이-02DPSSNF3501PK | E13: =IF($I13="TTL",0,IF(ISERROR(IF($Z12=$Z13,$E12,$E12+1))=TRUE,1,IF($Z12=$Z13,$E12,$E12+1))) -> 1 | F13: =$C13&$E13 -> DPS-캡보이-021 | G13: =$F13&"-"&$U13&$Y13&$AE13 -> DPS-캡보이-021-DPSSNF3501PINKOSM | H13: =IF(ISERROR(I13&VLOOKUP(P13,CODE!$K:$N,CODE!$N$1,FALSE)&S13)=TRUE,0,I13&VLOOKUP(P13,CODE!$K:$N,CODE!$N$1,FALSE)&S13) -> DPS의류외501 | I13: =IF(ISERROR(SEARCH("TTL",$K13))=TRUE,IF($L13="","",VLOOKUP($L13,CODE!$B:$G,CODE!$D$1,FALSE)),"TTL") -> DPS | J13: =MID(W13,1,6) -> 14SS F | L13: DPS | M13: =IF(OR($I13="TTL",$L13=""),"",VLOOKUP($L13,CODE!$B:$D,CODE!$C$1,FALSE)) -> DISNEY PRINCESS | N13: =IF(OR($I13="TTL",$L13=""),"",VLOOKUP($K$2,CODE!$S:$T,CODE!$T$1-1,FALSE)) -> F | O13: =IF(OR($I13="TTL",$L13=""),"",VLOOKUP($L$2,CODE!$X:$Y,CODE!$Y$1-1,FALSE)) -> 3 | P13: SN | Q13: =IF(OR($I13="TTL",$P13=""),"",VLOOKUP($P13,CODE!$K:$M,CODE!$L$1,FALSE)) -> SNAPBACK | R13: K | S13: 501 | T13: =IF(OR($I13="TTL",$S13=""),"",IF($S13<10,"00"&$S13,IF($S13<100,"0"&$S13,$S13))) -> 501 | U13: =IF($I13="TTL","",$L13&$P13&$N13&$O13&$T13) -> DPSSNF3501 | V13: =IF($I13="TTL",SUMIF($C:$C,MID($K13,1,SEARCH("TTL",$K13)-2),$V:$V),IF($EI13="",0,1/COUNTIF($EI:$EI,$EI13))) -> 0.5 | W13: 14SS FROZEN SNAP_01_PK_KIDS | X13: =IF($Y13="","",VLOOKUP($Y13,CODE!$AE:$AF,CODE!$AF$1-1,FALSE)) -> PK | Y13: PINK | Z13: =$U13&$X13 -> DPSSNF3501PK | AA13: =VLOOKUP($Z13&$AX13,$EC:$EG,5,FALSE) | AB13: =IF($I13="TTL",SUMIF($C:$C,MID($K13,1,SEARCH("TTL",$K13)-2),$AB:$AB),IF($EJ13="",0,1/COUNTIF($EJ:$EJ,$EJ13))) -> 0.5 | AC13: 0 | AD13: 1 | AE13: OSM | AF13: 600 | AG13: 캡보이 | AH13: 2 | AI13: =IF($AH13=0,"",IF($AH13<10,"0"&$AH13,$AH13)) -> 02 | AJ13: M | AK13: KR | AL13: =IF($AK13=0,"",IF($AK13="KR",2,1)) -> 2 | AM13: =IF(ISERROR(VLOOKUP($F13,[1]기획현황취합!$A$1:$E$65485,[1]기획현황취합!$B$1,FALSE))=TRUE,0,VLOOKUP($F13,[1]기획현황취합!$A$1:$E$65485,[1]기획현황취합!$B$1,FALSE)) -> 45000 | AN13: =IF(ISERROR(VLOOKUP($F13,[1]기획현황취합!$A$1:$E$65485,[1]기획현황취합!$C$1,FALSE))=TRUE,0,VLOOKUP($F13,[1]기획현황취합!$A$1:$E$65485,[1]기획현황취합!$C$1,FALSE)) -> 41752 | AO13: =IF(ISERROR(($AM13/1.1)/VLOOKUP($AG13,'TARGET MU'!$A:$D,'TARGET MU'!$D$1,FALSE))=TRUE,0,($AM13/1.1)/VLOOKUP($AG13,'TARGET MU'!$A:$D,'TARGET MU'!$D$1,FALSE)) -> 10227.273 | AP13: =IF(OR(AF13=0,AND(AV13=0,AW13=0)),0,IF(AG13="캡보이2",AV13*$AQ$5+AU13,IF(OR(AK13="IN",AK13="BG",AK13="VT",AK13="CB"),$AU13+(($AV13*(1+$AW$4))*(HLOOKUP(VLOOKUP(AG13,'TARGET MU'!$A:$P,'TARGET MU'!$J$1,FALSE),$AO$4:$AR$5,2,FALSE)))+$AW13,$AU13+((($AV13*(1+$AW$4))*(1+HLOOKUP(VLOOKUP($P13,CODE!$K:$P,CODE!$P$1,FALSE),$AS$4:$AV$5,2,FALSE)))*(HLOOKUP(VLOOKUP(AG13,'TARGET MU'!$A:$P,'TARGET MU'!$J$1,FALSE),$AO$4:$AR$5,2,FALSE)))+$AW13))) -> 11700 | AQ13: =AP13-AO13 -> 1472.7273 | AU13: =SUM(AR13:AT13) -> 0 | AW13: 11700 | AX13: =IF(ISERROR(VLOOKUP($F13,[1]기획현황취합!$A$1:$E$65485,[1]기획현황취합!$D$1,FALSE))=TRUE,0,VLOOKUP($F13,[1]기획현황취합!$A$1:$E$65485,[1]기획현황취합!$D$1,FALSE)) -> 41736 | AY13: 0 | AZ13: =IF(ISERROR(VLOOKUP($F13,[1]기획현황취합!$A$1:$E$65485,[1]기획현황취합!$E$1,FALSE))=TRUE,0,VLOOKUP($F13,[1]기획현황취합!$A$1:$E$65485,[1]기획현황취합!$E$1,FALSE)) -> 41774 | BA13: 0 | BB13: 41761 | BC13: 41768 | BF13: 0 | BG13: 확정 | BH13: 확정 | BI13: =IF($I13="TTL",SUMIF($C:$C,MID($K13,1,SEARCH("TTL",$K13)-2),$BI:$BI),SUMIF(실입고현황!$A:$A,BB13&VLOOKUP($AG13,'TARGET MU'!$A:$D,'TARGET MU'!$B$1,FALSE)&$Z13&" "&$AE13,실입고현황!$C:$C)) -> 150 | BJ13: =IF($I13="TTL",SUMIF($C:$C,MID($K13,1,SEARCH("TTL",$K13)-2),$BJ:$BJ),SUMIF(실입고현황!$A:$A,BC13&VLOOKUP($AG13,'TARGET MU'!$A:$D,'TARGET MU'!$B$1,FALSE)&$Z13&" "&$AE13,실입고현황!$C:$C)) -> 450 | BK13: =IF($I13="TTL",SUMIF($C:$C,MID($K13,1,SEARCH("TTL",$K13)-2),$BK:$BK),SUMIF(실입고현황!$A:$A,BD13&VLOOKUP($AG13,'TARGET MU'!$A:$D,'TARGET MU'!$B$1,FALSE)&$Z13&" "&$AE13,실입고현황!$C:$C)) -> 0 | BL13: =IF($I13="TTL",SUMIF($C:$C,MID($K13,1,SEARCH("TTL",$K13)-2),$BL:$BL),SUMIF(실입고현황!$A:$A,BE13&VLOOKUP($AG13,'TARGET MU'!$A:$D,'TARGET MU'!$B$1,FALSE)&$Z13&" "&$AE13,실입고현황!$C:$C)) -> 0 | BM13: =IF($I13="TTL",SUMIF($C:$C,MID($K13,1,SEARCH("TTL",$K13)-2),$BM:$BM),SUMIF(실입고현황!$A:$A,BF13&VLOOKUP($AG13,'TARGET MU'!$A:$D,'TARGET MU'!$B$1,FALSE)&$Z13&" "&$AE13,실입고현황!$C:$C)) -> 0 | BN13: =IF($I13="TTL",SUMIF($C:$C,MID($K13,1,SEARCH("TTL",$K13)-2),$BN:$BN),IF(($BO13-SUM($BI13,$BJ13,$BK13,BL13,BM13))<$BO13*$BN$6,0,$BO13-SUM($BI13,$BJ13,$BK13,BL13,BM13))) -> 0 | BO13: =IF($I13="TTL",SUMIF($C:$C,MID($K13,1,SEARCH("TTL",$K13)-2),$BO:$BO),$AF13) -> 600 | BP13: =IF($I13="TTL",SUMIF($C:$C,MID($K13,1,SEARCH("TTL",$K13)-2),$BP:$BP),IF(AO13=0,0,IF($AP13=0,$AO13*$AF13,$AP13*$AF13))) -> 7020000 | BQ13: =IF($I13="TTL",SUMIF($C:$C,MID($K13,1,SEARCH("TTL",$K13)-2),$BQ:$BQ),$AM13*$AF13) -> 27000000 | BR13: =IF(ISERROR($BQ13/($BP13*1.1))=TRUE,0,$BQ13/($BP13*1.1)) -> 3.4965035 | BT13: =IF(ISERROR(Z13&VLOOKUP($AG13,'TARGET MU'!$A:$D,'TARGET MU'!$B$1,FALSE))=TRUE,"",Z13&VLOOKUP($AG13,'TARGET MU'!$A:$D,'TARGET MU'!$B$1,FALSE)) -> DPSSNF3501PK캡보이 | BU13: =AP13 -> 11700 | BV13: =Z13&AE13&AF13&AM13&AG13&AI13&AK13 -> DPSSNF3501PKOSM60045000캡보이02KR | BX13: =IF($I13="TTL","",$L13) -> DPS | BY13: =$O13 -> 3 | BZ13: =$AJ13 -> M | CA13: =$P13 -> SN | CB13: =$R13 -> K | CC13: =$AK13 -> KR | CD13: =$W13 -> 14SS FROZEN SNAP_01_PK_KIDS | CE13: =$U13 -> DPSSNF3501 | CF13: =$T13 -> 501 | CG13: =$W13 -> 14SS FROZEN SNAP_01_PK_KIDS | CH13: =$X13 -> PK | CI13: =$AD13 -> 1 | CJ13: =$AE13 -> OSM | CK13: =IF($I13="TTL",SUMIF($C:$C,MID($K13,1,SEARCH("TTL",$K13)-2),$BO:$BO),$AF13) -> 600 | CL13: =$AV13 -> 0 | CM13: =$AM13 -> 45000 | CN13: =$AP13-$AU13 -> 11700 | CO13: =$AU13 -> 0 | CP13: =$AL13 -> 2 | CQ13: 514530 | CT13: =IF($I13="TTL",$K13,$Z13&$AE13) -> DPSSNF3501PKOSM | CU13: =$M13 -> DISNEY PRINCESS | CV13: =IF($I13="TTL","",IF($CT13="","",$Q13&"_"&$T13&IF(R13="K","_KIDS",""))) -> SNAPBACK_501_KIDS | CW13: =IF($I13="TTL","",IF($CT13="","",$Y13&"_"&$AE13)) -> PINK_OSM | CX13: =$L13 -> DPS | CY13: =$T13 -> 501 | CZ13: =IF($I13="TTL",SUMIF($C:$C,MID($K13,1,SEARCH("TTL",$K13)-2),$CZ:$CZ),$AF13) -> 600 | DA13: =$AM13 -> 45000 | DB13: =$Y13 -> PINK | DC13: =$AE13 -> OSM | DG13: 41736 | DH13: =IF(OR($I13="TTL",$I13=""),"",AZ13-$DH$11) -> 41684 | DI13: 41736 | DJ13: 41736 | DK13: 없음 | DL13: 3 | DM13: 0 | DN13: 없음 | DO13: 없음 | DP13: =IF(OR($DN13="없음",$I13="TTL",$I13=""),"",AZ13-$DP$11) | DQ13: 없음 | DR13: 없음 | DS13: 없음 | DT13: 없음 | DU13: 없음 | DV13: 41759 | DW13: 없음 | DX13: 없음 | DY13: 완료 | EC13: =IF(OR($Z12&$AX12=$Z13&$AX12,$Z13&$AX13=""),"",$Z13&$AX13) -> DPSSNF3501PK41736 | ED13: =IF(OR(Z12&AE12=Z13&AE13,Z13=""),"",Z13&AE13) -> DPSSNF3501PKOSM | EE13: =IF($ED13="",0,IF(COUNTIF(ED$12:ED12,ED13)=0,0,COUNTIF(ED$12:ED12,ED13))) -> 0 | EF13: =IF(OR($AJ13="B",$ED13="",MID($U13,8,1)=$EF$9,MID($U13,8,1)=$EF$10),0,1) -> 0 | EG13: =IF(EE13+EF13=0,"","R"&(EE13+EF13)) | EI13: =IF($ED13="","",IF($EE13=0,U13,"")) -> DPSSNF3501 | EJ13: =IF($ED13="","",IF($EE13=0,Z13,"")) -> DPSSNF3501PK | EL13: 없음
A14: =IF(OR($I14="TTL",$I14=""),"",IF(ISERROR(VLOOKUP($B14,CODE!$D:$G,CODE!$F$1-2,FALSE))=TRUE,"전략",VLOOKUP($B14,CODE!$D:$G,CODE!$F$1-2,FALSE))) -> F-CAP | B14: =IF(OR($I14="TTL",$I14=""),"",IF(VLOOKUP($P14,CODE!$K:$O,CODE!$O$1,FALSE)="",$I14,$I14&"-"&VLOOKUP($P14,CODE!$K:$O,CODE!$O$1,FALSE))) -> DPS | C14: =IF($I14="TTL","",I14&"-"&$AG14&"-"&$AI14) -> DPS-캡보이-02 | D14: =$C14&$Z14 -> DPS-캡보이-02DPSSNF3501PK | E14: =IF($I14="TTL",0,IF(ISERROR(IF($Z13=$Z14,$E13,$E13+1))=TRUE,1,IF($Z13=$Z14,$E13,$E13+1))) -> 1 | F14: =$C14&$E14 -> DPS-캡보이-021 | G14: =$F14&"-"&$U14&$Y14&$AE14 -> DPS-캡보이-021-DPSSNF3501PINKOML | H14: =IF(ISERROR(I14&VLOOKUP(P14,CODE!$K:$N,CODE!$N$1,FALSE)&S14)=TRUE,0,I14&VLOOKUP(P14,CODE!$K:$N,CODE!$N$1,FALSE)&S14) -> DPS의류외501 | I14: =IF(ISERROR(SEARCH("TTL",$K14))=TRUE,IF($L14="","",VLOOKUP($L14,CODE!$B:$G,CODE!$D$1,FALSE)),"TTL") -> DPS | J14: =MID(W14,1,6) -> 14SS F | L14: DPS | M14: =IF(OR($I14="TTL",$L14=""),"",VLOOKUP($L14,CODE!$B:$D,CODE!$C$1,FALSE)) -> DISNEY PRINCESS | N14: =IF(OR($I14="TTL",$L14=""),"",VLOOKUP($K$2,CODE!$S:$T,CODE!$T$1-1,FALSE)) -> F | O14: =IF(OR($I14="TTL",$L14=""),"",VLOOKUP($L$2,CODE!$X:$Y,CODE!$Y$1-1,FALSE)) -> 3 | P14: SN | Q14: =IF(OR($I14="TTL",$P14=""),"",VLOOKUP($P14,CODE!$K:$M,CODE!$L$1,FALSE)) -> SNAPBACK | R14: K | S14: 501 | T14: =IF(OR($I14="TTL",$S14=""),"",IF($S14<10,"00"&$S14,IF($S14<100,"0"&$S14,$S14))) -> 501 | U14: =IF($I14="TTL","",$L14&$P14&$N14&$O14&$T14) -> DPSSNF3501 | V14: =IF($I14="TTL",SUMIF($C:$C,MID($K14,1,SEARCH("TTL",$K14)-2),$V:$V),IF($EI14="",0,1/COUNTIF($EI:$EI,$EI14))) -> 0.5 | W14: 14SS FROZEN SNAP_01_PK_KIDS | X14: =IF($Y14="","",VLOOKUP($Y14,CODE!$AE:$AF,CODE!$AF$1-1,FALSE)) -> PK | Y14: PINK | Z14: =$U14&$X14 -> DPSSNF3501PK | AA14: =VLOOKUP($Z14&$AX14,$EC:$EG,5,FALSE) | AB14: =IF($I14="TTL",SUMIF($C:$C,MID($K14,1,SEARCH("TTL",$K14)-2),$AB:$AB),IF($EJ14="",0,1/COUNTIF($EJ:$EJ,$EJ14))) -> 0.5 | AC14: 0 | AD14: 1 | AE14: OML | AF14: 400 | AG14: 캡보이 | AH14: 2 | AI14: =IF($AH14=0,"",IF($AH14<10,"0"&$AH14,$AH14)) -> 02 | AJ14: M | AK14: KR | AL14: =IF($AK14=0,"",IF($AK14="KR",2,1)) -> 2 | AM14: =IF(ISERROR(VLOOKUP($F14,[1]기획현황취합!$A$1:$E$65485,[1]기획현황취합!$B$1,FALSE))=TRUE,0,VLOOKUP($F14,[1]기획현황취합!$A$1:$E$65485,[1]기획현황취합!$B$1,FALSE)) -> 45000 | AN14: =IF(ISERROR(VLOOKUP($F14,[1]기획현황취합!$A$1:$E$65485,[1]기획현황취합!$C$1,FALSE))=TRUE,0,VLOOKUP($F14,[1]기획현황취합!$A$1:$E$65485,[1]기획현황취합!$C$1,FALSE)) -> 41752 | AO14: =IF(ISERROR(($AM14/1.1)/VLOOKUP($AG14,'TARGET MU'!$A:$D,'TARGET MU'!$D$1,FALSE))=TRUE,0,($AM14/1.1)/VLOOKUP($AG14,'TARGET MU'!$A:$D,'TARGET MU'!$D$1,FALSE)) -> 10227.273 | AP14: =IF(OR(AF14=0,AND(AV14=0,AW14=0)),0,IF(AG14="캡보이2",AV14*$AQ$5+AU14,IF(OR(AK14="IN",AK14="BG",AK14="VT",AK14="CB"),$AU14+(($AV14*(1+$AW$4))*(HLOOKUP(VLOOKUP(AG14,'TARGET MU'!$A:$P,'TARGET MU'!$J$1,FALSE),$AO$4:$AR$5,2,FALSE)))+$AW14,$AU14+((($AV14*(1+$AW$4))*(1+HLOOKUP(VLOOKUP($P14,CODE!$K:$P,CODE!$P$1,FALSE),$AS$4:$AV$5,2,FALSE)))*(HLOOKUP(VLOOKUP(AG14,'TARGET MU'!$A:$P,'TARGET MU'!$J$1,FALSE),$AO$4:$AR$5,2,FALSE)))+$AW14))) -> 11700 | AQ14: =AP14-AO14 -> 1472.7273 | AR14: 0 | AS14: 0 | AU14: =SUM(AR14:AT14) -> 0 | AV14: 0 | AW14: 11700 | AX14: =IF(ISERROR(VLOOKUP($F14,[1]기획현황취합!$A$1:$E$65485,[1]기획현황취합!$D$1,FALSE))=TRUE,0,VLOOKUP($F14,[1]기획현황취합!$A$1:$E$65485,[1]기획현황취합!$D$1,FALSE)) -> 41736 | AY14: 0 | AZ14: =IF(ISERROR(VLOOKUP($F14,[1]기획현황취합!$A$1:$E$65485,[1]기획현황취합!$E$1,FALSE))=TRUE,0,VLOOKUP($F14,[1]기획현황취합!$A$1:$E$65485,[1]기획현황취합!$E$1,FALSE)) -> 41774 | BA14: 0 | BB14: 41761 | BC14: 41768 | BF14: 0 | BG14: 확정 | BH14: 확정 | BI14: =IF($I14="TTL",SUMIF($C:$C,MID($K14,1,SEARCH("TTL",$K14)-2),$BI:$BI),SUMIF(실입고현황!$A:$A,BB14&VLOOKUP($AG14,'TARGET MU'!$A:$D,'TARGET MU'!$B$1,FALSE)&$Z14&" "&$AE14,실입고현황!$C:$C)) -> 145 | BJ14: =IF($I14="TTL",SUMIF($C:$C,MID($K14,1,SEARCH("TTL",$K14)-2),$BJ:$BJ),SUMIF(실입고현황!$A:$A,BC14&VLOOKUP($AG14,'TARGET MU'!$A:$D,'TARGET MU'!$B$1,FALSE)&$Z14&" "&$AE14,실입고현황!$C:$C)) -> 255 | BK14: =IF($I14="TTL",SUMIF($C:$C,MID($K14,1,SEARCH("TTL",$K14)-2),$BK:$BK),SUMIF(실입고현황!$A:$A,BD14&VLOOKUP($AG14,'TARGET MU'!$A:$D,'TARGET MU'!$B$1,FALSE)&$Z14&" "&$AE14,실입고현황!$C:$C)) -> 0 | BL14: =IF($I14="TTL",SUMIF($C:$C,MID($K14,1,SEARCH("TTL",$K14)-2),$BL:$BL),SUMIF(실입고현황!$A:$A,BE14&VLOOKUP($AG14,'TARGET MU'!$A:$D,'TARGET MU'!$B$1,FALSE)&$Z14&" "&$AE14,실입고현황!$C:$C)) -> 0 | BM14: =IF($I14="TTL",SUMIF($C:$C,MID($K14,1,SEARCH("TTL",$K14)-2),$BM:$BM),SUMIF(실입고현황!$A:$A,BF14&VLOOKUP($AG14,'TARGET MU'!$A:$D,'TARGET MU'!$B$1,FALSE)&$Z14&" "&$AE14,실입고현황!$C:$C)) -> 0 | BN14: =IF($I14="TTL",SUMIF($C:$C,MID($K14,1,SEARCH("TTL",$K14)-2),$BN:$BN),IF(($BO14-SUM($BI14,$BJ14,$BK14,BL14,BM14))<$BO14*$BN$6,0,$BO14-SUM($BI14,$BJ14,$BK14,BL14,BM14))) -> 0 | BO14: =IF($I14="TTL",SUMIF($C:$C,MID($K14,1,SEARCH("TTL",$K14)-2),$BO:$BO),$AF14) -> 400 | BP14: =IF($I14="TTL",SUMIF($C:$C,MID($K14,1,SEARCH("TTL",$K14)-2),$BP:$BP),IF(AO14=0,0,IF($AP14=0,$AO14*$AF14,$AP14*$AF14))) -> 4680000 | BQ14: =IF($I14="TTL",SUMIF($C:$C,MID($K14,1,SEARCH("TTL",$K14)-2),$BQ:$BQ),$AM14*$AF14) -> 18000000 | BR14: =IF(ISERROR($BQ14/($BP14*1.1))=TRUE,0,$BQ14/($BP14*1.1)) -> 3.4965035 | BT14: =IF(ISERROR(Z14&VLOOKUP($AG14,'TARGET MU'!$A:$D,'TARGET MU'!$B$1,FALSE))=TRUE,"",Z14&VLOOKUP($AG14,'TARGET MU'!$A:$D,'TARGET MU'!$B$1,FALSE)) -> DPSSNF3501PK캡보이 | BU14: =AP14 -> 11700 | BV14: =Z14&AE14&AF14&AM14&AG14&AI14&AK14 -> DPSSNF3501PKOML40045000캡보이02KR | BX14: =IF($I14="TTL","",$L14) -> DPS | BY14: =$O14 -> 3 | BZ14: =$AJ14 -> M | CA14: =$P14 -> SN | CB14: =$R14 -> K | CC14: =$AK14 -> KR | CD14: =$W14 -> 14SS FROZEN SNAP_01_PK_KIDS | CE14: =$U14 -> DPSSNF3501 | CF14: =$T14 -> 501 | CG14: =$W14 -> 14SS FROZEN SNAP_01_PK_KIDS | CH14: =$X14 -> PK | CI14: =$AD14 -> 1 | CJ14: =$AE14 -> OML | CK14: =IF($I14="TTL",SUMIF($C:$C,MID($K14,1,SEARCH("TTL",$K14)-2),$BO:$BO),$AF14) -> 400 | CL14: =$AV14 -> 0 | CM14: =$AM14 -> 45000 | CN14: =$AP14-$AU14 -> 11700 | CO14: =$AU14 -> 0 | CP14: =$AL14 -> 2 | CQ14: 514530 | CT14: =IF($I14="TTL",$K14,$Z14&$AE14) -> DPSSNF3501PKOML | CU14: =$M14 -> DISNEY PRINCESS | CV14: =IF($I14="TTL","",IF($CT14="","",$Q14&"_"&$T14&IF(R14="K","_KIDS",""))) -> SNAPBACK_501_KIDS | CW14: =IF($I14="TTL","",IF($CT14="","",$Y14&"_"&$AE14)) -> PINK_OML | CX14: =$L14 -> DPS | CY14: =$T14 -> 501 | CZ14: =IF($I14="TTL",SUMIF($C:$C,MID($K14,1,SEARCH("TTL",$K14)-2),$CZ:$CZ),$AF14) -> 400 | DA14: =$AM14 -> 45000 | DB14: =$Y14 -> PINK | DC14: =$AE14 -> OML | DG14: 41736 | DH14: =IF(OR($I14="TTL",$I14=""),"",AZ14-$DH$11) -> 41684 | DI14: 41736 | DJ14: 41736 | DK14: 없음 | DL14: 3 | DM14: 0 | DN14: 없음 | DO14: 없음 | DP14: =IF(OR($DN14="없음",$I14="TTL",$I14=""),"",AZ14-$DP$11) | DQ14: 없음 | DR14: 없음 | DS14: 없음 | DT14: 없음 | DU14: 없음 | DV14: 41759 | DW14: 없음 | DX14: 없음 | DY14: 완료 | EC14: =IF(OR($Z13&$AX13=$Z14&$AX13,$Z14&$AX14=""),"",$Z14&$AX14) | ED14: =IF(OR(Z13&AE13=Z14&AE14,Z14=""),"",Z14&AE14) -> DPSSNF3501PKOML | EE14: =IF($ED14="",0,IF(COUNTIF(ED$12:ED13,ED14)=0,0,COUNTIF(ED$12:ED13,ED14))) -> 0 | EF14: =IF(OR($AJ14="B",$ED14="",MID($U14,8,1)=$EF$9,MID($U14,8,1)=$EF$10),0,1) -> 0 | EG14: =IF(EE14+EF14=0,"","R"&(EE14+EF14)) | EI14: =IF($ED14="","",IF($EE14=0,U14,"")) -> DPSSNF3501 | EJ14: =IF($ED14="","",IF($EE14=0,Z14,"")) -> DPSSNF3501PK | EL14: 없음
A15: =IF(OR($I15="TTL",$I15=""),"",IF(ISERROR(VLOOKUP($B15,CODE!$D:$G,CODE!$F$1-2,FALSE))=TRUE,"전략",VLOOKUP($B15,CODE!$D:$G,CODE!$F$1-2,FALSE))) -> F-CAP | B15: =IF(OR($I15="TTL",$I15=""),"",IF(VLOOKUP($P15,CODE!$K:$O,CODE!$O$1,FALSE)="",$I15,$I15&"-"&VLOOKUP($P15,CODE!$K:$O,CODE!$O$1,FALSE))) -> DPS | C15: =IF($I15="TTL","",I15&"-"&$AG15&"-"&$AI15) -> DPS-캡보이-02 | D15: =$C15&$Z15 -> DPS-캡보이-02DPSSNF3502BL | E15: =IF($I15="TTL",0,IF(ISERROR(IF($Z14=$Z15,$E14,$E14+1))=TRUE,1,IF($Z14=$Z15,$E14,$E14+1))) -> 2 | F15: =$C15&$E15 -> DPS-캡보이-022 | G15: =$F15&"-"&$U15&$Y15&$AE15 -> DPS-캡보이-022-DPSSNF3502BLUEOSM | H15: =IF(ISERROR(I15&VLOOKUP(P15,CODE!$K:$N,CODE!$N$1,FALSE)&S15)=TRUE,0,I15&VLOOKUP(P15,CODE!$K:$N,CODE!$N$1,FALSE)&S15) -> DPS의류외502 | I15: =IF(ISERROR(SEARCH("TTL",$K15))=TRUE,IF($L15="","",VLOOKUP($L15,CODE!$B:$G,CODE!$D$1,FALSE)),"TTL") -> DPS | J15: =MID(W15,1,6) -> 14SS F | L15: DPS | M15: =IF(OR($I15="TTL",$L15=""),"",VLOOKUP($L15,CODE!$B:$D,CODE!$C$1,FALSE)) -> DISNEY PRINCESS | N15: =IF(OR($I15="TTL",$L15=""),"",VLOOKUP($K$2,CODE!$S:$T,CODE!$T$1-1,FALSE)) -> F | O15: =IF(OR($I15="TTL",$L15=""),"",VLOOKUP($L$2,CODE!$X:$Y,CODE!$Y$1-1,FALSE)) -> 3 | P15: SN | Q15: =IF(OR($I15="TTL",$P15=""),"",VLOOKUP($P15,CODE!$K:$M,CODE!$L$1,FALSE)) -> SNAPBACK | R15: K | S15: 502 | T15: =IF(OR($I15="TTL",$S15=""),"",IF($S15<10,"00"&$S15,IF($S15<100,"0"&$S15,$S15))) -> 502 | U15: =IF($I15="TTL","",$L15&$P15&$N15&$O15&$T15) -> DPSSNF3502 | V15: =IF($I15="TTL",SUMIF($C:$C,MID($K15,1,SEARCH("TTL",$K15)-2),$V:$V),IF($EI15="",0,1/COUNTIF($EI:$EI,$EI15))) -> 0.5 | W15: 14SS FROZEN SNAP_02_BL_KIDS | X15: =IF($Y15="","",VLOOKUP($Y15,CODE!$AE:$AF,CODE!$AF$1-1,FALSE)) -> BL | Y15: BLUE | Z15: =$U15&$X15 -> DPSSNF3502BL | AA15: =VLOOKUP($Z15&$AX15,$EC:$EG,5,FALSE) | AB15: =IF($I15="TTL",SUMIF($C:$C,MID($K15,1,SEARCH("TTL",$K15)-2),$AB:$AB),IF($EJ15="",0,1/COUNTIF($EJ:$EJ,$EJ15))) -> 0.5 | AC15: 0 | AD15: 1 | AE15: OSM | AF15: 600 | AG15: 캡보이 | AH15: 2 | AI15: =IF($AH15=0,"",IF($AH15<10,"0"&$AH15,$AH15)) -> 02 | AJ15: M | AK15: KR | AL15: =IF($AK15=0,"",IF($AK15="KR",2,1)) -> 2 | AM15: =IF(ISERROR(VLOOKUP($F15,[1]기획현황취합!$A$1:$E$65485,[1]기획현황취합!$B$1,FALSE))=TRUE,0,VLOOKUP($F15,[1]기획현황취합!$A$1:$E$65485,[1]기획현황취합!$B$1,FALSE)) -> 45000 | AN15: =IF(ISERROR(VLOOKUP($F15,[1]기획현황취합!$A$1:$E$65485,[1]기획현황취합!$C$1,FALSE))=TRUE,0,VLOOKUP($F15,[1]기획현황취합!$A$1:$E$65485,[1]기획현황취합!$C$1,FALSE)) -> 41752 | AO15: =IF(ISERROR(($AM15/1.1)/VLOOKUP($AG15,'TARGET MU'!$A:$D,'TARGET MU'!$D$1,FALSE))=TRUE,0,($AM15/1.1)/VLOOKUP($AG15,'TARGET MU'!$A:$D,'TARGET MU'!$D$1,FALSE)) -> 10227.273 | AP15: =IF(OR(AF15=0,AND(AV15=0,AW15=0)),0,IF(AG15="캡보이2",AV15*$AQ$5+AU15,IF(OR(AK15="IN",AK15="BG",AK15="VT",AK15="CB"),$AU15+(($AV15*(1+$AW$4))*(HLOOKUP(VLOOKUP(AG15,'TARGET MU'!$A:$P,'TARGET MU'!$J$1,FALSE),$AO$4:$AR$5,2,FALSE)))+$AW15,$AU15+((($AV15*(1+$AW$4))*(1+HLOOKUP(VLOOKUP($P15,CODE!$K:$P,CODE!$P$1,FALSE),$AS$4:$AV$5,2,FALSE)))*(HLOOKUP(VLOOKUP(AG15,'TARGET MU'!$A:$P,'TARGET MU'!$J$1,FALSE),$AO$4:$AR$5,2,FALSE)))+$AW15))) -> 12500 | AQ15: =AP15-AO15 -> 2272.7273 | AR15: 0 | AS15: 0 | AU15: =SUM(AR15:AT15) -> 0 | AV15: 0 | AW15: 12500 | AX15: =IF(ISERROR(VLOOKUP($F15,[1]기획현황취합!$A$1:$E$65485,[1]기획현황취합!$D$1,FALSE))=TRUE,0,VLOOKUP($F15,[1]기획현황취합!$A$1:$E$65485,[1]기획현황취합!$D$1,FALSE)) -> 41736 | AY15: 0 | AZ15: =IF(ISERROR(VLOOKUP($F15,[1]기획현황취합!$A$1:$E$65485,[1]기획현황취합!$E$1,FALSE))=TRUE,0,VLOOKUP($F15,[1]기획현황취합!$A$1:$E$65485,[1]기획현황취합!$E$1,FALSE)) -> 41774 | BA15: 0 | BB15: 41761 | BC15: 41768 | BD15: 41775 | BF15: 0 | BG15: 확정 | BH15: 확정 | BI15: =IF($I15="TTL",SUMIF($C:$C,MID($K15,1,SEARCH("TTL",$K15)-2),$BI:$BI),SUMIF(실입고현황!$A:$A,BB15&VLOOKUP($AG15,'TARGET MU'!$A:$D,'TARGET MU'!$B$1,FALSE)&$Z15&" "&$AE15,실입고현황!$C:$C)) -> 150 | BJ15: =IF($I15="TTL",SUMIF($C:$C,MID($K15,1,SEARCH("TTL",$K15)-2),$BJ:$BJ),SUMIF(실입고현황!$A:$A,BC15&VLOOKUP($AG15,'TARGET MU'!$A:$D,'TARGET MU'!$B$1,FALSE)&$Z15&" "&$AE15,실입고현황!$C:$C)) -> 0 | BK15: =IF($I15="TTL",SUMIF($C:$C,MID($K15,1,SEARCH("TTL",$K15)-2),$BK:$BK),SUMIF(실입고현황!$A:$A,BD15&VLOOKUP($AG15,'TARGET MU'!$A:$D,'TARGET MU'!$B$1,FALSE)&$Z15&" "&$AE15,실입고현황!$C:$C)) -> 450 | BL15: =IF($I15="TTL",SUMIF($C:$C,MID($K15,1,SEARCH("TTL",$K15)-2),$BL:$BL),SUMIF(실입고현황!$A:$A,BE15&VLOOKUP($AG15,'TARGET MU'!$A:$D,'TARGET MU'!$B$1,FALSE)&$Z15&" "&$AE15,실입고현황!$C:$C)) -> 0 | BM15: =IF($I15="TTL",SUMIF($C:$C,MID($K15,1,SEARCH("TTL",$K15)-2),$BM:$BM),SUMIF(실입고현황!$A:$A,BF15&VLOOKUP($AG15,'TARGET MU'!$A:$D,'TARGET MU'!$B$1,FALSE)&$Z15&" "&$AE15,실입고현황!$C:$C)) -> 0 | BN15: =IF($I15="TTL",SUMIF($C:$C,MID($K15,1,SEARCH("TTL",$K15)-2),$BN:$BN),IF(($BO15-SUM($BI15,$BJ15,$BK15,BL15,BM15))<$BO15*$BN$6,0,$BO15-SUM($BI15,$BJ15,$BK15,BL15,BM15))) -> 0 | BO15: =IF($I15="TTL",SUMIF($C:$C,MID($K15,1,SEARCH("TTL",$K15)-2),$BO:$BO),$AF15) -> 600 | BP15: =IF($I15="TTL",SUMIF($C:$C,MID($K15,1,SEARCH("TTL",$K15)-2),$BP:$BP),IF(AO15=0,0,IF($AP15=0,$AO15*$AF15,$AP15*$AF15))) -> 7500000 | BQ15: =IF($I15="TTL",SUMIF($C:$C,MID($K15,1,SEARCH("TTL",$K15)-2),$BQ:$BQ),$AM15*$AF15) -> 27000000 | BR15: =IF(ISERROR($BQ15/($BP15*1.1))=TRUE,0,$BQ15/($BP15*1.1)) -> 3.2727273 | BT15: =IF(ISERROR(Z15&VLOOKUP($AG15,'TARGET MU'!$A:$D,'TARGET MU'!$B$1,FALSE))=TRUE,"",Z15&VLOOKUP($AG15,'TARGET MU'!$A:$D,'TARGET MU'!$B$1,FALSE)) -> DPSSNF3502BL캡보이 | BU15: =AP15 -> 12500 | BV15: =Z15&AE15&AF15&AM15&AG15&AI15&AK15 -> DPSSNF3502BLOSM60045000캡보이02KR | BX15: =IF($I15="TTL","",$L15) -> DPS | BY15: =$O15 -> 3 | BZ15: =$AJ15 -> M | CA15: =$P15 -> SN | CB15: =$R15 -> K | CC15: =$AK15 -> KR | CD15: =$W15 -> 14SS FROZEN SNAP_02_BL_KIDS | CE15: =$U15 -> DPSSNF3502 | CF15: =$T15 -> 502 | CG15: =$W15 -> 14SS FROZEN SNAP_02_BL_KIDS | CH15: =$X15 -> BL | CI15: =$AD15 -> 1 | CJ15: =$AE15 -> OSM | CK15: =IF($I15="TTL",SUMIF($C:$C,MID($K15,1,SEARCH("TTL",$K15)-2),$BO:$BO),$AF15) -> 600 | CL15: =$AV15 -> 0 | CM15: =$AM15 -> 45000 | CN15: =$AP15-$AU15 -> 12500 | CO15: =$AU15 -> 0 | CP15: =$AL15 -> 2 | CQ15: 514 | CT15: =IF($I15="TTL",$K15,$Z15&$AE15) -> DPSSNF3502BLOSM | CU15: =$M15 -> DISNEY PRINCESS | CV15: =IF($I15="TTL","",IF($CT15="","",$Q15&"_"&$T15&IF(R15="K","_KIDS",""))) -> SNAPBACK_502_KIDS | CW15: =IF($I15="TTL","",IF($CT15="","",$Y15&"_"&$AE15)) -> BLUE_OSM | CX15: =$L15 -> DPS | CY15: =$T15 -> 502 | CZ15: =IF($I15="TTL",SUMIF($C:$C,MID($K15,1,SEARCH("TTL",$K15)-2),$CZ:$CZ),$AF15) -> 600 | DA15: =$AM15 -> 45000 | DB15: =$Y15 -> BLUE | DC15: =$AE15 -> OSM | DG15: 41736 | DH15: =IF(OR($I15="TTL",$I15=""),"",AZ15-$DH$11) -> 41684 | DI15: 41736 | DJ15: 41736 | DK15: 없음 | DL15: 3 | DM15: 0 | DN15: 없음 | DO15: 없음 | DP15: =IF(OR($DN15="없음",$I15="TTL",$I15=""),"",AZ15-$DP$11) | DQ15: 없음 | DR15: 없음 | DS15: 없음 | DT15: 없음 | DU15: 없음 | DV15: 41759 | DW15: 없음 | DX15: 없음 | DY15: 완료 | EC15: =IF(OR($Z14&$AX14=$Z15&$AX14,$Z15&$AX15=""),"",$Z15&$AX15) -> DPSSNF3502BL41736 | ED15: =IF(OR(Z14&AE14=Z15&AE15,Z15=""),"",Z15&AE15) -> DPSSNF3502BLOSM | EE15: =IF($ED15="",0,IF(COUNTIF(ED$12:ED14,ED15)=0,0,COUNTIF(ED$12:ED14,ED15))) -> 0 | EF15: =IF(OR($AJ15="B",$ED15="",MID($U15,8,1)=$EF$9,MID($U15,8,1)=$EF$10),0,1) -> 0 | EG15: =IF(EE15+EF15=0,"","R"&(EE15+EF15)) | EI15: =IF($ED15="","",IF($EE15=0,U15,"")) -> DPSSNF3502 | EJ15: =IF($ED15="","",IF($EE15=0,Z15,"")) -> DPSSNF3502BL | EL15: 없음
A16: =IF(OR($I16="TTL",$I16=""),"",IF(ISERROR(VLOOKUP($B16,CODE!$D:$G,CODE!$F$1-2,FALSE))=TRUE,"전략",VLOOKUP($B16,CODE!$D:$G,CODE!$F$1-2,FALSE))) -> F-CAP | B16: =IF(OR($I16="TTL",$I16=""),"",IF(VLOOKUP($P16,CODE!$K:$O,CODE!$O$1,FALSE)="",$I16,$I16&"-"&VLOOKUP($P16,CODE!$K:$O,CODE!$O$1,FALSE))) -> DPS | C16: =IF($I16="TTL","",I16&"-"&$AG16&"-"&$AI16) -> DPS-캡보이-02 | D16: =$C16&$Z16 -> DPS-캡보이-02DPSSNF3502BL | E16: =IF($I16="TTL",0,IF(ISERROR(IF($Z15=$Z16,$E15,$E15+1))=TRUE,1,IF($Z15=$Z16,$E15,$E15+1))) -> 2 | F16: =$C16&$E16 -> DPS-캡보이-022 | G16: =$F16&"-"&$U16&$Y16&$AE16 -> DPS-캡보이-022-DPSSNF3502BLUEOML | H16: =IF(ISERROR(I16&VLOOKUP(P16,CODE!$K:$N,CODE!$N$1,FALSE)&S16)=TRUE,0,I16&VLOOKUP(P16,CODE!$K:$N,CODE!$N$1,FALSE)&S16) -> DPS의류외502 | I16: =IF(ISERROR(SEARCH("TTL",$K16))=TRUE,IF($L16="","",VLOOKUP($L16,CODE!$B:$G,CODE!$D$1,FALSE)),"TTL") -> DPS | J16: =MID(W16,1,6) -> 14SS F | L16: DPS | M16: =IF(OR($I16="TTL",$L16=""),"",VLOOKUP($L16,CODE!$B:$D,CODE!$C$1,FALSE)) -> DISNEY PRINCESS | N16: =IF(OR($I16="TTL",$L16=""),"",VLOOKUP($K$2,CODE!$S:$T,CODE!$T$1-1,FALSE)) -> F | O16: =IF(OR($I16="TTL",$L16=""),"",VLOOKUP($L$2,CODE!$X:$Y,CODE!$Y$1-1,FALSE)) -> 3 | P16: SN | Q16: =IF(OR($I16="TTL",$P16=""),"",VLOOKUP($P16,CODE!$K:$M,CODE!$L$1,FALSE)) -> SNAPBACK | R16: K | S16: 502 | T16: =IF(OR($I16="TTL",$S16=""),"",IF($S16<10,"00"&$S16,IF($S16<100,"0"&$S16,$S16))) -> 502 | U16: =IF($I16="TTL","",$L16&$P16&$N16&$O16&$T16) -> DPSSNF3502 | V16: =IF($I16="TTL",SUMIF($C:$C,MID($K16,1,SEARCH("TTL",$K16)-2),$V:$V),IF($EI16="",0,1/COUNTIF($EI:$EI,$EI16))) -> 0.5 | W16: 14SS FROZEN SNAP_02_BL_KIDS | X16: =IF($Y16="","",VLOOKUP($Y16,CODE!$AE:$AF,CODE!$AF$1-1,FALSE)) -> BL | Y16: BLUE | Z16: =$U16&$X16 -> DPSSNF3502BL | AA16: =VLOOKUP($Z16&$AX16,$EC:$EG,5,FALSE) | AB16: =IF($I16="TTL",SUMIF($C:$C,MID($K16,1,SEARCH("TTL",$K16)-2),$AB:$AB),IF($EJ16="",0,1/COUNTIF($EJ:$EJ,$EJ16))) -> 0.5 | AC16: 0 | AD16: 1 | AE16: OML | AF16: 400 | AG16: 캡보이 | AH16: 2 | AI16: =IF($AH16=0,"",IF($AH16<10,"0"&$AH16,$AH16)) -> 02 | AJ16: M | AK16: KR | AL16: =IF($AK16=0,"",IF($AK16="KR",2,1)) -> 2 | AM16: =IF(ISERROR(VLOOKUP($F16,[1]기획현황취합!$A$1:$E$65485,[1]기획현황취합!$B$1,FALSE))=TRUE,0,VLOOKUP($F16,[1]기획현황취합!$A$1:$E$65485,[1]기획현황취합!$B$1,FALSE)) -> 45000 | AN16: =IF(ISERROR(VLOOKUP($F16,[1]기획현황취합!$A$1:$E$65485,[1]기획현황취합!$C$1,FALSE))=TRUE,0,VLOOKUP($F16,[1]기획현황취합!$A$1:$E$65485,[1]기획현황취합!$C$1,FALSE)) -> 41752 | AO16: =IF(ISERROR(($AM16/1.1)/VLOOKUP($AG16,'TARGET MU'!$A:$D,'TARGET MU'!$D$1,FALSE))=TRUE,0,($AM16/1.1)/VLOOKUP($AG16,'TARGET MU'!$A:$D,'TARGET MU'!$D$1,FALSE)) -> 10227.273 | AP16: =IF(OR(AF16=0,AND(AV16=0,AW16=0)),0,IF(AG16="캡보이2",AV16*$AQ$5+AU16,IF(OR(AK16="IN",AK16="BG",AK16="VT",AK16="CB"),$AU16+(($AV16*(1+$AW$4))*(HLOOKUP(VLOOKUP(AG16,'TARGET MU'!$A:$P,'TARGET MU'!$J$1,FALSE),$AO$4:$AR$5,2,FALSE)))+$AW16,$AU16+((($AV16*(1+$AW$4))*(1+HLOOKUP(VLOOKUP($P16,CODE!$K:$P,CODE!$P$1,FALSE),$AS$4:$AV$5,2,FALSE)))*(HLOOKUP(VLOOKUP(AG16,'TARGET MU'!$A:$P,'TARGET MU'!$J$1,FALSE),$AO$4:$AR$5,2,FALSE)))+$AW16))) -> 12500 | AQ16: =AP16-AO16 -> 2272.7273 | AR16: 0 | AS16: 0 | AU16: =SUM(AR16:AT16) -> 0 | AV16: 0 | AW16: 12500 | AX16: =IF(ISERROR(VLOOKUP($F16,[1]기획현황취합!$A$1:$E$65485,[1]기획현황취합!$D$1,FALSE))=TRUE,0,VLOOKUP($F16,[1]기획현황취합!$A$1:$E$65485,[1]기획현황취합!$D$1,FALSE)) -> 41736 | AY16: 0 | AZ16: =IF(ISERROR(VLOOKUP($F16,[1]기획현황취합!$A$1:$E$65485,[1]기획현황취합!$E$1,FALSE))=TRUE,0,VLOOKUP($F16,[1]기획현황취합!$A$1:$E$65485,[1]기획현황취합!$E$1,FALSE)) -> 41774 | BA16: 0 | BB16: 41761 | BC16: 41768 | BD16: 41775 | BF16: 0 | BG16: 확정 | BH16: 확정 | BI16: =IF($I16="TTL",SUMIF($C:$C,MID($K16,1,SEARCH("TTL",$K16)-2),$BI:$BI),SUMIF(실입고현황!$A:$A,BB16&VLOOKUP($AG16,'TARGET MU'!$A:$D,'TARGET MU'!$B$1,FALSE)&$Z16&" "&$AE16,실입고현황!$C:$C)) -> 150 | BJ16: =IF($I16="TTL",SUMIF($C:$C,MID($K16,1,SEARCH("TTL",$K16)-2),$BJ:$BJ),SUMIF(실입고현황!$A:$A,BC16&VLOOKUP($AG16,'TARGET MU'!$A:$D,'TARGET MU'!$B$1,FALSE)&$Z16&" "&$AE16,실입고현황!$C:$C)) -> 258 | BK16: =IF($I16="TTL",SUMIF($C:$C,MID($K16,1,SEARCH("TTL",$K16)-2),$BK:$BK),SUMIF(실입고현황!$A:$A,BD16&VLOOKUP($AG16,'TARGET MU'!$A:$D,'TARGET MU'!$B$1,FALSE)&$Z16&" "&$AE16,실입고현황!$C:$C)) -> 0 | BL16: =IF($I16="TTL",SUMIF($C:$C,MID($K16,1,SEARCH("TTL",$K16)-2),$BL:$BL),SUMIF(실입고현황!$A:$A,BE16&VLOOKUP($AG16,'TARGET MU'!$A:$D,'TARGET MU'!$B$1,FALSE)&$Z16&" "&$AE16,실입고현황!$C:$C)) -> 0 | BM16: =IF($I16="TTL",SUMIF($C:$C,MID($K16,1,SEARCH("TTL",$K16)-2),$BM:$BM),SUMIF(실입고현황!$A:$A,BF16&VLOOKUP($AG16,'TARGET MU'!$A:$D,'TARGET MU'!$B$1,FALSE)&$Z16&" "&$AE16,실입고현황!$C:$C)) -> 0 | BN16: =IF($I16="TTL",SUMIF($C:$C,MID($K16,1,SEARCH("TTL",$K16)-2),$BN:$BN),IF(($BO16-SUM($BI16,$BJ16,$BK16,BL16,BM16))<$BO16*$BN$6,0,$BO16-SUM($BI16,$BJ16,$BK16,BL16,BM16))) -> 0 | BO16: =IF($I16="TTL",SUMIF($C:$C,MID($K16,1,SEARCH("TTL",$K16)-2),$BO:$BO),$AF16) -> 400 | BP16: =IF($I16="TTL",SUMIF($C:$C,MID($K16,1,SEARCH("TTL",$K16)-2),$BP:$BP),IF(AO16=0,0,IF($AP16=0,$AO16*$AF16,$AP16*$AF16))) -> 5000000 | BQ16: =IF($I16="TTL",SUMIF($C:$C,MID($K16,1,SEARCH("TTL",$K16)-2),$BQ:$BQ),$AM16*$AF16) -> 18000000 | BR16: =IF(ISERROR($BQ16/($BP16*1.1))=TRUE,0,$BQ16/($BP16*1.1)) -> 3.2727273 | BT16: =IF(ISERROR(Z16&VLOOKUP($AG16,'TARGET MU'!$A:$D,'TARGET MU'!$B$1,FALSE))=TRUE,"",Z16&VLOOKUP($AG16,'TARGET MU'!$A:$D,'TARGET MU'!$B$1,FALSE)) -> DPSSNF3502BL캡보이 | BU16: =AP16 -> 12500 | BV16: =Z16&AE16&AF16&AM16&AG16&AI16&AK16 -> DPSSNF3502BLOML40045000캡보이02KR | BX16: =IF($I16="TTL","",$L16) -> DPS | BY16: =$O16 -> 3 | BZ16: =$AJ16 -> M | CA16: =$P16 -> SN | CB16: =$R16 -> K | CC16: =$AK16 -> KR | CD16: =$W16 -> 14SS FROZEN SNAP_02_BL_KIDS | CE16: =$U16 -> DPSSNF3502 | CF16: =$T16 -> 502 | CG16: =$W16 -> 14SS FROZEN SNAP_02_BL_KIDS | CH16: =$X16 -> BL | CI16: =$AD16 -> 1 | CJ16: =$AE16 -> OML | CK16: =IF($I16="TTL",SUMIF($C:$C,MID($K16,1,SEARCH("TTL",$K16)-2),$BO:$BO),$AF16) -> 400 | CL16: =$AV16 -> 0 | CM16: =$AM16 -> 45000 | CN16: =$AP16-$AU16 -> 12500 | CO16: =$AU16 -> 0 | CP16: =$AL16 -> 2 | CQ16: 514530 | CT16: =IF($I16="TTL",$K16,$Z16&$AE16) -> DPSSNF3502BLOML | CU16: =$M16 -> DISNEY PRINCESS | CV16: =IF($I16="TTL","",IF($CT16="","",$Q16&"_"&$T16&IF(R16="K","_KIDS",""))) -> SNAPBACK_502_KIDS | CW16: =IF($I16="TTL","",IF($CT16="","",$Y16&"_"&$AE16)) -> BLUE_OML | CX16: =$L16 -> DPS | CY16: =$T16 -> 502 | CZ16: =IF($I16="TTL",SUMIF($C:$C,MID($K16,1,SEARCH("TTL",$K16)-2),$CZ:$CZ),$AF16) -> 400 | DA16: =$AM16 -> 45000 | DB16: =$Y16 -> BLUE | DC16: =$AE16 -> OML | DG16: 41736 | DH16: =IF(OR($I16="TTL",$I16=""),"",AZ16-$DH$11) -> 41684 | DI16: 41736 | DJ16: 41736 | DK16: 없음 | DL16: 3 | DM16: 0 | DN16: 없음 | DO16: 없음 | DP16: =IF(OR($DN16="없음",$I16="TTL",$I16=""),"",AZ16-$DP$11) | DQ16: 없음 | DR16: 없음 | DS16: 없음 | DT16: 없음 | DU16: 없음 | DV16: 41759 | DW16: 없음 | DX16: 없음 | DY16: 완료 | EC16: =IF(OR($Z15&$AX15=$Z16&$AX15,$Z16&$AX16=""),"",$Z16&$AX16) | ED16: =IF(OR(Z15&AE15=Z16&AE16,Z16=""),"",Z16&AE16) -> DPSSNF3502BLOML | EE16: =IF($ED16="",0,IF(COUNTIF(ED$12:ED15,ED16)=0,0,COUNTIF(ED$12:ED15,ED16))) -> 0 | EF16: =IF(OR($AJ16="B",$ED16="",MID($U16,8,1)=$EF$9,MID($U16,8,1)=$EF$10),0,1) -> 0 | EG16: =IF(EE16+EF16=0,"","R"&(EE16+EF16)) | EI16: =IF($ED16="","",IF($EE16=0,U16,"")) -> DPSSNF3502 | EJ16: =IF($ED16="","",IF($EE16=0,Z16,"")) -> DPSSNF3502BL | EL16: 없음
A17: =IF(OR($I17="TTL",$I17=""),"",IF(ISERROR(VLOOKUP($B17,CODE!$D:$G,CODE!$F$1-2,FALSE))=TRUE,"전략",VLOOKUP($B17,CODE!$D:$G,CODE!$F$1-2,FALSE))) -> F-CAP | B17: =IF(OR($I17="TTL",$I17=""),"",IF(VLOOKUP($P17,CODE!$K:$O,CODE!$O$1,FALSE)="",$I17,$I17&"-"&VLOOKUP($P17,CODE!$K:$O,CODE!$O$1,FALSE))) -> DPS | C17: =IF($I17="TTL","",I17&"-"&$AG17&"-"&$AI17) -> DPS-캡보이-02 | D17: =$C17&$Z17 -> DPS-캡보이-02DPSSNF3003PP | E17: =IF($I17="TTL",0,IF(ISERROR(IF($Z16=$Z17,$E16,$E16+1))=TRUE,1,IF($Z16=$Z17,$E16,$E16+1))) -> 3 | F17: =$C17&$E17 -> DPS-캡보이-023 | G17: =$F17&"-"&$U17&$Y17&$AE17 -> DPS-캡보이-023-DPSSNF3003PURPLEFRE | H17: =IF(ISERROR(I17&VLOOKUP(P17,CODE!$K:$N,CODE!$N$1,FALSE)&S17)=TRUE,0,I17&VLOOKUP(P17,CODE!$K:$N,CODE!$N$1,FALSE)&S17) -> DPS의류외3 | I17: =IF(ISERROR(SEARCH("TTL",$K17))=TRUE,IF($L17="","",VLOOKUP($L17,CODE!$B:$G,CODE!$D$1,FALSE)),"TTL") -> DPS | J17: =MID(W17,1,6) -> 14SS F | L17: DPS | M17: =IF(OR($I17="TTL",$L17=""),"",VLOOKUP($L17,CODE!$B:$D,CODE!$C$1,FALSE)) -> DISNEY PRINCESS | N17: =IF(OR($I17="TTL",$L17=""),"",VLOOKUP($K$2,CODE!$S:$T,CODE!$T$1-1,FALSE)) -> F | O17: =IF(OR($I17="TTL",$L17=""),"",VLOOKUP($L$2,CODE!$X:$Y,CODE!$Y$1-1,FALSE)) -> 3 | P17: SN | Q17: =IF(OR($I17="TTL",$P17=""),"",VLOOKUP($P17,CODE!$K:$M,CODE!$L$1,FALSE)) -> SNAPBACK | R17: U | S17: 3 | T17: =IF(OR($I17="TTL",$S17=""),"",IF($S17<10,"00"&$S17,IF($S17<100,"0"&$S17,$S17))) -> 003 | U17: =IF($I17="TTL","",$L17&$P17&$N17&$O17&$T17) -> DPSSNF3003 | V17: =IF($I17="TTL",SUMIF($C:$C,MID($K17,1,SEARCH("TTL",$K17)-2),$V:$V),IF($EI17="",0,1/COUNTIF($EI:$EI,$EI17))) -> 1 | W17: 14SS FROZEN SNAP_04_PP | X17: =IF($Y17="","",VLOOKUP($Y17,CODE!$AE:$AF,CODE!$AF$1-1,FALSE)) -> PP | Y17: PURPLE | Z17: =$U17&$X17 -> DPSSNF3003PP | AA17: =VLOOKUP($Z17&$AX17,$EC:$EG,5,FALSE) | AB17: =IF($I17="TTL",SUMIF($C:$C,MID($K17,1,SEARCH("TTL",$K17)-2),$AB:$AB),IF($EJ17="",0,1/COUNTIF($EJ:$EJ,$EJ17))) -> 1 | AC17: 0 | AD17: 1 | AE17: FRE | AF17: 1000 | AG17: 캡보이 | AH17: 2 | AI17: =IF($AH17=0,"",IF($AH17<10,"0"&$AH17,$AH17)) -> 02 | AJ17: M | AK17: KR | AL17: =IF($AK17=0,"",IF($AK17="KR",2,1)) -> 2 | AM17: =IF(ISERROR(VLOOKUP($F17,[1]기획현황취합!$A$1:$E$65485,[1]기획현황취합!$B$1,FALSE))=TRUE,0,VLOOKUP($F17,[1]기획현황취합!$A$1:$E$65485,[1]기획현황취합!$B$1,FALSE)) -> 47000 | AN17: =IF(ISERROR(VLOOKUP($F17,[1]기획현황취합!$A$1:$E$65485,[1]기획현황취합!$C$1,FALSE))=TRUE,0,VLOOKUP($F17,[1]기획현황취합!$A$1:$E$65485,[1]기획현황취합!$C$1,FALSE)) -> 41752 | AO17: =IF(ISERROR(($AM17/1.1)/VLOOKUP($AG17,'TARGET MU'!$A:$D,'TARGET MU'!$D$1,FALSE))=TRUE,0,($AM17/1.1)/VLOOKUP($AG17,'TARGET MU'!$A:$D,'TARGET MU'!$D$1,FALSE)) -> 10681.818 | AP17: =IF(OR(AF17=0,AND(AV17=0,AW17=0)),0,IF(AG17="캡보이2",AV17*$AQ$5+AU17,IF(OR(AK17="IN",AK17="BG",AK17="VT",AK17="CB"),$AU17+(($AV17*(1+$AW$4))*(HLOOKUP(VLOOKUP(AG17,'TARGET MU'!$A:$P,'TARGET MU'!$J$1,FALSE),$AO$4:$AR$5,2,FALSE)))+$AW17,$AU17+((($AV17*(1+$AW$4))*(1+HLOOKUP(VLOOKUP($P17,CODE!$K:$P,CODE!$P$1,FALSE),$AS$4:$AV$5,2,FALSE)))*(HLOOKUP(VLOOKUP(AG17,'TARGET MU'!$A:$P,'TARGET MU'!$J$1,FALSE),$AO$4:$AR$5,2,FALSE)))+$AW17))) -> 11300 | AQ17: =AP17-AO17 -> 618.18182 | AR17: 0 | AS17: 700 | AU17: =SUM(AR17:AT17) -> 700 | AV17: 0 | AW17: 10600 | AX17: =IF(ISERROR(VLOOKUP($F17,[1]기획현황취합!$A$1:$E$65485,[1]기획현황취합!$D$1,FALSE))=TRUE,0,VLOOKUP($F17,[1]기획현황취합!$A$1:$E$65485,[1]기획현황취합!$D$1,FALSE)) -> 41736 | AY17: 0 | AZ17: =IF(ISERROR(VLOOKUP($F17,[1]기획현황취합!$A$1:$E$65485,[1]기획현황취합!$E$1,FALSE))=TRUE,0,VLOOKUP($F17,[1]기획현황취합!$A$1:$E$65485,[1]기획현황취합!$E$1,FALSE)) -> 41774 | BA17: 0 | BB17: 41761 | BC17: 41782 | BD17: 41802 | BF17: 0 | BG17: 확정 | BH17: 확정 | BI17: =IF($I17="TTL",SUMIF($C:$C,MID($K17,1,SEARCH("TTL",$K17)-2),$BI:$BI),SUMIF(실입고현황!$A:$A,BB17&VLOOKUP($AG17,'TARGET MU'!$A:$D,'TARGET MU'!$B$1,FALSE)&$Z17&" "&$AE17,실입고현황!$C:$C)) -> 200 | BJ17: =IF($I17="TTL",SUMIF($C:$C,MID($K17,1,SEARCH("TTL",$K17)-2),$BJ:$BJ),SUMIF(실입고현황!$A:$A,BC17&VLOOKUP($AG17,'TARGET MU'!$A:$D,'TARGET MU'!$B$1,FALSE)&$Z17&" "&$AE17,실입고현황!$C:$C)) -> 300 | BK17: =IF($I17="TTL",SUMIF($C:$C,MID($K17,1,SEARCH("TTL",$K17)-2),$BK:$BK),SUMIF(실입고현황!$A:$A,BD17&VLOOKUP($AG17,'TARGET MU'!$A:$D,'TARGET MU'!$B$1,FALSE)&$Z17&" "&$AE17,실입고현황!$C:$C)) -> 514 | BL17: =IF($I17="TTL",SUMIF($C:$C,MID($K17,1,SEARCH("TTL",$K17)-2),$BL:$BL),SUMIF(실입고현황!$A:$A,BE17&VLOOKUP($AG17,'TARGET MU'!$A:$D,'TARGET MU'!$B$1,FALSE)&$Z17&" "&$AE17,실입고현황!$C:$C)) -> 0 | BM17: =IF($I17="TTL",SUMIF($C:$C,MID($K17,1,SEARCH("TTL",$K17)-2),$BM:$BM),SUMIF(실입고현황!$A:$A,BF17&VLOOKUP($AG17,'TARGET MU'!$A:$D,'TARGET MU'!$B$1,FALSE)&$Z17&" "&$AE17,실입고현황!$C:$C)) -> 0 | BN17: =IF($I17="TTL",SUMIF($C:$C,MID($K17,1,SEARCH("TTL",$K17)-2),$BN:$BN),IF(($BO17-SUM($BI17,$BJ17,$BK17,BL17,BM17))<$BO17*$BN$6,0,$BO17-SUM($BI17,$BJ17,$BK17,BL17,BM17))) -> 0 | BO17: =IF($I17="TTL",SUMIF($C:$C,MID($K17,1,SEARCH("TTL",$K17)-2),$BO:$BO),$AF17) -> 1000 | BP17: =IF($I17="TTL",SUMIF($C:$C,MID($K17,1,SEARCH("TTL",$K17)-2),$BP:$BP),IF(AO17=0,0,IF($AP17=0,$AO17*$AF17,$AP17*$AF17))) -> 11300000 | BQ17: =IF($I17="TTL",SUMIF($C:$C,MID($K17,1,SEARCH("TTL",$K17)-2),$BQ:$BQ),$AM17*$AF17) -> 47000000 | BR17: =IF(ISERROR($BQ17/($BP17*1.1))=TRUE,0,$BQ17/($BP17*1.1)) -> 3.7811746 | BT17: =IF(ISERROR(Z17&VLOOKUP($AG17,'TARGET MU'!$A:$D,'TARGET MU'!$B$1,FALSE))=TRUE,"",Z17&VLOOKUP($AG17,'TARGET MU'!$A:$D,'TARGET MU'!$B$1,FALSE)) -> DPSSNF3003PP캡보이 | BU17: =AP17 -> 11300 | BV17: =Z17&AE17&AF17&AM17&AG17&AI17&AK17 -> DPSSNF3003PPFRE100047000캡보이02KR | BX17: =IF($I17="TTL","",$L17) -> DPS | BY17: =$O17 -> 3 | BZ17: =$AJ17 -> M | CA17: =$P17 -> SN | CB17: =$R17 -> U | CC17: =$AK17 -> KR | CD17: =$W17 -> 14SS FROZEN SNAP_04_PP | CE17: =$U17 -> DPSSNF3003 | CF17: =$T17 -> 003 | CG17: =$W17 -> 14SS FROZEN SNAP_04_PP | CH17: =$X17 -> PP | CI17: =$AD17 -> 1 | CJ17: =$AE17 -> FRE | CK17: =IF($I17="TTL",SUMIF($C:$C,MID($K17,1,SEARCH("TTL",$K17)-2),$BO:$BO),$AF17) -> 1000 | CL17: =$AV17 -> 0 | CM17: =$AM17 -> 47000 | CN17: =$AP17-$AU17 -> 10600 | CO17: =$AU17 -> 700 | CP17: =$AL17 -> 2 | CQ17: 514573628 | CT17: =IF($I17="TTL",$K17,$Z17&$AE17) -> DPSSNF3003PPFRE | CU17: =$M17 -> DISNEY PRINCESS | CV17: =IF($I17="TTL","",IF($CT17="","",$Q17&"_"&$T17&IF(R17="K","_KIDS",""))) -> SNAPBACK_003 | CW17: =IF($I17="TTL","",IF($CT17="","",$Y17&"_"&$AE17)) -> PURPLE_FRE | CX17: =$L17 -> DPS | CY17: =$T17 -> 003 | CZ17: =IF($I17="TTL",SUMIF($C:$C,MID($K17,1,SEARCH("TTL",$K17)-2),$CZ:$CZ),$AF17) -> 1000 | DA17: =$AM17 -> 47000 | DB17: =$Y17 -> PURPLE | DC17: =$AE17 -> FRE | DG17: 41736 | DH17: =IF(OR($I17="TTL",$I17=""),"",AZ17-$DH$11) -> 41684 | DI17: 41736 | DJ17: 41736 | DK17: 없음 | DL17: 2 | DM17: 0 | DN17: 없음 | DO17: 없음 | DP17: =IF(OR($DN17="없음",$I17="TTL",$I17=""),"",AZ17-$DP$11) | DQ17: 없음 | DR17: 없음 | DS17: 없음 | DT17: 없음 | DU17: 없음 | DV17: 41759 | DW17: 없음 | DX17: 없음 | DY17: 완료 | EC17: =IF(OR($Z16&$AX16=$Z17&$AX16,$Z17&$AX17=""),"",$Z17&$AX17) -> DPSSNF3003PP41736 | ED17: =IF(OR(Z16&AE16=Z17&AE17,Z17=""),"",Z17&AE17) -> DPSSNF3003PPFRE | EE17: =IF($ED17="",0,IF(COUNTIF(ED$12:ED16,ED17)=0,0,COUNTIF(ED$12:ED16,ED17))) -> 0 | EF17: =IF(OR($AJ17="B",$ED17="",MID($U17,8,1)=$EF$9,MID($U17,8,1)=$EF$10),0,1) -> 0 | EG17: =IF(EE17+EF17=0,"","R"&(EE17+EF17)) | EI17: =IF($ED17="","",IF($EE17=0,U17,"")) -> DPSSNF3003 | EJ17: =IF($ED17="","",IF($EE17=0,Z17,"")) -> DPSSNF3003PP | EL17: 없음
A18: =IF(OR($I18="TTL",$I18=""),"",IF(ISERROR(VLOOKUP($B18,CODE!$D:$G,CODE!$F$1-2,FALSE))=TRUE,"전략",VLOOKUP($B18,CODE!$D:$G,CODE!$F$1-2,FALSE))) -> F-CAP | B18: =IF(OR($I18="TTL",$I18=""),"",IF(VLOOKUP($P18,CODE!$K:$O,CODE!$O$1,FALSE)="",$I18,$I18&"-"&VLOOKUP($P18,CODE!$K:$O,CODE!$O$1,FALSE))) -> DPS | C18: =IF($I18="TTL","",I18&"-"&$AG18&"-"&$AI18) -> DPS-캡보이-02 | D18: =$C18&$Z18 -> DPS-캡보이-02DPSSNF3503PP | E18: =IF($I18="TTL",0,IF(ISERROR(IF($Z17=$Z18,$E17,$E17+1))=TRUE,1,IF($Z17=$Z18,$E17,$E17+1))) -> 4 | F18: =$C18&$E18 -> DPS-캡보이-024 | G18: =$F18&"-"&$U18&$Y18&$AE18 -> DPS-캡보이-024-DPSSNF3503PURPLEOSM | H18: =IF(ISERROR(I18&VLOOKUP(P18,CODE!$K:$N,CODE!$N$1,FALSE)&S18)=TRUE,0,I18&VLOOKUP(P18,CODE!$K:$N,CODE!$N$1,FALSE)&S18) -> DPS의류외503 | I18: =IF(ISERROR(SEARCH("TTL",$K18))=TRUE,IF($L18="","",VLOOKUP($L18,CODE!$B:$G,CODE!$D$1,FALSE)),"TTL") -> DPS | J18: =MID(W18,1,6) -> 14SS F | L18: DPS | M18: =IF(OR($I18="TTL",$L18=""),"",VLOOKUP($L18,CODE!$B:$D,CODE!$C$1,FALSE)) -> DISNEY PRINCESS | N18: =IF(OR($I18="TTL",$L18=""),"",VLOOKUP($K$2,CODE!$S:$T,CODE!$T$1-1,FALSE)) -> F | O18: =IF(OR($I18="TTL",$L18=""),"",VLOOKUP($L$2,CODE!$X:$Y,CODE!$Y$1-1,FALSE)) -> 3 | P18: SN | Q18: =IF(OR($I18="TTL",$P18=""),"",VLOOKUP($P18,CODE!$K:$M,CODE!$L$1,FALSE)) -> SNAPBACK | R18: K | S18: 503 | T18: =IF(OR($I18="TTL",$S18=""),"",IF($S18<10,"00"&$S18,IF($S18<100,"0"&$S18,$S18))) -> 503 | U18: =IF($I18="TTL","",$L18&$P18&$N18&$O18&$T18) -> DPSSNF3503 | V18: =IF($I18="TTL",SUMIF($C:$C,MID($K18,1,SEARCH("TTL",$K18)-2),$V:$V),IF($EI18="",0,1/COUNTIF($EI:$EI,$EI18))) -> 0.5 | W18: 14SS FROZEN SNAP_04_PP_KIDS | X18: =IF($Y18="","",VLOOKUP($Y18,CODE!$AE:$AF,CODE!$AF$1-1,FALSE)) -> PP | Y18: PURPLE | Z18: =$U18&$X18 -> DPSSNF3503PP | AA18: =VLOOKUP($Z18&$AX18,$EC:$EG,5,FALSE) | AB18: =IF($I18="TTL",SUMIF($C:$C,MID($K18,1,SEARCH("TTL",$K18)-2),$AB:$AB),IF($EJ18="",0,1/COUNTIF($EJ:$EJ,$EJ18))) -> 0.5 | AC18: 0 | AD18: 1 | AE18: OSM | AF18: 600 | AG18: 캡보이 | AH18: 2 | AI18: =IF($AH18=0,"",IF($AH18<10,"0"&$AH18,$AH18)) -> 02 | AJ18: M | AK18: KR | AL18: =IF($AK18=0,"",IF($AK18="KR",2,1)) -> 2 | AM18: =IF(ISERROR(VLOOKUP($F18,[1]기획현황취합!$A$1:$E$65485,[1]기획현황취합!$B$1,FALSE))=TRUE,0,VLOOKUP($F18,[1]기획현황취합!$A$1:$E$65485,[1]기획현황취합!$B$1,FALSE)) -> 43000 | AN18: =IF(ISERROR(VLOOKUP($F18,[1]기획현황취합!$A$1:$E$65485,[1]기획현황취합!$C$1,FALSE))=TRUE,0,VLOOKUP($F18,[1]기획현황취합!$A$1:$E$65485,[1]기획현황취합!$C$1,FALSE)) -> 41752 | AO18: =IF(ISERROR(($AM18/1.1)/VLOOKUP($AG18,'TARGET MU'!$A:$D,'TARGET MU'!$D$1,FALSE))=TRUE,0,($AM18/1.1)/VLOOKUP($AG18,'TARGET MU'!$A:$D,'TARGET MU'!$D$1,FALSE)) -> 9772.7273 | AP18: =IF(OR(AF18=0,AND(AV18=0,AW18=0)),0,IF(AG18="캡보이2",AV18*$AQ$5+AU18,IF(OR(AK18="IN",AK18="BG",AK18="VT",AK18="CB"),$AU18+(($AV18*(1+$AW$4))*(HLOOKUP(VLOOKUP(AG18,'TARGET MU'!$A:$P,'TARGET MU'!$J$1,FALSE),$AO$4:$AR$5,2,FALSE)))+$AW18,$AU18+((($AV18*(1+$AW$4))*(1+HLOOKUP(VLOOKUP($P18,CODE!$K:$P,CODE!$P$1,FALSE),$AS$4:$AV$5,2,FALSE)))*(HLOOKUP(VLOOKUP(AG18,'TARGET MU'!$A:$P,'TARGET MU'!$J$1,FALSE),$AO$4:$AR$5,2,FALSE)))+$AW18))) -> 11300 | AQ18: =AP18-AO18 -> 1527.2727 | AR18: 0 | AS18: 700 | AU18: =SUM(AR18:AT18) -> 700 | AV18: 0 | AW18: 10600 | AX18: =IF(ISERROR(VLOOKUP($F18,[1]기획현황취합!$A$1:$E$65485,[1]기획현황취합!$D$1,FALSE))=TRUE,0,VLOOKUP($F18,[1]기획현황취합!$A$1:$E$65485,[1]기획현황취합!$D$1,FALSE)) -> 41736 | AY18: 0 | AZ18: =IF(ISERROR(VLOOKUP($F18,[1]기획현황취합!$A$1:$E$65485,[1]기획현황취합!$E$1,FALSE))=TRUE,0,VLOOKUP($F18,[1]기획현황취합!$A$1:$E$65485,[1]기획현황취합!$E$1,FALSE)) -> 41774 | BA18: 0 | BB18: 41809 | BC18: 41817 | BF18: 0 | BG18: 확정 | BH18: 확정 | BI18: =IF($I18="TTL",SUMIF($C:$C,MID($K18,1,SEARCH("TTL",$K18)-2),$BI:$BI),SUMIF(실입고현황!$A:$A,BB18&VLOOKUP($AG18,'TARGET MU'!$A:$D,'TARGET MU'!$B$1,FALSE)&$Z18&" "&$AE18,실입고현황!$C:$C)) -> 487 | BJ18: =IF($I18="TTL",SUMIF($C:$C,MID($K18,1,SEARCH("TTL",$K18)-2),$BJ:$BJ),SUMIF(실입고현황!$A:$A,BC18&VLOOKUP($AG18,'TARGET MU'!$A:$D,'TARGET MU'!$B$1,FALSE)&$Z18&" "&$AE18,실입고현황!$C:$C)) -> 113 | BK18: =IF($I18="TTL",SUMIF($C:$C,MID($K18,1,SEARCH("TTL",$K18)-2),$BK:$BK),SUMIF(실입고현황!$A:$A,BD18&VLOOKUP($AG18,'TARGET MU'!$A:$D,'TARGET MU'!$B$1,FALSE)&$Z18&" "&$AE18,실입고현황!$C:$C)) -> 0 | BL18: =IF($I18="TTL",SUMIF($C:$C,MID($K18,1,SEARCH("TTL",$K18)-2),$BL:$BL),SUMIF(실입고현황!$A:$A,BE18&VLOOKUP($AG18,'TARGET MU'!$A:$D,'TARGET MU'!$B$1,FALSE)&$Z18&" "&$AE18,실입고현황!$C:$C)) -> 0 | BM18: =IF($I18="TTL",SUMIF($C:$C,MID($K18,1,SEARCH("TTL",$K18)-2),$BM:$BM),SUMIF(실입고현황!$A:$A,BF18&VLOOKUP($AG18,'TARGET MU'!$A:$D,'TARGET MU'!$B$1,FALSE)&$Z18&" "&$AE18,실입고현황!$C:$C)) -> 0 | BN18: =IF($I18="TTL",SUMIF($C:$C,MID($K18,1,SEARCH("TTL",$K18)-2),$BN:$BN),IF(($BO18-SUM($BI18,$BJ18,$BK18,BL18,BM18))<$BO18*$BN$6,0,$BO18-SUM($BI18,$BJ18,$BK18,BL18,BM18))) -> 0 | BO18: =IF($I18="TTL",SUMIF($C:$C,MID($K18,1,SEARCH("TTL",$K18)-2),$BO:$BO),$AF18) -> 600 | BP18: =IF($I18="TTL",SUMIF($C:$C,MID($K18,1,SEARCH("TTL",$K18)-2),$BP:$BP),IF(AO18=0,0,IF($AP18=0,$AO18*$AF18,$AP18*$AF18))) -> 6780000 | BQ18: =IF($I18="TTL",SUMIF($C:$C,MID($K18,1,SEARCH("TTL",$K18)-2),$BQ:$BQ),$AM18*$AF18) -> 25800000 | BR18: =IF(ISERROR($BQ18/($BP18*1.1))=TRUE,0,$BQ18/($BP18*1.1)) -> 3.4593725 | BT18: =IF(ISERROR(Z18&VLOOKUP($AG18,'TARGET MU'!$A:$D,'TARGET MU'!$B$1,FALSE))=TRUE,"",Z18&VLOOKUP($AG18,'TARGET MU'!$A:$D,'TARGET MU'!$B$1,FALSE)) -> DPSSNF3503PP캡보이 | BU18: =AP18 -> 11300 | BV18: =Z18&AE18&AF18&AM18&AG18&AI18&AK18 -> DPSSNF3503PPOSM60043000캡보이02KR | BX18: =IF($I18="TTL","",$L18) -> DPS | BY18: =$O18 -> 3 | BZ18: =$AJ18 -> M | CA18: =$P18 -> SN | CB18: =$R18 -> K | CC18: =$AK18 -> KR | CD18: =$W18 -> 14SS FROZEN SNAP_04_PP_KIDS | CE18: =$U18 -> DPSSNF3503 | CF18: =$T18 -> 503 | CG18: =$W18 -> 14SS FROZEN SNAP_04_PP_KIDS | CH18: =$X18 -> PP | CI18: =$AD18 -> 1 | CJ18: =$AE18 -> OSM | CK18: =IF($I18="TTL",SUMIF($C:$C,MID($K18,1,SEARCH("TTL",$K18)-2),$BO:$BO),$AF18) -> 600 | CL18: =$AV18 -> 0 | CM18: =$AM18 -> 43000 | CN18: =$AP18-$AU18 -> 10600 | CO18: =$AU18 -> 700 | CP18: =$AL18 -> 2 | CQ18: 647660 | CT18: =IF($I18="TTL",$K18,$Z18&$AE18) -> DPSSNF3503PPOSM | CU18: =$M18 -> DISNEY PRINCESS | CV18: =IF($I18="TTL","",IF($CT18="","",$Q18&"_"&$T18&IF(R18="K","_KIDS",""))) -> SNAPBACK_503_KIDS | CW18: =IF($I18="TTL","",IF($CT18="","",$Y18&"_"&$AE18)) -> PURPLE_OSM | CX18: =$L18 -> DPS | CY18: =$T18 -> 503 | CZ18: =IF($I18="TTL",SUMIF($C:$C,MID($K18,1,SEARCH("TTL",$K18)-2),$CZ:$CZ),$AF18) -> 600 | DA18: =$AM18 -> 43000 | DB18: =$Y18 -> PURPLE | DC18: =$AE18 -> OSM | DG18: 41736 | DH18: =IF(OR($I18="TTL",$I18=""),"",AZ18-$DH$11) -> 41684 | DI18: 41736 | DJ18: 41736 | DK18: 없음 | DL18: 2 | DM18: 0 | DN18: 없음 | DO18: 없음 | DP18: =IF(OR($DN18="없음",$I18="TTL",$I18=""),"",AZ18-$DP$11) | DQ18: 없음 | DR18: 없음 | DS18: 없음 | DT18: 없음 | DU18: 없음 | DV18: 41759 | DW18: 없음 | DX18: 없음 | DY18: 완료 | EC18: =IF(OR($Z17&$AX17=$Z18&$AX17,$Z18&$AX18=""),"",$Z18&$AX18) -> DPSSNF3503PP41736 | ED18: =IF(OR(Z17&AE17=Z18&AE18,Z18=""),"",Z18&AE18) -> DPSSNF3503PPOSM | EE18: =IF($ED18="",0,IF(COUNTIF(ED$12:ED17,ED18)=0,0,COUNTIF(ED$12:ED17,ED18))) -> 0 | EF18: =IF(OR($AJ18="B",$ED18="",MID($U18,8,1)=$EF$9,MID($U18,8,1)=$EF$10),0,1) -> 0 | EG18: =IF(EE18+EF18=0,"","R"&(EE18+EF18)) | EI18: =IF($ED18="","",IF($EE18=0,U18,"")) -> DPSSNF3503 | EJ18: =IF($ED18="","",IF($EE18=0,Z18,"")) -> DPSSNF3503PP | EL18: 없음
A19: =IF(OR($I19="TTL",$I19=""),"",IF(ISERROR(VLOOKUP($B19,CODE!$D:$G,CODE!$F$1-2,FALSE))=TRUE,"전략",VLOOKUP($B19,CODE!$D:$G,CODE!$F$1-2,FALSE))) -> F-CAP | B19: =IF(OR($I19="TTL",$I19=""),"",IF(VLOOKUP($P19,CODE!$K:$O,CODE!$O$1,FALSE)="",$I19,$I19&"-"&VLOOKUP($P19,CODE!$K:$O,CODE!$O$1,FALSE))) -> DPS | C19: =IF($I19="TTL","",I19&"-"&$AG19&"-"&$AI19) -> DPS-캡보이-02 | D19: =$C19&$Z19 -> DPS-캡보이-02DPSSNF3503PP | E19: =IF($I19="TTL",0,IF(ISERROR(IF($Z18=$Z19,$E18,$E18+1))=TRUE,1,IF($Z18=$Z19,$E18,$E18+1))) -> 4 | F19: =$C19&$E19 -> DPS-캡보이-024 | G19: =$F19&"-"&$U19&$Y19&$AE19 -> DPS-캡보이-024-DPSSNF3503PURPLEOML | H19: =IF(ISERROR(I19&VLOOKUP(P19,CODE!$K:$N,CODE!$N$1,FALSE)&S19)=TRUE,0,I19&VLOOKUP(P19,CODE!$K:$N,CODE!$N$1,FALSE)&S19) -> DPS의류외503 | I19: =IF(ISERROR(SEARCH("TTL",$K19))=TRUE,IF($L19="","",VLOOKUP($L19,CODE!$B:$G,CODE!$D$1,FALSE)),"TTL") -> DPS | J19: =MID(W19,1,6) -> 14SS F | L19: DPS | M19: =IF(OR($I19="TTL",$L19=""),"",VLOOKUP($L19,CODE!$B:$D,CODE!$C$1,FALSE)) -> DISNEY PRINCESS | N19: =IF(OR($I19="TTL",$L19=""),"",VLOOKUP($K$2,CODE!$S:$T,CODE!$T$1-1,FALSE)) -> F | O19: =IF(OR($I19="TTL",$L19=""),"",VLOOKUP($L$2,CODE!$X:$Y,CODE!$Y$1-1,FALSE)) -> 3 | P19: SN | Q19: =IF(OR($I19="TTL",$P19=""),"",VLOOKUP($P19,CODE!$K:$M,CODE!$L$1,FALSE)) -> SNAPBACK | R19: K | S19: 503 | T19: =IF(OR($I19="TTL",$S19=""),"",IF($S19<10,"00"&$S19,IF($S19<100,"0"&$S19,$S19))) -> 503 | U19: =IF($I19="TTL","",$L19&$P19&$N19&$O19&$T19) -> DPSSNF3503 | V19: =IF($I19="TTL",SUMIF($C:$C,MID($K19,1,SEARCH("TTL",$K19)-2),$V:$V),IF($EI19="",0,1/COUNTIF($EI:$EI,$EI19))) -> 0.5 | W19: 14SS FROZEN SNAP_04_PP_KIDS | X19: =IF($Y19="","",VLOOKUP($Y19,CODE!$AE:$AF,CODE!$AF$1-1,FALSE)) -> PP | Y19: PURPLE | Z19: =$U19&$X19 -> DPSSNF3503PP | AA19: =VLOOKUP($Z19&$AX19,$EC:$EG,5,FALSE) | AB19: =IF($I19="TTL",SUMIF($C:$C,MID($K19,1,SEARCH("TTL",$K19)-2),$AB:$AB),IF($EJ19="",0,1/COUNTIF($EJ:$EJ,$EJ19))) -> 0.5 | AC19: 0 | AD19: 1 | AE19: OML | AF19: 400 | AG19: 캡보이 | AH19: 2 | AI19: =IF($AH19=0,"",IF($AH19<10,"0"&$AH19,$AH19)) -> 02 | AJ19: M | AK19: KR | AL19: =IF($AK19=0,"",IF($AK19="KR",2,1)) -> 2 | AM19: =IF(ISERROR(VLOOKUP($F19,[1]기획현황취합!$A$1:$E$65485,[1]기획현황취합!$B$1,FALSE))=TRUE,0,VLOOKUP($F19,[1]기획현황취합!$A$1:$E$65485,[1]기획현황취합!$B$1,FALSE)) -> 43000 | AN19: =IF(ISERROR(VLOOKUP($F19,[1]기획현황취합!$A$1:$E$65485,[1]기획현황취합!$C$1,FALSE))=TRUE,0,VLOOKUP($F19,[1]기획현황취합!$A$1:$E$65485,[1]기획현황취합!$C$1,FALSE)) -> 41752 | AO19: =IF(ISERROR(($AM19/1.1)/VLOOKUP($AG19,'TARGET MU'!$A:$D,'TARGET MU'!$D$1,FALSE))=TRUE,0,($AM19/1.1)/VLOOKUP($AG19,'TARGET MU'!$A:$D,'TARGET MU'!$D$1,FALSE)) -> 9772.7273 | AP19: =IF(OR(AF19=0,AND(AV19=0,AW19=0)),0,IF(AG19="캡보이2",AV19*$AQ$5+AU19,IF(OR(AK19="IN",AK19="BG",AK19="VT",AK19="CB"),$AU19+(($AV19*(1+$AW$4))*(HLOOKUP(VLOOKUP(AG19,'TARGET MU'!$A:$P,'TARGET MU'!$J$1,FALSE),$AO$4:$AR$5,2,FALSE)))+$AW19,$AU19+((($AV19*(1+$AW$4))*(1+HLOOKUP(VLOOKUP($P19,CODE!$K:$P,CODE!$P$1,FALSE),$AS$4:$AV$5,2,FALSE)))*(HLOOKUP(VLOOKUP(AG19,'TARGET MU'!$A:$P,'TARGET MU'!$J$1,FALSE),$AO$4:$AR$5,2,FALSE)))+$AW19))) -> 11300 | AQ19: =AP19-AO19 -> 1527.2727 | AR19: 0 | AS19: 700 | AU19: =SUM(AR19:AT19) -> 700 | AV19: 0 | AW19: 10600 | AX19: =IF(ISERROR(VLOOKUP($F19,[1]기획현황취합!$A$1:$E$65485,[1]기획현황취합!$D$1,FALSE))=TRUE,0,VLOOKUP($F19,[1]기획현황취합!$A$1:$E$65485,[1]기획현황취합!$D$1,FALSE)) -> 41736 | AY19: 0 | AZ19: =IF(ISERROR(VLOOKUP($F19,[1]기획현황취합!$A$1:$E$65485,[1]기획현황취합!$E$1,FALSE))=TRUE,0,VLOOKUP($F19,[1]기획현황취합!$A$1:$E$65485,[1]기획현황취합!$E$1,FALSE)) -> 41774 | BA19: 0 | BB19: 41809 | BC19: 41817 | BF19: 0 | BG19: 확정 | BH19: 확정 | BI19: =IF($I19="TTL",SUMIF($C:$C,MID($K19,1,SEARCH("TTL",$K19)-2),$BI:$BI),SUMIF(실입고현황!$A:$A,BB19&VLOOKUP($AG19,'TARGET MU'!$A:$D,'TARGET MU'!$B$1,FALSE)&$Z19&" "&$AE19,실입고현황!$C:$C)) -> 345 | BJ19: =IF($I19="TTL",SUMIF($C:$C,MID($K19,1,SEARCH("TTL",$K19)-2),$BJ:$BJ),SUMIF(실입고현황!$A:$A,BC19&VLOOKUP($AG19,'TARGET MU'!$A:$D,'TARGET MU'!$B$1,FALSE)&$Z19&" "&$AE19,실입고현황!$C:$C)) -> 44 | BK19: =IF($I19="TTL",SUMIF($C:$C,MID($K19,1,SEARCH("TTL",$K19)-2),$BK:$BK),SUMIF(실입고현황!$A:$A,BD19&VLOOKUP($AG19,'TARGET MU'!$A:$D,'TARGET MU'!$B$1,FALSE)&$Z19&" "&$AE19,실입고현황!$C:$C)) -> 0 | BL19: =IF($I19="TTL",SUMIF($C:$C,MID($K19,1,SEARCH("TTL",$K19)-2),$BL:$BL),SUMIF(실입고현황!$A:$A,BE19&VLOOKUP($AG19,'TARGET MU'!$A:$D,'TARGET MU'!$B$1,FALSE)&$Z19&" "&$AE19,실입고현황!$C:$C)) -> 0 | BM19: =IF($I19="TTL",SUMIF($C:$C,MID($K19,1,SEARCH("TTL",$K19)-2),$BM:$BM),SUMIF(실입고현황!$A:$A,BF19&VLOOKUP($AG19,'TARGET MU'!$A:$D,'TARGET MU'!$B$1,FALSE)&$Z19&" "&$AE19,실입고현황!$C:$C)) -> 0 | BN19: =IF($I19="TTL",SUMIF($C:$C,MID($K19,1,SEARCH("TTL",$K19)-2),$BN:$BN),IF(($BO19-SUM($BI19,$BJ19,$BK19,BL19,BM19))<$BO19*$BN$6,0,$BO19-SUM($BI19,$BJ19,$BK19,BL19,BM19))) -> 0 | BO19: =IF($I19="TTL",SUMIF($C:$C,MID($K19,1,SEARCH("TTL",$K19)-2),$BO:$BO),$AF19) -> 400 | BP19: =IF($I19="TTL",SUMIF($C:$C,MID($K19,1,SEARCH("TTL",$K19)-2),$BP:$BP),IF(AO19=0,0,IF($AP19=0,$AO19*$AF19,$AP19*$AF19))) -> 4520000 | BQ19: =IF($I19="TTL",SUMIF($C:$C,MID($K19,1,SEARCH("TTL",$K19)-2),$BQ:$BQ),$AM19*$AF19) -> 17200000 | BR19: =IF(ISERROR($BQ19/($BP19*1.1))=TRUE,0,$BQ19/($BP19*1.1)) -> 3.4593725 | BT19: =IF(ISERROR(Z19&VLOOKUP($AG19,'TARGET MU'!$A:$D,'TARGET MU'!$B$1,FALSE))=TRUE,"",Z19&VLOOKUP($AG19,'TARGET MU'!$A:$D,'TARGET MU'!$B$1,FALSE)) -> DPSSNF3503PP캡보이 | BU19: =AP19 -> 11300 | BV19: =Z19&AE19&AF19&AM19&AG19&AI19&AK19 -> DPSSNF3503PPOML40043000캡보이02KR | BX19: =IF($I19="TTL","",$L19) -> DPS | BY19: =$O19 -> 3 | BZ19: =$AJ19 -> M | CA19: =$P19 -> SN | CB19: =$R19 -> K | CC19: =$AK19 -> KR | CD19: =$W19 -> 14SS FROZEN SNAP_04_PP_KIDS | CE19: =$U19 -> DPSSNF3503 | CF19: =$T19 -> 503 | CG19: =$W19 -> 14SS FROZEN SNAP_04_PP_KIDS | CH19: =$X19 -> PP | CI19: =$AD19 -> 1 | CJ19: =$AE19 -> OML | CK19: =IF($I19="TTL",SUMIF($C:$C,MID($K19,1,SEARCH("TTL",$K19)-2),$BO:$BO),$AF19) -> 400 | CL19: =$AV19 -> 0 | CM19: =$AM19 -> 43000 | CN19: =$AP19-$AU19 -> 10600 | CO19: =$AU19 -> 700 | CP19: =$AL19 -> 2 | CQ19: 647660 | CT19: =IF($I19="TTL",$K19,$Z19&$AE19) -> DPSSNF3503PPOML | CU19: =$M19 -> DISNEY PRINCESS | CV19: =IF($I19="TTL","",IF($CT19="","",$Q19&"_"&$T19&IF(R19="K","_KIDS",""))) -> SNAPBACK_503_KIDS | CW19: =IF($I19="TTL","",IF($CT19="","",$Y19&"_"&$AE19)) -> PURPLE_OML | CX19: =$L19 -> DPS | CY19: =$T19 -> 503 | CZ19: =IF($I19="TTL",SUMIF($C:$C,MID($K19,1,SEARCH("TTL",$K19)-2),$CZ:$CZ),$AF19) -> 400 | DA19: =$AM19 -> 43000 | DB19: =$Y19 -> PURPLE | DC19: =$AE19 -> OML | DG19: 41736 | DH19: =IF(OR($I19="TTL",$I19=""),"",AZ19-$DH$11) -> 41684 | DI19: 41736 | DJ19: 41736 | DK19: 없음 | DL19: 2 | DM19: 0 | DN19: 없음 | DO19: 없음 | DP19: =IF(OR($DN19="없음",$I19="TTL",$I19=""),"",AZ19-$DP$11) | DQ19: 없음 | DR19: 없음 | DS19: 없음 | DT19: 없음 | DU19: 없음 | DV19: 41759 | DW19: 없음 | DX19: 없음 | DY19: 완료 | EC19: =IF(OR($Z18&$AX18=$Z19&$AX18,$Z19&$AX19=""),"",$Z19&$AX19) | ED19: =IF(OR(Z18&AE18=Z19&AE19,Z19=""),"",Z19&AE19) -> DPSSNF3503PPOML | EE19: =IF($ED19="",0,IF(COUNTIF(ED$12:ED18,ED19)=0,0,COUNTIF(ED$12:ED18,ED19))) -> 0 | EF19: =IF(OR($AJ19="B",$ED19="",MID($U19,8,1)=$EF$9,MID($U19,8,1)=$EF$10),0,1) -> 0 | EG19: =IF(EE19+EF19=0,"","R"&(EE19+EF19)) | EI19: =IF($ED19="","",IF($EE19=0,U19,"")) -> DPSSNF3503 | EJ19: =IF($ED19="","",IF($EE19=0,Z19,"")) -> DPSSNF3503PP | EL19: 없음
A20: =IF(OR($I20="TTL",$I20=""),"",IF(ISERROR(VLOOKUP($B20,CODE!$D:$G,CODE!$F$1-2,FALSE))=TRUE,"전략",VLOOKUP($B20,CODE!$D:$G,CODE!$F$1-2,FALSE))) -> F-CAP | B20: =IF(OR($I20="TTL",$I20=""),"",IF(VLOOKUP($P20,CODE!$K:$O,CODE!$O$1,FALSE)="",$I20,$I20&"-"&VLOOKUP($P20,CODE!$K:$O,CODE!$O$1,FALSE))) -> DPS | C20: =IF($I20="TTL","",I20&"-"&$AG20&"-"&$AI20) -> DPS-캡보이-02 | D20: =$C20&$Z20 -> DPS-캡보이-02DPSSNF3004MT | E20: =IF($I20="TTL",0,IF(ISERROR(IF($Z19=$Z20,$E19,$E19+1))=TRUE,1,IF($Z19=$Z20,$E19,$E19+1))) -> 5 | F20: =$C20&$E20 -> DPS-캡보이-025 | G20: =$F20&"-"&$U20&$Y20&$AE20 -> DPS-캡보이-025-DPSSNF3004MINTFRE | H20: =IF(ISERROR(I20&VLOOKUP(P20,CODE!$K:$N,CODE!$N$1,FALSE)&S20)=TRUE,0,I20&VLOOKUP(P20,CODE!$K:$N,CODE!$N$1,FALSE)&S20) -> DPS의류외4 | I20: =IF(ISERROR(SEARCH("TTL",$K20))=TRUE,IF($L20="","",VLOOKUP($L20,CODE!$B:$G,CODE!$D$1,FALSE)),"TTL") -> DPS | J20: =MID(W20,1,6) -> 14SS F | L20: DPS | M20: =IF(OR($I20="TTL",$L20=""),"",VLOOKUP($L20,CODE!$B:$D,CODE!$C$1,FALSE)) -> DISNEY PRINCESS | N20: =IF(OR($I20="TTL",$L20=""),"",VLOOKUP($K$2,CODE!$S:$T,CODE!$T$1-1,FALSE)) -> F | O20: =IF(OR($I20="TTL",$L20=""),"",VLOOKUP($L$2,CODE!$X:$Y,CODE!$Y$1-1,FALSE)) -> 3 | P20: SN | Q20: =IF(OR($I20="TTL",$P20=""),"",VLOOKUP($P20,CODE!$K:$M,CODE!$L$1,FALSE)) -> SNAPBACK | R20: U | S20: 4 | T20: =IF(OR($I20="TTL",$S20=""),"",IF($S20<10,"00"&$S20,IF($S20<100,"0"&$S20,$S20))) -> 004 | U20: =IF($I20="TTL","",$L20&$P20&$N20&$O20&$T20) -> DPSSNF3004 | V20: =IF($I20="TTL",SUMIF($C:$C,MID($K20,1,SEARCH("TTL",$K20)-2),$V:$V),IF($EI20="",0,1/COUNTIF($EI:$EI,$EI20))) -> 1 | W20: 14SS FROZEN SNAP_05_MT | X20: =IF($Y20="","",VLOOKUP($Y20,CODE!$AE:$AF,CODE!$AF$1-1,FALSE)) -> MT | Y20: MINT | Z20: =$U20&$X20 -> DPSSNF3004MT | AA20: =VLOOKUP($Z20&$AX20,$EC:$EG,5,FALSE) | AB20: =IF($I20="TTL",SUMIF($C:$C,MID($K20,1,SEARCH("TTL",$K20)-2),$AB:$AB),IF($EJ20="",0,1/COUNTIF($EJ:$EJ,$EJ20))) -> 1 | AC20: 0 | AD20: 1 | AE20: FRE | AF20: 1200 | AG20: 캡보이 | AH20: 2 | AI20: =IF($AH20=0,"",IF($AH20<10,"0"&$AH20,$AH20)) -> 02 | AJ20: M | AK20: KR | AL20: =IF($AK20=0,"",IF($AK20="KR",2,1)) -> 2 | AM20: =IF(ISERROR(VLOOKUP($F20,[1]기획현황취합!$A$1:$E$65485,[1]기획현황취합!$B$1,FALSE))=TRUE,0,VLOOKUP($F20,[1]기획현황취합!$A$1:$E$65485,[1]기획현황취합!$B$1,FALSE)) -> 47000 | AN20: =IF(ISERROR(VLOOKUP($F20,[1]기획현황취합!$A$1:$E$65485,[1]기획현황취합!$C$1,FALSE))=TRUE,0,VLOOKUP($F20,[1]기획현황취합!$A$1:$E$65485,[1]기획현황취합!$C$1,FALSE)) -> 41752 | AO20: =IF(ISERROR(($AM20/1.1)/VLOOKUP($AG20,'TARGET MU'!$A:$D,'TARGET MU'!$D$1,FALSE))=TRUE,0,($AM20/1.1)/VLOOKUP($AG20,'TARGET MU'!$A:$D,'TARGET MU'!$D$1,FALSE)) -> 10681.818 | AP20: =IF(OR(AF20=0,AND(AV20=0,AW20=0)),0,IF(AG20="캡보이2",AV20*$AQ$5+AU20,IF(OR(AK20="IN",AK20="BG",AK20="VT",AK20="CB"),$AU20+(($AV20*(1+$AW$4))*(HLOOKUP(VLOOKUP(AG20,'TARGET MU'!$A:$P,'TARGET MU'!$J$1,FALSE),$AO$4:$AR$5,2,FALSE)))+$AW20,$AU20+((($AV20*(1+$AW$4))*(1+HLOOKUP(VLOOKUP($P20,CODE!$K:$P,CODE!$P$1,FALSE),$AS$4:$AV$5,2,FALSE)))*(HLOOKUP(VLOOKUP(AG20,'TARGET MU'!$A:$P,'TARGET MU'!$J$1,FALSE),$AO$4:$AR$5,2,FALSE)))+$AW20))) -> 11300 | AQ20: =AP20-AO20 -> 618.18182 | AR20: 0 | AS20: 700 | AU20: =SUM(AR20:AT20) -> 700 | AV20: 0 | AW20: 10600 | AX20: =IF(ISERROR(VLOOKUP($F20,[1]기획현황취합!$A$1:$E$65485,[1]기획현황취합!$D$1,FALSE))=TRUE,0,VLOOKUP($F20,[1]기획현황취합!$A$1:$E$65485,[1]기획현황취합!$D$1,FALSE)) -> 41736 | AY20: 0 | AZ20: =IF(ISERROR(VLOOKUP($F20,[1]기획현황취합!$A$1:$E$65485,[1]기획현황취합!$E$1,FALSE))=TRUE,0,VLOOKUP($F20,[1]기획현황취합!$A$1:$E$65485,[1]기획현황취합!$E$1,FALSE)) -> 41774 | BA20: 0 | BB20: 41761 | BC20: 41802 | BD20: 41809 | BF20: 0 | BG20: 확정 | BH20: 확정 | BI20: =IF($I20="TTL",SUMIF($C:$C,MID($K20,1,SEARCH("TTL",$K20)-2),$BI:$BI),SUMIF(실입고현황!$A:$A,BB20&VLOOKUP($AG20,'TARGET MU'!$A:$D,'TARGET MU'!$B$1,FALSE)&$Z20&" "&$AE20,실입고현황!$C:$C)) -> 200 | BJ20: =IF($I20="TTL",SUMIF($C:$C,MID($K20,1,SEARCH("TTL",$K20)-2),$BJ:$BJ),SUMIF(실입고현황!$A:$A,BC20&VLOOKUP($AG20,'TARGET MU'!$A:$D,'TARGET MU'!$B$1,FALSE)&$Z20&" "&$AE20,실입고현황!$C:$C)) -> 947 | BK20: =IF($I20="TTL",SUMIF($C:$C,MID($K20,1,SEARCH("TTL",$K20)-2),$BK:$BK),SUMIF(실입고현황!$A:$A,BD20&VLOOKUP($AG20,'TARGET MU'!$A:$D,'TARGET MU'!$B$1,FALSE)&$Z20&" "&$AE20,실입고현황!$C:$C)) -> 53 | BL20: =IF($I20="TTL",SUMIF($C:$C,MID($K20,1,SEARCH("TTL",$K20)-2),$BL:$BL),SUMIF(실입고현황!$A:$A,BE20&VLOOKUP($AG20,'TARGET MU'!$A:$D,'TARGET MU'!$B$1,FALSE)&$Z20&" "&$AE20,실입고현황!$C:$C)) -> 0 | BM20: =IF($I20="TTL",SUMIF($C:$C,MID($K20,1,SEARCH("TTL",$K20)-2),$BM:$BM),SUMIF(실입고현황!$A:$A,BF20&VLOOKUP($AG20,'TARGET MU'!$A:$D,'TARGET MU'!$B$1,FALSE)&$Z20&" "&$AE20,실입고현황!$C:$C)) -> 0 | BN20: =IF($I20="TTL",SUMIF($C:$C,MID($K20,1,SEARCH("TTL",$K20)-2),$BN:$BN),IF(($BO20-SUM($BI20,$BJ20,$BK20,BL20,BM20))<$BO20*$BN$6,0,$BO20-SUM($BI20,$BJ20,$BK20,BL20,BM20))) -> 0 | BO20: =IF($I20="TTL",SUMIF($C:$C,MID($K20,1,SEARCH("TTL",$K20)-2),$BO:$BO),$AF20) -> 1200 | BP20: =IF($I20="TTL",SUMIF($C:$C,MID($K20,1,SEARCH("TTL",$K20)-2),$BP:$BP),IF(AO20=0,0,IF($AP20=0,$AO20*$AF20,$AP20*$AF20))) -> 13560000 | BQ20: =IF($I20="TTL",SUMIF($C:$C,MID($K20,1,SEARCH("TTL",$K20)-2),$BQ:$BQ),$AM20*$AF20) -> 56400000 | BR20: =IF(ISERROR($BQ20/($BP20*1.1))=TRUE,0,$BQ20/($BP20*1.1)) -> 3.7811746 | BT20: =IF(ISERROR(Z20&VLOOKUP($AG20,'TARGET MU'!$A:$D,'TARGET MU'!$B$1,FALSE))=TRUE,"",Z20&VLOOKUP($AG20,'TARGET MU'!$A:$D,'TARGET MU'!$B$1,FALSE)) -> DPSSNF3004MT캡보이 | BU20: =AP20 -> 11300 | BV20: =Z20&AE20&AF20&AM20&AG20&AI20&AK20 -> DPSSNF3004MTFRE120047000캡보이02KR | BX20: =IF($I20="TTL","",$L20) -> DPS | BY20: =$O20 -> 3 | BZ20: =$AJ20 -> M | CA20: =$P20 -> SN | CB20: =$R20 -> U | CC20: =$AK20 -> KR | CD20: =$W20 -> 14SS FROZEN SNAP_05_MT | CE20: =$U20 -> DPSSNF3004 | CF20: =$T20 -> 004 | CG20: =$W20 -> 14SS FROZEN SNAP_05_MT | CH20: =$X20 -> MT | CI20: =$AD20 -> 1 | CJ20: =$AE20 -> FRE | CK20: =IF($I20="TTL",SUMIF($C:$C,MID($K20,1,SEARCH("TTL",$K20)-2),$BO:$BO),$AF20) -> 1200 | CL20: =$AV20 -> 0 | CM20: =$AM20 -> 47000 | CN20: =$AP20-$AU20 -> 10600 | CO20: =$AU20 -> 700 | CP20: =$AL20 -> 2 | CQ20: 514 | CT20: =IF($I20="TTL",$K20,$Z20&$AE20) -> DPSSNF3004MTFRE | CU20: =$M20 -> DISNEY PRINCESS | CV20: =IF($I20="TTL","",IF($CT20="","",$Q20&"_"&$T20&IF(R20="K","_KIDS",""))) -> SNAPBACK_004 | CW20: =IF($I20="TTL","",IF($CT20="","",$Y20&"_"&$AE20)) -> MINT_FRE | CX20: =$L20 -> DPS | CY20: =$T20 -> 004 | CZ20: =IF($I20="TTL",SUMIF($C:$C,MID($K20,1,SEARCH("TTL",$K20)-2),$CZ:$CZ),$AF20) -> 1200 | DA20: =$AM20 -> 47000 | DB20: =$Y20 -> MINT | DC20: =$AE20 -> FRE | DG20: 41736 | DH20: =IF(OR($I20="TTL",$I20=""),"",AZ20-$DH$11) -> 41684 | DI20: 41736 | DJ20: 41736 | DK20: 없음 | DL20: 2 | DM20: 0 | DN20: 없음 | DO20: 없음 | DP20: =IF(OR($DN20="없음",$I20="TTL",$I20=""),"",AZ20-$DP$11) | DQ20: 없음 | DR20: 없음 | DS20: 없음 | DT20: 없음 | DU20: 없음 | DV20: 41759 | DW20: 없음 | DX20: 없음 | DY20: 완료 | EC20: =IF(OR($Z19&$AX19=$Z20&$AX19,$Z20&$AX20=""),"",$Z20&$AX20) -> DPSSNF3004MT41736 | ED20: =IF(OR(Z19&AE19=Z20&AE20,Z20=""),"",Z20&AE20) -> DPSSNF3004MTFRE | EE20: =IF($ED20="",0,IF(COUNTIF(ED$12:ED19,ED20)=0,0,COUNTIF(ED$12:ED19,ED20))) -> 0 | EF20: =IF(OR($AJ20="B",$ED20="",MID($U20,8,1)=$EF$9,MID($U20,8,1)=$EF$10),0,1) -> 0 | EG20: =IF(EE20+EF20=0,"","R"&(EE20+EF20)) | EI20: =IF($ED20="","",IF($EE20=0,U20,"")) -> DPSSNF3004 | EJ20: =IF($ED20="","",IF($EE20=0,Z20,"")) -> DPSSNF3004MT | EL20: 없음
A21: =IF(OR($I21="TTL",$I21=""),"",IF(ISERROR(VLOOKUP($B21,CODE!$D:$G,CODE!$F$1-2,FALSE))=TRUE,"전략",VLOOKUP($B21,CODE!$D:$G,CODE!$F$1-2,FALSE))) -> F-CAP | B21: =IF(OR($I21="TTL",$I21=""),"",IF(VLOOKUP($P21,CODE!$K:$O,CODE!$O$1,FALSE)="",$I21,$I21&"-"&VLOOKUP($P21,CODE!$K:$O,CODE!$O$1,FALSE))) -> DPS | C21: =IF($I21="TTL","",I21&"-"&$AG21&"-"&$AI21) -> DPS-캡보이-02 | D21: =$C21&$Z21 -> DPS-캡보이-02DPSSNF3504MT | E21: =IF($I21="TTL",0,IF(ISERROR(IF($Z20=$Z21,$E20,$E20+1))=TRUE,1,IF($Z20=$Z21,$E20,$E20+1))) -> 6 | F21: =$C21&$E21 -> DPS-캡보이-026 | G21: =$F21&"-"&$U21&$Y21&$AE21 -> DPS-캡보이-026-DPSSNF3504MINTOSM | H21: =IF(ISERROR(I21&VLOOKUP(P21,CODE!$K:$N,CODE!$N$1,FALSE)&S21)=TRUE,0,I21&VLOOKUP(P21,CODE!$K:$N,CODE!$N$1,FALSE)&S21) -> DPS의류외504 | I21: =IF(ISERROR(SEARCH("TTL",$K21))=TRUE,IF($L21="","",VLOOKUP($L21,CODE!$B:$G,CODE!$D$1,FALSE)),"TTL") -> DPS | J21: =MID(W21,1,6) -> 14SS F | L21: DPS | M21: =IF(OR($I21="TTL",$L21=""),"",VLOOKUP($L21,CODE!$B:$D,CODE!$C$1,FALSE)) -> DISNEY PRINCESS | N21: =IF(OR($I21="TTL",$L21=""),"",VLOOKUP($K$2,CODE!$S:$T,CODE!$T$1-1,FALSE)) -> F | O21: =IF(OR($I21="TTL",$L21=""),"",VLOOKUP($L$2,CODE!$X:$Y,CODE!$Y$1-1,FALSE)) -> 3 | P21: SN | Q21: =IF(OR($I21="TTL",$P21=""),"",VLOOKUP($P21,CODE!$K:$M,CODE!$L$1,FALSE)) -> SNAPBACK | R21: K | S21: 504 | T21: =IF(OR($I21="TTL",$S21=""),"",IF($S21<10,"00"&$S21,IF($S21<100,"0"&$S21,$S21))) -> 504 | U21: =IF($I21="TTL","",$L21&$P21&$N21&$O21&$T21) -> DPSSNF3504 | V21: =IF($I21="TTL",SUMIF($C:$C,MID($K21,1,SEARCH("TTL",$K21)-2),$V:$V),IF($EI21="",0,1/COUNTIF($EI:$EI,$EI21))) -> 0.5 | W21: 14SS FROZEN SNAP_05_MT_KIDS | X21: =IF($Y21="","",VLOOKUP($Y21,CODE!$AE:$AF,CODE!$AF$1-1,FALSE)) -> MT | Y21: MINT | Z21: =$U21&$X21 -> DPSSNF3504MT | AA21: =VLOOKUP($Z21&$AX21,$EC:$EG,5,FALSE) | AB21: =IF($I21="TTL",SUMIF($C:$C,MID($K21,1,SEARCH("TTL",$K21)-2),$AB:$AB),IF($EJ21="",0,1/COUNTIF($EJ:$EJ,$EJ21))) -> 0.5 | AC21: 0 | AD21: 1 | AE21: OSM | AF21: 800 | AG21: 캡보이 | AH21: 2 | AI21: =IF($AH21=0,"",IF($AH21<10,"0"&$AH21,$AH21)) -> 02 | AJ21: M | AK21: KR | AL21: =IF($AK21=0,"",IF($AK21="KR",2,1)) -> 2 | AM21: =IF(ISERROR(VLOOKUP($F21,[1]기획현황취합!$A$1:$E$65485,[1]기획현황취합!$B$1,FALSE))=TRUE,0,VLOOKUP($F21,[1]기획현황취합!$A$1:$E$65485,[1]기획현황취합!$B$1,FALSE)) -> 43000 | AN21: =IF(ISERROR(VLOOKUP($F21,[1]기획현황취합!$A$1:$E$65485,[1]기획현황취합!$C$1,FALSE))=TRUE,0,VLOOKUP($F21,[1]기획현황취합!$A$1:$E$65485,[1]기획현황취합!$C$1,FALSE)) -> 41752 | AO21: =IF(ISERROR(($AM21/1.1)/VLOOKUP($AG21,'TARGET MU'!$A:$D,'TARGET MU'!$D$1,FALSE))=TRUE,0,($AM21/1.1)/VLOOKUP($AG21,'TARGET MU'!$A:$D,'TARGET MU'!$D$1,FALSE)) -> 9772.7273 | AP21: =IF(OR(AF21=0,AND(AV21=0,AW21=0)),0,IF(AG21="캡보이2",AV21*$AQ$5+AU21,IF(OR(AK21="IN",AK21="BG",AK21="VT",AK21="CB"),$AU21+(($AV21*(1+$AW$4))*(HLOOKUP(VLOOKUP(AG21,'TARGET MU'!$A:$P,'TARGET MU'!$J$1,FALSE),$AO$4:$AR$5,2,FALSE)))+$AW21,$AU21+((($AV21*(1+$AW$4))*(1+HLOOKUP(VLOOKUP($P21,CODE!$K:$P,CODE!$P$1,FALSE),$AS$4:$AV$5,2,FALSE)))*(HLOOKUP(VLOOKUP(AG21,'TARGET MU'!$A:$P,'TARGET MU'!$J$1,FALSE),$AO$4:$AR$5,2,FALSE)))+$AW21))) -> 11300 | AQ21: =AP21-AO21 -> 1527.2727 | AR21: 0 | AS21: 700 | AU21: =SUM(AR21:AT21) -> 700 | AV21: 0 | AW21: 10600 | AX21: =IF(ISERROR(VLOOKUP($F21,[1]기획현황취합!$A$1:$E$65485,[1]기획현황취합!$D$1,FALSE))=TRUE,0,VLOOKUP($F21,[1]기획현황취합!$A$1:$E$65485,[1]기획현황취합!$D$1,FALSE)) -> 41736 | AY21: 0 | AZ21: =IF(ISERROR(VLOOKUP($F21,[1]기획현황취합!$A$1:$E$65485,[1]기획현황취합!$E$1,FALSE))=TRUE,0,VLOOKUP($F21,[1]기획현황취합!$A$1:$E$65485,[1]기획현황취합!$E$1,FALSE)) -> 41774 | BA21: 0 | BB21: 41802 | BC21: 41809 | BD21: 41817 | BF21: 0 | BG21: 확정 | BH21: 확정 | BI21: =IF($I21="TTL",SUMIF($C:$C,MID($K21,1,SEARCH("TTL",$K21)-2),$BI:$BI),SUMIF(실입고현황!$A:$A,BB21&VLOOKUP($AG21,'TARGET MU'!$A:$D,'TARGET MU'!$B$1,FALSE)&$Z21&" "&$AE21,실입고현황!$C:$C)) -> 0 | BJ21: =IF($I21="TTL",SUMIF($C:$C,MID($K21,1,SEARCH("TTL",$K21)-2),$BJ:$BJ),SUMIF(실입고현황!$A:$A,BC21&VLOOKUP($AG21,'TARGET MU'!$A:$D,'TARGET MU'!$B$1,FALSE)&$Z21&" "&$AE21,실입고현황!$C:$C)) -> 759 | BK21: =IF($I21="TTL",SUMIF($C:$C,MID($K21,1,SEARCH("TTL",$K21)-2),$BK:$BK),SUMIF(실입고현황!$A:$A,BD21&VLOOKUP($AG21,'TARGET MU'!$A:$D,'TARGET MU'!$B$1,FALSE)&$Z21&" "&$AE21,실입고현황!$C:$C)) -> 40 | BL21: =IF($I21="TTL",SUMIF($C:$C,MID($K21,1,SEARCH("TTL",$K21)-2),$BL:$BL),SUMIF(실입고현황!$A:$A,BE21&VLOOKUP($AG21,'TARGET MU'!$A:$D,'TARGET MU'!$B$1,FALSE)&$Z21&" "&$AE21,실입고현황!$C:$C)) -> 0 | BM21: =IF($I21="TTL",SUMIF($C:$C,MID($K21,1,SEARCH("TTL",$K21)-2),$BM:$BM),SUMIF(실입고현황!$A:$A,BF21&VLOOKUP($AG21,'TARGET MU'!$A:$D,'TARGET MU'!$B$1,FALSE)&$Z21&" "&$AE21,실입고현황!$C:$C)) -> 0 | BN21: =IF($I21="TTL",SUMIF($C:$C,MID($K21,1,SEARCH("TTL",$K21)-2),$BN:$BN),IF(($BO21-SUM($BI21,$BJ21,$BK21,BL21,BM21))<$BO21*$BN$6,0,$BO21-SUM($BI21,$BJ21,$BK21,BL21,BM21))) -> 0 | BO21: =IF($I21="TTL",SUMIF($C:$C,MID($K21,1,SEARCH("TTL",$K21)-2),$BO:$BO),$AF21) -> 800 | BP21: =IF($I21="TTL",SUMIF($C:$C,MID($K21,1,SEARCH("TTL",$K21)-2),$BP:$BP),IF(AO21=0,0,IF($AP21=0,$AO21*$AF21,$AP21*$AF21))) -> 9040000 | BQ21: =IF($I21="TTL",SUMIF($C:$C,MID($K21,1,SEARCH("TTL",$K21)-2),$BQ:$BQ),$AM21*$AF21) -> 34400000 | BR21: =IF(ISERROR($BQ21/($BP21*1.1))=TRUE,0,$BQ21/($BP21*1.1)) -> 3.4593725 | BT21: =IF(ISERROR(Z21&VLOOKUP($AG21,'TARGET MU'!$A:$D,'TARGET MU'!$B$1,FALSE))=TRUE,"",Z21&VLOOKUP($AG21,'TARGET MU'!$A:$D,'TARGET MU'!$B$1,FALSE)) -> DPSSNF3504MT캡보이 | BU21: =AP21 -> 11300 | BV21: =Z21&AE21&AF21&AM21&AG21&AI21&AK21 -> DPSSNF3504MTOSM80043000캡보이02KR | BX21: =IF($I21="TTL","",$L21) -> DPS | BY21: =$O21 -> 3 | BZ21: =$AJ21 -> M | CA21: =$P21 -> SN | CB21: =$R21 -> K | CC21: =$AK21 -> KR | CD21: =$W21 -> 14SS FROZEN SNAP_05_MT_KIDS | CE21: =$U21 -> DPSSNF3504 | CF21: =$T21 -> 504 | CG21: =$W21 -> 14SS FROZEN SNAP_05_MT_KIDS | CH21: =$X21 -> MT | CI21: =$AD21 -> 1 | CJ21: =$AE21 -> OSM | CK21: =IF($I21="TTL",SUMIF($C:$C,MID($K21,1,SEARCH("TTL",$K21)-2),$BO:$BO),$AF21) -> 800 | CL21: =$AV21 -> 0 | CM21: =$AM21 -> 43000 | CN21: =$AP21-$AU21 -> 10600 | CO21: =$AU21 -> 700 | CP21: =$AL21 -> 2 | CQ21: 628647660 | CT21: =IF($I21="TTL",$K21,$Z21&$AE21) -> DPSSNF3504MTOSM | CU21: =$M21 -> DISNEY PRINCESS | CV21: =IF($I21="TTL","",IF($CT21="","",$Q21&"_"&$T21&IF(R21="K","_KIDS",""))) -> SNAPBACK_504_KIDS | CW21: =IF($I21="TTL","",IF($CT21="","",$Y21&"_"&$AE21)) -> MINT_OSM | CX21: =$L21 -> DPS | CY21: =$T21 -> 504 | CZ21: =IF($I21="TTL",SUMIF($C:$C,MID($K21,1,SEARCH("TTL",$K21)-2),$CZ:$CZ),$AF21) -> 800 | DA21: =$AM21 -> 43000 | DB21: =$Y21 -> MINT | DC21: =$AE21 -> OSM | DG21: 41736 | DH21: =IF(OR($I21="TTL",$I21=""),"",AZ21-$DH$11) -> 41684 | DI21: 41736 | DJ21: 41736 | DK21: 없음 | DL21: 2 | DM21: 0 | DN21: 없음 | DO21: 없음 | DP21: =IF(OR($DN21="없음",$I21="TTL",$I21=""),"",AZ21-$DP$11) | DQ21: 없음 | DR21: 없음 | DS21: 없음 | DT21: 없음 | DU21: 없음 | DV21: 41759 | DW21: 없음 | DX21: 없음 | DY21: 완료 | EC21: =IF(OR($Z20&$AX20=$Z21&$AX20,$Z21&$AX21=""),"",$Z21&$AX21) -> DPSSNF3504MT41736 | ED21: =IF(OR(Z20&AE20=Z21&AE21,Z21=""),"",Z21&AE21) -> DPSSNF3504MTOSM | EE21: =IF($ED21="",0,IF(COUNTIF(ED$12:ED20,ED21)=0,0,COUNTIF(ED$12:ED20,ED21))) -> 0 | EF21: =IF(OR($AJ21="B",$ED21="",MID($U21,8,1)=$EF$9,MID($U21,8,1)=$EF$10),0,1) -> 0 | EG21: =IF(EE21+EF21=0,"","R"&(EE21+EF21)) | EI21: =IF($ED21="","",IF($EE21=0,U21,"")) -> DPSSNF3504 | EJ21: =IF($ED21="","",IF($EE21=0,Z21,"")) -> DPSSNF3504MT | EL21: 없음
A22: =IF(OR($I22="TTL",$I22=""),"",IF(ISERROR(VLOOKUP($B22,CODE!$D:$G,CODE!$F$1-2,FALSE))=TRUE,"전략",VLOOKUP($B22,CODE!$D:$G,CODE!$F$1-2,FALSE))) -> F-CAP | B22: =IF(OR($I22="TTL",$I22=""),"",IF(VLOOKUP($P22,CODE!$K:$O,CODE!$O$1,FALSE)="",$I22,$I22&"-"&VLOOKUP($P22,CODE!$K:$O,CODE!$O$1,FALSE))) -> DPS | C22: =IF($I22="TTL","",I22&"-"&$AG22&"-"&$AI22) -> DPS-캡보이-02 | D22: =$C22&$Z22 -> DPS-캡보이-02DPSSNF3504MT | E22: =IF($I22="TTL",0,IF(ISERROR(IF($Z21=$Z22,$E21,$E21+1))=TRUE,1,IF($Z21=$Z22,$E21,$E21+1))) -> 6 | F22: =$C22&$E22 -> DPS-캡보이-026 | G22: =$F22&"-"&$U22&$Y22&$AE22 -> DPS-캡보이-026-DPSSNF3504MINTOML | H22: =IF(ISERROR(I22&VLOOKUP(P22,CODE!$K:$N,CODE!$N$1,FALSE)&S22)=TRUE,0,I22&VLOOKUP(P22,CODE!$K:$N,CODE!$N$1,FALSE)&S22) -> DPS의류외504 | I22: =IF(ISERROR(SEARCH("TTL",$K22))=TRUE,IF($L22="","",VLOOKUP($L22,CODE!$B:$G,CODE!$D$1,FALSE)),"TTL") -> DPS | J22: =MID(W22,1,6) -> 14SS F | L22: DPS | M22: =IF(OR($I22="TTL",$L22=""),"",VLOOKUP($L22,CODE!$B:$D,CODE!$C$1,FALSE)) -> DISNEY PRINCESS | N22: =IF(OR($I22="TTL",$L22=""),"",VLOOKUP($K$2,CODE!$S:$T,CODE!$T$1-1,FALSE)) -> F | O22: =IF(OR($I22="TTL",$L22=""),"",VLOOKUP($L$2,CODE!$X:$Y,CODE!$Y$1-1,FALSE)) -> 3 | P22: SN | Q22: =IF(OR($I22="TTL",$P22=""),"",VLOOKUP($P22,CODE!$K:$M,CODE!$L$1,FALSE)) -> SNAPBACK | R22: K | S22: 504 | T22: =IF(OR($I22="TTL",$S22=""),"",IF($S22<10,"00"&$S22,IF($S22<100,"0"&$S22,$S22))) -> 504 | U22: =IF($I22="TTL","",$L22&$P22&$N22&$O22&$T22) -> DPSSNF3504 | V22: =IF($I22="TTL",SUMIF($C:$C,MID($K22,1,SEARCH("TTL",$K22)-2),$V:$V),IF($EI22="",0,1/COUNTIF($EI:$EI,$EI22))) -> 0.5 | W22: 14SS FROZEN SNAP_05_MT_KIDS | X22: =IF($Y22="","",VLOOKUP($Y22,CODE!$AE:$AF,CODE!$AF$1-1,FALSE)) -> MT | Y22: MINT | Z22: =$U22&$X22 -> DPSSNF3504MT | AA22: =VLOOKUP($Z22&$AX22,$EC:$EG,5,FALSE) | AB22: =IF($I22="TTL",SUMIF($C:$C,MID($K22,1,SEARCH("TTL",$K22)-2),$AB:$AB),IF($EJ22="",0,1/COUNTIF($EJ:$EJ,$EJ22))) -> 0.5 | AC22: 0 | AD22: 1 | AE22: OML | AF22: 400 | AG22: 캡보이 | AH22: 2 | AI22: =IF($AH22=0,"",IF($AH22<10,"0"&$AH22,$AH22)) -> 02 | AJ22: M | AK22: KR | AL22: =IF($AK22=0,"",IF($AK22="KR",2,1)) -> 2 | AM22: =IF(ISERROR(VLOOKUP($F22,[1]기획현황취합!$A$1:$E$65485,[1]기획현황취합!$B$1,FALSE))=TRUE,0,VLOOKUP($F22,[1]기획현황취합!$A$1:$E$65485,[1]기획현황취합!$B$1,FALSE)) -> 43000 | AN22: =IF(ISERROR(VLOOKUP($F22,[1]기획현황취합!$A$1:$E$65485,[1]기획현황취합!$C$1,FALSE))=TRUE,0,VLOOKUP($F22,[1]기획현황취합!$A$1:$E$65485,[1]기획현황취합!$C$1,FALSE)) -> 41752 | AO22: =IF(ISERROR(($AM22/1.1)/VLOOKUP($AG22,'TARGET MU'!$A:$D,'TARGET MU'!$D$1,FALSE))=TRUE,0,($AM22/1.1)/VLOOKUP($AG22,'TARGET MU'!$A:$D,'TARGET MU'!$D$1,FALSE)) -> 9772.7273 | AP22: =IF(OR(AF22=0,AND(AV22=0,AW22=0)),0,IF(AG22="캡보이2",AV22*$AQ$5+AU22,IF(OR(AK22="IN",AK22="BG",AK22="VT",AK22="CB"),$AU22+(($AV22*(1+$AW$4))*(HLOOKUP(VLOOKUP(AG22,'TARGET MU'!$A:$P,'TARGET MU'!$J$1,FALSE),$AO$4:$AR$5,2,FALSE)))+$AW22,$AU22+((($AV22*(1+$AW$4))*(1+HLOOKUP(VLOOKUP($P22,CODE!$K:$P,CODE!$P$1,FALSE),$AS$4:$AV$5,2,FALSE)))*(HLOOKUP(VLOOKUP(AG22,'TARGET MU'!$A:$P,'TARGET MU'!$J$1,FALSE),$AO$4:$AR$5,2,FALSE)))+$AW22))) -> 11300 | AQ22: =AP22-AO22 -> 1527.2727 | AR22: 0 | AS22: 700 | AU22: =SUM(AR22:AT22) -> 700 | AV22: 0 | AW22: 10600 | AX22: =IF(ISERROR(VLOOKUP($F22,[1]기획현황취합!$A$1:$E$65485,[1]기획현황취합!$D$1,FALSE))=TRUE,0,VLOOKUP($F22,[1]기획현황취합!$A$1:$E$65485,[1]기획현황취합!$D$1,FALSE)) -> 41736 | AY22: 0 | AZ22: =IF(ISERROR(VLOOKUP($F22,[1]기획현황취합!$A$1:$E$65485,[1]기획현황취합!$E$1,FALSE))=TRUE,0,VLOOKUP($F22,[1]기획현황취합!$A$1:$E$65485,[1]기획현황취합!$E$1,FALSE)) -> 41774 | BA22: 0 | BB22: 41802 | BC22: 41809 | BD22: 41817 | BF22: 0 | BG22: 확정 | BH22: 확정 | BI22: =IF($I22="TTL",SUMIF($C:$C,MID($K22,1,SEARCH("TTL",$K22)-2),$BI:$BI),SUMIF(실입고현황!$A:$A,BB22&VLOOKUP($AG22,'TARGET MU'!$A:$D,'TARGET MU'!$B$1,FALSE)&$Z22&" "&$AE22,실입고현황!$C:$C)) -> 400 | BJ22: =IF($I22="TTL",SUMIF($C:$C,MID($K22,1,SEARCH("TTL",$K22)-2),$BJ:$BJ),SUMIF(실입고현황!$A:$A,BC22&VLOOKUP($AG22,'TARGET MU'!$A:$D,'TARGET MU'!$B$1,FALSE)&$Z22&" "&$AE22,실입고현황!$C:$C)) -> 0 | BK22: =IF($I22="TTL",SUMIF($C:$C,MID($K22,1,SEARCH("TTL",$K22)-2),$BK:$BK),SUMIF(실입고현황!$A:$A,BD22&VLOOKUP($AG22,'TARGET MU'!$A:$D,'TARGET MU'!$B$1,FALSE)&$Z22&" "&$AE22,실입고현황!$C:$C)) -> 0 | BL22: =IF($I22="TTL",SUMIF($C:$C,MID($K22,1,SEARCH("TTL",$K22)-2),$BL:$BL),SUMIF(실입고현황!$A:$A,BE22&VLOOKUP($AG22,'TARGET MU'!$A:$D,'TARGET MU'!$B$1,FALSE)&$Z22&" "&$AE22,실입고현황!$C:$C)) -> 0 | BM22: =IF($I22="TTL",SUMIF($C:$C,MID($K22,1,SEARCH("TTL",$K22)-2),$BM:$BM),SUMIF(실입고현황!$A:$A,BF22&VLOOKUP($AG22,'TARGET MU'!$A:$D,'TARGET MU'!$B$1,FALSE)&$Z22&" "&$AE22,실입고현황!$C:$C)) -> 0 | BN22: =IF($I22="TTL",SUMIF($C:$C,MID($K22,1,SEARCH("TTL",$K22)-2),$BN:$BN),IF(($BO22-SUM($BI22,$BJ22,$BK22,BL22,BM22))<$BO22*$BN$6,0,$BO22-SUM($BI22,$BJ22,$BK22,BL22,BM22))) -> 0 | BO22: =IF($I22="TTL",SUMIF($C:$C,MID($K22,1,SEARCH("TTL",$K22)-2),$BO:$BO),$AF22) -> 400 | BP22: =IF($I22="TTL",SUMIF($C:$C,MID($K22,1,SEARCH("TTL",$K22)-2),$BP:$BP),IF(AO22=0,0,IF($AP22=0,$AO22*$AF22,$AP22*$AF22))) -> 4520000 | BQ22: =IF($I22="TTL",SUMIF($C:$C,MID($K22,1,SEARCH("TTL",$K22)-2),$BQ:$BQ),$AM22*$AF22) -> 17200000 | BR22: =IF(ISERROR($BQ22/($BP22*1.1))=TRUE,0,$BQ22/($BP22*1.1)) -> 3.4593725 | BT22: =IF(ISERROR(Z22&VLOOKUP($AG22,'TARGET MU'!$A:$D,'TARGET MU'!$B$1,FALSE))=TRUE,"",Z22&VLOOKUP($AG22,'TARGET MU'!$A:$D,'TARGET MU'!$B$1,FALSE)) -> DPSSNF3504MT캡보이 | BU22: =AP22 -> 11300 | BV22: =Z22&AE22&AF22&AM22&AG22&AI22&AK22 -> DPSSNF3504MTOML40043000캡보이02KR | BX22: =IF($I22="TTL","",$L22) -> DPS | BY22: =$O22 -> 3 | BZ22: =$AJ22 -> M | CA22: =$P22 -> SN | CB22: =$R22 -> K | CC22: =$AK22 -> KR | CD22: =$W22 -> 14SS FROZEN SNAP_05_MT_KIDS | CE22: =$U22 -> DPSSNF3504 | CF22: =$T22 -> 504 | CG22: =$W22 -> 14SS FROZEN SNAP_05_MT_KIDS | CH22: =$X22 -> MT | CI22: =$AD22 -> 1 | CJ22: =$AE22 -> OML | CK22: =IF($I22="TTL",SUMIF($C:$C,MID($K22,1,SEARCH("TTL",$K22)-2),$BO:$BO),$AF22) -> 400 | CL22: =$AV22 -> 0 | CM22: =$AM22 -> 43000 | CN22: =$AP22-$AU22 -> 10600 | CO22: =$AU22 -> 700 | CP22: =$AL22 -> 2 | CQ22: 628 | CT22: =IF($I22="TTL",$K22,$Z22&$AE22) -> DPSSNF3504MTOML | CU22: =$M22 -> DISNEY PRINCESS | CV22: =IF($I22="TTL","",IF($CT22="","",$Q22&"_"&$T22&IF(R22="K","_KIDS",""))) -> SNAPBACK_504_KIDS | CW22: =IF($I22="TTL","",IF($CT22="","",$Y22&"_"&$AE22)) -> MINT_OML | CX22: =$L22 -> DPS | CY22: =$T22 -> 504 | CZ22: =IF($I22="TTL",SUMIF($C:$C,MID($K22,1,SEARCH("TTL",$K22)-2),$CZ:$CZ),$AF22) -> 400 | DA22: =$AM22 -> 43000 | DB22: =$Y22 -> MINT | DC22: =$AE22 -> OML | DG22: 41736 | DH22: =IF(OR($I22="TTL",$I22=""),"",AZ22-$DH$11) -> 41684 | DI22: 41736 | DJ22: 41736 | DK22: 없음 | DL22: 2 | DM22: 0 | DN22: 없음 | DO22: 없음 | DP22: =IF(OR($DN22="없음",$I22="TTL",$I22=""),"",AZ22-$DP$11) | DQ22: 없음 | DR22: 없음 | DS22: 없음 | DT22: 없음 | DU22: 없음 | DV22: 41759 | DW22: 없음 | DX22: 없음 | DY22: 완료 | EC22: =IF(OR($Z21&$AX21=$Z22&$AX21,$Z22&$AX22=""),"",$Z22&$AX22) | ED22: =IF(OR(Z21&AE21=Z22&AE22,Z22=""),"",Z22&AE22) -> DPSSNF3504MTOML | EE22: =IF($ED22="",0,IF(COUNTIF(ED$12:ED21,ED22)=0,0,COUNTIF(ED$12:ED21,ED22))) -> 0 | EF22: =IF(OR($AJ22="B",$ED22="",MID($U22,8,1)=$EF$9,MID($U22,8,1)=$EF$10),0,1) -> 0 | EG22: =IF(EE22+EF22=0,"","R"&(EE22+EF22)) | EI22: =IF($ED22="","",IF($EE22=0,U22,"")) -> DPSSNF3504 | EJ22: =IF($ED22="","",IF($EE22=0,Z22,"")) -> DPSSNF3504MT | EL22: 없음
A23: =IF(OR($I23="TTL",$I23=""),"",IF(ISERROR(VLOOKUP($B23,CODE!$D:$G,CODE!$F$1-2,FALSE))=TRUE,"전략",VLOOKUP($B23,CODE!$D:$G,CODE!$F$1-2,FALSE))) -> F-CAP | B23: =IF(OR($I23="TTL",$I23=""),"",IF(VLOOKUP($P23,CODE!$K:$O,CODE!$O$1,FALSE)="",$I23,$I23&"-"&VLOOKUP($P23,CODE!$K:$O,CODE!$O$1,FALSE))) -> DPS | C23: =IF($I23="TTL","",I23&"-"&$AG23&"-"&$AI23) -> DPS-캡보이-02 | D23: =$C23&$Z23 -> DPS-캡보이-02DPSSNF3005GY | E23: =IF($I23="TTL",0,IF(ISERROR(IF($Z22=$Z23,$E22,$E22+1))=TRUE,1,IF($Z22=$Z23,$E22,$E22+1))) -> 7 | F23: =$C23&$E23 -> DPS-캡보이-027 | G23: =$F23&"-"&$U23&$Y23&$AE23 -> DPS-캡보이-027-DPSSNF3005GREYFRE | H23: =IF(ISERROR(I23&VLOOKUP(P23,CODE!$K:$N,CODE!$N$1,FALSE)&S23)=TRUE,0,I23&VLOOKUP(P23,CODE!$K:$N,CODE!$N$1,FALSE)&S23) -> DPS의류외5 | I23: =IF(ISERROR(SEARCH("TTL",$K23))=TRUE,IF($L23="","",VLOOKUP($L23,CODE!$B:$G,CODE!$D$1,FALSE)),"TTL") -> DPS | J23: =MID(W23,1,6) -> 14SS F | L23: DPS | M23: =IF(OR($I23="TTL",$L23=""),"",VLOOKUP($L23,CODE!$B:$D,CODE!$C$1,FALSE)) -> DISNEY PRINCESS | N23: =IF(OR($I23="TTL",$L23=""),"",VLOOKUP($K$2,CODE!$S:$T,CODE!$T$1-1,FALSE)) -> F | O23: =IF(OR($I23="TTL",$L23=""),"",VLOOKUP($L$2,CODE!$X:$Y,CODE!$Y$1-1,FALSE)) -> 3 | P23: SN | Q23: =IF(OR($I23="TTL",$P23=""),"",VLOOKUP($P23,CODE!$K:$M,CODE!$L$1,FALSE)) -> SNAPBACK | R23: U | S23: 5 | T23: =IF(OR($I23="TTL",$S23=""),"",IF($S23<10,"00"&$S23,IF($S23<100,"0"&$S23,$S23))) -> 005 | U23: =IF($I23="TTL","",$L23&$P23&$N23&$O23&$T23) -> DPSSNF3005 | V23: =IF($I23="TTL",SUMIF($C:$C,MID($K23,1,SEARCH("TTL",$K23)-2),$V:$V),IF($EI23="",0,1/COUNTIF($EI:$EI,$EI23))) -> 0.5 | W23: 14SS FROZEN SNAP_06_GY | X23: =IF($Y23="","",VLOOKUP($Y23,CODE!$AE:$AF,CODE!$AF$1-1,FALSE)) -> GY | Y23: GREY | Z23: =$U23&$X23 -> DPSSNF3005GY | AA23: =VLOOKUP($Z23&$AX23,$EC:$EG,5,FALSE) | AB23: =IF($I23="TTL",SUMIF($C:$C,MID($K23,1,SEARCH("TTL",$K23)-2),$AB:$AB),IF($EJ23="",0,1/COUNTIF($EJ:$EJ,$EJ23))) -> 1 | AC23: 0 | AD23: 1 | AE23: FRE | AF23: 1200 | AG23: 캡보이 | AH23: 2 | AI23: =IF($AH23=0,"",IF($AH23<10,"0"&$AH23,$AH23)) -> 02 | AJ23: M | AK23: KR | AL23: =IF($AK23=0,"",IF($AK23="KR",2,1)) -> 2 | AM23: =IF(ISERROR(VLOOKUP($F23,[1]기획현황취합!$A$1:$E$65485,[1]기획현황취합!$B$1,FALSE))=TRUE,0,VLOOKUP($F23,[1]기획현황취합!$A$1:$E$65485,[1]기획현황취합!$B$1,FALSE)) -> 47000 | AN23: =IF(ISERROR(VLOOKUP($F23,[1]기획현황취합!$A$1:$E$65485,[1]기획현황취합!$C$1,FALSE))=TRUE,0,VLOOKUP($F23,[1]기획현황취합!$A$1:$E$65485,[1]기획현황취합!$C$1,FALSE)) -> 41752 | AO23: =IF(ISERROR(($AM23/1.1)/VLOOKUP($AG23,'TARGET MU'!$A:$D,'TARGET MU'!$D$1,FALSE))=TRUE,0,($AM23/1.1)/VLOOKUP($AG23,'TARGET MU'!$A:$D,'TARGET MU'!$D$1,FALSE)) -> 10681.818 | AP23: =IF(OR(AF23=0,AND(AV23=0,AW23=0)),0,IF(AG23="캡보이2",AV23*$AQ$5+AU23,IF(OR(AK23="IN",AK23="BG",AK23="VT",AK23="CB"),$AU23+(($AV23*(1+$AW$4))*(HLOOKUP(VLOOKUP(AG23,'TARGET MU'!$A:$P,'TARGET MU'!$J$1,FALSE),$AO$4:$AR$5,2,FALSE)))+$AW23,$AU23+((($AV23*(1+$AW$4))*(1+HLOOKUP(VLOOKUP($P23,CODE!$K:$P,CODE!$P$1,FALSE),$AS$4:$AV$5,2,FALSE)))*(HLOOKUP(VLOOKUP(AG23,'TARGET MU'!$A:$P,'TARGET MU'!$J$1,FALSE),$AO$4:$AR$5,2,FALSE)))+$AW23))) -> 10100 | AQ23: =AP23-AO23 -> -581.81818 | AR23: 0 | AS23: 0 | AU23: =SUM(AR23:AT23) -> 0 | AV23: 0 | AW23: 10100 | AX23: =IF(ISERROR(VLOOKUP($F23,[1]기획현황취합!$A$1:$E$65485,[1]기획현황취합!$D$1,FALSE))=TRUE,0,VLOOKUP($F23,[1]기획현황취합!$A$1:$E$65485,[1]기획현황취합!$D$1,FALSE)) -> 41736 | AY23: 0 | AZ23: =IF(ISERROR(VLOOKUP($F23,[1]기획현황취합!$A$1:$E$65485,[1]기획현황취합!$E$1,FALSE))=TRUE,0,VLOOKUP($F23,[1]기획현황취합!$A$1:$E$65485,[1]기획현황취합!$E$1,FALSE)) -> 41774 | BA23: 0 | BB23: 41761 | BC23: 41775 | BF23: 0 | BG23: 확정 | BH23: 확정 | BI23: =IF($I23="TTL",SUMIF($C:$C,MID($K23,1,SEARCH("TTL",$K23)-2),$BI:$BI),SUMIF(실입고현황!$A:$A,BB23&VLOOKUP($AG23,'TARGET MU'!$A:$D,'TARGET MU'!$B$1,FALSE)&$Z23&" "&$AE23,실입고현황!$C:$C)) -> 224 | BJ23: =IF($I23="TTL",SUMIF($C:$C,MID($K23,1,SEARCH("TTL",$K23)-2),$BJ:$BJ),SUMIF(실입고현황!$A:$A,BC23&VLOOKUP($AG23,'TARGET MU'!$A:$D,'TARGET MU'!$B$1,FALSE)&$Z23&" "&$AE23,실입고현황!$C:$C)) -> 986 | BK23: =IF($I23="TTL",SUMIF($C:$C,MID($K23,1,SEARCH("TTL",$K23)-2),$BK:$BK),SUMIF(실입고현황!$A:$A,BD23&VLOOKUP($AG23,'TARGET MU'!$A:$D,'TARGET MU'!$B$1,FALSE)&$Z23&" "&$AE23,실입고현황!$C:$C)) -> 0 | BL23: =IF($I23="TTL",SUMIF($C:$C,MID($K23,1,SEARCH("TTL",$K23)-2),$BL:$BL),SUMIF(실입고현황!$A:$A,BE23&VLOOKUP($AG23,'TARGET MU'!$A:$D,'TARGET MU'!$B$1,FALSE)&$Z23&" "&$AE23,실입고현황!$C:$C)) -> 0 | BM23: =IF($I23="TTL",SUMIF($C:$C,MID($K23,1,SEARCH("TTL",$K23)-2),$BM:$BM),SUMIF(실입고현황!$A:$A,BF23&VLOOKUP($AG23,'TARGET MU'!$A:$D,'TARGET MU'!$B$1,FALSE)&$Z23&" "&$AE23,실입고현황!$C:$C)) -> 0 | BN23: =IF($I23="TTL",SUMIF($C:$C,MID($K23,1,SEARCH("TTL",$K23)-2),$BN:$BN),IF(($BO23-SUM($BI23,$BJ23,$BK23,BL23,BM23))<$BO23*$BN$6,0,$BO23-SUM($BI23,$BJ23,$BK23,BL23,BM23))) -> 0 | BO23: =IF($I23="TTL",SUMIF($C:$C,MID($K23,1,SEARCH("TTL",$K23)-2),$BO:$BO),$AF23) -> 1200 | BP23: =IF($I23="TTL",SUMIF($C:$C,MID($K23,1,SEARCH("TTL",$K23)-2),$BP:$BP),IF(AO23=0,0,IF($AP23=0,$AO23*$AF23,$AP23*$AF23))) -> 12120000 | BQ23: =IF($I23="TTL",SUMIF($C:$C,MID($K23,1,SEARCH("TTL",$K23)-2),$BQ:$BQ),$AM23*$AF23) -> 56400000 | BR23: =IF(ISERROR($BQ23/($BP23*1.1))=TRUE,0,$BQ23/($BP23*1.1)) -> 4.230423 | BT23: =IF(ISERROR(Z23&VLOOKUP($AG23,'TARGET MU'!$A:$D,'TARGET MU'!$B$1,FALSE))=TRUE,"",Z23&VLOOKUP($AG23,'TARGET MU'!$A:$D,'TARGET MU'!$B$1,FALSE)) -> DPSSNF3005GY캡보이 | BU23: =AP23 -> 10100 | BV23: =Z23&AE23&AF23&AM23&AG23&AI23&AK23 -> DPSSNF3005GYFRE120047000캡보이02KR | BX23: =IF($I23="TTL","",$L23) -> DPS | BY23: =$O23 -> 3 | BZ23: =$AJ23 -> M | CA23: =$P23 -> SN | CB23: =$R23 -> U | CC23: =$AK23 -> KR | CD23: =$W23 -> 14SS FROZEN SNAP_06_GY | CE23: =$U23 -> DPSSNF3005 | CF23: =$T23 -> 005 | CG23: =$W23 -> 14SS FROZEN SNAP_06_GY | CH23: =$X23 -> GY | CI23: =$AD23 -> 1 | CJ23: =$AE23 -> FRE | CK23: =IF($I23="TTL",SUMIF($C:$C,MID($K23,1,SEARCH("TTL",$K23)-2),$BO:$BO),$AF23) -> 1200 | CL23: =$AV23 -> 0 | CM23: =$AM23 -> 47000 | CN23: =$AP23-$AU23 -> 10100 | CO23: =$AU23 -> 0 | CP23: =$AL23 -> 2 | CQ23: 514556 | CT23: =IF($I23="TTL",$K23,$Z23&$AE23) -> DPSSNF3005GYFRE | CU23: =$M23 -> DISNEY PRINCESS | CV23: =IF($I23="TTL","",IF($CT23="","",$Q23&"_"&$T23&IF(R23="K","_KIDS",""))) -> SNAPBACK_005 | CW23: =IF($I23="TTL","",IF($CT23="","",$Y23&"_"&$AE23)) -> GREY_FRE | CX23: =$L23 -> DPS | CY23: =$T23 -> 005 | CZ23: =IF($I23="TTL",SUMIF($C:$C,MID($K23,1,SEARCH("TTL",$K23)-2),$CZ:$CZ),$AF23) -> 1200 | DA23: =$AM23 -> 47000 | DB23: =$Y23 -> GREY | DC23: =$AE23 -> FRE | DG23: 41736 | DH23: =IF(OR($I23="TTL",$I23=""),"",AZ23-$DH$11) -> 41684 | DI23: 41736 | DJ23: 41736 | DK23: 없음 | DL23: 2 | DM23: 1 | DN23: 없음 | DO23: 없음 | DP23: =IF(OR($DN23="없음",$I23="TTL",$I23=""),"",AZ23-$DP$11) | DQ23: 없음 | DR23: 없음 | DS23: 없음 | DT23: 없음 | DU23: 없음 | DV23: 41759 | DW23: 없음 | DX23: 없음 | DY23: 완료 | EC23: =IF(OR($Z22&$AX22=$Z23&$AX22,$Z23&$AX23=""),"",$Z23&$AX23) -> DPSSNF3005GY41736 | ED23: =IF(OR(Z22&AE22=Z23&AE23,Z23=""),"",Z23&AE23) -> DPSSNF3005GYFRE | EE23: =IF($ED23="",0,IF(COUNTIF(ED$12:ED22,ED23)=0,0,COUNTIF(ED$12:ED22,ED23))) -> 0 | EF23: =IF(OR($AJ23="B",$ED23="",MID($U23,8,1)=$EF$9,MID($U23,8,1)=$EF$10),0,1) -> 0 | EG23: =IF(EE23+EF23=0,"","R"&(EE23+EF23)) | EI23: =IF($ED23="","",IF($EE23=0,U23,"")) -> DPSSNF3005 | EJ23: =IF($ED23="","",IF($EE23=0,Z23,"")) -> DPSSNF3005GY | EL23: 없음
A24: =IF(OR($I24="TTL",$I24=""),"",IF(ISERROR(VLOOKUP($B24,CODE!$D:$G,CODE!$F$1-2,FALSE))=TRUE,"전략",VLOOKUP($B24,CODE!$D:$G,CODE!$F$1-2,FALSE))) -> F-CAP | B24: =IF(OR($I24="TTL",$I24=""),"",IF(VLOOKUP($P24,CODE!$K:$O,CODE!$O$1,FALSE)="",$I24,$I24&"-"&VLOOKUP($P24,CODE!$K:$O,CODE!$O$1,FALSE))) -> DPS | C24: =IF($I24="TTL","",I24&"-"&$AG24&"-"&$AI24) -> DPS-캡보이-02 | D24: =$C24&$Z24 -> DPS-캡보이-02DPSSNF3005BK | E24: =IF($I24="TTL",0,IF(ISERROR(IF($Z23=$Z24,$E23,$E23+1))=TRUE,1,IF($Z23=$Z24,$E23,$E23+1))) -> 8 | F24: =$C24&$E24 -> DPS-캡보이-028 | G24: =$F24&"-"&$U24&$Y24&$AE24 -> DPS-캡보이-028-DPSSNF3005BLACKFRE | H24: =IF(ISERROR(I24&VLOOKUP(P24,CODE!$K:$N,CODE!$N$1,FALSE)&S24)=TRUE,0,I24&VLOOKUP(P24,CODE!$K:$N,CODE!$N$1,FALSE)&S24) -> DPS의류외5 | I24: =IF(ISERROR(SEARCH("TTL",$K24))=TRUE,IF($L24="","",VLOOKUP($L24,CODE!$B:$G,CODE!$D$1,FALSE)),"TTL") -> DPS | J24: =MID(W24,1,6) -> 14SS F | L24: DPS | M24: =IF(OR($I24="TTL",$L24=""),"",VLOOKUP($L24,CODE!$B:$D,CODE!$C$1,FALSE)) -> DISNEY PRINCESS | N24: =IF(OR($I24="TTL",$L24=""),"",VLOOKUP($K$2,CODE!$S:$T,CODE!$T$1-1,FALSE)) -> F | O24: =IF(OR($I24="TTL",$L24=""),"",VLOOKUP($L$2,CODE!$X:$Y,CODE!$Y$1-1,FALSE)) -> 3 | P24: SN | Q24: =IF(OR($I24="TTL",$P24=""),"",VLOOKUP($P24,CODE!$K:$M,CODE!$L$1,FALSE)) -> SNAPBACK | R24: U | S24: 5 | T24: =IF(OR($I24="TTL",$S24=""),"",IF($S24<10,"00"&$S24,IF($S24<100,"0"&$S24,$S24))) -> 005 | U24: =IF($I24="TTL","",$L24&$P24&$N24&$O24&$T24) -> DPSSNF3005 | V24: =IF($I24="TTL",SUMIF($C:$C,MID($K24,1,SEARCH("TTL",$K24)-2),$V:$V),IF($EI24="",0,1/COUNTIF($EI:$EI,$EI24))) -> 0.5 | W24: 14SS FROZEN SNAP_06_BK | X24: =IF($Y24="","",VLOOKUP($Y24,CODE!$AE:$AF,CODE!$AF$1-1,FALSE)) -> BK | Y24: BLACK | Z24: =$U24&$X24 -> DPSSNF3005BK | AA24: =VLOOKUP($Z24&$AX24,$EC:$EG,5,FALSE) | AB24: =IF($I24="TTL",SUMIF($C:$C,MID($K24,1,SEARCH("TTL",$K24)-2),$AB:$AB),IF($EJ24="",0,1/COUNTIF($EJ:$EJ,$EJ24))) -> 1 | AC24: 0 | AD24: 1 | AE24: FRE | AF24: 1200 | AG24: 캡보이 | AH24: 2 | AI24: =IF($AH24=0,"",IF($AH24<10,"0"&$AH24,$AH24)) -> 02 | AJ24: M | AK24: KR | AL24: =IF($AK24=0,"",IF($AK24="KR",2,1)) -> 2 | AM24: =IF(ISERROR(VLOOKUP($F24,[1]기획현황취합!$A$1:$E$65485,[1]기획현황취합!$B$1,FALSE))=TRUE,0,VLOOKUP($F24,[1]기획현황취합!$A$1:$E$65485,[1]기획현황취합!$B$1,FALSE)) -> 47000 | AN24: =IF(ISERROR(VLOOKUP($F24,[1]기획현황취합!$A$1:$E$65485,[1]기획현황취합!$C$1,FALSE))=TRUE,0,VLOOKUP($F24,[1]기획현황취합!$A$1:$E$65485,[1]기획현황취합!$C$1,FALSE)) -> 41752 | AO24: =IF(ISERROR(($AM24/1.1)/VLOOKUP($AG24,'TARGET MU'!$A:$D,'TARGET MU'!$D$1,FALSE))=TRUE,0,($AM24/1.1)/VLOOKUP($AG24,'TARGET MU'!$A:$D,'TARGET MU'!$D$1,FALSE)) -> 10681.818 | AP24: =IF(OR(AF24=0,AND(AV24=0,AW24=0)),0,IF(AG24="캡보이2",AV24*$AQ$5+AU24,IF(OR(AK24="IN",AK24="BG",AK24="VT",AK24="CB"),$AU24+(($AV24*(1+$AW$4))*(HLOOKUP(VLOOKUP(AG24,'TARGET MU'!$A:$P,'TARGET MU'!$J$1,FALSE),$AO$4:$AR$5,2,FALSE)))+$AW24,$AU24+((($AV24*(1+$AW$4))*(1+HLOOKUP(VLOOKUP($P24,CODE!$K:$P,CODE!$P$1,FALSE),$AS$4:$AV$5,2,FALSE)))*(HLOOKUP(VLOOKUP(AG24,'TARGET MU'!$A:$P,'TARGET MU'!$J$1,FALSE),$AO$4:$AR$5,2,FALSE)))+$AW24))) -> 10500 | AQ24: =AP24-AO24 -> -181.81818 | AR24: 0 | AS24: 0 | AU24: =SUM(AR24:AT24) -> 0 | AV24: 0 | AW24: 10500 | AX24: =IF(ISERROR(VLOOKUP($F24,[1]기획현황취합!$A$1:$E$65485,[1]기획현황취합!$D$1,FALSE))=TRUE,0,VLOOKUP($F24,[1]기획현황취합!$A$1:$E$65485,[1]기획현황취합!$D$1,FALSE)) -> 41736 | AY24: 0 | AZ24: =IF(ISERROR(VLOOKUP($F24,[1]기획현황취합!$A$1:$E$65485,[1]기획현황취합!$E$1,FALSE))=TRUE,0,VLOOKUP($F24,[1]기획현황취합!$A$1:$E$65485,[1]기획현황취합!$E$1,FALSE)) -> 41774 | BA24: 0 | BB24: 41761 | BC24: 41768 | BD24: 41775 | BF24: 0 | BG24: 확정 | BH24: 확정 | BI24: =IF($I24="TTL",SUMIF($C:$C,MID($K24,1,SEARCH("TTL",$K24)-2),$BI:$BI),SUMIF(실입고현황!$A:$A,BB24&VLOOKUP($AG24,'TARGET MU'!$A:$D,'TARGET MU'!$B$1,FALSE)&$Z24&" "&$AE24,실입고현황!$C:$C)) -> 200 | BJ24: =IF($I24="TTL",SUMIF($C:$C,MID($K24,1,SEARCH("TTL",$K24)-2),$BJ:$BJ),SUMIF(실입고현황!$A:$A,BC24&VLOOKUP($AG24,'TARGET MU'!$A:$D,'TARGET MU'!$B$1,FALSE)&$Z24&" "&$AE24,실입고현황!$C:$C)) -> 300 | BK24: =IF($I24="TTL",SUMIF($C:$C,MID($K24,1,SEARCH("TTL",$K24)-2),$BK:$BK),SUMIF(실입고현황!$A:$A,BD24&VLOOKUP($AG24,'TARGET MU'!$A:$D,'TARGET MU'!$B$1,FALSE)&$Z24&" "&$AE24,실입고현황!$C:$C)) -> 682 | BL24: =IF($I24="TTL",SUMIF($C:$C,MID($K24,1,SEARCH("TTL",$K24)-2),$BL:$BL),SUMIF(실입고현황!$A:$A,BE24&VLOOKUP($AG24,'TARGET MU'!$A:$D,'TARGET MU'!$B$1,FALSE)&$Z24&" "&$AE24,실입고현황!$C:$C)) -> 0 | BM24: =IF($I24="TTL",SUMIF($C:$C,MID($K24,1,SEARCH("TTL",$K24)-2),$BM:$BM),SUMIF(실입고현황!$A:$A,BF24&VLOOKUP($AG24,'TARGET MU'!$A:$D,'TARGET MU'!$B$1,FALSE)&$Z24&" "&$AE24,실입고현황!$C:$C)) -> 0 | BN24: =IF($I24="TTL",SUMIF($C:$C,MID($K24,1,SEARCH("TTL",$K24)-2),$BN:$BN),IF(($BO24-SUM($BI24,$BJ24,$BK24,BL24,BM24))<$BO24*$BN$6,0,$BO24-SUM($BI24,$BJ24,$BK24,BL24,BM24))) -> 0 | BO24: =IF($I24="TTL",SUMIF($C:$C,MID($K24,1,SEARCH("TTL",$K24)-2),$BO:$BO),$AF24) -> 1200 | BP24: =IF($I24="TTL",SUMIF($C:$C,MID($K24,1,SEARCH("TTL",$K24)-2),$BP:$BP),IF(AO24=0,0,IF($AP24=0,$AO24*$AF24,$AP24*$AF24))) -> 12600000 | BQ24: =IF($I24="TTL",SUMIF($C:$C,MID($K24,1,SEARCH("TTL",$K24)-2),$BQ:$BQ),$AM24*$AF24) -> 56400000 | BR24: =IF(ISERROR($BQ24/($BP24*1.1))=TRUE,0,$BQ24/($BP24*1.1)) -> 4.0692641 | BT24: =IF(ISERROR(Z24&VLOOKUP($AG24,'TARGET MU'!$A:$D,'TARGET MU'!$B$1,FALSE))=TRUE,"",Z24&VLOOKUP($AG24,'TARGET MU'!$A:$D,'TARGET MU'!$B$1,FALSE)) -> DPSSNF3005BK캡보이 | BU24: =AP24 -> 10500 | BV24: =Z24&AE24&AF24&AM24&AG24&AI24&AK24 -> DPSSNF3005BKFRE120047000캡보이02KR | BX24: =IF($I24="TTL","",$L24) -> DPS | BY24: =$O24 -> 3 | BZ24: =$AJ24 -> M | CA24: =$P24 -> SN | CB24: =$R24 -> U | CC24: =$AK24 -> KR | CD24: =$W24 -> 14SS FROZEN SNAP_06_BK | CE24: =$U24 -> DPSSNF3005 | CF24: =$T24 -> 005 | CG24: =$W24 -> 14SS FROZEN SNAP_06_BK | CH24: =$X24 -> BK | CI24: =$AD24 -> 1 | CJ24: =$AE24 -> FRE | CK24: =IF($I24="TTL",SUMIF($C:$C,MID($K24,1,SEARCH("TTL",$K24)-2),$BO:$BO),$AF24) -> 1200 | CL24: =$AV24 -> 0 | CM24: =$AM24 -> 47000 | CN24: =$AP24-$AU24 -> 10500 | CO24: =$AU24 -> 0 | CP24: =$AL24 -> 2 | CQ24: 514.530 .556 | CT24: =IF($I24="TTL",$K24,$Z24&$AE24) -> DPSSNF3005BKFRE | CU24: =$M24 -> DISNEY PRINCESS | CV24: =IF($I24="TTL","",IF($CT24="","",$Q24&"_"&$T24&IF(R24="K","_KIDS",""))) -> SNAPBACK_005 | CW24: =IF($I24="TTL","",IF($CT24="","",$Y24&"_"&$AE24)) -> BLACK_FRE | CX24: =$L24 -> DPS | CY24: =$T24 -> 005 | CZ24: =IF($I24="TTL",SUMIF($C:$C,MID($K24,1,SEARCH("TTL",$K24)-2),$CZ:$CZ),$AF24) -> 1200 | DA24: =$AM24 -> 47000 | DB24: =$Y24 -> BLACK | DC24: =$AE24 -> FRE | DG24: 41736 | DH24: =IF(OR($I24="TTL",$I24=""),"",AZ24-$DH$11) -> 41684 | DI24: 41736 | DJ24: 41736 | DK24: 없음 | DL24: 2 | DM24: 0 | DN24: 없음 | DO24: 없음 | DP24: =IF(OR($DN24="없음",$I24="TTL",$I24=""),"",AZ24-$DP$11) | DQ24: 없음 | DR24: 없음 | DS24: 없음 | DT24: 없음 | DU24: 없음 | DV24: 41759 | DW24: 없음 | DX24: 없음 | DY24: 완료 | EC24: =IF(OR($Z23&$AX23=$Z24&$AX23,$Z24&$AX24=""),"",$Z24&$AX24) -> DPSSNF3005BK41736 | ED24: =IF(OR(Z23&AE23=Z24&AE24,Z24=""),"",Z24&AE24) -> DPSSNF3005BKFRE | EE24: =IF($ED24="",0,IF(COUNTIF(ED$12:ED23,ED24)=0,0,COUNTIF(ED$12:ED23,ED24))) -> 0 | EF24: =IF(OR($AJ24="B",$ED24="",MID($U24,8,1)=$EF$9,MID($U24,8,1)=$EF$10),0,1) -> 0 | EG24: =IF(EE24+EF24=0,"","R"&(EE24+EF24)) | EI24: =IF($ED24="","",IF($EE24=0,U24,"")) -> DPSSNF3005 | EJ24: =IF($ED24="","",IF($EE24=0,Z24,"")) -> DPSSNF3005BK | EL24: 없음
A25: =IF(OR($I25="TTL",$I25=""),"",IF(ISERROR(VLOOKUP($B25,CODE!$D:$G,CODE!$F$1-2,FALSE))=TRUE,"전략",VLOOKUP($B25,CODE!$D:$G,CODE!$F$1-2,FALSE))) | B25: =IF(OR($I25="TTL",$I25=""),"",IF(VLOOKUP($P25,CODE!$K:$O,CODE!$O$1,FALSE)="",$I25,$I25&"-"&VLOOKUP($P25,CODE!$K:$O,CODE!$O$1,FALSE))) | C25: =IF($I25="TTL","",I25&"-"&$AG25&"-"&$AI25) | D25: =$C25&$Z25 | E25: =IF($I25="TTL",0,IF(ISERROR(IF($Z24=$Z25,$E24,$E24+1))=TRUE,1,IF($Z24=$Z25,$E24,$E24+1))) -> 0 | F25: =$C25&$E25 -> 0 | G25: =$F25&"-"&$U25&$Y25&$AE25 -> 0- | H25: =IF(ISERROR(I25&VLOOKUP(P25,CODE!$K:$N,CODE!$N$1,FALSE)&S25)=TRUE,0,I25&VLOOKUP(P25,CODE!$K:$N,CODE!$N$1,FALSE)&S25) -> 0 | I25: =IF(ISERROR(SEARCH("TTL",$K25))=TRUE,IF($L25="","",VLOOKUP($L25,CODE!$B:$G,CODE!$D$1,FALSE)),"TTL") -> TTL | J25: =MID(W25,1,6) | K25: =C24&" TTL" -> DPS-캡보이-02 TTL | M25: =IF(OR($I25="TTL",$L25=""),"",VLOOKUP($L25,CODE!$B:$D,CODE!$C$1,FALSE)) | N25: =IF(OR($I25="TTL",$L25=""),"",VLOOKUP($K$2,CODE!$S:$T,CODE!$T$1-1,FALSE)) | O25: =IF(OR($I25="TTL",$L25=""),"",VLOOKUP($L$2,CODE!$X:$Y,CODE!$Y$1-1,FALSE)) | Q25: =IF(OR($I25="TTL",$P25=""),"",VLOOKUP($P25,CODE!$K:$M,CODE!$L$1,FALSE)) | T25: =IF(OR($I25="TTL",$S25=""),"",IF($S25<10,"00"&$S25,IF($S25<100,"0"&$S25,$S25))) | U25: =IF($I25="TTL","",$L25&$P25&$N25&$O25&$T25) | V25: =IF($I25="TTL",SUMIF($C:$C,MID($K25,1,SEARCH("TTL",$K25)-2),$V:$V),IF($EI25="",0,1/COUNTIF($EI:$EI,$EI25))) -> 7 | X25: =IF($Y25="","",VLOOKUP($Y25,CODE!$AE:$AF,CODE!$AF$1-1,FALSE)) | Z25: =$U25&$X25 | AA25: =VLOOKUP($Z25&$AX25,$EC:$EG,5,FALSE) | AB25: =IF($I25="TTL",SUMIF($C:$C,MID($K25,1,SEARCH("TTL",$K25)-2),$AB:$AB),IF($EJ25="",0,1/COUNTIF($EJ:$EJ,$EJ25))) -> 8 | AC25: 0 | AD25: 1 | AI25: =IF($AH25=0,"",IF($AH25<10,"0"&$AH25,$AH25)) | AL25: =IF($AK25=0,"",IF($AK25="KR",2,1)) | AM25: =IF(ISERROR(VLOOKUP($F25,[1]기획현황취합!$A$1:$E$65485,[1]기획현황취합!$B$1,FALSE))=TRUE,0,VLOOKUP($F25,[1]기획현황취합!$A$1:$E$65485,[1]기획현황취합!$B$1,FALSE)) -> 0 | AN25: =IF(ISERROR(VLOOKUP($F25,[1]기획현황취합!$A$1:$E$65485,[1]기획현황취합!$C$1,FALSE))=TRUE,0,VLOOKUP($F25,[1]기획현황취합!$A$1:$E$65485,[1]기획현황취합!$C$1,FALSE)) -> 0 | AO25: =IF(ISERROR(($AM25/1.1)/VLOOKUP($AG25,'TARGET MU'!$A:$D,'TARGET MU'!$D$1,FALSE))=TRUE,0,($AM25/1.1)/VLOOKUP($AG25,'TARGET MU'!$A:$D,'TARGET MU'!$D$1,FALSE)) -> 0 | AP25: =IF(OR(AF25=0,AND(AV25=0,AW25=0)),0,IF(AG25="캡보이2",AV25*$AQ$5+AU25,IF(OR(AK25="IN",AK25="BG",AK25="VT",AK25="CB"),$AU25+(($AV25*(1+$AW$4))*(HLOOKUP(VLOOKUP(AG25,'TARGET MU'!$A:$P,'TARGET MU'!$J$1,FALSE),$AO$4:$AR$5,2,FALSE)))+$AW25,$AU25+((($AV25*(1+$AW$4))*(1+HLOOKUP(VLOOKUP($P25,CODE!$K:$P,CODE!$P$1,FALSE),$AS$4:$AV$5,2,FALSE)))*(HLOOKUP(VLOOKUP(AG25,'TARGET MU'!$A:$P,'TARGET MU'!$J$1,FALSE),$AO$4:$AR$5,2,FALSE)))+$AW25))) -> 0 | AQ25: =AP25-AO25 -> 0 | AR25: 0 | AS25: 0 | AU25: =SUM(AR25:AT25) -> 0 | AV25: 0 | AW25: 0 | AX25: =IF(ISERROR(VLOOKUP($F25,[1]기획현황취합!$A$1:$E$65485,[1]기획현황취합!$D$1,FALSE))=TRUE,0,VLOOKUP($F25,[1]기획현황취합!$A$1:$E$65485,[1]기획현황취합!$D$1,FALSE)) -> 0 | AY25: 0 | AZ25: =IF(ISERROR(VLOOKUP($F25,[1]기획현황취합!$A$1:$E$65485,[1]기획현황취합!$E$1,FALSE))=TRUE,0,VLOOKUP($F25,[1]기획현황취합!$A$1:$E$65485,[1]기획현황취합!$E$1,FALSE)) -> 0 | BA25: 0 | BB25: 0 | BF25: 0 | BG25: 0 | BH25: 0 | BI25: =IF($I25="TTL",SUMIF($C:$C,MID($K25,1,SEARCH("TTL",$K25)-2),$BI:$BI),SUMIF(실입고현황!$A:$A,BB25&VLOOKUP($AG25,'TARGET MU'!$A:$D,'TARGET MU'!$B$1,FALSE)&$Z25&" "&$AE25,실입고현황!$C:$C)) -> 2651 | BJ25: =IF($I25="TTL",SUMIF($C:$C,MID($K25,1,SEARCH("TTL",$K25)-2),$BJ:$BJ),SUMIF(실입고현황!$A:$A,BC25&VLOOKUP($AG25,'TARGET MU'!$A:$D,'TARGET MU'!$B$1,FALSE)&$Z25&" "&$AE25,실입고현황!$C:$C)) -> 4412 | BK25: =IF($I25="TTL",SUMIF($C:$C,MID($K25,1,SEARCH("TTL",$K25)-2),$BK:$BK),SUMIF(실입고현황!$A:$A,BD25&VLOOKUP($AG25,'TARGET MU'!$A:$D,'TARGET MU'!$B$1,FALSE)&$Z25&" "&$AE25,실입고현황!$C:$C)) -> 1739 | BL25: =IF($I25="TTL",SUMIF($C:$C,MID($K25,1,SEARCH("TTL",$K25)-2),$BL:$BL),SUMIF(실입고현황!$A:$A,BE25&VLOOKUP($AG25,'TARGET MU'!$A:$D,'TARGET MU'!$B$1,FALSE)&$Z25&" "&$AE25,실입고현황!$C:$C)) -> 0 | BM25: =IF($I25="TTL",SUMIF($C:$C,MID($K25,1,SEARCH("TTL",$K25)-2),$BM:$BM),SUMIF(실입고현황!$A:$A,BF25&VLOOKUP($AG25,'TARGET MU'!$A:$D,'TARGET MU'!$B$1,FALSE)&$Z25&" "&$AE25,실입고현황!$C:$C)) -> 0 | BN25: =IF($I25="TTL",SUMIF($C:$C,MID($K25,1,SEARCH("TTL",$K25)-2),$BN:$BN),IF(($BO25-SUM($BI25,$BJ25,$BK25,BL25,BM25))<$BO25*$BN$6,0,$BO25-SUM($BI25,$BJ25,$BK25,BL25,BM25))) -> 0 | BO25: =IF($I25="TTL",SUMIF($C:$C,MID($K25,1,SEARCH("TTL",$K25)-2),$BO:$BO),$AF25) -> 8800 | BP25: =IF($I25="TTL",SUMIF($C:$C,MID($K25,1,SEARCH("TTL",$K25)-2),$BP:$BP),IF(AO25=0,0,IF($AP25=0,$AO25*$AF25,$AP25*$AF25))) -> 98640000 | BQ25: =IF($I25="TTL",SUMIF($C:$C,MID($K25,1,SEARCH("TTL",$K25)-2),$BQ:$BQ),$AM25*$AF25) -> 400800000 | BR25: =IF(ISERROR($BQ25/($BP25*1.1))=TRUE,0,$BQ25/($BP25*1.1)) -> 3.693873 | BT25: =IF(ISERROR(Z25&VLOOKUP($AG25,'TARGET MU'!$A:$D,'TARGET MU'!$B$1,FALSE))=TRUE,"",Z25&VLOOKUP($AG25,'TARGET MU'!$A:$D,'TARGET MU'!$B$1,FALSE)) | BU25: =AP25 -> 0 | BV25: =Z25&AE25&AF25&AM25&AG25&AI25&AK25 -> 0 | BX25: =IF($I25="TTL","",$L25) | BY25: =$O25 | BZ25: =$AJ25 -> 0 | CA25: =$P25 -> 0 | CB25: =$R25 -> 0 | CC25: =$AK25 -> 0 | CD25: =$W25 -> 0 | CE25: =$U25 | CF25: =$T25 | CG25: =$W25 -> 0 | CH25: =$X25 | CI25: =$AD25 -> 1 | CJ25: =$AE25 -> 0 | CK25: =IF($I25="TTL",SUMIF($C:$C,MID($K25,1,SEARCH("TTL",$K25)-2),$BO:$BO),$AF25) -> 8800 | CL25: =$AV25 -> 0 | CM25: =$AM25 -> 0 | CN25: =$AP25-$AU25 -> 0 | CO25: =$AU25 -> 0 | CP25: =$AL25 | CT25: =IF($I25="TTL",$K25,$Z25&$AE25) -> DPS-캡보이-02 TTL | CU25: =$M25 | CV25: =IF($I25="TTL","",IF($CT25="","",$Q25&"_"&$T25&IF(R25="K","_KIDS",""))) | CW25: =IF($I25="TTL","",IF($CT25="","",$Y25&"_"&$AE25)) | CX25: =$L25 -> 0 | CY25: =$T25 | CZ25: =IF($I25="TTL",SUMIF($C:$C,MID($K25,1,SEARCH("TTL",$K25)-2),$CZ:$CZ),$AF25) -> 8800 | DA25: =$AM25 -> 0 | DB25: =$Y25 -> 0 | DC25: =$AE25 -> 0 | DH25: =IF(OR($I25="TTL",$I25=""),"",AZ25-$DH$11) | EC25: =IF(OR($Z24&$AX24=$Z25&$AX24,$Z25&$AX25=""),"",$Z25&$AX25) -> 0 | ED25: =IF(OR(Z24&AE24=Z25&AE25,Z25=""),"",Z25&AE25) | EE25: =IF($ED25="",0,IF(COUNTIF(ED$12:ED24,ED25)=0,0,COUNTIF(ED$12:ED24,ED25))) -> 0 | EF25: =IF(OR($AJ25="B",$ED25="",MID($U25,8,1)=$EF$9,MID($U25,8,1)=$EF$10),0,1) -> 0 | EG25: =IF(EE25+EF25=0,"","R"&(EE25+EF25)) | EI25: =IF($ED25="","",IF($EE25=0,U25,"")) | EJ25: =IF($ED25="","",IF($EE25=0,Z25,""))
A26: =IF(OR($I26="TTL",$I26=""),"",IF(ISERROR(VLOOKUP($B26,CODE!$D:$G,CODE!$F$1-2,FALSE))=TRUE,"전략",VLOOKUP($B26,CODE!$D:$G,CODE!$F$1-2,FALSE))) -> F-CAP | B26: =IF(OR($I26="TTL",$I26=""),"",IF(VLOOKUP($P26,CODE!$K:$O,CODE!$O$1,FALSE)="",$I26,$I26&"-"&VLOOKUP($P26,CODE!$K:$O,CODE!$O$1,FALSE))) -> SBR | C26: =IF($I26="TTL","",I26&"-"&$AG26&"-"&$AI26) -> SBR-FOREMOST-11 | D26: =$C26&$Z26 -> SBR-FOREMOST-11SBRMIF3001KH | E26: =IF($I26="TTL",0,IF(ISERROR(IF($Z25=$Z26,$E25,$E25+1))=TRUE,1,IF($Z25=$Z26,$E25,$E25+1))) -> 1 | F26: =$C26&$E26 -> SBR-FOREMOST-111 | G26: =$F26&"-"&$U26&$Y26&$AE26 -> SBR-FOREMOST-111-SBRMIF3001KHAKIFRE | H26: =IF(ISERROR(I26&VLOOKUP(P26,CODE!$K:$N,CODE!$N$1,FALSE)&S26)=TRUE,0,I26&VLOOKUP(P26,CODE!$K:$N,CODE!$N$1,FALSE)&S26) -> SBR의류외1 | I26: =IF(ISERROR(SEARCH("TTL",$K26))=TRUE,IF($L26="","",VLOOKUP($L26,CODE!$B:$G,CODE!$D$1,FALSE)),"TTL") -> SBR | J26: =MID(W26,1,6) -> 12-FW- | L26: SBR | M26: =IF(OR($I26="TTL",$L26=""),"",VLOOKUP($L26,CODE!$B:$D,CODE!$C$1,FALSE)) -> SMITH BRIDGE | N26: =IF(OR($I26="TTL",$L26=""),"",VLOOKUP($K$2,CODE!$S:$T,CODE!$T$1-1,FALSE)) -> F | O26: =IF(OR($I26="TTL",$L26=""),"",VLOOKUP($L$2,CODE!$X:$Y,CODE!$Y$1-1,FALSE)) -> 3 | P26: MI | Q26: =IF(OR($I26="TTL",$P26=""),"",VLOOKUP($P26,CODE!$K:$M,CODE!$L$1,FALSE)) -> MILITARY CAP | R26: U | S26: 1 | T26: =IF(OR($I26="TTL",$S26=""),"",IF($S26<10,"00"&$S26,IF($S26<100,"0"&$S26,$S26))) -> 001 | U26: =IF($I26="TTL","",$L26&$P26&$N26&$O26&$T26) -> SBRMIF3001 | V26: =IF($I26="TTL",SUMIF($C:$C,MID($K26,1,SEARCH("TTL",$K26)-2),$V:$V),IF($EI26="",0,1/COUNTIF($EI:$EI,$EI26))) -> 0.33333333 | W26: 12-FW-SP115_KHAKI (JILMIE3152KH) | X26: =IF($Y26="","",VLOOKUP($Y26,CODE!$AE:$AF,CODE!$AF$1-1,FALSE)) -> KH | Y26: KHAKI | Z26: =$U26&$X26 -> SBRMIF3001KH | AA26: =VLOOKUP($Z26&$AX26,$EC:$EG,5,FALSE) | AB26: =IF($I26="TTL",SUMIF($C:$C,MID($K26,1,SEARCH("TTL",$K26)-2),$AB:$AB),IF($EJ26="",0,1/COUNTIF($EJ:$EJ,$EJ26))) -> 1 | AC26: 면 100 | AD26: 1 | AE26: FRE | AF26: 2000 | AG26: FOREMOST | AH26: 11 | AI26: =IF($AH26=0,"",IF($AH26<10,"0"&$AH26,$AH26)) -> 11 | AJ26: M | AK26: CN | AL26: =IF($AK26=0,"",IF($AK26="KR",2,1)) -> 1 | AM26: =IF(ISERROR(VLOOKUP($F26,[1]기획현황취합!$A$1:$E$65485,[1]기획현황취합!$B$1,FALSE))=TRUE,0,VLOOKUP($F26,[1]기획현황취합!$A$1:$E$65485,[1]기획현황취합!$B$1,FALSE)) -> 45000 | AN26: =IF(ISERROR(VLOOKUP($F26,[1]기획현황취합!$A$1:$E$65485,[1]기획현황취합!$C$1,FALSE))=TRUE,0,VLOOKUP($F26,[1]기획현황취합!$A$1:$E$65485,[1]기획현황취합!$C$1,FALSE)) -> 41739 | AO26: =IF(ISERROR(($AM26/1.1)/VLOOKUP($AG26,'TARGET MU'!$A:$D,'TARGET MU'!$D$1,FALSE))=TRUE,0,($AM26/1.1)/VLOOKUP($AG26,'TARGET MU'!$A:$D,'TARGET MU'!$D$1,FALSE)) -> 6818.1818 | AP26: =IF(OR(AF26=0,AND(AV26=0,AW26=0)),0,IF(AG26="캡보이2",AV26*$AQ$5+AU26,IF(OR(AK26="IN",AK26="BG",AK26="VT",AK26="CB"),$AU26+(($AV26*(1+$AW$4))*(HLOOKUP(VLOOKUP(AG26,'TARGET MU'!$A:$P,'TARGET MU'!$J$1,FALSE),$AO$4:$AR$5,2,FALSE)))+$AW26,$AU26+((($AV26*(1+$AW$4))*(1+HLOOKUP(VLOOKUP($P26,CODE!$K:$P,CODE!$P$1,FALSE),$AS$4:$AV$5,2,FALSE)))*(HLOOKUP(VLOOKUP(AG26,'TARGET MU'!$A:$P,'TARGET MU'!$J$1,FALSE),$AO$4:$AR$5,2,FALSE)))+$AW26))) -> 6224.526 | AQ26: =AP26-AO26 -> -593.65582 | AS26: 0 | AU26: =SUM(AR26:AT26) -> 0 | AV26: 4.99 | AW26: 0 | AX26: =IF(ISERROR(VLOOKUP($F26,[1]기획현황취합!$A$1:$E$65485,[1]기획현황취합!$D$1,FALSE))=TRUE,0,VLOOKUP($F26,[1]기획현황취합!$A$1:$E$65485,[1]기획현황취합!$D$1,FALSE)) -> 41739 | AY26: 0 | AZ26: =IF(ISERROR(VLOOKUP($F26,[1]기획현황취합!$A$1:$E$65485,[1]기획현황취합!$E$1,FALSE))=TRUE,0,VLOOKUP($F26,[1]기획현황취합!$A$1:$E$65485,[1]기획현황취합!$E$1,FALSE)) -> 41848 | BA26: 0 | BB26: 41873 | BF26: 0 | BG26: 확정 | BH26: 확정 | BI26: =IF($I26="TTL",SUMIF($C:$C,MID($K26,1,SEARCH("TTL",$K26)-2),$BI:$BI),SUMIF(실입고현황!$A:$A,BB26&VLOOKUP($AG26,'TARGET MU'!$A:$D,'TARGET MU'!$B$1,FALSE)&$Z26&" "&$AE26,실입고현황!$C:$C)) -> 2000 | BJ26: =IF($I26="TTL",SUMIF($C:$C,MID($K26,1,SEARCH("TTL",$K26)-2),$BJ:$BJ),SUMIF(실입고현황!$A:$A,BC26&VLOOKUP($AG26,'TARGET MU'!$A:$D,'TARGET MU'!$B$1,FALSE)&$Z26&" "&$AE26,실입고현황!$C:$C)) -> 0 | BK26: =IF($I26="TTL",SUMIF($C:$C,MID($K26,1,SEARCH("TTL",$K26)-2),$BK:$BK),SUMIF(실입고현황!$A:$A,BD26&VLOOKUP($AG26,'TARGET MU'!$A:$D,'TARGET MU'!$B$1,FALSE)&$Z26&" "&$AE26,실입고현황!$C:$C)) -> 0 | BL26: =IF($I26="TTL",SUMIF($C:$C,MID($K26,1,SEARCH("TTL",$K26)-2),$BL:$BL),SUMIF(실입고현황!$A:$A,BE26&VLOOKUP($AG26,'TARGET MU'!$A:$D,'TARGET MU'!$B$1,FALSE)&$Z26&" "&$AE26,실입고현황!$C:$C)) -> 0 | BM26: =IF($I26="TTL",SUMIF($C:$C,MID($K26,1,SEARCH("TTL",$K26)-2),$BM:$BM),SUMIF(실입고현황!$A:$A,BF26&VLOOKUP($AG26,'TARGET MU'!$A:$D,'TARGET MU'!$B$1,FALSE)&$Z26&" "&$AE26,실입고현황!$C:$C)) -> 0 | BN26: =IF($I26="TTL",SUMIF($C:$C,MID($K26,1,SEARCH("TTL",$K26)-2),$BN:$BN),IF(($BO26-SUM($BI26,$BJ26,$BK26,BL26,BM26))<$BO26*$BN$6,0,$BO26-SUM($BI26,$BJ26,$BK26,BL26,BM26))) -> 0 | BO26: =IF($I26="TTL",SUMIF($C:$C,MID($K26,1,SEARCH("TTL",$K26)-2),$BO:$BO),$AF26) -> 2000 | BP26: =IF($I26="TTL",SUMIF($C:$C,MID($K26,1,SEARCH("TTL",$K26)-2),$BP:$BP),IF(AO26=0,0,IF($AP26=0,$AO26*$AF26,$AP26*$AF26))) -> 12449052 | BQ26: =IF($I26="TTL",SUMIF($C:$C,MID($K26,1,SEARCH("TTL",$K26)-2),$BQ:$BQ),$AM26*$AF26) -> 90000000 | BR26: =IF(ISERROR($BQ26/($BP26*1.1))=TRUE,0,$BQ26/($BP26*1.1)) -> 6.572242 | BT26: =IF(ISERROR(Z26&VLOOKUP($AG26,'TARGET MU'!$A:$D,'TARGET MU'!$B$1,FALSE))=TRUE,"",Z26&VLOOKUP($AG26,'TARGET MU'!$A:$D,'TARGET MU'!$B$1,FALSE)) -> SBRMIF3001KH포모스트 | BU26: =AP26 -> 6224.526 | BV26: =Z26&AE26&AF26&AM26&AG26&AI26&AK26 -> SBRMIF3001KHFRE200045000FOREMOST11CN | BX26: =IF($I26="TTL","",$L26) -> SBR | BY26: =$O26 -> 3 | BZ26: =$AJ26 -> M | CA26: =$P26 -> MI | CB26: =$R26 -> U | CC26: =$AK26 -> CN | CD26: =$W26 -> 12-FW-SP115_KHAKI (JILMIE3152KH) | CE26: =$U26 -> SBRMIF3001 | CF26: =$T26 -> 001 | CG26: =$W26 -> 12-FW-SP115_KHAKI (JILMIE3152KH) | CH26: =$X26 -> KH | CI26: =$AD26 -> 1 | CJ26: =$AE26 -> FRE | CK26: =IF($I26="TTL",SUMIF($C:$C,MID($K26,1,SEARCH("TTL",$K26)-2),$BO:$BO),$AF26) -> 2000 | CL26: =$AV26 -> 4.99 | CM26: =$AM26 -> 45000 | CN26: =$AP26-$AU26 -> 6224.526 | CO26: =$AU26 -> 0 | CP26: =$AL26 -> 1 | CQ26: 803 | CT26: =IF($I26="TTL",$K26,$Z26&$AE26) -> SBRMIF3001KHFRE | CU26: =$M26 -> SMITH BRIDGE | CV26: =IF($I26="TTL","",IF($CT26="","",$Q26&"_"&$T26&IF(R26="K","_KIDS",""))) -> MILITARY CAP_001 | CW26: =IF($I26="TTL","",IF($CT26="","",$Y26&"_"&$AE26)) -> KHAKI_FRE | CX26: =$L26 -> SBR | CY26: =$T26 -> 001 | CZ26: =IF($I26="TTL",SUMIF($C:$C,MID($K26,1,SEARCH("TTL",$K26)-2),$CZ:$CZ),$AF26) -> 2000 | DA26: =$AM26 -> 45000 | DB26: =$Y26 -> KHAKI | DC26: =$AE26 -> FRE | DG26: 41747 | DH26: =IF(OR($I26="TTL",$I26=""),"",AZ26-$DH$11) -> 41758 | DI26: 41747 | DJ26: 41747 | DK26: 41801 | DL26: 1 | DM26: 1 | DN26: 없음 | DO26: 없음 | DP26: =IF(OR($DN26="없음",$I26="TTL",$I26=""),"",AZ26-$DP$11) | DQ26: 없음 | DR26: 없음 | DS26: 41802 | DT26: 41815 | DU26: 41816 | DV26: 41844 | DW26: 41858 | DX26: 41848 | DY26: 완료 | EC26: =IF(OR($Z25&$AX25=$Z26&$AX25,$Z26&$AX26=""),"",$Z26&$AX26) -> SBRMIF3001KH41739 | ED26: =IF(OR(Z25&AE25=Z26&AE26,Z26=""),"",Z26&AE26) -> SBRMIF3001KHFRE | EE26: =IF($ED26="",0,IF(COUNTIF(ED$12:ED25,ED26)=0,0,COUNTIF(ED$12:ED25,ED26))) -> 0 | EF26: =IF(OR($AJ26="B",$ED26="",MID($U26,8,1)=$EF$9,MID($U26,8,1)=$EF$10),0,1) -> 0 | EG26: =IF(EE26+EF26=0,"","R"&(EE26+EF26)) | EI26: =IF($ED26="","",IF($EE26=0,U26,"")) -> SBRMIF3001 | EJ26: =IF($ED26="","",IF($EE26=0,Z26,"")) -> SBRMIF3001KH
A27: =IF(OR($I27="TTL",$I27=""),"",IF(ISERROR(VLOOKUP($B27,CODE!$D:$G,CODE!$F$1-2,FALSE))=TRUE,"전략",VLOOKUP($B27,CODE!$D:$G,CODE!$F$1-2,FALSE))) -> F-CAP | B27: =IF(OR($I27="TTL",$I27=""),"",IF(VLOOKUP($P27,CODE!$K:$O,CODE!$O$1,FALSE)="",$I27,$I27&"-"&VLOOKUP($P27,CODE!$K:$O,CODE!$O$1,FALSE))) -> SBR | C27: =IF($I27="TTL","",I27&"-"&$AG27&"-"&$AI27) -> SBR-FOREMOST-11 | D27: =$C27&$Z27 -> SBR-FOREMOST-11SBRMIF3002BK | E27: =IF($I27="TTL",0,IF(ISERROR(IF($Z26=$Z27,$E26,$E26+1))=TRUE,1,IF($Z26=$Z27,$E26,$E26+1))) -> 2 | F27: =$C27&$E27 -> SBR-FOREMOST-112 | G27: =$F27&"-"&$U27&$Y27&$AE27 -> SBR-FOREMOST-112-SBRMIF3002BLACKFRE | H27: =IF(ISERROR(I27&VLOOKUP(P27,CODE!$K:$N,CODE!$N$1,FALSE)&S27)=TRUE,0,I27&VLOOKUP(P27,CODE!$K:$N,CODE!$N$1,FALSE)&S27) -> SBR의류외2 | I27: =IF(ISERROR(SEARCH("TTL",$K27))=TRUE,IF($L27="","",VLOOKUP($L27,CODE!$B:$G,CODE!$D$1,FALSE)),"TTL") -> SBR | J27: =MID(W27,1,6) -> 13FW-J | L27: SBR | M27: =IF(OR($I27="TTL",$L27=""),"",VLOOKUP($L27,CODE!$B:$D,CODE!$C$1,FALSE)) -> SMITH BRIDGE | N27: =IF(OR($I27="TTL",$L27=""),"",VLOOKUP($K$2,CODE!$S:$T,CODE!$T$1-1,FALSE)) -> F | O27: =IF(OR($I27="TTL",$L27=""),"",VLOOKUP($L$2,CODE!$X:$Y,CODE!$Y$1-1,FALSE)) -> 3 | P27: MI | Q27: =IF(OR($I27="TTL",$P27=""),"",VLOOKUP($P27,CODE!$K:$M,CODE!$L$1,FALSE)) -> MILITARY CAP | R27: U | S27: 2 | T27: =IF(OR($I27="TTL",$S27=""),"",IF($S27<10,"00"&$S27,IF($S27<100,"0"&$S27,$S27))) -> 002 | U27: =IF($I27="TTL","",$L27&$P27&$N27&$O27&$T27) -> SBRMIF3002 | V27: =IF($I27="TTL",SUMIF($C:$C,MID($K27,1,SEARCH("TTL",$K27)-2),$V:$V),IF($EI27="",0,1/COUNTIF($EI:$EI,$EI27))) -> 1 | W27: 13FW-JILL BY-SP14_BK (JILMIE3311BK) | X27: =IF($Y27="","",VLOOKUP($Y27,CODE!$AE:$AF,CODE!$AF$1-1,FALSE)) -> BK | Y27: BLACK | Z27: =$U27&$X27 -> SBRMIF3002BK | AA27: =VLOOKUP($Z27&$AX27,$EC:$EG,5,FALSE) | AB27: =IF($I27="TTL",SUMIF($C:$C,MID($K27,1,SEARCH("TTL",$K27)-2),$AB:$AB),IF($EJ27="",0,1/COUNTIF($EJ:$EJ,$EJ27))) -> 1 | AC27: 면 100 | AD27: 1 | AE27: FRE | AF27: 2000 | AG27: FOREMOST | AH27: 11 | AI27: =IF($AH27=0,"",IF($AH27<10,"0"&$AH27,$AH27)) -> 11 | AJ27: M | AK27: CN | AL27: =IF($AK27=0,"",IF($AK27="KR",2,1)) -> 1 | AM27: =IF(ISERROR(VLOOKUP($F27,[1]기획현황취합!$A$1:$E$65485,[1]기획현황취합!$B$1,FALSE))=TRUE,0,VLOOKUP($F27,[1]기획현황취합!$A$1:$E$65485,[1]기획현황취합!$B$1,FALSE)) -> 29000 | AN27: =IF(ISERROR(VLOOKUP($F27,[1]기획현황취합!$A$1:$E$65485,[1]기획현황취합!$C$1,FALSE))=TRUE,0,VLOOKUP($F27,[1]기획현황취합!$A$1:$E$65485,[1]기획현황취합!$C$1,FALSE)) -> 41739 | AO27: =IF(ISERROR(($AM27/1.1)/VLOOKUP($AG27,'TARGET MU'!$A:$D,'TARGET MU'!$D$1,FALSE))=TRUE,0,($AM27/1.1)/VLOOKUP($AG27,'TARGET MU'!$A:$D,'TARGET MU'!$D$1,FALSE)) -> 4393.9394 | AP27: =IF(OR(AF27=0,AND(AV27=0,AW27=0)),0,IF(AG27="캡보이2",AV27*$AQ$5+AU27,IF(OR(AK27="IN",AK27="BG",AK27="VT",AK27="CB"),$AU27+(($AV27*(1+$AW$4))*(HLOOKUP(VLOOKUP(AG27,'TARGET MU'!$A:$P,'TARGET MU'!$J$1,FALSE),$AO$4:$AR$5,2,FALSE)))+$AW27,$AU27+((($AV27*(1+$AW$4))*(1+HLOOKUP(VLOOKUP($P27,CODE!$K:$P,CODE!$P$1,FALSE),$AS$4:$AV$5,2,FALSE)))*(HLOOKUP(VLOOKUP(AG27,'TARGET MU'!$A:$P,'TARGET MU'!$J$1,FALSE),$AO$4:$AR$5,2,FALSE)))+$AW27))) -> 4736.83 | AQ27: =AP27-AO27 -> 342.89061 | AR27: 657 | AS27: 400 | AU27: =SUM(AR27:AT27) -> 1057 | AV27: 2.95 | AW27: 0 | AX27: =IF(ISERROR(VLOOKUP($F27,[1]기획현황취합!$A$1:$E$65485,[1]기획현황취합!$D$1,FALSE))=TRUE,0,VLOOKUP($F27,[1]기획현황취합!$A$1:$E$65485,[1]기획현황취합!$D$1,FALSE)) -> 41739 | AY27: 0 | AZ27: =IF(ISERROR(VLOOKUP($F27,[1]기획현황취합!$A$1:$E$65485,[1]기획현황취합!$E$1,FALSE))=TRUE,0,VLOOKUP($F27,[1]기획현황취합!$A$1:$E$65485,[1]기획현황취합!$E$1,FALSE)) -> 41848 | BA27: 0 | BB27: 41887 | BF27: 0 | BG27: 확정 | BH27: 확정 | BI27: =IF($I27="TTL",SUMIF($C:$C,MID($K27,1,SEARCH("TTL",$K27)-2),$BI:$BI),SUMIF(실입고현황!$A:$A,BB27&VLOOKUP($AG27,'TARGET MU'!$A:$D,'TARGET MU'!$B$1,FALSE)&$Z27&" "&$AE27,실입고현황!$C:$C)) -> 2000 | BJ27: =IF($I27="TTL",SUMIF($C:$C,MID($K27,1,SEARCH("TTL",$K27)-2),$BJ:$BJ),SUMIF(실입고현황!$A:$A,BC27&VLOOKUP($AG27,'TARGET MU'!$A:$D,'TARGET MU'!$B$1,FALSE)&$Z27&" "&$AE27,실입고현황!$C:$C)) -> 0 | BK27: =IF($I27="TTL",SUMIF($C:$C,MID($K27,1,SEARCH("TTL",$K27)-2),$BK:$BK),SUMIF(실입고현황!$A:$A,BD27&VLOOKUP($AG27,'TARGET MU'!$A:$D,'TARGET MU'!$B$1,FALSE)&$Z27&" "&$AE27,실입고현황!$C:$C)) -> 0 | BL27: =IF($I27="TTL",SUMIF($C:$C,MID($K27,1,SEARCH("TTL",$K27)-2),$BL:$BL),SUMIF(실입고현황!$A:$A,BE27&VLOOKUP($AG27,'TARGET MU'!$A:$D,'TARGET MU'!$B$1,FALSE)&$Z27&" "&$AE27,실입고현황!$C:$C)) -> 0 | BM27: =IF($I27="TTL",SUMIF($C:$C,MID($K27,1,SEARCH("TTL",$K27)-2),$BM:$BM),SUMIF(실입고현황!$A:$A,BF27&VLOOKUP($AG27,'TARGET MU'!$A:$D,'TARGET MU'!$B$1,FALSE)&$Z27&" "&$AE27,실입고현황!$C:$C)) -> 0 | BN27: =IF($I27="TTL",SUMIF($C:$C,MID($K27,1,SEARCH("TTL",$K27)-2),$BN:$BN),IF(($BO27-SUM($BI27,$BJ27,$BK27,BL27,BM27))<$BO27*$BN$6,0,$BO27-SUM($BI27,$BJ27,$BK27,BL27,BM27))) -> 0 | BO27: =IF($I27="TTL",SUMIF($C:$C,MID($K27,1,SEARCH("TTL",$K27)-2),$BO:$BO),$AF27) -> 2000 | BP27: =IF($I27="TTL",SUMIF($C:$C,MID($K27,1,SEARCH("TTL",$K27)-2),$BP:$BP),IF(AO27=0,0,IF($AP27=0,$AO27*$AF27,$AP27*$AF27))) -> 9473660 | BQ27: =IF($I27="TTL",SUMIF($C:$C,MID($K27,1,SEARCH("TTL",$K27)-2),$BQ:$BQ),$AM27*$AF27) -> 58000000 | BR27: =IF(ISERROR($BQ27/($BP27*1.1))=TRUE,0,$BQ27/($BP27*1.1)) -> 5.5656708 | BT27: =IF(ISERROR(Z27&VLOOKUP($AG27,'TARGET MU'!$A:$D,'TARGET MU'!$B$1,FALSE))=TRUE,"",Z27&VLOOKUP($AG27,'TARGET MU'!$A:$D,'TARGET MU'!$B$1,FALSE)) -> SBRMIF3002BK포모스트 | BU27: =AP27 -> 4736.83 | BV27: =Z27&AE27&AF27&AM27&AG27&AI27&AK27 -> SBRMIF3002BKFRE200029000FOREMOST11CN | BX27: =IF($I27="TTL","",$L27) -> SBR | BY27: =$O27 -> 3 | BZ27: =$AJ27 -> M | CA27: =$P27 -> MI | CB27: =$R27 -> U | CC27: =$AK27 -> CN | CD27: =$W27 -> 13FW-JILL BY-SP14_BK (JILMIE3311BK) | CE27: =$U27 -> SBRMIF3002 | CF27: =$T27 -> 002 | CG27: =$W27 -> 13FW-JILL BY-SP14_BK (JILMIE3311BK) | CH27: =$X27 -> BK | CI27: =$AD27 -> 1 | CJ27: =$AE27 -> FRE | CK27: =IF($I27="TTL",SUMIF($C:$C,MID($K27,1,SEARCH("TTL",$K27)-2),$BO:$BO),$AF27) -> 2000 | CL27: =$AV27 -> 2.95 | CM27: =$AM27 -> 29000 | CN27: =$AP27-$AU27 -> 3679.83 | CO27: =$AU27 -> 1057 | CP27: =$AL27 -> 1 | CQ27: 874 | CT27: =IF($I27="TTL",$K27,$Z27&$AE27) -> SBRMIF3002BKFRE | CU27: =$M27 -> SMITH BRIDGE | CV27: =IF($I27="TTL","",IF($CT27="","",$Q27&"_"&$T27&IF(R27="K","_KIDS",""))) -> MILITARY CAP_002 | CW27: =IF($I27="TTL","",IF($CT27="","",$Y27&"_"&$AE27)) -> BLACK_FRE | CX27: =$L27 -> SBR | CY27: =$T27 -> 002 | CZ27: =IF($I27="TTL",SUMIF($C:$C,MID($K27,1,SEARCH("TTL",$K27)-2),$CZ:$CZ),$AF27) -> 2000 | DA27: =$AM27 -> 29000 | DB27: =$Y27 -> BLACK | DC27: =$AE27 -> FRE | DG27: 41747 | DH27: =IF(OR($I27="TTL",$I27=""),"",AZ27-$DH$11) -> 41758 | DI27: 41747 | DJ27: 41747 | DK27: 41801 | DL27: 2 | DM27: 0 | DN27: 41766 | DO27: 41808 | DP27: =IF(OR($DN27="없음",$I27="TTL",$I27=""),"",AZ27-$DP$11) -> 41788 | DQ27: 41775 | DR27: 41829 | DS27: 41802 | DT27: PSP 대체 | DU27: PSP 대체 | DV27: 41844 | DW27: 41864 | DX27: 41848 | DY27: 완료 | EC27: =IF(OR($Z26&$AX26=$Z27&$AX26,$Z27&$AX27=""),"",$Z27&$AX27) -> SBRMIF3002BK41739 | ED27: =IF(OR(Z26&AE26=Z27&AE27,Z27=""),"",Z27&AE27) -> SBRMIF3002BKFRE | EE27: =IF($ED27="",0,IF(COUNTIF(ED$12:ED26,ED27)=0,0,COUNTIF(ED$12:ED26,ED27))) -> 0 | EF27: =IF(OR($AJ27="B",$ED27="",MID($U27,8,1)=$EF$9,MID($U27,8,1)=$EF$10),0,1) -> 0 | EG27: =IF(EE27+EF27=0,"","R"&(EE27+EF27)) | EI27: =IF($ED27="","",IF($EE27=0,U27,"")) -> SBRMIF3002 | EJ27: =IF($ED27="","",IF($EE27=0,Z27,"")) -> SBRMIF3002BK
A28: =IF(OR($I28="TTL",$I28=""),"",IF(ISERROR(VLOOKUP($B28,CODE!$D:$G,CODE!$F$1-2,FALSE))=TRUE,"전략",VLOOKUP($B28,CODE!$D:$G,CODE!$F$1-2,FALSE))) -> F-CAP | B28: =IF(OR($I28="TTL",$I28=""),"",IF(VLOOKUP($P28,CODE!$K:$O,CODE!$O$1,FALSE)="",$I28,$I28&"-"&VLOOKUP($P28,CODE!$K:$O,CODE!$O$1,FALSE))) -> SBR | C28: =IF($I28="TTL","",I28&"-"&$AG28&"-"&$AI28) -> SBR-FOREMOST-11 | D28: =$C28&$Z28 -> SBR-FOREMOST-11SBRMIF3003BK | E28: =IF($I28="TTL",0,IF(ISERROR(IF($Z27=$Z28,$E27,$E27+1))=TRUE,1,IF($Z27=$Z28,$E27,$E27+1))) -> 3 | F28: =$C28&$E28 -> SBR-FOREMOST-113 | G28: =$F28&"-"&$U28&$Y28&$AE28 -> SBR-FOREMOST-113-SBRMIF3003BLACKFRE | H28: =IF(ISERROR(I28&VLOOKUP(P28,CODE!$K:$N,CODE!$N$1,FALSE)&S28)=TRUE,0,I28&VLOOKUP(P28,CODE!$K:$N,CODE!$N$1,FALSE)&S28) -> SBR의류외3 | I28: =IF(ISERROR(SEARCH("TTL",$K28))=TRUE,IF($L28="","",VLOOKUP($L28,CODE!$B:$G,CODE!$D$1,FALSE)),"TTL") -> SBR | J28: =MID(W28,1,6) -> 13SS-J | L28: SBR | M28: =IF(OR($I28="TTL",$L28=""),"",VLOOKUP($L28,CODE!$B:$D,CODE!$C$1,FALSE)) -> SMITH BRIDGE | N28: =IF(OR($I28="TTL",$L28=""),"",VLOOKUP($K$2,CODE!$S:$T,CODE!$T$1-1,FALSE)) -> F | O28: =IF(OR($I28="TTL",$L28=""),"",VLOOKUP($L$2,CODE!$X:$Y,CODE!$Y$1-1,FALSE)) -> 3 | P28: MI | Q28: =IF(OR($I28="TTL",$P28=""),"",VLOOKUP($P28,CODE!$K:$M,CODE!$L$1,FALSE)) -> MILITARY CAP | R28: U | S28: 3 | T28: =IF(OR($I28="TTL",$S28=""),"",IF($S28<10,"00"&$S28,IF($S28<100,"0"&$S28,$S28))) -> 003 | U28: =IF($I28="TTL","",$L28&$P28&$N28&$O28&$T28) -> SBRMIF3003 | V28: =IF($I28="TTL",SUMIF($C:$C,MID($K28,1,SEARCH("TTL",$K28)-2),$V:$V),IF($EI28="",0,1/COUNTIF($EI:$EI,$EI28))) -> 1 | W28: 13SS-JILL BY-SP65_BK (JILMIE3314BK) | X28: =IF($Y28="","",VLOOKUP($Y28,CODE!$AE:$AF,CODE!$AF$1-1,FALSE)) -> BK | Y28: BLACK | Z28: =$U28&$X28 -> SBRMIF3003BK | AA28: =VLOOKUP($Z28&$AX28,$EC:$EG,5,FALSE) | AB28: =IF($I28="TTL",SUMIF($C:$C,MID($K28,1,SEARCH("TTL",$K28)-2),$AB:$AB),IF($EJ28="",0,1/COUNTIF($EJ:$EJ,$EJ28))) -> 1 | AC28: 면 100 | AD28: 1 | AE28: FRE | AF28: 2000 | AG28: FOREMOST | AH28: 11 | AI28: =IF($AH28=0,"",IF($AH28<10,"0"&$AH28,$AH28)) -> 11 | AJ28: M | AK28: CN | AL28: =IF($AK28=0,"",IF($AK28="KR",2,1)) -> 1 | AM28: =IF(ISERROR(VLOOKUP($F28,[1]기획현황취합!$A$1:$E$65485,[1]기획현황취합!$B$1,FALSE))=TRUE,0,VLOOKUP($F28,[1]기획현황취합!$A$1:$E$65485,[1]기획현황취합!$B$1,FALSE)) -> 29000 | AN28: =IF(ISERROR(VLOOKUP($F28,[1]기획현황취합!$A$1:$E$65485,[1]기획현황취합!$C$1,FALSE))=TRUE,0,VLOOKUP($F28,[1]기획현황취합!$A$1:$E$65485,[1]기획현황취합!$C$1,FALSE)) -> 41739 | AO28: =IF(ISERROR(($AM28/1.1)/VLOOKUP($AG28,'TARGET MU'!$A:$D,'TARGET MU'!$D$1,FALSE))=TRUE,0,($AM28/1.1)/VLOOKUP($AG28,'TARGET MU'!$A:$D,'TARGET MU'!$D$1,FALSE)) -> 4393.9394 | AP28: =IF(OR(AF28=0,AND(AV28=0,AW28=0)),0,IF(AG28="캡보이2",AV28*$AQ$5+AU28,IF(OR(AK28="IN",AK28="BG",AK28="VT",AK28="CB"),$AU28+(($AV28*(1+$AW$4))*(HLOOKUP(VLOOKUP(AG28,'TARGET MU'!$A:$P,'TARGET MU'!$J$1,FALSE),$AO$4:$AR$5,2,FALSE)))+$AW28,$AU28+((($AV28*(1+$AW$4))*(1+HLOOKUP(VLOOKUP($P28,CODE!$K:$P,CODE!$P$1,FALSE),$AS$4:$AV$5,2,FALSE)))*(HLOOKUP(VLOOKUP(AG28,'TARGET MU'!$A:$P,'TARGET MU'!$J$1,FALSE),$AO$4:$AR$5,2,FALSE)))+$AW28))) -> 4994.83 | AQ28: =AP28-AO28 -> 600.89061 | AR28: 915 | AS28: 400 | AU28: =SUM(AR28:AT28) -> 1315 | AV28: 2.95 | AW28: 0 | AX28: =IF(ISERROR(VLOOKUP($F28,[1]기획현황취합!$A$1:$E$65485,[1]기획현황취합!$D$1,FALSE))=TRUE,0,VLOOKUP($F28,[1]기획현황취합!$A$1:$E$65485,[1]기획현황취합!$D$1,FALSE)) -> 41739 | AY28: 0 | AZ28: =IF(ISERROR(VLOOKUP($F28,[1]기획현황취합!$A$1:$E$65485,[1]기획현황취합!$E$1,FALSE))=TRUE,0,VLOOKUP($F28,[1]기획현황취합!$A$1:$E$65485,[1]기획현황취합!$E$1,FALSE)) -> 41848 | BA28: 0 | BB28: 41873 | BF28: 0 | BG28: 확정 | BH28: 확정 | BI28: =IF($I28="TTL",SUMIF($C:$C,MID($K28,1,SEARCH("TTL",$K28)-2),$BI:$BI),SUMIF(실입고현황!$A:$A,BB28&VLOOKUP($AG28,'TARGET MU'!$A:$D,'TARGET MU'!$B$1,FALSE)&$Z28&" "&$AE28,실입고현황!$C:$C)) -> 2000 | BJ28: =IF($I28="TTL",SUMIF($C:$C,MID($K28,1,SEARCH("TTL",$K28)-2),$BJ:$BJ),SUMIF(실입고현황!$A:$A,BC28&VLOOKUP($AG28,'TARGET MU'!$A:$D,'TARGET MU'!$B$1,FALSE)&$Z28&" "&$AE28,실입고현황!$C:$C)) -> 0 | BK28: =IF($I28="TTL",SUMIF($C:$C,MID($K28,1,SEARCH("TTL",$K28)-2),$BK:$BK),SUMIF(실입고현황!$A:$A,BD28&VLOOKUP($AG28,'TARGET MU'!$A:$D,'TARGET MU'!$B$1,FALSE)&$Z28&" "&$AE28,실입고현황!$C:$C)) -> 0 | BL28: =IF($I28="TTL",SUMIF($C:$C,MID($K28,1,SEARCH("TTL",$K28)-2),$BL:$BL),SUMIF(실입고현황!$A:$A,BE28&VLOOKUP($AG28,'TARGET MU'!$A:$D,'TARGET MU'!$B$1,FALSE)&$Z28&" "&$AE28,실입고현황!$C:$C)) -> 0 | BM28: =IF($I28="TTL",SUMIF($C:$C,MID($K28,1,SEARCH("TTL",$K28)-2),$BM:$BM),SUMIF(실입고현황!$A:$A,BF28&VLOOKUP($AG28,'TARGET MU'!$A:$D,'TARGET MU'!$B$1,FALSE)&$Z28&" "&$AE28,실입고현황!$C:$C)) -> 0 | BN28: =IF($I28="TTL",SUMIF($C:$C,MID($K28,1,SEARCH("TTL",$K28)-2),$BN:$BN),IF(($BO28-SUM($BI28,$BJ28,$BK28,BL28,BM28))<$BO28*$BN$6,0,$BO28-SUM($BI28,$BJ28,$BK28,BL28,BM28))) -> 0 | BO28: =IF($I28="TTL",SUMIF($C:$C,MID($K28,1,SEARCH("TTL",$K28)-2),$BO:$BO),$AF28) -> 2000 | BP28: =IF($I28="TTL",SUMIF($C:$C,MID($K28,1,SEARCH("TTL",$K28)-2),$BP:$BP),IF(AO28=0,0,IF($AP28=0,$AO28*$AF28,$AP28*$AF28))) -> 9989660 | BQ28: =IF($I28="TTL",SUMIF($C:$C,MID($K28,1,SEARCH("TTL",$K28)-2),$BQ:$BQ),$AM28*$AF28) -> 58000000 | BR28: =IF(ISERROR($BQ28/($BP28*1.1))=TRUE,0,$BQ28/($BP28*1.1)) -> 5.2781849 | BT28: =IF(ISERROR(Z28&VLOOKUP($AG28,'TARGET MU'!$A:$D,'TARGET MU'!$B$1,FALSE))=TRUE,"",Z28&VLOOKUP($AG28,'TARGET MU'!$A:$D,'TARGET MU'!$B$1,FALSE)) -> SBRMIF3003BK포모스트 | BU28: =AP28 -> 4994.83 | BV28: =Z28&AE28&AF28&AM28&AG28&AI28&AK28 -> SBRMIF3003BKFRE200029000FOREMOST11CN | BX28: =IF($I28="TTL","",$L28) -> SBR | BY28: =$O28 -> 3 | BZ28: =$AJ28 -> M | CA28: =$P28 -> MI | CB28: =$R28 -> U | CC28: =$AK28 -> CN | CD28: =$W28 -> 13SS-JILL BY-SP65_BK (JILMIE3314BK) | CE28: =$U28 -> SBRMIF3003 | CF28: =$T28 -> 003 | CG28: =$W28 -> 13SS-JILL BY-SP65_BK (JILMIE3314BK) | CH28: =$X28 -> BK | CI28: =$AD28 -> 1 | CJ28: =$AE28 -> FRE | CK28: =IF($I28="TTL",SUMIF($C:$C,MID($K28,1,SEARCH("TTL",$K28)-2),$BO:$BO),$AF28) -> 2000 | CL28: =$AV28 -> 2.95 | CM28: =$AM28 -> 29000 | CN28: =$AP28-$AU28 -> 3679.83 | CO28: =$AU28 -> 1315 | CP28: =$AL28 -> 1 | CQ28: 803 | CT28: =IF($I28="TTL",$K28,$Z28&$AE28) -> SBRMIF3003BKFRE | CU28: =$M28 -> SMITH BRIDGE | CV28: =IF($I28="TTL","",IF($CT28="","",$Q28&"_"&$T28&IF(R28="K","_KIDS",""))) -> MILITARY CAP_003 | CW28: =IF($I28="TTL","",IF($CT28="","",$Y28&"_"&$AE28)) -> BLACK_FRE | CX28: =$L28 -> SBR | CY28: =$T28 -> 003 | CZ28: =IF($I28="TTL",SUMIF($C:$C,MID($K28,1,SEARCH("TTL",$K28)-2),$CZ:$CZ),$AF28) -> 2000 | DA28: =$AM28 -> 29000 | DB28: =$Y28 -> BLACK | DC28: =$AE28 -> FRE | DG28: 41747 | DH28: =IF(OR($I28="TTL",$I28=""),"",AZ28-$DH$11) -> 41758 | DI28: 41747 | DJ28: 41747 | DK28: 41801 | DL28: 2 | DM28: 0 | DN28: 41766 | DO28: 41808 | DP28: =IF(OR($DN28="없음",$I28="TTL",$I28=""),"",AZ28-$DP$11) -> 41788 | DQ28: 41775 | DR28: 41829 | DS28: 41802 | DT28: 41801 | DU28: 41801 | DV28: 41844 | DW28: 41858 | DX28: 41848 | DY28: 완료 | EC28: =IF(OR($Z27&$AX27=$Z28&$AX27,$Z28&$AX28=""),"",$Z28&$AX28) -> SBRMIF3003BK41739 | ED28: =IF(OR(Z27&AE27=Z28&AE28,Z28=""),"",Z28&AE28) -> SBRMIF3003BKFRE | EE28: =IF($ED28="",0,IF(COUNTIF(ED$12:ED27,ED28)=0,0,COUNTIF(ED$12:ED27,ED28))) -> 0 | EF28: =IF(OR($AJ28="B",$ED28="",MID($U28,8,1)=$EF$9,MID($U28,8,1)=$EF$10),0,1) -> 0 | EG28: =IF(EE28+EF28=0,"","R"&(EE28+EF28)) | EI28: =IF($ED28="","",IF($EE28=0,U28,"")) -> SBRMIF3003 | EJ28: =IF($ED28="","",IF($EE28=0,Z28,"")) -> SBRMIF3003BK
A29: =IF(OR($I29="TTL",$I29=""),"",IF(ISERROR(VLOOKUP($B29,CODE!$D:$G,CODE!$F$1-2,FALSE))=TRUE,"전략",VLOOKUP($B29,CODE!$D:$G,CODE!$F$1-2,FALSE))) -> F-CAP | B29: =IF(OR($I29="TTL",$I29=""),"",IF(VLOOKUP($P29,CODE!$K:$O,CODE!$O$1,FALSE)="",$I29,$I29&"-"&VLOOKUP($P29,CODE!$K:$O,CODE!$O$1,FALSE))) -> SBR | C29: =IF($I29="TTL","",I29&"-"&$AG29&"-"&$AI29) -> SBR-FOREMOST-11 | D29: =$C29&$Z29 -> SBR-FOREMOST-11SBRMIF5004BK | E29: =IF($I29="TTL",0,IF(ISERROR(IF($Z28=$Z29,$E28,$E28+1))=TRUE,1,IF($Z28=$Z29,$E28,$E28+1))) -> 4 | F29: =$C29&$E29 -> SBR-FOREMOST-114 | G29: =$F29&"-"&$U29&$Y29&$AE29 -> SBR-FOREMOST-114-SBRMIF5004BLACKOSM | H29: =IF(ISERROR(I29&VLOOKUP(P29,CODE!$K:$N,CODE!$N$1,FALSE)&S29)=TRUE,0,I29&VLOOKUP(P29,CODE!$K:$N,CODE!$N$1,FALSE)&S29) -> SBR의류외4 | I29: =IF(ISERROR(SEARCH("TTL",$K29))=TRUE,IF($L29="","",VLOOKUP($L29,CODE!$B:$G,CODE!$D$1,FALSE)),"TTL") -> SBR | J29: =MID(W29,1,6) -> 14FW-J | L29: SBR | M29: =IF(OR($I29="TTL",$L29=""),"",VLOOKUP($L29,CODE!$B:$D,CODE!$C$1,FALSE)) -> SMITH BRIDGE | N29: =IF(OR($I29="TTL",$L29=""),"",VLOOKUP($K$2,CODE!$S:$T,CODE!$T$1-1,FALSE)) -> F | O29: 5 | P29: MI | Q29: =IF(OR($I29="TTL",$P29=""),"",VLOOKUP($P29,CODE!$K:$M,CODE!$L$1,FALSE)) -> MILITARY CAP | R29: U | S29: 4 | T29: =IF(OR($I29="TTL",$S29=""),"",IF($S29<10,"00"&$S29,IF($S29<100,"0"&$S29,$S29))) -> 004 | U29: =IF($I29="TTL","",$L29&$P29&$N29&$O29&$T29) -> SBRMIF5004 | V29: =IF($I29="TTL",SUMIF($C:$C,MID($K29,1,SEARCH("TTL",$K29)-2),$V:$V),IF($EI29="",0,1/COUNTIF($EI:$EI,$EI29))) -> 0.25 | W29: 14FW-JILL-BY_02_BK | X29: =IF($Y29="","",VLOOKUP($Y29,CODE!$AE:$AF,CODE!$AF$1-1,FALSE)) -> BK | Y29: BLACK | Z29: =$U29&$X29 -> SBRMIF5004BK | AA29: =VLOOKUP($Z29&$AX29,$EC:$EG,5,FALSE) | AB29: =IF($I29="TTL",SUMIF($C:$C,MID($K29,1,SEARCH("TTL",$K29)-2),$AB:$AB),IF($EJ29="",0,1/COUNTIF($EJ:$EJ,$EJ29))) -> 0.5 | AC29: 겉감1: 울 60% 아크릴 40% 겉감2 : 아크릴78% 폴리에스터 16% 스판 6% | AD29: 1 | AE29: OSM | AF29: 500 | AG29: FOREMOST | AH29: 11 | AI29: =IF($AH29=0,"",IF($AH29<10,"0"&$AH29,$AH29)) -> 11 | AJ29: M | AK29: CN | AL29: =IF($AK29=0,"",IF($AK29="KR",2,1)) -> 1 | AM29: =IF(ISERROR(VLOOKUP($F29,[1]기획현황취합!$A$1:$E$65485,[1]기획현황취합!$B$1,FALSE))=TRUE,0,VLOOKUP($F29,[1]기획현황취합!$A$1:$E$65485,[1]기획현황취합!$B$1,FALSE)) -> 39000 | AN29: =IF(ISERROR(VLOOKUP($F29,[1]기획현황취합!$A$1:$E$65485,[1]기획현황취합!$C$1,FALSE))=TRUE,0,VLOOKUP($F29,[1]기획현황취합!$A$1:$E$65485,[1]기획현황취합!$C$1,FALSE)) -> 41836 | AO29: =IF(ISERROR(($AM29/1.1)/VLOOKUP($AG29,'TARGET MU'!$A:$D,'TARGET MU'!$D$1,FALSE))=TRUE,0,($AM29/1.1)/VLOOKUP($AG29,'TARGET MU'!$A:$D,'TARGET MU'!$D$1,FALSE)) -> 5909.0909 | AP29: =IF(OR(AF29=0,AND(AV29=0,AW29=0)),0,IF(AG29="캡보이2",AV29*$AQ$5+AU29,IF(OR(AK29="IN",AK29="BG",AK29="VT",AK29="CB"),$AU29+(($AV29*(1+$AW$4))*(HLOOKUP(VLOOKUP(AG29,'TARGET MU'!$A:$P,'TARGET MU'!$J$1,FALSE),$AO$4:$AR$5,2,FALSE)))+$AW29,$AU29+((($AV29*(1+$AW$4))*(1+HLOOKUP(VLOOKUP($P29,CODE!$K:$P,CODE!$P$1,FALSE),$AS$4:$AV$5,2,FALSE)))*(HLOOKUP(VLOOKUP(AG29,'TARGET MU'!$A:$P,'TARGET MU'!$J$1,FALSE),$AO$4:$AR$5,2,FALSE)))+$AW29))) -> 6799.53 | AQ29: =AP29-AO29 -> 890.43909 | AR29: 2096 | AS29: 400 | AU29: =SUM(AR29:AT29) -> 2496 | AV29: 3.45 | AW29: 0 | AX29: =IF(ISERROR(VLOOKUP($F29,[1]기획현황취합!$A$1:$E$65485,[1]기획현황취합!$D$1,FALSE))=TRUE,0,VLOOKUP($F29,[1]기획현황취합!$A$1:$E$65485,[1]기획현황취합!$D$1,FALSE)) -> 41739 | AY29: 0 | AZ29: =IF(ISERROR(VLOOKUP($F29,[1]기획현황취합!$A$1:$E$65485,[1]기획현황취합!$E$1,FALSE))=TRUE,0,VLOOKUP($F29,[1]기획현황취합!$A$1:$E$65485,[1]기획현황취합!$E$1,FALSE)) -> 41848 | BA29: 0 | BB29: 41906 | BC29: 41913 | BF29: 0 | BG29: 확정 | BH29: 확정 | BI29: =IF($I29="TTL",SUMIF($C:$C,MID($K29,1,SEARCH("TTL",$K29)-2),$BI:$BI),SUMIF(실입고현황!$A:$A,BB29&VLOOKUP($AG29,'TARGET MU'!$A:$D,'TARGET MU'!$B$1,FALSE)&$Z29&" "&$AE29,실입고현황!$C:$C)) -> 100 | BJ29: =IF($I29="TTL",SUMIF($C:$C,MID($K29,1,SEARCH("TTL",$K29)-2),$BJ:$BJ),SUMIF(실입고현황!$A:$A,BC29&VLOOKUP($AG29,'TARGET MU'!$A:$D,'TARGET MU'!$B$1,FALSE)&$Z29&" "&$AE29,실입고현황!$C:$C)) -> 404 | BK29: =IF($I29="TTL",SUMIF($C:$C,MID($K29,1,SEARCH("TTL",$K29)-2),$BK:$BK),SUMIF(실입고현황!$A:$A,BD29&VLOOKUP($AG29,'TARGET MU'!$A:$D,'TARGET MU'!$B$1,FALSE)&$Z29&" "&$AE29,실입고현황!$C:$C)) -> 0 | BL29: =IF($I29="TTL",SUMIF($C:$C,MID($K29,1,SEARCH("TTL",$K29)-2),$BL:$BL),SUMIF(실입고현황!$A:$A,BE29&VLOOKUP($AG29,'TARGET MU'!$A:$D,'TARGET MU'!$B$1,FALSE)&$Z29&" "&$AE29,실입고현황!$C:$C)) -> 0 | BM29: =IF($I29="TTL",SUMIF($C:$C,MID($K29,1,SEARCH("TTL",$K29)-2),$BM:$BM),SUMIF(실입고현황!$A:$A,BF29&VLOOKUP($AG29,'TARGET MU'!$A:$D,'TARGET MU'!$B$1,FALSE)&$Z29&" "&$AE29,실입고현황!$C:$C)) -> 0 | BN29: =IF($I29="TTL",SUMIF($C:$C,MID($K29,1,SEARCH("TTL",$K29)-2),$BN:$BN),IF(($BO29-SUM($BI29,$BJ29,$BK29,BL29,BM29))<$BO29*$BN$6,0,$BO29-SUM($BI29,$BJ29,$BK29,BL29,BM29))) -> 0 | BO29: =IF($I29="TTL",SUMIF($C:$C,MID($K29,1,SEARCH("TTL",$K29)-2),$BO:$BO),$AF29) -> 500 | BP29: =IF($I29="TTL",SUMIF($C:$C,MID($K29,1,SEARCH("TTL",$K29)-2),$BP:$BP),IF(AO29=0,0,IF($AP29=0,$AO29*$AF29,$AP29*$AF29))) -> 3399765 | BQ29: =IF($I29="TTL",SUMIF($C:$C,MID($K29,1,SEARCH("TTL",$K29)-2),$BQ:$BQ),$AM29*$AF29) -> 19500000 | BR29: =IF(ISERROR($BQ29/($BP29*1.1))=TRUE,0,$BQ29/($BP29*1.1)) -> 5.2142641 | BT29: =IF(ISERROR(Z29&VLOOKUP($AG29,'TARGET MU'!$A:$D,'TARGET MU'!$B$1,FALSE))=TRUE,"",Z29&VLOOKUP($AG29,'TARGET MU'!$A:$D,'TARGET MU'!$B$1,FALSE)) -> SBRMIF5004BK포모스트 | BU29: =AP29 -> 6799.53 | BV29: =Z29&AE29&AF29&AM29&AG29&AI29&AK29 -> SBRMIF5004BKOSM50039000FOREMOST11CN | BX29: =IF($I29="TTL","",$L29) -> SBR | BY29: =$O29 -> 5 | BZ29: =$AJ29 -> M | CA29: =$P29 -> MI | CB29: =$R29 -> U | CC29: =$AK29 -> CN | CD29: =$W29 -> 14FW-JILL-BY_02_BK | CE29: =$U29 -> SBRMIF5004 | CF29: =$T29 -> 004 | CG29: =$W29 -> 14FW-JILL-BY_02_BK | CH29: =$X29 -> BK | CI29: =$AD29 -> 1 | CJ29: =$AE29 -> OSM | CK29: =IF($I29="TTL",SUMIF($C:$C,MID($K29,1,SEARCH("TTL",$K29)-2),$BO:$BO),$AF29) -> 500 | CL29: =$AV29 -> 3.45 | CM29: =$AM29 -> 39000 | CN29: =$AP29-$AU29 -> 4303.53 | CO29: =$AU29 -> 2496 | CP29: =$AL29 -> 1 | CQ29: 967/1036 | CT29: =IF($I29="TTL",$K29,$Z29&$AE29) -> SBRMIF5004BKOSM | CU29: =$M29 -> SMITH BRIDGE | CV29: =IF($I29="TTL","",IF($CT29="","",$Q29&"_"&$T29&IF(R29="K","_KIDS",""))) -> MILITARY CAP_004 | CW29: =IF($I29="TTL","",IF($CT29="","",$Y29&"_"&$AE29)) -> BLACK_OSM | CX29: =$L29 -> SBR | CY29: =$T29 -> 004 | CZ29: =IF($I29="TTL",SUMIF($C:$C,MID($K29,1,SEARCH("TTL",$K29)-2),$CZ:$CZ),$AF29) -> 500 | DA29: =$AM29 -> 39000 | DB29: =$Y29 -> BLACK | DC29: =$AE29 -> OSM | DG29: 41747 | DH29: =IF(OR($I29="TTL",$I29=""),"",AZ29-$DH$11) -> 41758 | DI29: 41747 | DJ29: 41747 | DK29: 41801 | DL29: 3 | DM29: 1 | DN29: 41766 | DO29: 41808 | DP29: =IF(OR($DN29="없음",$I29="TTL",$I29=""),"",AZ29-$DP$11) -> 41788 | DQ29: 41775 | DR29: 41829 | DS29: 41802 | DT29: 회색대체 | DU29: 41831 | DV29: 41844 | DW29: 41864 | DX29: GY대체 | DY29: 완료 | EC29: =IF(OR($Z28&$AX28=$Z29&$AX28,$Z29&$AX29=""),"",$Z29&$AX29) -> SBRMIF5004BK41739 | ED29: =IF(OR(Z28&AE28=Z29&AE29,Z29=""),"",Z29&AE29) -> SBRMIF5004BKOSM | EE29: =IF($ED29="",0,IF(COUNTIF(ED$12:ED28,ED29)=0,0,COUNTIF(ED$12:ED28,ED29))) -> 0 | EF29: =IF(OR($AJ29="B",$ED29="",MID($U29,8,1)=$EF$9,MID($U29,8,1)=$EF$10),0,1) -> 0 | EG29: =IF(EE29+EF29=0,"","R"&(EE29+EF29)) | EI29: =IF($ED29="","",IF($EE29=0,U29,"")) -> SBRMIF5004 | EJ29: =IF($ED29="","",IF($EE29=0,Z29,"")) -> SBRMIF5004BK
A30: =IF(OR($I30="TTL",$I30=""),"",IF(ISERROR(VLOOKUP($B30,CODE!$D:$G,CODE!$F$1-2,FALSE))=TRUE,"전략",VLOOKUP($B30,CODE!$D:$G,CODE!$F$1-2,FALSE))) -> F-CAP | B30: =IF(OR($I30="TTL",$I30=""),"",IF(VLOOKUP($P30,CODE!$K:$O,CODE!$O$1,FALSE)="",$I30,$I30&"-"&VLOOKUP($P30,CODE!$K:$O,CODE!$O$1,FALSE))) -> SBR | C30: =IF($I30="TTL","",I30&"-"&$AG30&"-"&$AI30) -> SBR-FOREMOST-11 | D30: =$C30&$Z30 -> SBR-FOREMOST-11SBRMIF5004BK | E30: =IF($I30="TTL",0,IF(ISERROR(IF($Z29=$Z30,$E29,$E29+1))=TRUE,1,IF($Z29=$Z30,$E29,$E29+1))) -> 4 | F30: =$C30&$E30 -> SBR-FOREMOST-114 | G30: =$F30&"-"&$U30&$Y30&$AE30 -> SBR-FOREMOST-114-SBRMIF5004BLACKOML | H30: =IF(ISERROR(I30&VLOOKUP(P30,CODE!$K:$N,CODE!$N$1,FALSE)&S30)=TRUE,0,I30&VLOOKUP(P30,CODE!$K:$N,CODE!$N$1,FALSE)&S30) -> SBR의류외4 | I30: =IF(ISERROR(SEARCH("TTL",$K30))=TRUE,IF($L30="","",VLOOKUP($L30,CODE!$B:$G,CODE!$D$1,FALSE)),"TTL") -> SBR | J30: =MID(W30,1,6) -> 14FW-J | L30: SBR | M30: =IF(OR($I30="TTL",$L30=""),"",VLOOKUP($L30,CODE!$B:$D,CODE!$C$1,FALSE)) -> SMITH BRIDGE | N30: =IF(OR($I30="TTL",$L30=""),"",VLOOKUP($K$2,CODE!$S:$T,CODE!$T$1-1,FALSE)) -> F | O30: 5 | P30: MI | Q30: =IF(OR($I30="TTL",$P30=""),"",VLOOKUP($P30,CODE!$K:$M,CODE!$L$1,FALSE)) -> MILITARY CAP | R30: U | S30: 4 | T30: =IF(OR($I30="TTL",$S30=""),"",IF($S30<10,"00"&$S30,IF($S30<100,"0"&$S30,$S30))) -> 004 | U30: =IF($I30="TTL","",$L30&$P30&$N30&$O30&$T30) -> SBRMIF5004 | V30: =IF($I30="TTL",SUMIF($C:$C,MID($K30,1,SEARCH("TTL",$K30)-2),$V:$V),IF($EI30="",0,1/COUNTIF($EI:$EI,$EI30))) -> 0.25 | W30: 14FW-JILL-BY_02_BK | X30: =IF($Y30="","",VLOOKUP($Y30,CODE!$AE:$AF,CODE!$AF$1-1,FALSE)) -> BK | Y30: BLACK | Z30: =$U30&$X30 -> SBRMIF5004BK | AA30: =VLOOKUP($Z30&$AX30,$EC:$EG,5,FALSE) | AB30: =IF($I30="TTL",SUMIF($C:$C,MID($K30,1,SEARCH("TTL",$K30)-2),$AB:$AB),IF($EJ30="",0,1/COUNTIF($EJ:$EJ,$EJ30))) -> 0.5 | AC30: 겉감1: 울 60% 아크릴 40% 겉감2 : 아크릴78% 폴리에스터 16% 스판 6% | AD30: 1 | AE30: OML | AF30: 300 | AG30: FOREMOST | AH30: 11 | AI30: =IF($AH30=0,"",IF($AH30<10,"0"&$AH30,$AH30)) -> 11 | AJ30: M | AK30: CN | AL30: =IF($AK30=0,"",IF($AK30="KR",2,1)) -> 1 | AM30: =IF(ISERROR(VLOOKUP($F30,[1]기획현황취합!$A$1:$E$65485,[1]기획현황취합!$B$1,FALSE))=TRUE,0,VLOOKUP($F30,[1]기획현황취합!$A$1:$E$65485,[1]기획현황취합!$B$1,FALSE)) -> 39000 | AN30: =IF(ISERROR(VLOOKUP($F30,[1]기획현황취합!$A$1:$E$65485,[1]기획현황취합!$C$1,FALSE))=TRUE,0,VLOOKUP($F30,[1]기획현황취합!$A$1:$E$65485,[1]기획현황취합!$C$1,FALSE)) -> 41836 | AO30: =IF(ISERROR(($AM30/1.1)/VLOOKUP($AG30,'TARGET MU'!$A:$D,'TARGET MU'!$D$1,FALSE))=TRUE,0,($AM30/1.1)/VLOOKUP($AG30,'TARGET MU'!$A:$D,'TARGET MU'!$D$1,FALSE)) -> 5909.0909 | AP30: =IF(OR(AF30=0,AND(AV30=0,AW30=0)),0,IF(AG30="캡보이2",AV30*$AQ$5+AU30,IF(OR(AK30="IN",AK30="BG",AK30="VT",AK30="CB"),$AU30+(($AV30*(1+$AW$4))*(HLOOKUP(VLOOKUP(AG30,'TARGET MU'!$A:$P,'TARGET MU'!$J$1,FALSE),$AO$4:$AR$5,2,FALSE)))+$AW30,$AU30+((($AV30*(1+$AW$4))*(1+HLOOKUP(VLOOKUP($P30,CODE!$K:$P,CODE!$P$1,FALSE),$AS$4:$AV$5,2,FALSE)))*(HLOOKUP(VLOOKUP(AG30,'TARGET MU'!$A:$P,'TARGET MU'!$J$1,FALSE),$AO$4:$AR$5,2,FALSE)))+$AW30))) -> 6799.53 | AQ30: =AP30-AO30 -> 890.43909 | AR30: 2096 | AS30: 400 | AU30: =SUM(AR30:AT30) -> 2496 | AV30: 3.45 | AW30: 0 | AX30: =IF(ISERROR(VLOOKUP($F30,[1]기획현황취합!$A$1:$E$65485,[1]기획현황취합!$D$1,FALSE))=TRUE,0,VLOOKUP($F30,[1]기획현황취합!$A$1:$E$65485,[1]기획현황취합!$D$1,FALSE)) -> 41739 | AY30: 0 | AZ30: =IF(ISERROR(VLOOKUP($F30,[1]기획현황취합!$A$1:$E$65485,[1]기획현황취합!$E$1,FALSE))=TRUE,0,VLOOKUP($F30,[1]기획현황취합!$A$1:$E$65485,[1]기획현황취합!$E$1,FALSE)) -> 41848 | BA30: 0 | BB30: 41906 | BC30: 41913 | BF30: 0 | BG30: 확정 | BH30: 확정 | BI30: =IF($I30="TTL",SUMIF($C:$C,MID($K30,1,SEARCH("TTL",$K30)-2),$BI:$BI),SUMIF(실입고현황!$A:$A,BB30&VLOOKUP($AG30,'TARGET MU'!$A:$D,'TARGET MU'!$B$1,FALSE)&$Z30&" "&$AE30,실입고현황!$C:$C)) -> 98 | BJ30: =IF($I30="TTL",SUMIF($C:$C,MID($K30,1,SEARCH("TTL",$K30)-2),$BJ:$BJ),SUMIF(실입고현황!$A:$A,BC30&VLOOKUP($AG30,'TARGET MU'!$A:$D,'TARGET MU'!$B$1,FALSE)&$Z30&" "&$AE30,실입고현황!$C:$C)) -> 193 | BK30: =IF($I30="TTL",SUMIF($C:$C,MID($K30,1,SEARCH("TTL",$K30)-2),$BK:$BK),SUMIF(실입고현황!$A:$A,BD30&VLOOKUP($AG30,'TARGET MU'!$A:$D,'TARGET MU'!$B$1,FALSE)&$Z30&" "&$AE30,실입고현황!$C:$C)) -> 0 | BL30: =IF($I30="TTL",SUMIF($C:$C,MID($K30,1,SEARCH("TTL",$K30)-2),$BL:$BL),SUMIF(실입고현황!$A:$A,BE30&VLOOKUP($AG30,'TARGET MU'!$A:$D,'TARGET MU'!$B$1,FALSE)&$Z30&" "&$AE30,실입고현황!$C:$C)) -> 0 | BM30: =IF($I30="TTL",SUMIF($C:$C,MID($K30,1,SEARCH("TTL",$K30)-2),$BM:$BM),SUMIF(실입고현황!$A:$A,BF30&VLOOKUP($AG30,'TARGET MU'!$A:$D,'TARGET MU'!$B$1,FALSE)&$Z30&" "&$AE30,실입고현황!$C:$C)) -> 0 | BN30: =IF($I30="TTL",SUMIF($C:$C,MID($K30,1,SEARCH("TTL",$K30)-2),$BN:$BN),IF(($BO30-SUM($BI30,$BJ30,$BK30,BL30,BM30))<$BO30*$BN$6,0,$BO30-SUM($BI30,$BJ30,$BK30,BL30,BM30))) -> 0 | BO30: =IF($I30="TTL",SUMIF($C:$C,MID($K30,1,SEARCH("TTL",$K30)-2),$BO:$BO),$AF30) -> 300 | BP30: =IF($I30="TTL",SUMIF($C:$C,MID($K30,1,SEARCH("TTL",$K30)-2),$BP:$BP),IF(AO30=0,0,IF($AP30=0,$AO30*$AF30,$AP30*$AF30))) -> 2039859 | BQ30: =IF($I30="TTL",SUMIF($C:$C,MID($K30,1,SEARCH("TTL",$K30)-2),$BQ:$BQ),$AM30*$AF30) -> 11700000 | BR30: =IF(ISERROR($BQ30/($BP30*1.1))=TRUE,0,$BQ30/($BP30*1.1)) -> 5.2142641 | BT30: =IF(ISERROR(Z30&VLOOKUP($AG30,'TARGET MU'!$A:$D,'TARGET MU'!$B$1,FALSE))=TRUE,"",Z30&VLOOKUP($AG30,'TARGET MU'!$A:$D,'TARGET MU'!$B$1,FALSE)) -> SBRMIF5004BK포모스트 | BU30: =AP30 -> 6799.53 | BV30: =Z30&AE30&AF30&AM30&AG30&AI30&AK30 -> SBRMIF5004BKOML30039000FOREMOST11CN | BX30: =IF($I30="TTL","",$L30) -> SBR | BY30: =$O30 -> 5 | BZ30: =$AJ30 -> M | CA30: =$P30 -> MI | CB30: =$R30 -> U | CC30: =$AK30 -> CN | CD30: =$W30 -> 14FW-JILL-BY_02_BK | CE30: =$U30 -> SBRMIF5004 | CF30: =$T30 -> 004 | CG30: =$W30 -> 14FW-JILL-BY_02_BK | CH30: =$X30 -> BK | CI30: =$AD30 -> 1 | CJ30: =$AE30 -> OML | CK30: =IF($I30="TTL",SUMIF($C:$C,MID($K30,1,SEARCH("TTL",$K30)-2),$BO:$BO),$AF30) -> 300 | CL30: =$AV30 -> 3.45 | CM30: =$AM30 -> 39000 | CN30: =$AP30-$AU30 -> 4303.53 | CO30: =$AU30 -> 2496 | CP30: =$AL30 -> 1 | CQ30: 967/1036 | CT30: =IF($I30="TTL",$K30,$Z30&$AE30) -> SBRMIF5004BKOML | CU30: =$M30 -> SMITH BRIDGE | CV30: =IF($I30="TTL","",IF($CT30="","",$Q30&"_"&$T30&IF(R30="K","_KIDS",""))) -> MILITARY CAP_004 | CW30: =IF($I30="TTL","",IF($CT30="","",$Y30&"_"&$AE30)) -> BLACK_OML | CX30: =$L30 -> SBR | CY30: =$T30 -> 004 | CZ30: =IF($I30="TTL",SUMIF($C:$C,MID($K30,1,SEARCH("TTL",$K30)-2),$CZ:$CZ),$AF30) -> 300 | DA30: =$AM30 -> 39000 | DB30: =$Y30 -> BLACK | DC30: =$AE30 -> OML | DG30: 41747 | DH30: =IF(OR($I30="TTL",$I30=""),"",AZ30-$DH$11) -> 41758 | DI30: 41747 | DJ30: 41747 | DK30: 41801 | DL30: 3 | DM30: 1 | DN30: 41766 | DO30: 41808 | DP30: =IF(OR($DN30="없음",$I30="TTL",$I30=""),"",AZ30-$DP$11) -> 41788 | DQ30: 41775 | DR30: 41829 | DS30: 41802 | DT30: 41810 | DU30: 41831 | DV30: 41844 | DW30: 41864 | DX30: 41884 | DY30: 완료 | EC30: =IF(OR($Z29&$AX29=$Z30&$AX29,$Z30&$AX30=""),"",$Z30&$AX30) | ED30: =IF(OR(Z29&AE29=Z30&AE30,Z30=""),"",Z30&AE30) -> SBRMIF5004BKOML | EE30: =IF($ED30="",0,IF(COUNTIF(ED$12:ED29,ED30)=0,0,COUNTIF(ED$12:ED29,ED30))) -> 0 | EF30: =IF(OR($AJ30="B",$ED30="",MID($U30,8,1)=$EF$9,MID($U30,8,1)=$EF$10),0,1) -> 0 | EG30: =IF(EE30+EF30=0,"","R"&(EE30+EF30)) | EI30: =IF($ED30="","",IF($EE30=0,U30,"")) -> SBRMIF5004 | EJ30: =IF($ED30="","",IF($EE30=0,Z30,"")) -> SBRMIF5004BK
A31: =IF(OR($I31="TTL",$I31=""),"",IF(ISERROR(VLOOKUP($B31,CODE!$D:$G,CODE!$F$1-2,FALSE))=TRUE,"전략",VLOOKUP($B31,CODE!$D:$G,CODE!$F$1-2,FALSE))) -> F-CAP | B31: =IF(OR($I31="TTL",$I31=""),"",IF(VLOOKUP($P31,CODE!$K:$O,CODE!$O$1,FALSE)="",$I31,$I31&"-"&VLOOKUP($P31,CODE!$K:$O,CODE!$O$1,FALSE))) -> SBR | C31: =IF($I31="TTL","",I31&"-"&$AG31&"-"&$AI31) -> SBR-FOREMOST-11 | D31: =$C31&$Z31 -> SBR-FOREMOST-11SBRMIF5004GY | E31: =IF($I31="TTL",0,IF(ISERROR(IF($Z30=$Z31,$E30,$E30+1))=TRUE,1,IF($Z30=$Z31,$E30,$E30+1))) -> 5 | F31: =$C31&$E31 -> SBR-FOREMOST-115 | G31: =$F31&"-"&$U31&$Y31&$AE31 -> SBR-FOREMOST-115-SBRMIF5004GREYOSM | H31: =IF(ISERROR(I31&VLOOKUP(P31,CODE!$K:$N,CODE!$N$1,FALSE)&S31)=TRUE,0,I31&VLOOKUP(P31,CODE!$K:$N,CODE!$N$1,FALSE)&S31) -> SBR의류외4 | I31: =IF(ISERROR(SEARCH("TTL",$K31))=TRUE,IF($L31="","",VLOOKUP($L31,CODE!$B:$G,CODE!$D$1,FALSE)),"TTL") -> SBR | J31: =MID(W31,1,6) -> 14FW-J | L31: SBR | M31: =IF(OR($I31="TTL",$L31=""),"",VLOOKUP($L31,CODE!$B:$D,CODE!$C$1,FALSE)) -> SMITH BRIDGE | N31: =IF(OR($I31="TTL",$L31=""),"",VLOOKUP($K$2,CODE!$S:$T,CODE!$T$1-1,FALSE)) -> F | O31: 5 | P31: MI | Q31: =IF(OR($I31="TTL",$P31=""),"",VLOOKUP($P31,CODE!$K:$M,CODE!$L$1,FALSE)) -> MILITARY CAP | R31: U | S31: 4 | T31: =IF(OR($I31="TTL",$S31=""),"",IF($S31<10,"00"&$S31,IF($S31<100,"0"&$S31,$S31))) -> 004 | U31: =IF($I31="TTL","",$L31&$P31&$N31&$O31&$T31) -> SBRMIF5004 | V31: =IF($I31="TTL",SUMIF($C:$C,MID($K31,1,SEARCH("TTL",$K31)-2),$V:$V),IF($EI31="",0,1/COUNTIF($EI:$EI,$EI31))) -> 0.25 | W31: 14FW-JILL-BY_02_GY | X31: =IF($Y31="","",VLOOKUP($Y31,CODE!$AE:$AF,CODE!$AF$1-1,FALSE)) -> GY | Y31: GREY | Z31: =$U31&$X31 -> SBRMIF5004GY | AA31: =VLOOKUP($Z31&$AX31,$EC:$EG,5,FALSE) | AB31: =IF($I31="TTL",SUMIF($C:$C,MID($K31,1,SEARCH("TTL",$K31)-2),$AB:$AB),IF($EJ31="",0,1/COUNTIF($EJ:$EJ,$EJ31))) -> 0.5 | AC31: 겉감1: 울 60% 아크릴 40% 겉감2 : 아크릴78% 폴리에스터 16% 스판 6% | AD31: 1 | AE31: OSM | AF31: 500 | AG31: FOREMOST | AH31: 11 | AI31: =IF($AH31=0,"",IF($AH31<10,"0"&$AH31,$AH31)) -> 11 | AJ31: M | AK31: CN | AL31: =IF($AK31=0,"",IF($AK31="KR",2,1)) -> 1 | AM31: =IF(ISERROR(VLOOKUP($F31,[1]기획현황취합!$A$1:$E$65485,[1]기획현황취합!$B$1,FALSE))=TRUE,0,VLOOKUP($F31,[1]기획현황취합!$A$1:$E$65485,[1]기획현황취합!$B$1,FALSE)) -> 39000 | AN31: =IF(ISERROR(VLOOKUP($F31,[1]기획현황취합!$A$1:$E$65485,[1]기획현황취합!$C$1,FALSE))=TRUE,0,VLOOKUP($F31,[1]기획현황취합!$A$1:$E$65485,[1]기획현황취합!$C$1,FALSE)) -> 41836 | AO31: =IF(ISERROR(($AM31/1.1)/VLOOKUP($AG31,'TARGET MU'!$A:$D,'TARGET MU'!$D$1,FALSE))=TRUE,0,($AM31/1.1)/VLOOKUP($AG31,'TARGET MU'!$A:$D,'TARGET MU'!$D$1,FALSE)) -> 5909.0909 | AP31: =IF(OR(AF31=0,AND(AV31=0,AW31=0)),0,IF(AG31="캡보이2",AV31*$AQ$5+AU31,IF(OR(AK31="IN",AK31="BG",AK31="VT",AK31="CB"),$AU31+(($AV31*(1+$AW$4))*(HLOOKUP(VLOOKUP(AG31,'TARGET MU'!$A:$P,'TARGET MU'!$J$1,FALSE),$AO$4:$AR$5,2,FALSE)))+$AW31,$AU31+((($AV31*(1+$AW$4))*(1+HLOOKUP(VLOOKUP($P31,CODE!$K:$P,CODE!$P$1,FALSE),$AS$4:$AV$5,2,FALSE)))*(HLOOKUP(VLOOKUP(AG31,'TARGET MU'!$A:$P,'TARGET MU'!$J$1,FALSE),$AO$4:$AR$5,2,FALSE)))+$AW31))) -> 6799.53 | AQ31: =AP31-AO31 -> 890.43909 | AR31: 2096 | AS31: 400 | AU31: =SUM(AR31:AT31) -> 2496 | AV31: 3.45 | AW31: 0 | AX31: =IF(ISERROR(VLOOKUP($F31,[1]기획현황취합!$A$1:$E$65485,[1]기획현황취합!$D$1,FALSE))=TRUE,0,VLOOKUP($F31,[1]기획현황취합!$A$1:$E$65485,[1]기획현황취합!$D$1,FALSE)) -> 41739 | AY31: 0 | AZ31: =IF(ISERROR(VLOOKUP($F31,[1]기획현황취합!$A$1:$E$65485,[1]기획현황취합!$E$1,FALSE))=TRUE,0,VLOOKUP($F31,[1]기획현황취합!$A$1:$E$65485,[1]기획현황취합!$E$1,FALSE)) -> 41848 | BA31: 0 | BB31: 41906 | BC31: 41913 | BF31: 0 | BG31: 확정 | BH31: 확정 | BI31: =IF($I31="TTL",SUMIF($C:$C,MID($K31,1,SEARCH("TTL",$K31)-2),$BI:$BI),SUMIF(실입고현황!$A:$A,BB31&VLOOKUP($AG31,'TARGET MU'!$A:$D,'TARGET MU'!$B$1,FALSE)&$Z31&" "&$AE31,실입고현황!$C:$C)) -> 100 | BJ31: =IF($I31="TTL",SUMIF($C:$C,MID($K31,1,SEARCH("TTL",$K31)-2),$BJ:$BJ),SUMIF(실입고현황!$A:$A,BC31&VLOOKUP($AG31,'TARGET MU'!$A:$D,'TARGET MU'!$B$1,FALSE)&$Z31&" "&$AE31,실입고현황!$C:$C)) -> 400 | BK31: =IF($I31="TTL",SUMIF($C:$C,MID($K31,1,SEARCH("TTL",$K31)-2),$BK:$BK),SUMIF(실입고현황!$A:$A,BD31&VLOOKUP($AG31,'TARGET MU'!$A:$D,'TARGET MU'!$B$1,FALSE)&$Z31&" "&$AE31,실입고현황!$C:$C)) -> 0 | BL31: =IF($I31="TTL",SUMIF($C:$C,MID($K31,1,SEARCH("TTL",$K31)-2),$BL:$BL),SUMIF(실입고현황!$A:$A,BE31&VLOOKUP($AG31,'TARGET MU'!$A:$D,'TARGET MU'!$B$1,FALSE)&$Z31&" "&$AE31,실입고현황!$C:$C)) -> 0 | BM31: =IF($I31="TTL",SUMIF($C:$C,MID($K31,1,SEARCH("TTL",$K31)-2),$BM:$BM),SUMIF(실입고현황!$A:$A,BF31&VLOOKUP($AG31,'TARGET MU'!$A:$D,'TARGET MU'!$B$1,FALSE)&$Z31&" "&$AE31,실입고현황!$C:$C)) -> 0 | BN31: =IF($I31="TTL",SUMIF($C:$C,MID($K31,1,SEARCH("TTL",$K31)-2),$BN:$BN),IF(($BO31-SUM($BI31,$BJ31,$BK31,BL31,BM31))<$BO31*$BN$6,0,$BO31-SUM($BI31,$BJ31,$BK31,BL31,BM31))) -> 0 | BO31: =IF($I31="TTL",SUMIF($C:$C,MID($K31,1,SEARCH("TTL",$K31)-2),$BO:$BO),$AF31) -> 500 | BP31: =IF($I31="TTL",SUMIF($C:$C,MID($K31,1,SEARCH("TTL",$K31)-2),$BP:$BP),IF(AO31=0,0,IF($AP31=0,$AO31*$AF31,$AP31*$AF31))) -> 3399765 | BQ31: =IF($I31="TTL",SUMIF($C:$C,MID($K31,1,SEARCH("TTL",$K31)-2),$BQ:$BQ),$AM31*$AF31) -> 19500000 | BR31: =IF(ISERROR($BQ31/($BP31*1.1))=TRUE,0,$BQ31/($BP31*1.1)) -> 5.2142641 | BT31: =IF(ISERROR(Z31&VLOOKUP($AG31,'TARGET MU'!$A:$D,'TARGET MU'!$B$1,FALSE))=TRUE,"",Z31&VLOOKUP($AG31,'TARGET MU'!$A:$D,'TARGET MU'!$B$1,FALSE)) -> SBRMIF5004GY포모스트 | BU31: =AP31 -> 6799.53 | BV31: =Z31&AE31&AF31&AM31&AG31&AI31&AK31 -> SBRMIF5004GYOSM50039000FOREMOST11CN | BX31: =IF($I31="TTL","",$L31) -> SBR | BY31: =$O31 -> 5 | BZ31: =$AJ31 -> M | CA31: =$P31 -> MI | CB31: =$R31 -> U | CC31: =$AK31 -> CN | CD31: =$W31 -> 14FW-JILL-BY_02_GY | CE31: =$U31 -> SBRMIF5004 | CF31: =$T31 -> 004 | CG31: =$W31 -> 14FW-JILL-BY_02_GY | CH31: =$X31 -> GY | CI31: =$AD31 -> 1 | CJ31: =$AE31 -> OSM | CK31: =IF($I31="TTL",SUMIF($C:$C,MID($K31,1,SEARCH("TTL",$K31)-2),$BO:$BO),$AF31) -> 500 | CL31: =$AV31 -> 3.45 | CM31: =$AM31 -> 39000 | CN31: =$AP31-$AU31 -> 4303.53 | CO31: =$AU31 -> 2496 | CP31: =$AL31 -> 1 | CQ31: 967/1036 | CT31: =IF($I31="TTL",$K31,$Z31&$AE31) -> SBRMIF5004GYOSM | CU31: =$M31 -> SMITH BRIDGE | CV31: =IF($I31="TTL","",IF($CT31="","",$Q31&"_"&$T31&IF(R31="K","_KIDS",""))) -> MILITARY CAP_004 | CW31: =IF($I31="TTL","",IF($CT31="","",$Y31&"_"&$AE31)) -> GREY_OSM | CX31: =$L31 -> SBR | CY31: =$T31 -> 004 | CZ31: =IF($I31="TTL",SUMIF($C:$C,MID($K31,1,SEARCH("TTL",$K31)-2),$CZ:$CZ),$AF31) -> 500 | DA31: =$AM31 -> 39000 | DB31: =$Y31 -> GREY | DC31: =$AE31 -> OSM | DG31: 41747 | DH31: =IF(OR($I31="TTL",$I31=""),"",AZ31-$DH$11) -> 41758 | DI31: 41747 | DJ31: 41747 | DK31: 41801 | DL31: 3 | DM31: 1 | DN31: 41766 | DO31: 41808 | DP31: =IF(OR($DN31="없음",$I31="TTL",$I31=""),"",AZ31-$DP$11) -> 41788 | DQ31: 41775 | DR31: 41829 | DS31: 41802 | DT31: 41810 | DU31: 41831 | DV31: 41844 | DW31: 41864 | DX31: 41884 | DY31: 완료 | EC31: =IF(OR($Z30&$AX30=$Z31&$AX30,$Z31&$AX31=""),"",$Z31&$AX31) -> SBRMIF5004GY41739 | ED31: =IF(OR(Z30&AE30=Z31&AE31,Z31=""),"",Z31&AE31) -> SBRMIF5004GYOSM | EE31: =IF($ED31="",0,IF(COUNTIF(ED$12:ED30,ED31)=0,0,COUNTIF(ED$12:ED30,ED31))) -> 0 | EF31: =IF(OR($AJ31="B",$ED31="",MID($U31,8,1)=$EF$9,MID($U31,8,1)=$EF$10),0,1) -> 0 | EG31: =IF(EE31+EF31=0,"","R"&(EE31+EF31)) | EI31: =IF($ED31="","",IF($EE31=0,U31,"")) -> SBRMIF5004 | EJ31: =IF($ED31="","",IF($EE31=0,Z31,"")) -> SBRMIF5004GY
A32: =IF(OR($I32="TTL",$I32=""),"",IF(ISERROR(VLOOKUP($B32,CODE!$D:$G,CODE!$F$1-2,FALSE))=TRUE,"전략",VLOOKUP($B32,CODE!$D:$G,CODE!$F$1-2,FALSE))) -> F-CAP | B32: =IF(OR($I32="TTL",$I32=""),"",IF(VLOOKUP($P32,CODE!$K:$O,CODE!$O$1,FALSE)="",$I32,$I32&"-"&VLOOKUP($P32,CODE!$K:$O,CODE!$O$1,FALSE))) -> SBR | C32: =IF($I32="TTL","",I32&"-"&$AG32&"-"&$AI32) -> SBR-FOREMOST-11 | D32: =$C32&$Z32 -> SBR-FOREMOST-11SBRMIF5004GY | E32: =IF($I32="TTL",0,IF(ISERROR(IF($Z31=$Z32,$E31,$E31+1))=TRUE,1,IF($Z31=$Z32,$E31,$E31+1))) -> 5 | F32: =$C32&$E32 -> SBR-FOREMOST-115 | G32: =$F32&"-"&$U32&$Y32&$AE32 -> SBR-FOREMOST-115-SBRMIF5004GREYOML | H32: =IF(ISERROR(I32&VLOOKUP(P32,CODE!$K:$N,CODE!$N$1,FALSE)&S32)=TRUE,0,I32&VLOOKUP(P32,CODE!$K:$N,CODE!$N$1,FALSE)&S32) -> SBR의류외4 | I32: =IF(ISERROR(SEARCH("TTL",$K32))=TRUE,IF($L32="","",VLOOKUP($L32,CODE!$B:$G,CODE!$D$1,FALSE)),"TTL") -> SBR | J32: =MID(W32,1,6) -> 14FW-J | L32: SBR | M32: =IF(OR($I32="TTL",$L32=""),"",VLOOKUP($L32,CODE!$B:$D,CODE!$C$1,FALSE)) -> SMITH BRIDGE | N32: =IF(OR($I32="TTL",$L32=""),"",VLOOKUP($K$2,CODE!$S:$T,CODE!$T$1-1,FALSE)) -> F | O32: 5 | P32: MI | Q32: =IF(OR($I32="TTL",$P32=""),"",VLOOKUP($P32,CODE!$K:$M,CODE!$L$1,FALSE)) -> MILITARY CAP | R32: U | S32: 4 | T32: =IF(OR($I32="TTL",$S32=""),"",IF($S32<10,"00"&$S32,IF($S32<100,"0"&$S32,$S32))) -> 004 | U32: =IF($I32="TTL","",$L32&$P32&$N32&$O32&$T32) -> SBRMIF5004 | V32: =IF($I32="TTL",SUMIF($C:$C,MID($K32,1,SEARCH("TTL",$K32)-2),$V:$V),IF($EI32="",0,1/COUNTIF($EI:$EI,$EI32))) -> 0.25 | W32: 14FW-JILL-BY_02_GY | X32: =IF($Y32="","",VLOOKUP($Y32,CODE!$AE:$AF,CODE!$AF$1-1,FALSE)) -> GY | Y32: GREY | Z32: =$U32&$X32 -> SBRMIF5004GY | AA32: =VLOOKUP($Z32&$AX32,$EC:$EG,5,FALSE) | AB32: =IF($I32="TTL",SUMIF($C:$C,MID($K32,1,SEARCH("TTL",$K32)-2),$AB:$AB),IF($EJ32="",0,1/COUNTIF($EJ:$EJ,$EJ32))) -> 0.5 | AC32: 겉감1: 울 60% 아크릴 40% 겉감2 : 아크릴78% 폴리에스터 16% 스판 6% | AD32: 1 | AE32: OML | AF32: 300 | AG32: FOREMOST | AH32: 11 | AI32: =IF($AH32=0,"",IF($AH32<10,"0"&$AH32,$AH32)) -> 11 | AJ32: M | AK32: CN | AL32: =IF($AK32=0,"",IF($AK32="KR",2,1)) -> 1 | AM32: =IF(ISERROR(VLOOKUP($F32,[1]기획현황취합!$A$1:$E$65485,[1]기획현황취합!$B$1,FALSE))=TRUE,0,VLOOKUP($F32,[1]기획현황취합!$A$1:$E$65485,[1]기획현황취합!$B$1,FALSE)) -> 39000 | AN32: =IF(ISERROR(VLOOKUP($F32,[1]기획현황취합!$A$1:$E$65485,[1]기획현황취합!$C$1,FALSE))=TRUE,0,VLOOKUP($F32,[1]기획현황취합!$A$1:$E$65485,[1]기획현황취합!$C$1,FALSE)) -> 41836 | AO32: =IF(ISERROR(($AM32/1.1)/VLOOKUP($AG32,'TARGET MU'!$A:$D,'TARGET MU'!$D$1,FALSE))=TRUE,0,($AM32/1.1)/VLOOKUP($AG32,'TARGET MU'!$A:$D,'TARGET MU'!$D$1,FALSE)) -> 5909.0909 | AP32: =IF(OR(AF32=0,AND(AV32=0,AW32=0)),0,IF(AG32="캡보이2",AV32*$AQ$5+AU32,IF(OR(AK32="IN",AK32="BG",AK32="VT",AK32="CB"),$AU32+(($AV32*(1+$AW$4))*(HLOOKUP(VLOOKUP(AG32,'TARGET MU'!$A:$P,'TARGET MU'!$J$1,FALSE),$AO$4:$AR$5,2,FALSE)))+$AW32,$AU32+((($AV32*(1+$AW$4))*(1+HLOOKUP(VLOOKUP($P32,CODE!$K:$P,CODE!$P$1,FALSE),$AS$4:$AV$5,2,FALSE)))*(HLOOKUP(VLOOKUP(AG32,'TARGET MU'!$A:$P,'TARGET MU'!$J$1,FALSE),$AO$4:$AR$5,2,FALSE)))+$AW32))) -> 6799.53 | AQ32: =AP32-AO32 -> 890.43909 | AR32: 2096 | AS32: 400 | AU32: =SUM(AR32:AT32) -> 2496 | AV32: 3.45 | AW32: 0 | AX32: =IF(ISERROR(VLOOKUP($F32,[1]기획현황취합!$A$1:$E$65485,[1]기획현황취합!$D$1,FALSE))=TRUE,0,VLOOKUP($F32,[1]기획현황취합!$A$1:$E$65485,[1]기획현황취합!$D$1,FALSE)) -> 41739 | AY32: 0 | AZ32: =IF(ISERROR(VLOOKUP($F32,[1]기획현황취합!$A$1:$E$65485,[1]기획현황취합!$E$1,FALSE))=TRUE,0,VLOOKUP($F32,[1]기획현황취합!$A$1:$E$65485,[1]기획현황취합!$E$1,FALSE)) -> 41848 | BA32: 0 | BB32: 41906 | BC32: 41913 | BF32: 0 | BG32: 확정 | BH32: 확정 | BI32: =IF($I32="TTL",SUMIF($C:$C,MID($K32,1,SEARCH("TTL",$K32)-2),$BI:$BI),SUMIF(실입고현황!$A:$A,BB32&VLOOKUP($AG32,'TARGET MU'!$A:$D,'TARGET MU'!$B$1,FALSE)&$Z32&" "&$AE32,실입고현황!$C:$C)) -> 100 | BJ32: =IF($I32="TTL",SUMIF($C:$C,MID($K32,1,SEARCH("TTL",$K32)-2),$BJ:$BJ),SUMIF(실입고현황!$A:$A,BC32&VLOOKUP($AG32,'TARGET MU'!$A:$D,'TARGET MU'!$B$1,FALSE)&$Z32&" "&$AE32,실입고현황!$C:$C)) -> 200 | BK32: =IF($I32="TTL",SUMIF($C:$C,MID($K32,1,SEARCH("TTL",$K32)-2),$BK:$BK),SUMIF(실입고현황!$A:$A,BD32&VLOOKUP($AG32,'TARGET MU'!$A:$D,'TARGET MU'!$B$1,FALSE)&$Z32&" "&$AE32,실입고현황!$C:$C)) -> 0 | BL32: =IF($I32="TTL",SUMIF($C:$C,MID($K32,1,SEARCH("TTL",$K32)-2),$BL:$BL),SUMIF(실입고현황!$A:$A,BE32&VLOOKUP($AG32,'TARGET MU'!$A:$D,'TARGET MU'!$B$1,FALSE)&$Z32&" "&$AE32,실입고현황!$C:$C)) -> 0 | BM32: =IF($I32="TTL",SUMIF($C:$C,MID($K32,1,SEARCH("TTL",$K32)-2),$BM:$BM),SUMIF(실입고현황!$A:$A,BF32&VLOOKUP($AG32,'TARGET MU'!$A:$D,'TARGET MU'!$B$1,FALSE)&$Z32&" "&$AE32,실입고현황!$C:$C)) -> 0 | BN32: =IF($I32="TTL",SUMIF($C:$C,MID($K32,1,SEARCH("TTL",$K32)-2),$BN:$BN),IF(($BO32-SUM($BI32,$BJ32,$BK32,BL32,BM32))<$BO32*$BN$6,0,$BO32-SUM($BI32,$BJ32,$BK32,BL32,BM32))) -> 0 | BO32: =IF($I32="TTL",SUMIF($C:$C,MID($K32,1,SEARCH("TTL",$K32)-2),$BO:$BO),$AF32) -> 300 | BP32: =IF($I32="TTL",SUMIF($C:$C,MID($K32,1,SEARCH("TTL",$K32)-2),$BP:$BP),IF(AO32=0,0,IF($AP32=0,$AO32*$AF32,$AP32*$AF32))) -> 2039859 | BQ32: =IF($I32="TTL",SUMIF($C:$C,MID($K32,1,SEARCH("TTL",$K32)-2),$BQ:$BQ),$AM32*$AF32) -> 11700000 | BR32: =IF(ISERROR($BQ32/($BP32*1.1))=TRUE,0,$BQ32/($BP32*1.1)) -> 5.2142641 | BT32: =IF(ISERROR(Z32&VLOOKUP($AG32,'TARGET MU'!$A:$D,'TARGET MU'!$B$1,FALSE))=TRUE,"",Z32&VLOOKUP($AG32,'TARGET MU'!$A:$D,'TARGET MU'!$B$1,FALSE)) -> SBRMIF5004GY포모스트 | BU32: =AP32 -> 6799.53 | BV32: =Z32&AE32&AF32&AM32&AG32&AI32&AK32 -> SBRMIF5004GYOML30039000FOREMOST11CN | BX32: =IF($I32="TTL","",$L32) -> SBR | BY32: =$O32 -> 5 | BZ32: =$AJ32 -> M | CA32: =$P32 -> MI | CB32: =$R32 -> U | CC32: =$AK32 -> CN | CD32: =$W32 -> 14FW-JILL-BY_02_GY | CE32: =$U32 -> SBRMIF5004 | CF32: =$T32 -> 004 | CG32: =$W32 -> 14FW-JILL-BY_02_GY | CH32: =$X32 -> GY | CI32: =$AD32 -> 1 | CJ32: =$AE32 -> OML | CK32: =IF($I32="TTL",SUMIF($C:$C,MID($K32,1,SEARCH("TTL",$K32)-2),$BO:$BO),$AF32) -> 300 | CL32: =$AV32 -> 3.45 | CM32: =$AM32 -> 39000 | CN32: =$AP32-$AU32 -> 4303.53 | CO32: =$AU32 -> 2496 | CP32: =$AL32 -> 1 | CQ32: 967/1036 | CT32: =IF($I32="TTL",$K32,$Z32&$AE32) -> SBRMIF5004GYOML | CU32: =$M32 -> SMITH BRIDGE | CV32: =IF($I32="TTL","",IF($CT32="","",$Q32&"_"&$T32&IF(R32="K","_KIDS",""))) -> MILITARY CAP_004 | CW32: =IF($I32="TTL","",IF($CT32="","",$Y32&"_"&$AE32)) -> GREY_OML | CX32: =$L32 -> SBR | CY32: =$T32 -> 004 | CZ32: =IF($I32="TTL",SUMIF($C:$C,MID($K32,1,SEARCH("TTL",$K32)-2),$CZ:$CZ),$AF32) -> 300 | DA32: =$AM32 -> 39000 | DB32: =$Y32 -> GREY | DC32: =$AE32 -> OML | DG32: 41747 | DH32: =IF(OR($I32="TTL",$I32=""),"",AZ32-$DH$11) -> 41758 | DI32: 41747 | DJ32: 41747 | DK32: 41801 | DL32: 3 | DM32: 1 | DN32: 41766 | DO32: 41808 | DP32: =IF(OR($DN32="없음",$I32="TTL",$I32=""),"",AZ32-$DP$11) -> 41788 | DQ32: 41775 | DR32: 41829 | DS32: 41802 | DT32: 블랙대체 | DU32: 41831 | DV32: 41844 | DW32: 41864 | DX32: BK대체 | DY32: 완료 | EC32: =IF(OR($Z31&$AX31=$Z32&$AX31,$Z32&$AX32=""),"",$Z32&$AX32) | ED32: =IF(OR(Z31&AE31=Z32&AE32,Z32=""),"",Z32&AE32) -> SBRMIF5004GYOML | EE32: =IF($ED32="",0,IF(COUNTIF(ED$12:ED31,ED32)=0,0,COUNTIF(ED$12:ED31,ED32))) -> 0 | EF32: =IF(OR($AJ32="B",$ED32="",MID($U32,8,1)=$EF$9,MID($U32,8,1)=$EF$10),0,1) -> 0 | EG32: =IF(EE32+EF32=0,"","R"&(EE32+EF32)) | EI32: =IF($ED32="","",IF($EE32=0,U32,"")) -> SBRMIF5004 | EJ32: =IF($ED32="","",IF($EE32=0,Z32,"")) -> SBRMIF5004GY
A33: =IF(OR($I33="TTL",$I33=""),"",IF(ISERROR(VLOOKUP($B33,CODE!$D:$G,CODE!$F$1-2,FALSE))=TRUE,"전략",VLOOKUP($B33,CODE!$D:$G,CODE!$F$1-2,FALSE))) -> F-CAP | B33: =IF(OR($I33="TTL",$I33=""),"",IF(VLOOKUP($P33,CODE!$K:$O,CODE!$O$1,FALSE)="",$I33,$I33&"-"&VLOOKUP($P33,CODE!$K:$O,CODE!$O$1,FALSE))) -> SBR | C33: =IF($I33="TTL","",I33&"-"&$AG33&"-"&$AI33) -> SBR-FOREMOST-11 | D33: =$C33&$Z33 -> SBR-FOREMOST-11SBRMIF5005BK | E33: =IF($I33="TTL",0,IF(ISERROR(IF($Z32=$Z33,$E32,$E32+1))=TRUE,1,IF($Z32=$Z33,$E32,$E32+1))) -> 6 | F33: =$C33&$E33 -> SBR-FOREMOST-116 | G33: =$F33&"-"&$U33&$Y33&$AE33 -> SBR-FOREMOST-116-SBRMIF5005BLACKOSM | H33: =IF(ISERROR(I33&VLOOKUP(P33,CODE!$K:$N,CODE!$N$1,FALSE)&S33)=TRUE,0,I33&VLOOKUP(P33,CODE!$K:$N,CODE!$N$1,FALSE)&S33) -> SBR의류외5 | I33: =IF(ISERROR(SEARCH("TTL",$K33))=TRUE,IF($L33="","",VLOOKUP($L33,CODE!$B:$G,CODE!$D$1,FALSE)),"TTL") -> SBR | J33: =MID(W33,1,6) -> 14-FW- | L33: SBR | M33: =IF(OR($I33="TTL",$L33=""),"",VLOOKUP($L33,CODE!$B:$D,CODE!$C$1,FALSE)) -> SMITH BRIDGE | N33: =IF(OR($I33="TTL",$L33=""),"",VLOOKUP($K$2,CODE!$S:$T,CODE!$T$1-1,FALSE)) -> F | O33: 5 | P33: MI | Q33: =IF(OR($I33="TTL",$P33=""),"",VLOOKUP($P33,CODE!$K:$M,CODE!$L$1,FALSE)) -> MILITARY CAP | R33: U | S33: 5 | T33: =IF(OR($I33="TTL",$S33=""),"",IF($S33<10,"00"&$S33,IF($S33<100,"0"&$S33,$S33))) -> 005 | U33: =IF($I33="TTL","",$L33&$P33&$N33&$O33&$T33) -> SBRMIF5005 | V33: =IF($I33="TTL",SUMIF($C:$C,MID($K33,1,SEARCH("TTL",$K33)-2),$V:$V),IF($EI33="",0,1/COUNTIF($EI:$EI,$EI33))) -> 0.5 | W33: 14-FW-SP-48 | X33: =IF($Y33="","",VLOOKUP($Y33,CODE!$AE:$AF,CODE!$AF$1-1,FALSE)) -> BK | Y33: BLACK | Z33: =$U33&$X33 -> SBRMIF5005BK | AA33: =VLOOKUP($Z33&$AX33,$EC:$EG,5,FALSE) | AB33: =IF($I33="TTL",SUMIF($C:$C,MID($K33,1,SEARCH("TTL",$K33)-2),$AB:$AB),IF($EJ33="",0,1/COUNTIF($EJ:$EJ,$EJ33))) -> 0.5 | AC33: 울 30% 폴리에스터 70% | AD33: 1 | AE33: OSM | AF33: 600 | AG33: FOREMOST | AH33: 11 | AI33: =IF($AH33=0,"",IF($AH33<10,"0"&$AH33,$AH33)) -> 11 | AJ33: M | AK33: CN | AL33: =IF($AK33=0,"",IF($AK33="KR",2,1)) -> 1 | AM33: =IF(ISERROR(VLOOKUP($F33,[1]기획현황취합!$A$1:$E$65485,[1]기획현황취합!$B$1,FALSE))=TRUE,0,VLOOKUP($F33,[1]기획현황취합!$A$1:$E$65485,[1]기획현황취합!$B$1,FALSE)) -> 39000 | AN33: =IF(ISERROR(VLOOKUP($F33,[1]기획현황취합!$A$1:$E$65485,[1]기획현황취합!$C$1,FALSE))=TRUE,0,VLOOKUP($F33,[1]기획현황취합!$A$1:$E$65485,[1]기획현황취합!$C$1,FALSE)) -> 41836 | AO33: =IF(ISERROR(($AM33/1.1)/VLOOKUP($AG33,'TARGET MU'!$A:$D,'TARGET MU'!$D$1,FALSE))=TRUE,0,($AM33/1.1)/VLOOKUP($AG33,'TARGET MU'!$A:$D,'TARGET MU'!$D$1,FALSE)) -> 5909.0909 | AP33: =IF(OR(AF33=0,AND(AV33=0,AW33=0)),0,IF(AG33="캡보이2",AV33*$AQ$5+AU33,IF(OR(AK33="IN",AK33="BG",AK33="VT",AK33="CB"),$AU33+(($AV33*(1+$AW$4))*(HLOOKUP(VLOOKUP(AG33,'TARGET MU'!$A:$P,'TARGET MU'!$J$1,FALSE),$AO$4:$AR$5,2,FALSE)))+$AW33,$AU33+((($AV33*(1+$AW$4))*(1+HLOOKUP(VLOOKUP($P33,CODE!$K:$P,CODE!$P$1,FALSE),$AS$4:$AV$5,2,FALSE)))*(HLOOKUP(VLOOKUP(AG33,'TARGET MU'!$A:$P,'TARGET MU'!$J$1,FALSE),$AO$4:$AR$5,2,FALSE)))+$AW33))) -> 6779.23 | AQ33: =AP33-AO33 -> 870.13909 | AR33: 1452 | AS33: 400 | AU33: =SUM(AR33:AT33) -> 1852 | AV33: 3.95 | AW33: 0 | AX33: =IF(ISERROR(VLOOKUP($F33,[1]기획현황취합!$A$1:$E$65485,[1]기획현황취합!$D$1,FALSE))=TRUE,0,VLOOKUP($F33,[1]기획현황취합!$A$1:$E$65485,[1]기획현황취합!$D$1,FALSE)) -> 41739 | AY33: 0 | AZ33: =IF(ISERROR(VLOOKUP($F33,[1]기획현황취합!$A$1:$E$65485,[1]기획현황취합!$E$1,FALSE))=TRUE,0,VLOOKUP($F33,[1]기획현황취합!$A$1:$E$65485,[1]기획현황취합!$E$1,FALSE)) -> 41848 | BA33: 0 | BB33: 41913 | BF33: 0 | BG33: 확정 | BH33: 확정 | BI33: =IF($I33="TTL",SUMIF($C:$C,MID($K33,1,SEARCH("TTL",$K33)-2),$BI:$BI),SUMIF(실입고현황!$A:$A,BB33&VLOOKUP($AG33,'TARGET MU'!$A:$D,'TARGET MU'!$B$1,FALSE)&$Z33&" "&$AE33,실입고현황!$C:$C)) -> 597 | BJ33: =IF($I33="TTL",SUMIF($C:$C,MID($K33,1,SEARCH("TTL",$K33)-2),$BJ:$BJ),SUMIF(실입고현황!$A:$A,BC33&VLOOKUP($AG33,'TARGET MU'!$A:$D,'TARGET MU'!$B$1,FALSE)&$Z33&" "&$AE33,실입고현황!$C:$C)) -> 0 | BK33: =IF($I33="TTL",SUMIF($C:$C,MID($K33,1,SEARCH("TTL",$K33)-2),$BK:$BK),SUMIF(실입고현황!$A:$A,BD33&VLOOKUP($AG33,'TARGET MU'!$A:$D,'TARGET MU'!$B$1,FALSE)&$Z33&" "&$AE33,실입고현황!$C:$C)) -> 0 | BL33: =IF($I33="TTL",SUMIF($C:$C,MID($K33,1,SEARCH("TTL",$K33)-2),$BL:$BL),SUMIF(실입고현황!$A:$A,BE33&VLOOKUP($AG33,'TARGET MU'!$A:$D,'TARGET MU'!$B$1,FALSE)&$Z33&" "&$AE33,실입고현황!$C:$C)) -> 0 | BM33: =IF($I33="TTL",SUMIF($C:$C,MID($K33,1,SEARCH("TTL",$K33)-2),$BM:$BM),SUMIF(실입고현황!$A:$A,BF33&VLOOKUP($AG33,'TARGET MU'!$A:$D,'TARGET MU'!$B$1,FALSE)&$Z33&" "&$AE33,실입고현황!$C:$C)) -> 0 | BN33: =IF($I33="TTL",SUMIF($C:$C,MID($K33,1,SEARCH("TTL",$K33)-2),$BN:$BN),IF(($BO33-SUM($BI33,$BJ33,$BK33,BL33,BM33))<$BO33*$BN$6,0,$BO33-SUM($BI33,$BJ33,$BK33,BL33,BM33))) -> 0 | BO33: =IF($I33="TTL",SUMIF($C:$C,MID($K33,1,SEARCH("TTL",$K33)-2),$BO:$BO),$AF33) -> 600 | BP33: =IF($I33="TTL",SUMIF($C:$C,MID($K33,1,SEARCH("TTL",$K33)-2),$BP:$BP),IF(AO33=0,0,IF($AP33=0,$AO33*$AF33,$AP33*$AF33))) -> 4067538 | BQ33: =IF($I33="TTL",SUMIF($C:$C,MID($K33,1,SEARCH("TTL",$K33)-2),$BQ:$BQ),$AM33*$AF33) -> 23400000 | BR33: =IF(ISERROR($BQ33/($BP33*1.1))=TRUE,0,$BQ33/($BP33*1.1)) -> 5.2298779 | BT33: =IF(ISERROR(Z33&VLOOKUP($AG33,'TARGET MU'!$A:$D,'TARGET MU'!$B$1,FALSE))=TRUE,"",Z33&VLOOKUP($AG33,'TARGET MU'!$A:$D,'TARGET MU'!$B$1,FALSE)) -> SBRMIF5005BK포모스트 | BU33: =AP33 -> 6779.23 | BV33: =Z33&AE33&AF33&AM33&AG33&AI33&AK33 -> SBRMIF5005BKOSM60039000FOREMOST11CN | BX33: =IF($I33="TTL","",$L33) -> SBR | BY33: =$O33 -> 5 | BZ33: =$AJ33 -> M | CA33: =$P33 -> MI | CB33: =$R33 -> U | CC33: =$AK33 -> CN | CD33: =$W33 -> 14-FW-SP-48 | CE33: =$U33 -> SBRMIF5005 | CF33: =$T33 -> 005 | CG33: =$W33 -> 14-FW-SP-48 | CH33: =$X33 -> BK | CI33: =$AD33 -> 1 | CJ33: =$AE33 -> OSM | CK33: =IF($I33="TTL",SUMIF($C:$C,MID($K33,1,SEARCH("TTL",$K33)-2),$BO:$BO),$AF33) -> 600 | CL33: =$AV33 -> 3.95 | CM33: =$AM33 -> 39000 | CN33: =$AP33-$AU33 -> 4927.23 | CO33: =$AU33 -> 1852 | CP33: =$AL33 -> 1 | CQ33: 1036 | CT33: =IF($I33="TTL",$K33,$Z33&$AE33) -> SBRMIF5005BKOSM | CU33: =$M33 -> SMITH BRIDGE | CV33: =IF($I33="TTL","",IF($CT33="","",$Q33&"_"&$T33&IF(R33="K","_KIDS",""))) -> MILITARY CAP_005 | CW33: =IF($I33="TTL","",IF($CT33="","",$Y33&"_"&$AE33)) -> BLACK_OSM | CX33: =$L33 -> SBR | CY33: =$T33 -> 005 | CZ33: =IF($I33="TTL",SUMIF($C:$C,MID($K33,1,SEARCH("TTL",$K33)-2),$CZ:$CZ),$AF33) -> 600 | DA33: =$AM33 -> 39000 | DB33: =$Y33 -> BLACK | DC33: =$AE33 -> OSM | DG33: 41747 | DH33: =IF(OR($I33="TTL",$I33=""),"",AZ33-$DH$11) -> 41758 | DI33: 41747 | DJ33: 41747 | DK33: 41801 | DL33: 6 | DN33: 41766 | DO33: 41808 | DP33: =IF(OR($DN33="없음",$I33="TTL",$I33=""),"",AZ33-$DP$11) -> 41788 | DQ33: 41775 | DR33: 41829 | DS33: 41802 | DT33: 41831 | DU33: 41831 | DV33: 41844 | DW33: 41864 | DX33: 41893 | DY33: 완료 | EC33: =IF(OR($Z32&$AX32=$Z33&$AX32,$Z33&$AX33=""),"",$Z33&$AX33) -> SBRMIF5005BK41739 | ED33: =IF(OR(Z32&AE32=Z33&AE33,Z33=""),"",Z33&AE33) -> SBRMIF5005BKOSM | EE33: =IF($ED33="",0,IF(COUNTIF(ED$12:ED32,ED33)=0,0,COUNTIF(ED$12:ED32,ED33))) -> 0 | EF33: =IF(OR($AJ33="B",$ED33="",MID($U33,8,1)=$EF$9,MID($U33,8,1)=$EF$10),0,1) -> 0 | EG33: =IF(EE33+EF33=0,"","R"&(EE33+EF33)) | EI33: =IF($ED33="","",IF($EE33=0,U33,"")) -> SBRMIF5005 | EJ33: =IF($ED33="","",IF($EE33=0,Z33,"")) -> SBRMIF5005BK
A34: =IF(OR($I34="TTL",$I34=""),"",IF(ISERROR(VLOOKUP($B34,CODE!$D:$G,CODE!$F$1-2,FALSE))=TRUE,"전략",VLOOKUP($B34,CODE!$D:$G,CODE!$F$1-2,FALSE))) -> F-CAP | B34: =IF(OR($I34="TTL",$I34=""),"",IF(VLOOKUP($P34,CODE!$K:$O,CODE!$O$1,FALSE)="",$I34,$I34&"-"&VLOOKUP($P34,CODE!$K:$O,CODE!$O$1,FALSE))) -> SBR | C34: =IF($I34="TTL","",I34&"-"&$AG34&"-"&$AI34) -> SBR-FOREMOST-11 | D34: =$C34&$Z34 -> SBR-FOREMOST-11SBRMIF5005BK | E34: =IF($I34="TTL",0,IF(ISERROR(IF($Z33=$Z34,$E33,$E33+1))=TRUE,1,IF($Z33=$Z34,$E33,$E33+1))) -> 6 | F34: =$C34&$E34 -> SBR-FOREMOST-116 | G34: =$F34&"-"&$U34&$Y34&$AE34 -> SBR-FOREMOST-116-SBRMIF5005BLACKOML | H34: =IF(ISERROR(I34&VLOOKUP(P34,CODE!$K:$N,CODE!$N$1,FALSE)&S34)=TRUE,0,I34&VLOOKUP(P34,CODE!$K:$N,CODE!$N$1,FALSE)&S34) -> SBR의류외5 | I34: =IF(ISERROR(SEARCH("TTL",$K34))=TRUE,IF($L34="","",VLOOKUP($L34,CODE!$B:$G,CODE!$D$1,FALSE)),"TTL") -> SBR | J34: =MID(W34,1,6) -> 14-FW- | L34: SBR | M34: =IF(OR($I34="TTL",$L34=""),"",VLOOKUP($L34,CODE!$B:$D,CODE!$C$1,FALSE)) -> SMITH BRIDGE | N34: =IF(OR($I34="TTL",$L34=""),"",VLOOKUP($K$2,CODE!$S:$T,CODE!$T$1-1,FALSE)) -> F | O34: 5 | P34: MI | Q34: =IF(OR($I34="TTL",$P34=""),"",VLOOKUP($P34,CODE!$K:$M,CODE!$L$1,FALSE)) -> MILITARY CAP | R34: U | S34: 5 | T34: =IF(OR($I34="TTL",$S34=""),"",IF($S34<10,"00"&$S34,IF($S34<100,"0"&$S34,$S34))) -> 005 | U34: =IF($I34="TTL","",$L34&$P34&$N34&$O34&$T34) -> SBRMIF5005 | V34: =IF($I34="TTL",SUMIF($C:$C,MID($K34,1,SEARCH("TTL",$K34)-2),$V:$V),IF($EI34="",0,1/COUNTIF($EI:$EI,$EI34))) -> 0.5 | W34: 14-FW-SP-48 | X34: =IF($Y34="","",VLOOKUP($Y34,CODE!$AE:$AF,CODE!$AF$1-1,FALSE)) -> BK | Y34: BLACK | Z34: =$U34&$X34 -> SBRMIF5005BK | AA34: =VLOOKUP($Z34&$AX34,$EC:$EG,5,FALSE) | AB34: =IF($I34="TTL",SUMIF($C:$C,MID($K34,1,SEARCH("TTL",$K34)-2),$AB:$AB),IF($EJ34="",0,1/COUNTIF($EJ:$EJ,$EJ34))) -> 0.5 | AC34: 울 30% 폴리에스터 70% | AD34: 1 | AE34: OML | AF34: 400 | AG34: FOREMOST | AH34: 11 | AI34: =IF($AH34=0,"",IF($AH34<10,"0"&$AH34,$AH34)) -> 11 | AJ34: M | AK34: CN | AL34: =IF($AK34=0,"",IF($AK34="KR",2,1)) -> 1 | AM34: =IF(ISERROR(VLOOKUP($F34,[1]기획현황취합!$A$1:$E$65485,[1]기획현황취합!$B$1,FALSE))=TRUE,0,VLOOKUP($F34,[1]기획현황취합!$A$1:$E$65485,[1]기획현황취합!$B$1,FALSE)) -> 39000 | AN34: =IF(ISERROR(VLOOKUP($F34,[1]기획현황취합!$A$1:$E$65485,[1]기획현황취합!$C$1,FALSE))=TRUE,0,VLOOKUP($F34,[1]기획현황취합!$A$1:$E$65485,[1]기획현황취합!$C$1,FALSE)) -> 41836 | AO34: =IF(ISERROR(($AM34/1.1)/VLOOKUP($AG34,'TARGET MU'!$A:$D,'TARGET MU'!$D$1,FALSE))=TRUE,0,($AM34/1.1)/VLOOKUP($AG34,'TARGET MU'!$A:$D,'TARGET MU'!$D$1,FALSE)) -> 5909.0909 | AP34: =IF(OR(AF34=0,AND(AV34=0,AW34=0)),0,IF(AG34="캡보이2",AV34*$AQ$5+AU34,IF(OR(AK34="IN",AK34="BG",AK34="VT",AK34="CB"),$AU34+(($AV34*(1+$AW$4))*(HLOOKUP(VLOOKUP(AG34,'TARGET MU'!$A:$P,'TARGET MU'!$J$1,FALSE),$AO$4:$AR$5,2,FALSE)))+$AW34,$AU34+((($AV34*(1+$AW$4))*(1+HLOOKUP(VLOOKUP($P34,CODE!$K:$P,CODE!$P$1,FALSE),$AS$4:$AV$5,2,FALSE)))*(HLOOKUP(VLOOKUP(AG34,'TARGET MU'!$A:$P,'TARGET MU'!$J$1,FALSE),$AO$4:$AR$5,2,FALSE)))+$AW34))) -> 6779.23 | AQ34: =AP34-AO34 -> 870.13909 | AR34: 1452 | AS34: 400 | AU34: =SUM(AR34:AT34) -> 1852 | AV34: 3.95 | AW34: 0 | AX34: =IF(ISERROR(VLOOKUP($F34,[1]기획현황취합!$A$1:$E$65485,[1]기획현황취합!$D$1,FALSE))=TRUE,0,VLOOKUP($F34,[1]기획현황취합!$A$1:$E$65485,[1]기획현황취합!$D$1,FALSE)) -> 41739 | AY34: 0 | AZ34: =IF(ISERROR(VLOOKUP($F34,[1]기획현황취합!$A$1:$E$65485,[1]기획현황취합!$E$1,FALSE))=TRUE,0,VLOOKUP($F34,[1]기획현황취합!$A$1:$E$65485,[1]기획현황취합!$E$1,FALSE)) -> 41848 | BA34: 0 | BB34: 41913 | BF34: 0 | BG34: 확정 | BH34: 확정 | BI34: =IF($I34="TTL",SUMIF($C:$C,MID($K34,1,SEARCH("TTL",$K34)-2),$BI:$BI),SUMIF(실입고현황!$A:$A,BB34&VLOOKUP($AG34,'TARGET MU'!$A:$D,'TARGET MU'!$B$1,FALSE)&$Z34&" "&$AE34,실입고현황!$C:$C)) -> 397 | BJ34: =IF($I34="TTL",SUMIF($C:$C,MID($K34,1,SEARCH("TTL",$K34)-2),$BJ:$BJ),SUMIF(실입고현황!$A:$A,BC34&VLOOKUP($AG34,'TARGET MU'!$A:$D,'TARGET MU'!$B$1,FALSE)&$Z34&" "&$AE34,실입고현황!$C:$C)) -> 0 | BK34: =IF($I34="TTL",SUMIF($C:$C,MID($K34,1,SEARCH("TTL",$K34)-2),$BK:$BK),SUMIF(실입고현황!$A:$A,BD34&VLOOKUP($AG34,'TARGET MU'!$A:$D,'TARGET MU'!$B$1,FALSE)&$Z34&" "&$AE34,실입고현황!$C:$C)) -> 0 | BL34: =IF($I34="TTL",SUMIF($C:$C,MID($K34,1,SEARCH("TTL",$K34)-2),$BL:$BL),SUMIF(실입고현황!$A:$A,BE34&VLOOKUP($AG34,'TARGET MU'!$A:$D,'TARGET MU'!$B$1,FALSE)&$Z34&" "&$AE34,실입고현황!$C:$C)) -> 0 | BM34: =IF($I34="TTL",SUMIF($C:$C,MID($K34,1,SEARCH("TTL",$K34)-2),$BM:$BM),SUMIF(실입고현황!$A:$A,BF34&VLOOKUP($AG34,'TARGET MU'!$A:$D,'TARGET MU'!$B$1,FALSE)&$Z34&" "&$AE34,실입고현황!$C:$C)) -> 0 | BN34: =IF($I34="TTL",SUMIF($C:$C,MID($K34,1,SEARCH("TTL",$K34)-2),$BN:$BN),IF(($BO34-SUM($BI34,$BJ34,$BK34,BL34,BM34))<$BO34*$BN$6,0,$BO34-SUM($BI34,$BJ34,$BK34,BL34,BM34))) -> 0 | BO34: =IF($I34="TTL",SUMIF($C:$C,MID($K34,1,SEARCH("TTL",$K34)-2),$BO:$BO),$AF34) -> 400 | BP34: =IF($I34="TTL",SUMIF($C:$C,MID($K34,1,SEARCH("TTL",$K34)-2),$BP:$BP),IF(AO34=0,0,IF($AP34=0,$AO34*$AF34,$AP34*$AF34))) -> 2711692 | BQ34: =IF($I34="TTL",SUMIF($C:$C,MID($K34,1,SEARCH("TTL",$K34)-2),$BQ:$BQ),$AM34*$AF34) -> 15600000 | BR34: =IF(ISERROR($BQ34/($BP34*1.1))=TRUE,0,$BQ34/($BP34*1.1)) -> 5.2298779 | BT34: =IF(ISERROR(Z34&VLOOKUP($AG34,'TARGET MU'!$A:$D,'TARGET MU'!$B$1,FALSE))=TRUE,"",Z34&VLOOKUP($AG34,'TARGET MU'!$A:$D,'TARGET MU'!$B$1,FALSE)) -> SBRMIF5005BK포모스트 | BU34: =AP34 -> 6779.23 | BV34: =Z34&AE34&AF34&AM34&AG34&AI34&AK34 -> SBRMIF5005BKOML40039000FOREMOST11CN | BX34: =IF($I34="TTL","",$L34) -> SBR | BY34: =$O34 -> 5 | BZ34: =$AJ34 -> M | CA34: =$P34 -> MI | CB34: =$R34 -> U | CC34: =$AK34 -> CN | CD34: =$W34 -> 14-FW-SP-48 | CE34: =$U34 -> SBRMIF5005 | CF34: =$T34 -> 005 | CG34: =$W34 -> 14-FW-SP-48 | CH34: =$X34 -> BK | CI34: =$AD34 -> 1 | CJ34: =$AE34 -> OML | CK34: =IF($I34="TTL",SUMIF($C:$C,MID($K34,1,SEARCH("TTL",$K34)-2),$BO:$BO),$AF34) -> 400 | CL34: =$AV34 -> 3.95 | CM34: =$AM34 -> 39000 | CN34: =$AP34-$AU34 -> 4927.23 | CO34: =$AU34 -> 1852 | CP34: =$AL34 -> 1 | CQ34: 1036 | CT34: =IF($I34="TTL",$K34,$Z34&$AE34) -> SBRMIF5005BKOML | CU34: =$M34 -> SMITH BRIDGE | CV34: =IF($I34="TTL","",IF($CT34="","",$Q34&"_"&$T34&IF(R34="K","_KIDS",""))) -> MILITARY CAP_005 | CW34: =IF($I34="TTL","",IF($CT34="","",$Y34&"_"&$AE34)) -> BLACK_OML | CX34: =$L34 -> SBR | CY34: =$T34 -> 005 | CZ34: =IF($I34="TTL",SUMIF($C:$C,MID($K34,1,SEARCH("TTL",$K34)-2),$CZ:$CZ),$AF34) -> 400 | DA34: =$AM34 -> 39000 | DB34: =$Y34 -> BLACK | DC34: =$AE34 -> OML | DG34: 41747 | DH34: =IF(OR($I34="TTL",$I34=""),"",AZ34-$DH$11) -> 41758 | DI34: 41747 | DJ34: 41747 | DK34: 41801 | DL34: 6 | DM34: 0 | DN34: 41766 | DO34: 41808 | DP34: =IF(OR($DN34="없음",$I34="TTL",$I34=""),"",AZ34-$DP$11) -> 41788 | DQ34: 41775 | DR34: 41829 | DS34: 41802 | DT34: 41831 | DU34: 41831 | DV34: 41844 | DW34: 41864 | DX34: 41893 | DY34: 완료 | EC34: =IF(OR($Z33&$AX33=$Z34&$AX33,$Z34&$AX34=""),"",$Z34&$AX34) | ED34: =IF(OR(Z33&AE33=Z34&AE34,Z34=""),"",Z34&AE34) -> SBRMIF5005BKOML | EE34: =IF($ED34="",0,IF(COUNTIF(ED$12:ED33,ED34)=0,0,COUNTIF(ED$12:ED33,ED34))) -> 0 | EF34: =IF(OR($AJ34="B",$ED34="",MID($U34,8,1)=$EF$9,MID($U34,8,1)=$EF$10),0,1) -> 0 | EG34: =IF(EE34+EF34=0,"","R"&(EE34+EF34)) | EI34: =IF($ED34="","",IF($EE34=0,U34,"")) -> SBRMIF5005 | EJ34: =IF($ED34="","",IF($EE34=0,Z34,"")) -> SBRMIF5005BK
A35: =IF(OR($I35="TTL",$I35=""),"",IF(ISERROR(VLOOKUP($B35,CODE!$D:$G,CODE!$F$1-2,FALSE))=TRUE,"전략",VLOOKUP($B35,CODE!$D:$G,CODE!$F$1-2,FALSE))) | B35: =IF(OR($I35="TTL",$I35=""),"",IF(VLOOKUP($P35,CODE!$K:$O,CODE!$O$1,FALSE)="",$I35,$I35&"-"&VLOOKUP($P35,CODE!$K:$O,CODE!$O$1,FALSE))) | C35: =IF($I35="TTL","",I35&"-"&$AG35&"-"&$AI35) | D35: =$C35&$Z35 | E35: =IF($I35="TTL",0,IF(ISERROR(IF($Z34=$Z35,$E34,$E34+1))=TRUE,1,IF($Z34=$Z35,$E34,$E34+1))) -> 0 | F35: =$C35&$E35 -> 0 | G35: =$F35&"-"&$U35&$Y35&$AE35 -> 0- | H35: =IF(ISERROR(I35&VLOOKUP(P35,CODE!$K:$N,CODE!$N$1,FALSE)&S35)=TRUE,0,I35&VLOOKUP(P35,CODE!$K:$N,CODE!$N$1,FALSE)&S35) -> 0 | I35: =IF(ISERROR(SEARCH("TTL",$K35))=TRUE,IF($L35="","",VLOOKUP($L35,CODE!$B:$G,CODE!$D$1,FALSE)),"TTL") -> TTL | J35: =MID(W35,1,6) | K35: =C34&" TTL" -> SBR-FOREMOST-11 TTL | M35: =IF(OR($I35="TTL",$L35=""),"",VLOOKUP($L35,CODE!$B:$D,CODE!$C$1,FALSE)) | N35: =IF(OR($I35="TTL",$L35=""),"",VLOOKUP($K$2,CODE!$S:$T,CODE!$T$1-1,FALSE)) | O35: =IF(OR($I35="TTL",$L35=""),"",VLOOKUP($L$2,CODE!$X:$Y,CODE!$Y$1-1,FALSE)) | Q35: =IF(OR($I35="TTL",$P35=""),"",VLOOKUP($P35,CODE!$K:$M,CODE!$L$1,FALSE)) | T35: =IF(OR($I35="TTL",$S35=""),"",IF($S35<10,"00"&$S35,IF($S35<100,"0"&$S35,$S35))) | U35: =IF($I35="TTL","",$L35&$P35&$N35&$O35&$T35) | V35: =IF($I35="TTL",SUMIF($C:$C,MID($K35,1,SEARCH("TTL",$K35)-2),$V:$V),IF($EI35="",0,1/COUNTIF($EI:$EI,$EI35))) -> 4.3333333 | X35: =IF($Y35="","",VLOOKUP($Y35,CODE!$AE:$AF,CODE!$AF$1-1,FALSE)) | Z35: =$U35&$X35 | AA35: =VLOOKUP($Z35&$AX35,$EC:$EG,5,FALSE) | AB35: =IF($I35="TTL",SUMIF($C:$C,MID($K35,1,SEARCH("TTL",$K35)-2),$AB:$AB),IF($EJ35="",0,1/COUNTIF($EJ:$EJ,$EJ35))) -> 6 | AC35: 0 | AD35: 1 | AI35: =IF($AH35=0,"",IF($AH35<10,"0"&$AH35,$AH35)) | AL35: =IF($AK35=0,"",IF($AK35="KR",2,1)) | AM35: =IF(ISERROR(VLOOKUP($F35,[1]기획현황취합!$A$1:$E$65485,[1]기획현황취합!$B$1,FALSE))=TRUE,0,VLOOKUP($F35,[1]기획현황취합!$A$1:$E$65485,[1]기획현황취합!$B$1,FALSE)) -> 0 | AN35: =IF(ISERROR(VLOOKUP($F35,[1]기획현황취합!$A$1:$E$65485,[1]기획현황취합!$C$1,FALSE))=TRUE,0,VLOOKUP($F35,[1]기획현황취합!$A$1:$E$65485,[1]기획현황취합!$C$1,FALSE)) -> 0 | AO35: =IF(ISERROR(($AM35/1.1)/VLOOKUP($AG35,'TARGET MU'!$A:$D,'TARGET MU'!$D$1,FALSE))=TRUE,0,($AM35/1.1)/VLOOKUP($AG35,'TARGET MU'!$A:$D,'TARGET MU'!$D$1,FALSE)) -> 0 | AP35: =IF(OR(AF35=0,AND(AV35=0,AW35=0)),0,IF(AG35="캡보이2",AV35*$AQ$5+AU35,IF(OR(AK35="IN",AK35="BG",AK35="VT",AK35="CB"),$AU35+(($AV35*(1+$AW$4))*(HLOOKUP(VLOOKUP(AG35,'TARGET MU'!$A:$P,'TARGET MU'!$J$1,FALSE),$AO$4:$AR$5,2,FALSE)))+$AW35,$AU35+((($AV35*(1+$AW$4))*(1+HLOOKUP(VLOOKUP($P35,CODE!$K:$P,CODE!$P$1,FALSE),$AS$4:$AV$5,2,FALSE)))*(HLOOKUP(VLOOKUP(AG35,'TARGET MU'!$A:$P,'TARGET MU'!$J$1,FALSE),$AO$4:$AR$5,2,FALSE)))+$AW35))) -> 0 | AQ35: =AP35-AO35 -> 0 | AR35: 0 | AS35: 0 | AU35: =SUM(AR35:AT35) -> 0 | AV35: 0 | AW35: 0 | AX35: =IF(ISERROR(VLOOKUP($F35,[1]기획현황취합!$A$1:$E$65485,[1]기획현황취합!$D$1,FALSE))=TRUE,0,VLOOKUP($F35,[1]기획현황취합!$A$1:$E$65485,[1]기획현황취합!$D$1,FALSE)) -> 0 | AY35: 0 | AZ35: =IF(ISERROR(VLOOKUP($F35,[1]기획현황취합!$A$1:$E$65485,[1]기획현황취합!$E$1,FALSE))=TRUE,0,VLOOKUP($F35,[1]기획현황취합!$A$1:$E$65485,[1]기획현황취합!$E$1,FALSE)) -> 0 | BA35: 0 | BB35: 0 | BF35: 0 | BG35: 0 | BH35: 0 | BI35: =IF($I35="TTL",SUMIF($C:$C,MID($K35,1,SEARCH("TTL",$K35)-2),$BI:$BI),SUMIF(실입고현황!$A:$A,BB35&VLOOKUP($AG35,'TARGET MU'!$A:$D,'TARGET MU'!$B$1,FALSE)&$Z35&" "&$AE35,실입고현황!$C:$C)) -> 7392 | BJ35: =IF($I35="TTL",SUMIF($C:$C,MID($K35,1,SEARCH("TTL",$K35)-2),$BJ:$BJ),SUMIF(실입고현황!$A:$A,BC35&VLOOKUP($AG35,'TARGET MU'!$A:$D,'TARGET MU'!$B$1,FALSE)&$Z35&" "&$AE35,실입고현황!$C:$C)) -> 1197 | BK35: =IF($I35="TTL",SUMIF($C:$C,MID($K35,1,SEARCH("TTL",$K35)-2),$BK:$BK),SUMIF(실입고현황!$A:$A,BD35&VLOOKUP($AG35,'TARGET MU'!$A:$D,'TARGET MU'!$B$1,FALSE)&$Z35&" "&$AE35,실입고현황!$C:$C)) -> 0 | BL35: =IF($I35="TTL",SUMIF($C:$C,MID($K35,1,SEARCH("TTL",$K35)-2),$BL:$BL),SUMIF(실입고현황!$A:$A,BE35&VLOOKUP($AG35,'TARGET MU'!$A:$D,'TARGET MU'!$B$1,FALSE)&$Z35&" "&$AE35,실입고현황!$C:$C)) -> 0 | BM35: =IF($I35="TTL",SUMIF($C:$C,MID($K35,1,SEARCH("TTL",$K35)-2),$BM:$BM),SUMIF(실입고현황!$A:$A,BF35&VLOOKUP($AG35,'TARGET MU'!$A:$D,'TARGET MU'!$B$1,FALSE)&$Z35&" "&$AE35,실입고현황!$C:$C)) -> 0 | BN35: =IF($I35="TTL",SUMIF($C:$C,MID($K35,1,SEARCH("TTL",$K35)-2),$BN:$BN),IF(($BO35-SUM($BI35,$BJ35,$BK35,BL35,BM35))<$BO35*$BN$6,0,$BO35-SUM($BI35,$BJ35,$BK35,BL35,BM35))) -> 0 | BO35: =IF($I35="TTL",SUMIF($C:$C,MID($K35,1,SEARCH("TTL",$K35)-2),$BO:$BO),$AF35) -> 8600 | BP35: =IF($I35="TTL",SUMIF($C:$C,MID($K35,1,SEARCH("TTL",$K35)-2),$BP:$BP),IF(AO35=0,0,IF($AP35=0,$AO35*$AF35,$AP35*$AF35))) -> 49570850 | BQ35: =IF($I35="TTL",SUMIF($C:$C,MID($K35,1,SEARCH("TTL",$K35)-2),$BQ:$BQ),$AM35*$AF35) -> 307400000 | BR35: =IF(ISERROR($BQ35/($BP35*1.1))=TRUE,0,$BQ35/($BP35*1.1)) -> 5.6374774 | BT35: =IF(ISERROR(Z35&VLOOKUP($AG35,'TARGET MU'!$A:$D,'TARGET MU'!$B$1,FALSE))=TRUE,"",Z35&VLOOKUP($AG35,'TARGET MU'!$A:$D,'TARGET MU'!$B$1,FALSE)) | BU35: =AP35 -> 0 | BV35: =Z35&AE35&AF35&AM35&AG35&AI35&AK35 -> 0 | BX35: =IF($I35="TTL","",$L35) | BY35: =$O35 | BZ35: =$AJ35 -> 0 | CA35: =$P35 -> 0 | CB35: =$R35 -> 0 | CC35: =$AK35 -> 0 | CD35: =$W35 -> 0 | CE35: =$U35 | CF35: =$T35 | CG35: =$W35 -> 0 | CH35: =$X35 | CI35: =$AD35 -> 1 | CJ35: =$AE35 -> 0 | CK35: =IF($I35="TTL",SUMIF($C:$C,MID($K35,1,SEARCH("TTL",$K35)-2),$BO:$BO),$AF35) -> 8600 | CL35: =$AV35 -> 0 | CM35: =$AM35 -> 0 | CN35: =$AP35-$AU35 -> 0 | CO35: =$AU35 -> 0 | CP35: =$AL35 | CT35: =IF($I35="TTL",$K35,$Z35&$AE35) -> SBR-FOREMOST-11 TTL | CU35: =$M35 | CV35: =IF($I35="TTL","",IF($CT35="","",$Q35&"_"&$T35&IF(R35="K","_KIDS",""))) | CW35: =IF($I35="TTL","",IF($CT35="","",$Y35&"_"&$AE35)) | CX35: =$L35 -> 0 | CY35: =$T35 | CZ35: =IF($I35="TTL",SUMIF($C:$C,MID($K35,1,SEARCH("TTL",$K35)-2),$CZ:$CZ),$AF35) -> 8600 | DA35: =$AM35 -> 0 | DB35: =$Y35 -> 0 | DC35: =$AE35 -> 0 | DH35: =IF(OR($I35="TTL",$I35=""),"",AZ35-$DH$11) | DP35: =IF(OR($DN35="없음",$I35="TTL",$I35=""),"",AZ35-$DP$11) | EC35: =IF(OR($Z34&$AX34=$Z35&$AX34,$Z35&$AX35=""),"",$Z35&$AX35) -> 0 | ED35: =IF(OR(Z34&AE34=Z35&AE35,Z35=""),"",Z35&AE35) | EE35: =IF($ED35="",0,IF(COUNTIF(ED$12:ED34,ED35)=0,0,COUNTIF(ED$12:ED34,ED35))) -> 0 | EF35: =IF(OR($AJ35="B",$ED35="",MID($U35,8,1)=$EF$9,MID($U35,8,1)=$EF$10),0,1) -> 0 | EG35: =IF(EE35+EF35=0,"","R"&(EE35+EF35)) | EI35: =IF($ED35="","",IF($EE35=0,U35,"")) | EJ35: =IF($ED35="","",IF($EE35=0,Z35,""))
A36: =IF(OR($I36="TTL",$I36=""),"",IF(ISERROR(VLOOKUP($B36,CODE!$D:$G,CODE!$F$1-2,FALSE))=TRUE,"전략",VLOOKUP($B36,CODE!$D:$G,CODE!$F$1-2,FALSE))) -> F-CAP | B36: =IF(OR($I36="TTL",$I36=""),"",IF(VLOOKUP($P36,CODE!$K:$O,CODE!$O$1,FALSE)="",$I36,$I36&"-"&VLOOKUP($P36,CODE!$K:$O,CODE!$O$1,FALSE))) -> SBR | C36: =IF($I36="TTL","",I36&"-"&$AG36&"-"&$AI36) -> SBR-동일모자-11 | D36: =$C36&$Z36 -> SBR-동일모자-11SBRMIF5006BK | E36: =IF($I36="TTL",0,IF(ISERROR(IF($Z35=$Z36,$E35,$E35+1))=TRUE,1,IF($Z35=$Z36,$E35,$E35+1))) -> 1 | F36: =$C36&$E36 -> SBR-동일모자-111 | G36: =$F36&"-"&$U36&$Y36&$AE36 -> SBR-동일모자-111-SBRMIF5006BLACKOSM | H36: =IF(ISERROR(I36&VLOOKUP(P36,CODE!$K:$N,CODE!$N$1,FALSE)&S36)=TRUE,0,I36&VLOOKUP(P36,CODE!$K:$N,CODE!$N$1,FALSE)&S36) -> SBR의류외6 | I36: =IF(ISERROR(SEARCH("TTL",$K36))=TRUE,IF($L36="","",VLOOKUP($L36,CODE!$B:$G,CODE!$D$1,FALSE)),"TTL") -> SBR | J36: =MID(W36,1,6) -> 14FW-J | L36: SBR | M36: =IF(OR($I36="TTL",$L36=""),"",VLOOKUP($L36,CODE!$B:$D,CODE!$C$1,FALSE)) -> SMITH BRIDGE | N36: =IF(OR($I36="TTL",$L36=""),"",VLOOKUP($K$2,CODE!$S:$T,CODE!$T$1-1,FALSE)) -> F | O36: 5 | P36: MI | Q36: =IF(OR($I36="TTL",$P36=""),"",VLOOKUP($P36,CODE!$K:$M,CODE!$L$1,FALSE)) -> MILITARY CAP | R36: U | S36: 6 | T36: =IF(OR($I36="TTL",$S36=""),"",IF($S36<10,"00"&$S36,IF($S36<100,"0"&$S36,$S36))) -> 006 | U36: =IF($I36="TTL","",$L36&$P36&$N36&$O36&$T36) -> SBRMIF5006 | V36: =IF($I36="TTL",SUMIF($C:$C,MID($K36,1,SEARCH("TTL",$K36)-2),$V:$V),IF($EI36="",0,1/COUNTIF($EI:$EI,$EI36))) -> 0.25 | W36: 14FW-JILL-BY_01_BK | X36: =IF($Y36="","",VLOOKUP($Y36,CODE!$AE:$AF,CODE!$AF$1-1,FALSE)) -> BK | Y36: BLACK | Z36: =$U36&$X36 -> SBRMIF5006BK | AA36: =VLOOKUP($Z36&$AX36,$EC:$EG,5,FALSE) | AB36: =IF($I36="TTL",SUMIF($C:$C,MID($K36,1,SEARCH("TTL",$K36)-2),$AB:$AB),IF($EJ36="",0,1/COUNTIF($EJ:$EJ,$EJ36))) -> 0.5 | AC36: 아크릴 25% 울 45% 나이론 15% 폴리에스터 15% | AD36: 1 | AE36: OSM | AF36: 700 | AG36: 동일모자 | AH36: 11 | AI36: =IF($AH36=0,"",IF($AH36<10,"0"&$AH36,$AH36)) -> 11 | AJ36: M | AK36: CN | AL36: =IF($AK36=0,"",IF($AK36="KR",2,1)) -> 1 | AM36: =IF(ISERROR(VLOOKUP($F36,[1]기획현황취합!$A$1:$E$65485,[1]기획현황취합!$B$1,FALSE))=TRUE,0,VLOOKUP($F36,[1]기획현황취합!$A$1:$E$65485,[1]기획현황취합!$B$1,FALSE)) -> 45000 | AN36: =IF(ISERROR(VLOOKUP($F36,[1]기획현황취합!$A$1:$E$65485,[1]기획현황취합!$C$1,FALSE))=TRUE,0,VLOOKUP($F36,[1]기획현황취합!$A$1:$E$65485,[1]기획현황취합!$C$1,FALSE)) -> 41836 | AO36: =IF(ISERROR(($AM36/1.1)/VLOOKUP($AG36,'TARGET MU'!$A:$D,'TARGET MU'!$D$1,FALSE))=TRUE,0,($AM36/1.1)/VLOOKUP($AG36,'TARGET MU'!$A:$D,'TARGET MU'!$D$1,FALSE)) -> 6818.1818 | AP36: =IF(OR(AF36=0,AND(AV36=0,AW36=0)),0,IF(AG36="캡보이2",AV36*$AQ$5+AU36,IF(OR(AK36="IN",AK36="BG",AK36="VT",AK36="CB"),$AU36+(($AV36*(1+$AW$4))*(HLOOKUP(VLOOKUP(AG36,'TARGET MU'!$A:$P,'TARGET MU'!$J$1,FALSE),$AO$4:$AR$5,2,FALSE)))+$AW36,$AU36+((($AV36*(1+$AW$4))*(1+HLOOKUP(VLOOKUP($P36,CODE!$K:$P,CODE!$P$1,FALSE),$AS$4:$AV$5,2,FALSE)))*(HLOOKUP(VLOOKUP(AG36,'TARGET MU'!$A:$P,'TARGET MU'!$J$1,FALSE),$AO$4:$AR$5,2,FALSE)))+$AW36))) -> 7859.45 | AQ36: =AP36-AO36 -> 1041.2682 | AR36: 2158 | AS36: 400 | AU36: =SUM(AR36:AT36) -> 2558 | AV36: 4.25 | AW36: 0 | AX36: =IF(ISERROR(VLOOKUP($F36,[1]기획현황취합!$A$1:$E$65485,[1]기획현황취합!$D$1,FALSE))=TRUE,0,VLOOKUP($F36,[1]기획현황취합!$A$1:$E$65485,[1]기획현황취합!$D$1,FALSE)) -> 41739 | AY36: 0 | AZ36: =IF(ISERROR(VLOOKUP($F36,[1]기획현황취합!$A$1:$E$65485,[1]기획현황취합!$E$1,FALSE))=TRUE,0,VLOOKUP($F36,[1]기획현황취합!$A$1:$E$65485,[1]기획현황취합!$E$1,FALSE)) -> 41848 | BA36: 0 | BB36: 41912 | BC36: 41914 | BD36: 41932 | BF36: 0 | BG36: 확정 | BH36: 확정 | BI36: =IF($I36="TTL",SUMIF($C:$C,MID($K36,1,SEARCH("TTL",$K36)-2),$BI:$BI),SUMIF(실입고현황!$A:$A,BB36&VLOOKUP($AG36,'TARGET MU'!$A:$D,'TARGET MU'!$B$1,FALSE)&$Z36&" "&$AE36,실입고현황!$C:$C)) -> 200 | BJ36: =IF($I36="TTL",SUMIF($C:$C,MID($K36,1,SEARCH("TTL",$K36)-2),$BJ:$BJ),SUMIF(실입고현황!$A:$A,BC36&VLOOKUP($AG36,'TARGET MU'!$A:$D,'TARGET MU'!$B$1,FALSE)&$Z36&" "&$AE36,실입고현황!$C:$C)) -> 75 | BK36: =IF($I36="TTL",SUMIF($C:$C,MID($K36,1,SEARCH("TTL",$K36)-2),$BK:$BK),SUMIF(실입고현황!$A:$A,BD36&VLOOKUP($AG36,'TARGET MU'!$A:$D,'TARGET MU'!$B$1,FALSE)&$Z36&" "&$AE36,실입고현황!$C:$C)) -> 419 | BL36: =IF($I36="TTL",SUMIF($C:$C,MID($K36,1,SEARCH("TTL",$K36)-2),$BL:$BL),SUMIF(실입고현황!$A:$A,BE36&VLOOKUP($AG36,'TARGET MU'!$A:$D,'TARGET MU'!$B$1,FALSE)&$Z36&" "&$AE36,실입고현황!$C:$C)) -> 0 | BM36: =IF($I36="TTL",SUMIF($C:$C,MID($K36,1,SEARCH("TTL",$K36)-2),$BM:$BM),SUMIF(실입고현황!$A:$A,BF36&VLOOKUP($AG36,'TARGET MU'!$A:$D,'TARGET MU'!$B$1,FALSE)&$Z36&" "&$AE36,실입고현황!$C:$C)) -> 0 | BN36: =IF($I36="TTL",SUMIF($C:$C,MID($K36,1,SEARCH("TTL",$K36)-2),$BN:$BN),IF(($BO36-SUM($BI36,$BJ36,$BK36,BL36,BM36))<$BO36*$BN$6,0,$BO36-SUM($BI36,$BJ36,$BK36,BL36,BM36))) -> 0 | BO36: =IF($I36="TTL",SUMIF($C:$C,MID($K36,1,SEARCH("TTL",$K36)-2),$BO:$BO),$AF36) -> 700 | BP36: =IF($I36="TTL",SUMIF($C:$C,MID($K36,1,SEARCH("TTL",$K36)-2),$BP:$BP),IF(AO36=0,0,IF($AP36=0,$AO36*$AF36,$AP36*$AF36))) -> 5501615 | BQ36: =IF($I36="TTL",SUMIF($C:$C,MID($K36,1,SEARCH("TTL",$K36)-2),$BQ:$BQ),$AM36*$AF36) -> 31500000 | BR36: =IF(ISERROR($BQ36/($BP36*1.1))=TRUE,0,$BQ36/($BP36*1.1)) -> 5.2050832 | BT36: =IF(ISERROR(Z36&VLOOKUP($AG36,'TARGET MU'!$A:$D,'TARGET MU'!$B$1,FALSE))=TRUE,"",Z36&VLOOKUP($AG36,'TARGET MU'!$A:$D,'TARGET MU'!$B$1,FALSE)) -> SBRMIF5006BK동일모자(청도) | BU36: =AP36 -> 7859.45 | BV36: =Z36&AE36&AF36&AM36&AG36&AI36&AK36 -> SBRMIF5006BKOSM70045000동일모자11CN | BX36: =IF($I36="TTL","",$L36) -> SBR | BY36: =$O36 -> 5 | BZ36: =$AJ36 -> M | CA36: =$P36 -> MI | CB36: =$R36 -> U | CC36: =$AK36 -> CN | CD36: =$W36 -> 14FW-JILL-BY_01_BK | CE36: =$U36 -> SBRMIF5006 | CF36: =$T36 -> 006 | CG36: =$W36 -> 14FW-JILL-BY_01_BK | CH36: =$X36 -> BK | CI36: =$AD36 -> 1 | CJ36: =$AE36 -> OSM | CK36: =IF($I36="TTL",SUMIF($C:$C,MID($K36,1,SEARCH("TTL",$K36)-2),$BO:$BO),$AF36) -> 700 | CL36: =$AV36 -> 4.25 | CM36: =$AM36 -> 45000 | CN36: =$AP36-$AU36 -> 5301.45 | CO36: =$AU36 -> 2558 | CP36: =$AL36 -> 1 | CQ36: 9761052 | CT36: =IF($I36="TTL",$K36,$Z36&$AE36) -> SBRMIF5006BKOSM | CU36: =$M36 -> SMITH BRIDGE | CV36: =IF($I36="TTL","",IF($CT36="","",$Q36&"_"&$T36&IF(R36="K","_KIDS",""))) -> MILITARY CAP_006 | CW36: =IF($I36="TTL","",IF($CT36="","",$Y36&"_"&$AE36)) -> BLACK_OSM | CX36: =$L36 -> SBR | CY36: =$T36 -> 006 | CZ36: =IF($I36="TTL",SUMIF($C:$C,MID($K36,1,SEARCH("TTL",$K36)-2),$CZ:$CZ),$AF36) -> 700 | DA36: =$AM36 -> 45000 | DB36: =$Y36 -> BLACK | DC36: =$AE36 -> OSM | DG36: 41747 | DH36: =IF(OR($I36="TTL",$I36=""),"",AZ36-$DH$11) -> 41758 | DI36: 41747 | DJ36: 41747 | DK36: 41835 | DN36: 41750 | DO36: 41808 | DP36: =IF(OR($DN36="없음",$I36="TTL",$I36=""),"",AZ36-$DP$11) -> 41788 | DQ36: 41766 | DR36: 41824 | DS36: 없음 | DT36: 41813 | DU36: 41822 | DV36: 41844 | DW36: 41866 | DX36: 41915 | DY36: 완료 | EC36: =IF(OR($Z35&$AX35=$Z36&$AX35,$Z36&$AX36=""),"",$Z36&$AX36) -> SBRMIF5006BK41739 | ED36: =IF(OR(Z35&AE35=Z36&AE36,Z36=""),"",Z36&AE36) -> SBRMIF5006BKOSM | EE36: =IF($ED36="",0,IF(COUNTIF(ED$12:ED35,ED36)=0,0,COUNTIF(ED$12:ED35,ED36))) -> 0 | EF36: =IF(OR($AJ36="B",$ED36="",MID($U36,8,1)=$EF$9,MID($U36,8,1)=$EF$10),0,1) -> 0 | EG36: =IF(EE36+EF36=0,"","R"&(EE36+EF36)) | EI36: =IF($ED36="","",IF($EE36=0,U36,"")) -> SBRMIF5006 | EJ36: =IF($ED36="","",IF($EE36=0,Z36,"")) -> SBRMIF5006BK
A37: =IF(OR($I37="TTL",$I37=""),"",IF(ISERROR(VLOOKUP($B37,CODE!$D:$G,CODE!$F$1-2,FALSE))=TRUE,"전략",VLOOKUP($B37,CODE!$D:$G,CODE!$F$1-2,FALSE))) -> F-CAP | B37: =IF(OR($I37="TTL",$I37=""),"",IF(VLOOKUP($P37,CODE!$K:$O,CODE!$O$1,FALSE)="",$I37,$I37&"-"&VLOOKUP($P37,CODE!$K:$O,CODE!$O$1,FALSE))) -> SBR | C37: =IF($I37="TTL","",I37&"-"&$AG37&"-"&$AI37) -> SBR-동일모자-11 | D37: =$C37&$Z37 -> SBR-동일모자-11SBRMIF5006BK | E37: =IF($I37="TTL",0,IF(ISERROR(IF($Z36=$Z37,$E36,$E36+1))=TRUE,1,IF($Z36=$Z37,$E36,$E36+1))) -> 1 | F37: =$C37&$E37 -> SBR-동일모자-111 | G37: =$F37&"-"&$U37&$Y37&$AE37 -> SBR-동일모자-111-SBRMIF5006BLACKOML | H37: =IF(ISERROR(I37&VLOOKUP(P37,CODE!$K:$N,CODE!$N$1,FALSE)&S37)=TRUE,0,I37&VLOOKUP(P37,CODE!$K:$N,CODE!$N$1,FALSE)&S37) -> SBR의류외6 | I37: =IF(ISERROR(SEARCH("TTL",$K37))=TRUE,IF($L37="","",VLOOKUP($L37,CODE!$B:$G,CODE!$D$1,FALSE)),"TTL") -> SBR | J37: =MID(W37,1,6) -> 14FW-J | L37: SBR | M37: =IF(OR($I37="TTL",$L37=""),"",VLOOKUP($L37,CODE!$B:$D,CODE!$C$1,FALSE)) -> SMITH BRIDGE | N37: =IF(OR($I37="TTL",$L37=""),"",VLOOKUP($K$2,CODE!$S:$T,CODE!$T$1-1,FALSE)) -> F | O37: 5 | P37: MI | Q37: =IF(OR($I37="TTL",$P37=""),"",VLOOKUP($P37,CODE!$K:$M,CODE!$L$1,FALSE)) -> MILITARY CAP | R37: U | S37: 6 | T37: =IF(OR($I37="TTL",$S37=""),"",IF($S37<10,"00"&$S37,IF($S37<100,"0"&$S37,$S37))) -> 006 | U37: =IF($I37="TTL","",$L37&$P37&$N37&$O37&$T37) -> SBRMIF5006 | V37: =IF($I37="TTL",SUMIF($C:$C,MID($K37,1,SEARCH("TTL",$K37)-2),$V:$V),IF($EI37="",0,1/COUNTIF($EI:$EI,$EI37))) -> 0.25 | W37: 14FW-JILL-BY_01_BK | X37: =IF($Y37="","",VLOOKUP($Y37,CODE!$AE:$AF,CODE!$AF$1-1,FALSE)) -> BK | Y37: BLACK | Z37: =$U37&$X37 -> SBRMIF5006BK | AA37: =VLOOKUP($Z37&$AX37,$EC:$EG,5,FALSE) | AB37: =IF($I37="TTL",SUMIF($C:$C,MID($K37,1,SEARCH("TTL",$K37)-2),$AB:$AB),IF($EJ37="",0,1/COUNTIF($EJ:$EJ,$EJ37))) -> 0.5 | AC37: 아크릴 25% 울 45% 나이론 15% 폴리에스터 15% | AD37: 1 | AE37: OML | AF37: 500 | AG37: 동일모자 | AH37: 11 | AI37: =IF($AH37=0,"",IF($AH37<10,"0"&$AH37,$AH37)) -> 11 | AJ37: M | AK37: CN | AL37: =IF($AK37=0,"",IF($AK37="KR",2,1)) -> 1 | AM37: =IF(ISERROR(VLOOKUP($F37,[1]기획현황취합!$A$1:$E$65485,[1]기획현황취합!$B$1,FALSE))=TRUE,0,VLOOKUP($F37,[1]기획현황취합!$A$1:$E$65485,[1]기획현황취합!$B$1,FALSE)) -> 45000 | AN37: =IF(ISERROR(VLOOKUP($F37,[1]기획현황취합!$A$1:$E$65485,[1]기획현황취합!$C$1,FALSE))=TRUE,0,VLOOKUP($F37,[1]기획현황취합!$A$1:$E$65485,[1]기획현황취합!$C$1,FALSE)) -> 41836 | AO37: =IF(ISERROR(($AM37/1.1)/VLOOKUP($AG37,'TARGET MU'!$A:$D,'TARGET MU'!$D$1,FALSE))=TRUE,0,($AM37/1.1)/VLOOKUP($AG37,'TARGET MU'!$A:$D,'TARGET MU'!$D$1,FALSE)) -> 6818.1818 | AP37: =IF(OR(AF37=0,AND(AV37=0,AW37=0)),0,IF(AG37="캡보이2",AV37*$AQ$5+AU37,IF(OR(AK37="IN",AK37="BG",AK37="VT",AK37="CB"),$AU37+(($AV37*(1+$AW$4))*(HLOOKUP(VLOOKUP(AG37,'TARGET MU'!$A:$P,'TARGET MU'!$J$1,FALSE),$AO$4:$AR$5,2,FALSE)))+$AW37,$AU37+((($AV37*(1+$AW$4))*(1+HLOOKUP(VLOOKUP($P37,CODE!$K:$P,CODE!$P$1,FALSE),$AS$4:$AV$5,2,FALSE)))*(HLOOKUP(VLOOKUP(AG37,'TARGET MU'!$A:$P,'TARGET MU'!$J$1,FALSE),$AO$4:$AR$5,2,FALSE)))+$AW37))) -> 7859.45 | AQ37: =AP37-AO37 -> 1041.2682 | AR37: 2158 | AS37: 400 | AU37: =SUM(AR37:AT37) -> 2558 | AV37: 4.25 | AW37: 0 | AX37: =IF(ISERROR(VLOOKUP($F37,[1]기획현황취합!$A$1:$E$65485,[1]기획현황취합!$D$1,FALSE))=TRUE,0,VLOOKUP($F37,[1]기획현황취합!$A$1:$E$65485,[1]기획현황취합!$D$1,FALSE)) -> 41739 | AY37: 0 | AZ37: =IF(ISERROR(VLOOKUP($F37,[1]기획현황취합!$A$1:$E$65485,[1]기획현황취합!$E$1,FALSE))=TRUE,0,VLOOKUP($F37,[1]기획현황취합!$A$1:$E$65485,[1]기획현황취합!$E$1,FALSE)) -> 41848 | BA37: 0 | BB37: 41912 | BC37: 41914 | BD37: 41932 | BF37: 0 | BG37: 확정 | BH37: 확정 | BI37: =IF($I37="TTL",SUMIF($C:$C,MID($K37,1,SEARCH("TTL",$K37)-2),$BI:$BI),SUMIF(실입고현황!$A:$A,BB37&VLOOKUP($AG37,'TARGET MU'!$A:$D,'TARGET MU'!$B$1,FALSE)&$Z37&" "&$AE37,실입고현황!$C:$C)) -> 0 | BJ37: =IF($I37="TTL",SUMIF($C:$C,MID($K37,1,SEARCH("TTL",$K37)-2),$BJ:$BJ),SUMIF(실입고현황!$A:$A,BC37&VLOOKUP($AG37,'TARGET MU'!$A:$D,'TARGET MU'!$B$1,FALSE)&$Z37&" "&$AE37,실입고현황!$C:$C)) -> 0 | BK37: =IF($I37="TTL",SUMIF($C:$C,MID($K37,1,SEARCH("TTL",$K37)-2),$BK:$BK),SUMIF(실입고현황!$A:$A,BD37&VLOOKUP($AG37,'TARGET MU'!$A:$D,'TARGET MU'!$B$1,FALSE)&$Z37&" "&$AE37,실입고현황!$C:$C)) -> 495 | BL37: =IF($I37="TTL",SUMIF($C:$C,MID($K37,1,SEARCH("TTL",$K37)-2),$BL:$BL),SUMIF(실입고현황!$A:$A,BE37&VLOOKUP($AG37,'TARGET MU'!$A:$D,'TARGET MU'!$B$1,FALSE)&$Z37&" "&$AE37,실입고현황!$C:$C)) -> 0 | BM37: =IF($I37="TTL",SUMIF($C:$C,MID($K37,1,SEARCH("TTL",$K37)-2),$BM:$BM),SUMIF(실입고현황!$A:$A,BF37&VLOOKUP($AG37,'TARGET MU'!$A:$D,'TARGET MU'!$B$1,FALSE)&$Z37&" "&$AE37,실입고현황!$C:$C)) -> 0 | BN37: =IF($I37="TTL",SUMIF($C:$C,MID($K37,1,SEARCH("TTL",$K37)-2),$BN:$BN),IF(($BO37-SUM($BI37,$BJ37,$BK37,BL37,BM37))<$BO37*$BN$6,0,$BO37-SUM($BI37,$BJ37,$BK37,BL37,BM37))) -> 0 | BO37: =IF($I37="TTL",SUMIF($C:$C,MID($K37,1,SEARCH("TTL",$K37)-2),$BO:$BO),$AF37) -> 500 | BP37: =IF($I37="TTL",SUMIF($C:$C,MID($K37,1,SEARCH("TTL",$K37)-2),$BP:$BP),IF(AO37=0,0,IF($AP37=0,$AO37*$AF37,$AP37*$AF37))) -> 3929725 | BQ37: =IF($I37="TTL",SUMIF($C:$C,MID($K37,1,SEARCH("TTL",$K37)-2),$BQ:$BQ),$AM37*$AF37) -> 22500000 | BR37: =IF(ISERROR($BQ37/($BP37*1.1))=TRUE,0,$BQ37/($BP37*1.1)) -> 5.2050832 | BT37: =IF(ISERROR(Z37&VLOOKUP($AG37,'TARGET MU'!$A:$D,'TARGET MU'!$B$1,FALSE))=TRUE,"",Z37&VLOOKUP($AG37,'TARGET MU'!$A:$D,'TARGET MU'!$B$1,FALSE)) -> SBRMIF5006BK동일모자(청도) | BU37: =AP37 -> 7859.45 | BV37: =Z37&AE37&AF37&AM37&AG37&AI37&AK37 -> SBRMIF5006BKOML50045000동일모자11CN | BX37: =IF($I37="TTL","",$L37) -> SBR | BY37: =$O37 -> 5 | BZ37: =$AJ37 -> M | CA37: =$P37 -> MI | CB37: =$R37 -> U | CC37: =$AK37 -> CN | CD37: =$W37 -> 14FW-JILL-BY_01_BK | CE37: =$U37 -> SBRMIF5006 | CF37: =$T37 -> 006 | CG37: =$W37 -> 14FW-JILL-BY_01_BK | CH37: =$X37 -> BK | CI37: =$AD37 -> 1 | CJ37: =$AE37 -> OML | CK37: =IF($I37="TTL",SUMIF($C:$C,MID($K37,1,SEARCH("TTL",$K37)-2),$BO:$BO),$AF37) -> 500 | CL37: =$AV37 -> 4.25 | CM37: =$AM37 -> 45000 | CN37: =$AP37-$AU37 -> 5301.45 | CO37: =$AU37 -> 2558 | CP37: =$AL37 -> 1 | CT37: =IF($I37="TTL",$K37,$Z37&$AE37) -> SBRMIF5006BKOML | CU37: =$M37 -> SMITH BRIDGE | CV37: =IF($I37="TTL","",IF($CT37="","",$Q37&"_"&$T37&IF(R37="K","_KIDS",""))) -> MILITARY CAP_006 | CW37: =IF($I37="TTL","",IF($CT37="","",$Y37&"_"&$AE37)) -> BLACK_OML | CX37: =$L37 -> SBR | CY37: =$T37 -> 006 | CZ37: =IF($I37="TTL",SUMIF($C:$C,MID($K37,1,SEARCH("TTL",$K37)-2),$CZ:$CZ),$AF37) -> 500 | DA37: =$AM37 -> 45000 | DB37: =$Y37 -> BLACK | DC37: =$AE37 -> OML | DG37: 41747 | DH37: =IF(OR($I37="TTL",$I37=""),"",AZ37-$DH$11) -> 41758 | DI37: 41747 | DJ37: 41747 | DK37: 41835 | DN37: 41750 | DO37: 41808 | DP37: =IF(OR($DN37="없음",$I37="TTL",$I37=""),"",AZ37-$DP$11) -> 41788 | DQ37: 41766 | DR37: 41824 | DS37: 없음 | DT37: 41813 | DU37: 41822 | DV37: 41844 | DW37: 41866 | DX37: 41915 | DY37: 완료 | EC37: =IF(OR($Z36&$AX36=$Z37&$AX36,$Z37&$AX37=""),"",$Z37&$AX37) | ED37: =IF(OR(Z36&AE36=Z37&AE37,Z37=""),"",Z37&AE37) -> SBRMIF5006BKOML | EE37: =IF($ED37="",0,IF(COUNTIF(ED$12:ED36,ED37)=0,0,COUNTIF(ED$12:ED36,ED37))) -> 0 | EF37: =IF(OR($AJ37="B",$ED37="",MID($U37,8,1)=$EF$9,MID($U37,8,1)=$EF$10),0,1) -> 0 | EG37: =IF(EE37+EF37=0,"","R"&(EE37+EF37)) | EI37: =IF($ED37="","",IF($EE37=0,U37,"")) -> SBRMIF5006 | EJ37: =IF($ED37="","",IF($EE37=0,Z37,"")) -> SBRMIF5006BK
