Workbook

Sheet 순점검
A1: 업체차수점검 | K1: 품번순서
K3: 브랜드 | N3: 사용가
E4: 데이터 | K4: SMB | N4: 사용불가
A5: 업체명 | B5: 차수 | C5: 발주일 | D5: 브랜드 | E5: 품번수 | F5: 색상수 | G5: 수량 | H5: 원가금액 | I5: TAG가금액 | K5: 의류외
A6: 대경 | B6: 1 | C6: 41547 | D6: ELS | E6: 25 | F6: 26 | G6: 26500 | H6: 0 | I6: 0
B7: 2 | C7: 41547 | D7: ELS | E7: 8 | F7: 9 | G7: 10550 | H7: 0 | I7: 0 | K7: REORDER | N7: MAIN (U,M,W) | Q7: MAIN (K)
B8: 3 | C8: 41564 | D8: ELS | E8: 16 | F8: 16 | G8: 20500 | H8: 1.8583636e+08 | I8: 1022100000 | K8: 품번순서 | N8: 품번순서 | Q8: 품번순서
A9: 아트인드림 | B9: 3 | C9: 41547 | D9: ELS | E9: 8 | F9: 8 | G9: 11600 | H9: 101696600 | I9: 0 | K9: 1 | L9: =IF(ISERROR(VLOOKUP($K$4&$K$5&$K9,기획현황!$H:$H,1,FALSE))=TRUE,"",VLOOKUP($K$4&$K$5&$K9,기획현황!$H:$H,1,FALSE)) | N9: 1 | O9: =IF(ISERROR(VLOOKUP($K$4&$K$5&$N9,기획현황!$H:$H,1,FALSE))=TRUE,"",VLOOKUP($K$4&$K$5&$N9,기획현황!$H:$H,1,FALSE)) | Q9: =N9+500 -> 501 | R9: =IF(ISERROR(VLOOKUP($K$4&$K$5&$Q9,기획현황!$H:$H,1,FALSE))=TRUE,"",VLOOKUP($K$4&$K$5&$Q9,기획현황!$H:$H,1,FALSE))
B10: 5 | C10: 41564 | D10: ELS | E10: 4 | F10: 4 | G10: 4800 | H10: 92160000 | I10: 321600000 | K10: =K9+1 -> 2 | L10: =IF(ISERROR(VLOOKUP($K$4&$K$5&$K10,기획현황!$H:$H,1,FALSE))=TRUE,"",VLOOKUP($K$4&$K$5&$K10,기획현황!$H:$H,1,FALSE)) | N10: =N9+1 -> 2 | O10: =IF(ISERROR(VLOOKUP($K$4&$K$5&$N10,기획현황!$H:$H,1,FALSE))=TRUE,"",VLOOKUP($K$4&$K$5&$N10,기획현황!$H:$H,1,FALSE)) | Q10: =Q9+1 -> 502 | R10: =IF(ISERROR(VLOOKUP($K$4&$K$5&$Q10,기획현황!$H:$H,1,FALSE))=TRUE,"",VLOOKUP($K$4&$K$5&$Q10,기획현황!$H:$H,1,FALSE))
B11: 6 | C11: 41564 | D11: ELS | E11: 11 | F11: 17 | G11: 29000 | H11: 349120000 | I11: 1310600000 | K11: =K10+1 -> 3 | L11: =IF(ISERROR(VLOOKUP($K$4&$K$5&$K11,기획현황!$H:$H,1,FALSE))=TRUE,"",VLOOKUP($K$4&$K$5&$K11,기획현황!$H:$H,1,FALSE)) | N11: =N10+1 -> 3 | O11: =IF(ISERROR(VLOOKUP($K$4&$K$5&$N11,기획현황!$H:$H,1,FALSE))=TRUE,"",VLOOKUP($K$4&$K$5&$N11,기획현황!$H:$H,1,FALSE)) | Q11: =Q10+1 -> 503 | R11: =IF(ISERROR(VLOOKUP($K$4&$K$5&$Q11,기획현황!$H:$H,1,FALSE))=TRUE,"",VLOOKUP($K$4&$K$5&$Q11,기획현황!$H:$H,1,FALSE))
B12: 7 | C12: 41564 | D12: ELS | E12: 2 | F12: 2 | G12: 4000 | H12: 46740000 | I12: 176000000 | K12: =K11+1 -> 4 | L12: =IF(ISERROR(VLOOKUP($K$4&$K$5&$K12,기획현황!$H:$H,1,FALSE))=TRUE,"",VLOOKUP($K$4&$K$5&$K12,기획현황!$H:$H,1,FALSE)) | N12: =N11+1 -> 4 | O12: =IF(ISERROR(VLOOKUP($K$4&$K$5&$N12,기획현황!$H:$H,1,FALSE))=TRUE,"",VLOOKUP($K$4&$K$5&$N12,기획현황!$H:$H,1,FALSE)) | Q12: =Q11+1 -> 504 | R12: =IF(ISERROR(VLOOKUP($K$4&$K$5&$Q12,기획현황!$H:$H,1,FALSE))=TRUE,"",VLOOKUP($K$4&$K$5&$Q12,기획현황!$H:$H,1,FALSE))
A13: 한림 | B13: 1 | C13: 41564 | D13: ELS | E13: 6 | F13: 6 | G13: 8700 | H13: 68563636 | I13: 377100000 | K13: =K12+1 -> 5 | L13: =IF(ISERROR(VLOOKUP($K$4&$K$5&$K13,기획현황!$H:$H,1,FALSE))=TRUE,"",VLOOKUP($K$4&$K$5&$K13,기획현황!$H:$H,1,FALSE)) | N13: =N12+1 -> 5 | O13: =IF(ISERROR(VLOOKUP($K$4&$K$5&$N13,기획현황!$H:$H,1,FALSE))=TRUE,"",VLOOKUP($K$4&$K$5&$N13,기획현황!$H:$H,1,FALSE)) | Q13: =Q12+1 -> 505 | R13: =IF(ISERROR(VLOOKUP($K$4&$K$5&$Q13,기획현황!$H:$H,1,FALSE))=TRUE,"",VLOOKUP($K$4&$K$5&$Q13,기획현황!$H:$H,1,FALSE))
A14: EVERGREEN | B14: 1 | C14: 41533 | D14: ELS | E14: 8 | F14: 13 | G14: 15600 | H14: 1.1169697e+08 | I14: 737200000 | K14: =K13+1 -> 6 | L14: =IF(ISERROR(VLOOKUP($K$4&$K$5&$K14,기획현황!$H:$H,1,FALSE))=TRUE,"",VLOOKUP($K$4&$K$5&$K14,기획현황!$H:$H,1,FALSE)) | N14: =N13+1 -> 6 | O14: =IF(ISERROR(VLOOKUP($K$4&$K$5&$N14,기획현황!$H:$H,1,FALSE))=TRUE,"",VLOOKUP($K$4&$K$5&$N14,기획현황!$H:$H,1,FALSE)) | Q14: =Q13+1 -> 506 | R14: =IF(ISERROR(VLOOKUP($K$4&$K$5&$Q14,기획현황!$H:$H,1,FALSE))=TRUE,"",VLOOKUP($K$4&$K$5&$Q14,기획현황!$H:$H,1,FALSE))
B15: 2 | C15: 41547 | D15: ELS | E15: 5 | F15: 6 | G15: 6400 | H15: 0 | I15: 0 | K15: =K14+1 -> 7 | L15: =IF(ISERROR(VLOOKUP($K$4&$K$5&$K15,기획현황!$H:$H,1,FALSE))=TRUE,"",VLOOKUP($K$4&$K$5&$K15,기획현황!$H:$H,1,FALSE)) | N15: =N14+1 -> 7 | O15: =IF(ISERROR(VLOOKUP($K$4&$K$5&$N15,기획현황!$H:$H,1,FALSE))=TRUE,"",VLOOKUP($K$4&$K$5&$N15,기획현황!$H:$H,1,FALSE)) | Q15: =Q14+1 -> 507 | R15: =IF(ISERROR(VLOOKUP($K$4&$K$5&$Q15,기획현황!$H:$H,1,FALSE))=TRUE,"",VLOOKUP($K$4&$K$5&$Q15,기획현황!$H:$H,1,FALSE))
B16: 3 | C16: 41564 | D16: ELS | E16: 5 | F16: 9 | G16: 11400 | H16: 76636364 | I16: 505800000 | K16: =K15+1 -> 8 | L16: =IF(ISERROR(VLOOKUP($K$4&$K$5&$K16,기획현황!$H:$H,1,FALSE))=TRUE,"",VLOOKUP($K$4&$K$5&$K16,기획현황!$H:$H,1,FALSE)) | N16: =N15+1 -> 8 | O16: =IF(ISERROR(VLOOKUP($K$4&$K$5&$N16,기획현황!$H:$H,1,FALSE))=TRUE,"",VLOOKUP($K$4&$K$5&$N16,기획현황!$H:$H,1,FALSE)) | Q16: =Q15+1 -> 508 | R16: =IF(ISERROR(VLOOKUP($K$4&$K$5&$Q16,기획현황!$H:$H,1,FALSE))=TRUE,"",VLOOKUP($K$4&$K$5&$Q16,기획현황!$H:$H,1,FALSE))
A17: PIAFIELD | B17: 1 | C17: 41564 | D17: ELS | E17: 4 | F17: 8 | G17: 12000 | H17: 1.1127273e+08 | I17: 612000000 | K17: =K16+1 -> 9 | L17: =IF(ISERROR(VLOOKUP($K$4&$K$5&$K17,기획현황!$H:$H,1,FALSE))=TRUE,"",VLOOKUP($K$4&$K$5&$K17,기획현황!$H:$H,1,FALSE)) | N17: =N16+1 -> 9 | O17: =IF(ISERROR(VLOOKUP($K$4&$K$5&$N17,기획현황!$H:$H,1,FALSE))=TRUE,"",VLOOKUP($K$4&$K$5&$N17,기획현황!$H:$H,1,FALSE)) | Q17: =Q16+1 -> 509 | R17: =IF(ISERROR(VLOOKUP($K$4&$K$5&$Q17,기획현황!$H:$H,1,FALSE))=TRUE,"",VLOOKUP($K$4&$K$5&$Q17,기획현황!$H:$H,1,FALSE))
A18: YANGYUAN | B18: 1 | C18: 41513 | D18: ELS | E18: 3 | F18: 3 | G18: 2880 | H18: 34349371 | I18: 179520000 | K18: =K17+1 -> 10 | L18: =IF(ISERROR(VLOOKUP($K$4&$K$5&$K18,기획현황!$H:$H,1,FALSE))=TRUE,"",VLOOKUP($K$4&$K$5&$K18,기획현황!$H:$H,1,FALSE)) | N18: =N17+1 -> 10 | O18: =IF(ISERROR(VLOOKUP($K$4&$K$5&$N18,기획현황!$H:$H,1,FALSE))=TRUE,"",VLOOKUP($K$4&$K$5&$N18,기획현황!$H:$H,1,FALSE)) | Q18: =Q17+1 -> 510 | R18: =IF(ISERROR(VLOOKUP($K$4&$K$5&$Q18,기획현황!$H:$H,1,FALSE))=TRUE,"",VLOOKUP($K$4&$K$5&$Q18,기획현황!$H:$H,1,FALSE))
A19: 총합계 | E19: 105 | F19: 127 | G19: 163930 | H19: 1.178072e+09 | I19: 5241920000 | K19: =K18+1 -> 11 | L19: =IF(ISERROR(VLOOKUP($K$4&$K$5&$K19,기획현황!$H:$H,1,FALSE))=TRUE,"",VLOOKUP($K$4&$K$5&$K19,기획현황!$H:$H,1,FALSE)) | N19: =N18+1 -> 11 | O19: =IF(ISERROR(VLOOKUP($K$4&$K$5&$N19,기획현황!$H:$H,1,FALSE))=TRUE,"",VLOOKUP($K$4&$K$5&$N19,기획현황!$H:$H,1,FALSE)) | Q19: =Q18+1 -> 511 | R19: =IF(ISERROR(VLOOKUP($K$4&$K$5&$Q19,기획현황!$H:$H,1,FALSE))=TRUE,"",VLOOKUP($K$4&$K$5&$Q19,기획현황!$H:$H,1,FALSE))
K20: =K19+1 -> 12 | L20: =IF(ISERROR(VLOOKUP($K$4&$K$5&$K20,기획현황!$H:$H,1,FALSE))=TRUE,"",VLOOKUP($K$4&$K$5&$K20,기획현황!$H:$H,1,FALSE)) | N20: =N19+1 -> 12 | O20: =IF(ISERROR(VLOOKUP($K$4&$K$5&$N20,기획현황!$H:$H,1,FALSE))=TRUE,"",VLOOKUP($K$4&$K$5&$N20,기획현황!$H:$H,1,FALSE)) | Q20: =Q19+1 -> 512 | R20: =IF(ISERROR(VLOOKUP($K$4&$K$5&$Q20,기획현황!$H:$H,1,FALSE))=TRUE,"",VLOOKUP($K$4&$K$5&$Q20,기획현황!$H:$H,1,FALSE))
K21: =K20+1 -> 13 | L21: =IF(ISERROR(VLOOKUP($K$4&$K$5&$K21,기획현황!$H:$H,1,FALSE))=TRUE,"",VLOOKUP($K$4&$K$5&$K21,기획현황!$H:$H,1,FALSE)) | N21: =N20+1 -> 13 | O21: =IF(ISERROR(VLOOKUP($K$4&$K$5&$N21,기획현황!$H:$H,1,FALSE))=TRUE,"",VLOOKUP($K$4&$K$5&$N21,기획현황!$H:$H,1,FALSE)) | Q21: =Q20+1 -> 513 | R21: =IF(ISERROR(VLOOKUP($K$4&$K$5&$Q21,기획현황!$H:$H,1,FALSE))=TRUE,"",VLOOKUP($K$4&$K$5&$Q21,기획현황!$H:$H,1,FALSE))
K22: =K21+1 -> 14 | L22: =IF(ISERROR(VLOOKUP($K$4&$K$5&$K22,기획현황!$H:$H,1,FALSE))=TRUE,"",VLOOKUP($K$4&$K$5&$K22,기획현황!$H:$H,1,FALSE)) | N22: =N21+1 -> 14 | O22: =IF(ISERROR(VLOOKUP($K$4&$K$5&$N22,기획현황!$H:$H,1,FALSE))=TRUE,"",VLOOKUP($K$4&$K$5&$N22,기획현황!$H:$H,1,FALSE)) | Q22: =Q21+1 -> 514 | R22: =IF(ISERROR(VLOOKUP($K$4&$K$5&$Q22,기획현황!$H:$H,1,FALSE))=TRUE,"",VLOOKUP($K$4&$K$5&$Q22,기획현황!$H:$H,1,FALSE))
K23: =K22+1 -> 15 | L23: =IF(ISERROR(VLOOKUP($K$4&$K$5&$K23,기획현황!$H:$H,1,FALSE))=TRUE,"",VLOOKUP($K$4&$K$5&$K23,기획현황!$H:$H,1,FALSE)) | N23: =N22+1 -> 15 | O23: =IF(ISERROR(VLOOKUP($K$4&$K$5&$N23,기획현황!$H:$H,1,FALSE))=TRUE,"",VLOOKUP($K$4&$K$5&$N23,기획현황!$H:$H,1,FALSE)) | Q23: =Q22+1 -> 515 | R23: =IF(ISERROR(VLOOKUP($K$4&$K$5&$Q23,기획현황!$H:$H,1,FALSE))=TRUE,"",VLOOKUP($K$4&$K$5&$Q23,기획현황!$H:$H,1,FALSE))
K24: =K23+1 -> 16 | L24: =IF(ISERROR(VLOOKUP($K$4&$K$5&$K24,기획현황!$H:$H,1,FALSE))=TRUE,"",VLOOKUP($K$4&$K$5&$K24,기획현황!$H:$H,1,FALSE)) | N24: =N23+1 -> 16 | O24: =IF(ISERROR(VLOOKUP($K$4&$K$5&$N24,기획현황!$H:$H,1,FALSE))=TRUE,"",VLOOKUP($K$4&$K$5&$N24,기획현황!$H:$H,1,FALSE)) | Q24: =Q23+1 -> 516 | R24: =IF(ISERROR(VLOOKUP($K$4&$K$5&$Q24,기획현황!$H:$H,1,FALSE))=TRUE,"",VLOOKUP($K$4&$K$5&$Q24,기획현황!$H:$H,1,FALSE))
K25: =K24+1 -> 17 | L25: =IF(ISERROR(VLOOKUP($K$4&$K$5&$K25,기획현황!$H:$H,1,FALSE))=TRUE,"",VLOOKUP($K$4&$K$5&$K25,기획현황!$H:$H,1,FALSE)) | N25: =N24+1 -> 17 | O25: =IF(ISERROR(VLOOKUP($K$4&$K$5&$N25,기획현황!$H:$H,1,FALSE))=TRUE,"",VLOOKUP($K$4&$K$5&$N25,기획현황!$H:$H,1,FALSE)) | Q25: =Q24+1 -> 517 | R25: =IF(ISERROR(VLOOKUP($K$4&$K$5&$Q25,기획현황!$H:$H,1,FALSE))=TRUE,"",VLOOKUP($K$4&$K$5&$Q25,기획현황!$H:$H,1,FALSE))
K26: =K25+1 -> 18 | L26: =IF(ISERROR(VLOOKUP($K$4&$K$5&$K26,기획현황!$H:$H,1,FALSE))=TRUE,"",VLOOKUP($K$4&$K$5&$K26,기획현황!$H:$H,1,FALSE)) | N26: =N25+1 -> 18 | O26: =IF(ISERROR(VLOOKUP($K$4&$K$5&$N26,기획현황!$H:$H,1,FALSE))=TRUE,"",VLOOKUP($K$4&$K$5&$N26,기획현황!$H:$H,1,FALSE)) | Q26: =Q25+1 -> 518 | R26: =IF(ISERROR(VLOOKUP($K$4&$K$5&$Q26,기획현황!$H:$H,1,FALSE))=TRUE,"",VLOOKUP($K$4&$K$5&$Q26,기획현황!$H:$H,1,FALSE))
K27: =K26+1 -> 19 | L27: =IF(ISERROR(VLOOKUP($K$4&$K$5&$K27,기획현황!$H:$H,1,FALSE))=TRUE,"",VLOOKUP($K$4&$K$5&$K27,기획현황!$H:$H,1,FALSE)) | N27: =N26+1 -> 19 | O27: =IF(ISERROR(VLOOKUP($K$4&$K$5&$N27,기획현황!$H:$H,1,FALSE))=TRUE,"",VLOOKUP($K$4&$K$5&$N27,기획현황!$H:$H,1,FALSE)) | Q27: =Q26+1 -> 519 | R27: =IF(ISERROR(VLOOKUP($K$4&$K$5&$Q27,기획현황!$H:$H,1,FALSE))=TRUE,"",VLOOKUP($K$4&$K$5&$Q27,기획현황!$H:$H,1,FALSE))
K28: =K27+1 -> 20 | L28: =IF(ISERROR(VLOOKUP($K$4&$K$5&$K28,기획현황!$H:$H,1,FALSE))=TRUE,"",VLOOKUP($K$4&$K$5&$K28,기획현황!$H:$H,1,FALSE)) | N28: =N27+1 -> 20 | O28: =IF(ISERROR(VLOOKUP($K$4&$K$5&$N28,기획현황!$H:$H,1,FALSE))=TRUE,"",VLOOKUP($K$4&$K$5&$N28,기획현황!$H:$H,1,FALSE)) | Q28: =Q27+1 -> 520 | R28: =IF(ISERROR(VLOOKUP($K$4&$K$5&$Q28,기획현황!$H:$H,1,FALSE))=TRUE,"",VLOOKUP($K$4&$K$5&$Q28,기획현황!$H:$H,1,FALSE))
K29: =K28+1 -> 21 | L29: =IF(ISERROR(VLOOKUP($K$4&$K$5&$K29,기획현황!$H:$H,1,FALSE))=TRUE,"",VLOOKUP($K$4&$K$5&$K29,기획현황!$H:$H,1,FALSE)) | N29: =N28+1 -> 21 | O29: =IF(ISERROR(VLOOKUP($K$4&$K$5&$N29,기획현황!$H:$H,1,FALSE))=TRUE,"",VLOOKUP($K$4&$K$5&$N29,기획현황!$H:$H,1,FALSE)) | Q29: =Q28+1 -> 521 | R29: =IF(ISERROR(VLOOKUP($K$4&$K$5&$Q29,기획현황!$H:$H,1,FALSE))=TRUE,"",VLOOKUP($K$4&$K$5&$Q29,기획현황!$H:$H,1,FALSE))
K30: =K29+1 -> 22 | L30: =IF(ISERROR(VLOOKUP($K$4&$K$5&$K30,기획현황!$H:$H,1,FALSE))=TRUE,"",VLOOKUP($K$4&$K$5&$K30,기획현황!$H:$H,1,FALSE)) | N30: =N29+1 -> 22 | O30: =IF(ISERROR(VLOOKUP($K$4&$K$5&$N30,기획현황!$H:$H,1,FALSE))=TRUE,"",VLOOKUP($K$4&$K$5&$N30,기획현황!$H:$H,1,FALSE)) | Q30: =Q29+1 -> 522 | R30: =IF(ISERROR(VLOOKUP($K$4&$K$5&$Q30,기획현황!$H:$H,1,FALSE))=TRUE,"",VLOOKUP($K$4&$K$5&$Q30,기획현황!$H:$H,1,FALSE))
K31: =K30+1 -> 23 | L31: =IF(ISERROR(VLOOKUP($K$4&$K$5&$K31,기획현황!$H:$H,1,FALSE))=TRUE,"",VLOOKUP($K$4&$K$5&$K31,기획현황!$H:$H,1,FALSE)) | N31: =N30+1 -> 23 | O31: =IF(ISERROR(VLOOKUP($K$4&$K$5&$N31,기획현황!$H:$H,1,FALSE))=TRUE,"",VLOOKUP($K$4&$K$5&$N31,기획현황!$H:$H,1,FALSE)) | Q31: =Q30+1 -> 523 | R31: =IF(ISERROR(VLOOKUP($K$4&$K$5&$Q31,기획현황!$H:$H,1,FALSE))=TRUE,"",VLOOKUP($K$4&$K$5&$Q31,기획현황!$H:$H,1,FALSE))
... K107: =K106+1 -> 99 | L107: =IF(ISERROR(VLOOKUP($K$4&$K$5&$K107,기획현황!$H:$H,1,FALSE))=TRUE,"",VLOOKUP($K$4&$K$5&$K107,기획현황!$H:$H,1,FALSE)) | N107: =N106+1 -> 99 | O107: =IF(ISERROR(VLOOKUP($K$4&$K$5&$N107,기획현황!$H:$H,1,FALSE))=TRUE,"",VLOOKUP($K$4&$K$5&$N107,기획현황!$H:$H,1,FALSE)) | Q107: =Q106+1 -> 599 | R107: =IF(ISERROR(VLOOKUP($K$4&$K$5&$Q107,기획현황!$H:$H,1,FALSE))=TRUE,"",VLOOKUP($K$4&$K$5&$Q107,기획현황!$H:$H,1,FALSE))
K108: =K107+1 -> 100 | L108: =IF(ISERROR(VLOOKUP($K$4&$K$5&$K108,기획현황!$H:$H,1,FALSE))=TRUE,"",VLOOKUP($K$4&$K$5&$K108,기획현황!$H:$H,1,FALSE))
K109: =K108+1 -> 101 | L109: =IF(ISERROR(VLOOKUP($K$4&$K$5&$K109,기획현황!$H:$H,1,FALSE))=TRUE,"",VLOOKUP($K$4&$K$5&$K109,기획현황!$H:$H,1,FALSE))
K110: =K109+1 -> 102 | L110: =IF(ISERROR(VLOOKUP($K$4&$K$5&$K110,기획현황!$H:$H,1,FALSE))=TRUE,"",VLOOKUP($K$4&$K$5&$K110,기획현황!$H:$H,1,FALSE))
K111: =K110+1 -> 103 | L111: =IF(ISERROR(VLOOKUP($K$4&$K$5&$K111,기획현황!$H:$H,1,FALSE))=TRUE,"",VLOOKUP($K$4&$K$5&$K111,기획현황!$H:$H,1,FALSE))
K112: =K111+1 -> 104 | L112: =IF(ISERROR(VLOOKUP($K$4&$K$5&$K112,기획현황!$H:$H,1,FALSE))=TRUE,"",VLOOKUP($K$4&$K$5&$K112,기획현황!$H:$H,1,FALSE))
K113: =K112+1 -> 105 | L113: =IF(ISERROR(VLOOKUP($K$4&$K$5&$K113,기획현황!$H:$H,1,FALSE))=TRUE,"",VLOOKUP($K$4&$K$5&$K113,기획현황!$H:$H,1,FALSE))
K114: =K113+1 -> 106 | L114: =IF(ISERROR(VLOOKUP($K$4&$K$5&$K114,기획현황!$H:$H,1,FALSE))=TRUE,"",VLOOKUP($K$4&$K$5&$K114,기획현황!$H:$H,1,FALSE))
K115: =K114+1 -> 107 | L115: =IF(ISERROR(VLOOKUP($K$4&$K$5&$K115,기획현황!$H:$H,1,FALSE))=TRUE,"",VLOOKUP($K$4&$K$5&$K115,기획현황!$H:$H,1,FALSE))
K116: =K115+1 -> 108 | L116: =IF(ISERROR(VLOOKUP($K$4&$K$5&$K116,기획현황!$H:$H,1,FALSE))=TRUE,"",VLOOKUP($K$4&$K$5&$K116,기획현황!$H:$H,1,FALSE))
K117: =K116+1 -> 109 | L117: =IF(ISERROR(VLOOKUP($K$4&$K$5&$K117,기획현황!$H:$H,1,FALSE))=TRUE,"",VLOOKUP($K$4&$K$5&$K117,기획현황!$H:$H,1,FALSE))
K118: =K117+1 -> 110 | L118: =IF(ISERROR(VLOOKUP($K$4&$K$5&$K118,기획현황!$H:$H,1,FALSE))=TRUE,"",VLOOKUP($K$4&$K$5&$K118,기획현황!$H:$H,1,FALSE))
K119: =K118+1 -> 111 | L119: =IF(ISERROR(VLOOKUP($K$4&$K$5&$K119,기획현황!$H:$H,1,FALSE))=TRUE,"",VLOOKUP($K$4&$K$5&$K119,기획현황!$H:$H,1,FALSE))
... K207: =K206+1 -> 199 | L207: =IF(ISERROR(VLOOKUP($K$4&$K$5&$K207,기획현황!$H:$H,1,FALSE))=TRUE,"",VLOOKUP($K$4&$K$5&$K207,기획현황!$H:$H,1,FALSE))

Sheet 기획현황
C1: PO ISSUE | F1: 1 | G1: =F1+1 -> 2 | H1: =G1+1 -> 3 | I1: =H1+1 -> 4 | J1: =I1+1 -> 5 | K1: =J1+1 -> 6 | L1: =K1+1 -> 7 | M1: =L1+1 -> 8 | N1: =M1+1 -> 9 | ... BR1: =BQ1+1 -> 65
K2: 2014 | L2: FW | M2: 기획현황 (이경진) | AT2: 180 | AU2: 20 | BX2: DATA UPLOAD FOR E-BIZ | CS2: TAG ISSUE | DG2: **PRODUCTION SCHEDULE
AO3: 환율 | AS3: 관세 | AW3: 제비용 | AX3: *인도네시아, 방글라데시 무관세 적용
AO4: KRW | AP4: EUR | AQ4: USD | AR4: JPY | AS4: 모자 | AT4: 의류 | AU4: 가방 | AV4: ACC | AW4: 0.05 | BN4: SHORTAGE | DV4: =TODAY() -> 42157
AO5: 1 | AP5: 1500 | AQ5: 1100 | AR5: 13 | AS5: 0.08 | AT5: 0.13 | AU5: 0.056 | AV5: 0.08 | BB5: =TODAY() -> 42157 | BG5: 건별계약서내용과 동일
K6: * 업체,업체차수,브랜드 정렬 | AZ6: 월,수요일 | BN6: 0.1
BX7: 컬렉션 | BY7: 시즌 | BZ7: 소재 | CA7: 품목 | CB7: 성별 | CC7: 국가 | CD7: 원산지 코드 | CE7: STYLE | CF7: 순번 | CG7: STYLE명 | CH7: COL | CI7: S_TYPE | CJ7: SIZE | CK7: 수량 | CL7: FOB | CM7: TAG가 | CN7: 원가 | CO7: 자재원가 | CP7: 구분
K8: 이미지 | L8: 브랜드 | M8: 브랜드명 | N8: 년도 | O8: 시즌 | P8: 품목 | Q8: 품목명 | R8: 성별 | S8: 순번 | T8: 순번 | U8: 품번 | V8: 품번수 | W8: 품명(=샘플명) | X8: 색상 | Y8: 색상명 | Z8: 품번색상 | AA8: 품번오더차수 | AB8: 색상수 | AC8: 원자재 혼용율 | AD8: 사이즈타입 | AE8: 사이즈 | AF8: 수량 | AG8: 업체 | AM8: TAG가 | AO8: 원가(-VAT) | AX8: 일정 | BG8: 원가 확정여부 | BH8: 입고일 확정여부 | BI8: 입고수량점검 | BO8: TOTAL | BX8: 브랜드 | BY8: 시즌 | BZ8: 분류 | CA8: 품목 | CB8: 성별 | CC8: 국가 | CD8: 샘플명 | CE8: 품번 | CF8: 순번 | CG8: 품번명 | CH8: 색상 | CI8: 사이즈타입 | CJ8: 사이즈 | CK8: 수량 | CL8: FOB($) | CM8: TAG가(\) | CN8: 원가(\,-VAT) | CO8: 자재원가(\,-VAT) | CP8: 수입1, 내수2 | CQ8: 발주번호 | CS8: NO. | CT8: 품번 (HAT'S ON CODE) | CU8: 명칭(상단) | CV8: 명칭(하단) | CW8: 명칭 (색상/사이즈) | CX8: 브랜드 | CY8: 순번 | CZ8: 수량 | DA8: TAG가(\) | DB8: 색상 | DC8: 사이즈 | DD8: 자율안전인증번호 | DE8: 최초순번 | DG8: PRODUCTION SCHEDULE | DZ8: 비고 | EF8: 순번
AG9: 업체명 | AH9: 차수 | AI9: 차수 | AJ9: 분류 | AK9: 국가 | AL9: 수입/내수 | AN9: 확정일 | AO9: 목표 | AP9: 조정 | AQ9: 차이 | AR9: 공급자재 | AV9: 해외(FOB, USD, JPY) | AW9: 국내(KRW) | AX9: 발주일 | AY9: 선적일 | AZ9: 납기일 | BO9: 수량 | BP9: 원가금액 (-VAT,백만원) | BQ9: TAG가금액 (백만원) | BR9: MU | DG9: PO 발송일 | DH9: 메인작지 수령 목표일 | DI9: 메인작지 수령일 | DJ9: 메인작지 발송일 | DK9: 건별계약서 작성(원가, 납기) | DL9: 중국원단사용유무 | DN9: 원자재 발주일 | DO9: 부자재 발주일 | DP9: 원부자재 발송 목표일 | DQ9: 원자재 발송일 | DR9: 부자재 발송일 | DS9: 최초상품대금 결재상신일 | DT9: PPS 수령일 | DU9: PPS 컨펌일 | DV9: 가격택 발송일 | DW9: INSPECTION일 | DX9: SPS 수령일 | DY9: 입고 완료여부 | EF9: 0
AR10: 원자재 | AS10: 부자재 | AT10: 기타 | AU10: 계 | AZ10: 목표 | BA10: 계약 | BB10: 1차입고 | BC10: 2차입고 | BD10: 3차입고 | BE10: 4차입고 | BF10: 5차입고 | BI10: 1차입고 | BJ10: 2차입고 | BK10: 3차입고 | BL10: 4차입고 | BM10: 5차입고 | BN10: 미입고수량 | DE10: 최초순번 | DL10: 총가지수 | DM10: 중국가지수 | EF10: 5 | EI10: 품번수계산
V11: =SUM(V$13:V61997)-SUMIF($I:$I,"TTL",V:V) -> 53 | AB11: =SUM(AB$13:AB61997)-SUMIF($I:$I,"TTL",AB:AB) -> 69 | AF11: =SUM(AF$13:AF61997)-SUMIF($I:$I,"TTL",AF:AF) -> 79800 | BI11: =SUM(BI$13:BI62001)-SUMIF($I:$I,"TTL",BI:BI) -> 76866 | BJ11: =SUM(BJ$13:BJ62001)-SUMIF($I:$I,"TTL",BJ:BJ) -> 4593 | BK11: =SUM(BK$13:BK62001)-SUMIF($I:$I,"TTL",BK:BK) -> 0 | BL11: =SUM(BL$13:BL62001)-SUMIF($I:$I,"TTL",BL:BL) -> 0 | BM11: =SUM(BM$13:BM62001)-SUMIF($I:$I,"TTL",BM:BM) -> 0 | BN11: =SUM(BN$13:BN62001)-SUMIF($I:$I,"TTL",BN:BN) -> 699 | BO11: =SUM(BO$13:BO61997)-SUMIF($I:$I,"TTL",BO:BO) -> 79800 | BP11: =SUM(BP$13:BP61997)-SUMIF($I:$I,"TTL",BP:BP) -> 2253846160 | BQ11: =SUM(BQ$13:BQ61997)-SUMIF($I:$I,"TTL",BQ:BQ) -> 9868500000 | BR11: =IF(ISERROR($BQ11/($BP11*1.1))=TRUE,0,$BQ11/($BP11*1.1)) -> 3.9804685 | BV11: 품번/색상/사이즈/수량/업체/차수/국가 | DH11: 90 | DL11: 숫자로 표기 | DM11: 숫자로 표기 | DN11: '없음'표기 | DO11: '없음'표기 | DP11: 60 | DQ11: 최종일표기 | DR11: 최종일표기 | EC11: 품번색상/발주일 | ED11: 품번색상사이즈 | EE11: 리오더(NEW) | EF11: 리오더(RUNNING) | EG11: 품번차수 | EI11: 품번 | EJ11: 품번색상
A12: 구분 | B12: 브랜드품목 | C12: 브랜드/업체/차수 | D12: 브랜드/업체/차수/품번색상 | E12: 순서 | F12: 브랜드/업체/차수/순서 | G12: 브랜드/업체/차수/순서/품번색상/사이즈 | H12: 브랜드/순번 | I12: 브랜드 | J12: 공란 | K12: 이미지 | L12: 브랜드 | M12: 브랜드명 | N12: 년도 | O12: 시즌 | P12: 품목 | Q12: 품목명 | R12: 성별 | S12: 순번 | T12: 순번2 | U12: 품번 | V12: 품번수 | W12: 품명(=샘플명) | X12: 색상 | Y12: 색상명 | Z12: 품번색상 | AA12: 오더차수 | AB12: 색상수 | AC12: 혼용율 | AD12: 사이즈타입 | AE12: 사이즈 | AF12: 수량 | AG12: 업체명 | AH12: 차수 | AI12: 차수2 | AJ12: 분류 | AK12: 국가 | AL12: 수입/내수 | AM12: TAG가목표 | AN12: TAG가조정 | AO12: 원가목표 | AP12: 원가조정 | AQ12: 원가차이 | AR12: 공급원자재 | AS12: 공급부자재 | AT12: 공급기타 | AU12: 공급계 | AV12: 해외(FOB, USD, JPY) | AW12: 국내(KRW) | AX12: 발주일 | AY12: 선적일 | AZ12: 목표납기일 | BA12: 계약납기일 | BB12: 1차입고일 | BC12: 2차입고일 | BD12: 3차입고일 | BE12: 4차입고일 | BF12: 5차입고일 | BG12: 확정여부 | BH12: 확정여부 | BI12: 1차입고수량 | BJ12: 2차입고수량 | BK12: 3차입고수량 | BL12: 3차입고수량 | BM12: 3차입고수량 | BN12: 차이수량 | BO12: TOTAL수량 | BP12: TOTAL원가금액 | BQ12: TOTALTAG가금액 | BR12: MU
A13: =IF(OR($I13="TTL",$I13=""),"",IF(ISERROR(VLOOKUP($B13,CODE!$D:$G,CODE!$F$1-2,FALSE))=TRUE,"전략",VLOOKUP($B13,CODE!$D:$G,CODE!$F$1-2,FALSE))) -> 전략 | B13: =IF(OR($I13="TTL",$I13=""),"",IF(VLOOKUP($P13,CODE!$K:$O,CODE!$O$1,FALSE)="",$I13,$I13&"-"&VLOOKUP($P13,CODE!$K:$O,CODE!$O$1,FALSE))) -> VBL-의류 | C13: =IF($I13="TTL","",I13&"-"&$AG13&"-"&$AI13) -> VBL-아트인드림-01 | D13: =$C13&$Z13 -> VBL-아트인드림-01VBLTLF4001BK | E13: =IF($I13="TTL",0,IF(ISERROR(IF($Z12=$Z13,$E12,$E12+1))=TRUE,1,IF($Z12=$Z13,$E12,$E12+1))) -> 1 | F13: =$C13&$E13 -> VBL-아트인드림-011 | G13: =$F13&"-"&$U13&$Y13&$AE13 -> VBL-아트인드림-011-VBLTLF4001BLACKOSS | H13: =IF(ISERROR(I13&VLOOKUP(P13,CODE!$K:$N,CODE!$N$1,FALSE)&S13)=TRUE,0,I13&VLOOKUP(P13,CODE!$K:$N,CODE!$N$1,FALSE)&S13) -> VBL의류1 | I13: =IF(ISERROR(SEARCH("TTL",$K13))=TRUE,IF($L13="","",VLOOKUP($L13,CODE!$B:$G,CODE!$D$1,FALSE)),"TTL") -> VBL | J13: =MID(W13,1,6) -> 14FW V | L13: VBL | M13: =IF(OR($I13="TTL",$L13=""),"",VLOOKUP($L13,CODE!$B:$D,CODE!$C$1,FALSE)) -> VITAL BLUE | N13: =IF(OR($I13="TTL",$L13=""),"",VLOOKUP($K$2,CODE!$S:$T,CODE!$T$1-1,FALSE)) -> F | O13: 4 | P13: TL | Q13: =IF(OR($I13="TTL",$P13=""),"",VLOOKUP($P13,CODE!$K:$M,CODE!$L$1,FALSE)) -> LONG SLEEVES | R13: U | S13: 1 | T13: =IF(OR($I13="TTL",$S13=""),"",IF($S13<10,"00"&$S13,IF($S13<100,"0"&$S13,$S13))) -> 001 | U13: =IF($I13="TTL","",$L13&$P13&$N13&$O13&$T13) -> VBLTLF4001 | V13: =IF($I13="TTL",SUMIF($C:$C,MID($K13,1,SEARCH("TTL",$K13)-2),$V:$V),IF($EI13="",0,1/COUNTIF($EI:$EI,$EI13))) -> 0.25 | W13: 14FW VB_MTM_01_BK | X13: =IF($Y13="","",VLOOKUP($Y13,CODE!$AE:$AF,CODE!$AF$1-1,FALSE)) -> BK | Y13: BLACK | Z13: =$U13&$X13 -> VBLTLF4001BK | AA13: =VLOOKUP($Z13&$AX13,$EC:$EG,5,FALSE) | AB13: =IF($I13="TTL",SUMIF($C:$C,MID($K13,1,SEARCH("TTL",$K13)-2),$AB:$AB),IF($EJ13="",0,1/COUNTIF($EJ:$EJ,$EJ13))) -> 0.25 | AC13: 0 | AD13: 1 | AE13: OSS | AF13: 250 | AG13: 아트인드림 | AH13: 1 | AI13: =IF($AH13=0,"",IF($AH13<10,"0"&$AH13,$AH13)) -> 01 | AJ13: M | AK13: KR | AL13: =IF($AK13=0,"",IF($AK13="KR",2,1)) -> 2 | AM13: =IF(ISERROR(VLOOKUP($F13,[1]기획현황취합!$A$1:$E$65440,[1]기획현황취합!$B$1,FALSE))=TRUE,0,VLOOKUP($F13,[1]기획현황취합!$A$1:$E$65440,[1]기획현황취합!$B$1,FALSE)) -> 79000 | AN13: =IF(ISERROR(VLOOKUP($F13,[1]기획현황취합!$A$1:$E$65440,[1]기획현황취합!$C$1,FALSE))=TRUE,0,VLOOKUP($F13,[1]기획현황취합!$A$1:$E$65440,[1]기획현황취합!$C$1,FALSE)) -> 41803 | AO13: =IF(ISERROR(($AM13/1.1)/VLOOKUP($AG13,'TARGET MU'!$A:$D,'TARGET MU'!$D$1,FALSE))=TRUE,0,($AM13/1.1)/VLOOKUP($AG13,'TARGET MU'!$A:$D,'TARGET MU'!$D$1,FALSE)) -> 19949.495 | AP13: =IF(OR(AF13=0,AND(AV13=0,AW13=0)),0,IF(AG13="캡보이2",AV13*$AQ$5+AU13,IF(OR(AK13="IN",AK13="BG",AK13="VT",AK13="CB"),$AU13+(($AV13*(1+$AW$4))*(HLOOKUP(VLOOKUP(AG13,'TARGET MU'!$A:$P,'TARGET MU'!$J$1,FALSE),$AO$4:$AR$5,2,FALSE)))+$AW13,$AU13+((($AV13*(1+$AW$4))*(1+HLOOKUP(VLOOKUP($P13,CODE!$K:$P,CODE!$P$1,FALSE),$AS$4:$AV$5,2,FALSE)))*(HLOOKUP(VLOOKUP(AG13,'TARGET MU'!$A:$P,'TARGET MU'!$J$1,FALSE),$AO$4:$AR$5,2,FALSE)))+$AW13))) -> 16500 | AQ13: =AP13-AO13 -> -3449.4949 | AR13: 0 | AS13: 20 | AU13: =SUM(AR13:AT13) -> 20 | AW13: 16480 | AX13: =IF(ISERROR(VLOOKUP($F13,[1]기획현황취합!$A$1:$E$65440,[1]기획현황취합!$D$1,FALSE))=TRUE,0,VLOOKUP($F13,[1]기획현황취합!$A$1:$E$65440,[1]기획현황취합!$D$1,FALSE)) -> 41737 | AZ13: =IF(ISERROR(VLOOKUP($F13,[1]기획현황취합!$A$1:$E$65440,[1]기획현황취합!$E$1,FALSE))=TRUE,0,VLOOKUP($F13,[1]기획현황취합!$A$1:$E$65440,[1]기획현황취합!$E$1,FALSE)) -> 41823 | BA13: 41864 | BB13: 41885 | BC13: 41901 | BD13: 0 | BE13: 0 | BF13: 0 | BG13: 확정 | BH13: 0 | BI13: =IF($I13="TTL",SUMIF($C:$C,MID($K13,1,SEARCH("TTL",$K13)-2),$BI:$BI),SUMIF(실입고현황!$A:$A,BB13&VLOOKUP($AG13,'TARGET MU'!$A:$D,'TARGET MU'!$B$1,FALSE)&$Z13&" "&$AE13,실입고현황!$C:$C)) -> 228 | BJ13: =IF($I13="TTL",SUMIF($C:$C,MID($K13,1,SEARCH("TTL",$K13)-2),$BJ:$BJ),SUMIF(실입고현황!$A:$A,BC13&VLOOKUP($AG13,'TARGET MU'!$A:$D,'TARGET MU'!$B$1,FALSE)&$Z13&" "&$AE13,실입고현황!$C:$C)) -> 13 | BK13: =IF($I13="TTL",SUMIF($C:$C,MID($K13,1,SEARCH("TTL",$K13)-2),$BK:$BK),SUMIF(실입고현황!$A:$A,BD13&VLOOKUP($AG13,'TARGET MU'!$A:$D,'TARGET MU'!$B$1,FALSE)&$Z13&" "&$AE13,실입고현황!$C:$C)) -> 0 | BL13: =IF($I13="TTL",SUMIF($C:$C,MID($K13,1,SEARCH("TTL",$K13)-2),$BL:$BL),SUMIF(실입고현황!$A:$A,BE13&VLOOKUP($AG13,'TARGET MU'!$A:$D,'TARGET MU'!$B$1,FALSE)&$Z13&" "&$AE13,실입고현황!$C:$C)) -> 0 | BM13: =IF($I13="TTL",SUMIF($C:$C,MID($K13,1,SEARCH("TTL",$K13)-2),$BM:$BM),SUMIF(실입고현황!$A:$A,BF13&VLOOKUP($AG13,'TARGET MU'!$A:$D,'TARGET MU'!$B$1,FALSE)&$Z13&" "&$AE13,실입고현황!$C:$C)) -> 0 | BN13: =IF($I13="TTL",SUMIF($C:$C,MID($K13,1,SEARCH("TTL",$K13)-2),$BN:$BN),IF(($BO13-SUM($BI13,$BJ13,$BK13,BL13,BM13))<$BO13*$BN$6,0,$BO13-SUM($BI13,$BJ13,$BK13,BL13,BM13))) -> 0 | BO13: =IF($I13="TTL",SUMIF($C:$C,MID($K13,1,SEARCH("TTL",$K13)-2),$BO:$BO),$AF13) -> 250 | BP13: =IF($I13="TTL",SUMIF($C:$C,MID($K13,1,SEARCH("TTL",$K13)-2),$BP:$BP),IF($AP13=0,$AO13*$AF13,$AP13*$AF13)) -> 4125000 | BQ13: =IF($I13="TTL",SUMIF($C:$C,MID($K13,1,SEARCH("TTL",$K13)-2),$BQ:$BQ),$AM13*$AF13) -> 19750000 | BR13: =IF(ISERROR($BQ13/($BP13*1.1))=TRUE,0,$BQ13/($BP13*1.1)) -> 4.3526171 | BT13: =IF(ISERROR(Z13&VLOOKUP($AG13,'TARGET MU'!$A:$D,'TARGET MU'!$B$1,FALSE))=TRUE,"",Z13&VLOOKUP($AG13,'TARGET MU'!$A:$D,'TARGET MU'!$B$1,FALSE)) -> VBLTLF4001BK아트인드림 | BU13: =AP13 -> 16500 | BV13: =Z13&AE13&AF13&AM13&AG13&AI13&AK13 -> VBLTLF4001BKOSS25079000아트인드림01KR | BX13: =IF($I13="TTL","",$L13) -> VBL | BY13: =$O13 -> 4 | BZ13: =$AJ13 -> M | CA13: =$P13 -> TL | CB13: =$R13 -> U | CC13: =$AK13 -> KR | CD13: =$W13 -> 14FW VB_MTM_01_BK | CE13: =$U13 -> VBLTLF4001 | CF13: =$T13 -> 001 | CG13: =$W13 -> 14FW VB_MTM_01_BK | CH13: =$X13 -> BK | CI13: =$AD13 -> 1 | CJ13: =$AE13 -> OSS | CK13: =IF($I13="TTL",SUMIF($C:$C,MID($K13,1,SEARCH("TTL",$K13)-2),$BO:$BO),$AF13) -> 250 | CL13: =$AV13 -> 0 | CM13: =$AM13 -> 79000 | CN13: =$AP13-$AU13 -> 16480 | CO13: =$AU13 -> 20 | CP13: =$AL13 -> 2 | CT13: =IF($I13="TTL",$K13,$Z13&$AE13) -> VBLTLF4001BKOSS | CU13: =$M13 -> VITAL BLUE | CV13: =IF($I13="TTL","",IF($CT13="","",$Q13&"_"&$T13&IF(R13="K","_KIDS",""))) -> LONG SLEEVES_001 | CW13: =IF($I13="TTL","",IF($CT13="","",$Y13&"_"&$AE13)) -> BLACK_OSS | CX13: =$L13 -> VBL | CY13: =$T13 -> 001 | CZ13: =IF($I13="TTL",SUMIF($C:$C,MID($K13,1,SEARCH("TTL",$K13)-2),$CZ:$CZ),$AF13) -> 250 | DA13: =$AM13 -> 79000 | DB13: =$Y13 -> BLACK | DC13: =$AE13 -> OSS | DG13: 41778 | DH13: =IF(OR($I13="TTL",$I13=""),"",AZ13-$DH$11) -> 41733 | DI13: 41737 | DJ13: 41737 | DK13: 41829 | DP13: =IF(OR($DN13="없음",$I13="TTL",$I13=""),"",AZ13-$DP$11) -> 41763 | DV13: 41838 | EC13: =IF(OR($Z12&$AX12=$Z13&$AX12,$Z13&$AX13=""),"",$Z13&$AX13) -> VBLTLF4001BK41737 | ED13: =IF(OR(Z12&AE12=Z13&AE13,Z13=""),"",Z13&AE13) -> VBLTLF4001BKOSS | EE13: =IF($ED13="",0,IF(COUNTIF(ED$12:ED12,ED13)=0,0,COUNTIF(ED$12:ED12,ED13))) -> 0 | EF13: =IF(OR($AJ13="B",$ED13="",MID($U13,8,1)=$EF$9,MID($U13,8,1)=$EF$10),0,1) -> 0 | EG13: =IF(EE13+EF13=0,"","R"&(EE13+EF13)) | EI13: =IF($ED13="","",IF($EE13=0,U13,"")) -> VBLTLF4001 | EJ13: =IF($ED13="","",IF($EE13=0,Z13,"")) -> VBLTLF4001BK
A14: =IF(OR($I14="TTL",$I14=""),"",IF(ISERROR(VLOOKUP($B14,CODE!$D:$G,CODE!$F$1-2,FALSE))=TRUE,"전략",VLOOKUP($B14,CODE!$D:$G,CODE!$F$1-2,FALSE))) -> 전략 | B14: =IF(OR($I14="TTL",$I14=""),"",IF(VLOOKUP($P14,CODE!$K:$O,CODE!$O$1,FALSE)="",$I14,$I14&"-"&VLOOKUP($P14,CODE!$K:$O,CODE!$O$1,FALSE))) -> VBL-의류 | C14: =IF($I14="TTL","",I14&"-"&$AG14&"-"&$AI14) -> VBL-아트인드림-01 | D14: =$C14&$Z14 -> VBL-아트인드림-01VBLTLF4001BK | E14: =IF($I14="TTL",0,IF(ISERROR(IF($Z13=$Z14,$E13,$E13+1))=TRUE,1,IF($Z13=$Z14,$E13,$E13+1))) -> 1 | F14: =$C14&$E14 -> VBL-아트인드림-011 | G14: =$F14&"-"&$U14&$Y14&$AE14 -> VBL-아트인드림-011-VBLTLF4001BLACKOMM | H14: =IF(ISERROR(I14&VLOOKUP(P14,CODE!$K:$N,CODE!$N$1,FALSE)&S14)=TRUE,0,I14&VLOOKUP(P14,CODE!$K:$N,CODE!$N$1,FALSE)&S14) -> VBL의류1 | I14: =IF(ISERROR(SEARCH("TTL",$K14))=TRUE,IF($L14="","",VLOOKUP($L14,CODE!$B:$G,CODE!$D$1,FALSE)),"TTL") -> VBL | J14: =MID(W14,1,6) -> 14FW V | L14: VBL | M14: =IF(OR($I14="TTL",$L14=""),"",VLOOKUP($L14,CODE!$B:$D,CODE!$C$1,FALSE)) -> VITAL BLUE | N14: =IF(OR($I14="TTL",$L14=""),"",VLOOKUP($K$2,CODE!$S:$T,CODE!$T$1-1,FALSE)) -> F | O14: 4 | P14: TL | Q14: =IF(OR($I14="TTL",$P14=""),"",VLOOKUP($P14,CODE!$K:$M,CODE!$L$1,FALSE)) -> LONG SLEEVES | R14: U | S14: 1 | T14: =IF(OR($I14="TTL",$S14=""),"",IF($S14<10,"00"&$S14,IF($S14<100,"0"&$S14,$S14))) -> 001 | U14: =IF($I14="TTL","",$L14&$P14&$N14&$O14&$T14) -> VBLTLF4001 | V14: =IF($I14="TTL",SUMIF($C:$C,MID($K14,1,SEARCH("TTL",$K14)-2),$V:$V),IF($EI14="",0,1/COUNTIF($EI:$EI,$EI14))) -> 0.25 | W14: 14FW VB_MTM_01_BK | X14: =IF($Y14="","",VLOOKUP($Y14,CODE!$AE:$AF,CODE!$AF$1-1,FALSE)) -> BK | Y14: BLACK | Z14: =$U14&$X14 -> VBLTLF4001BK | AA14: =VLOOKUP($Z14&$AX14,$EC:$EG,5,FALSE) | AB14: =IF($I14="TTL",SUMIF($C:$C,MID($K14,1,SEARCH("TTL",$K14)-2),$AB:$AB),IF($EJ14="",0,1/COUNTIF($EJ:$EJ,$EJ14))) -> 0.25 | AC14: 0 | AD14: 1 | AE14: OMM | AF14: 350 | AG14: 아트인드림 | AH14: 1 | AI14: =IF($AH14=0,"",IF($AH14<10,"0"&$AH14,$AH14)) -> 01 | AJ14: M | AK14: KR | AL14: =IF($AK14=0,"",IF($AK14="KR",2,1)) -> 2 | AM14: =IF(ISERROR(VLOOKUP($F14,[1]기획현황취합!$A$1:$E$65440,[1]기획현황취합!$B$1,FALSE))=TRUE,0,VLOOKUP($F14,[1]기획현황취합!$A$1:$E$65440,[1]기획현황취합!$B$1,FALSE)) -> 79000 | AN14: =IF(ISERROR(VLOOKUP($F14,[1]기획현황취합!$A$1:$E$65440,[1]기획현황취합!$C$1,FALSE))=TRUE,0,VLOOKUP($F14,[1]기획현황취합!$A$1:$E$65440,[1]기획현황취합!$C$1,FALSE)) -> 41803 | AO14: =IF(ISERROR(($AM14/1.1)/VLOOKUP($AG14,'TARGET MU'!$A:$D,'TARGET MU'!$D$1,FALSE))=TRUE,0,($AM14/1.1)/VLOOKUP($AG14,'TARGET MU'!$A:$D,'TARGET MU'!$D$1,FALSE)) -> 19949.495 | AP14: =IF(OR(AF14=0,AND(AV14=0,AW14=0)),0,IF(AG14="캡보이2",AV14*$AQ$5+AU14,IF(OR(AK14="IN",AK14="BG",AK14="VT",AK14="CB"),$AU14+(($AV14*(1+$AW$4))*(HLOOKUP(VLOOKUP(AG14,'TARGET MU'!$A:$P,'TARGET MU'!$J$1,FALSE),$AO$4:$AR$5,2,FALSE)))+$AW14,$AU14+((($AV14*(1+$AW$4))*(1+HLOOKUP(VLOOKUP($P14,CODE!$K:$P,CODE!$P$1,FALSE),$AS$4:$AV$5,2,FALSE)))*(HLOOKUP(VLOOKUP(AG14,'TARGET MU'!$A:$P,'TARGET MU'!$J$1,FALSE),$AO$4:$AR$5,2,FALSE)))+$AW14))) -> 16500 | AQ14: =AP14-AO14 -> -3449.4949 | AR14: 0 | AS14: 20 | AU14: =SUM(AR14:AT14) -> 20 | AV14: 0 | AW14: 16480 | AX14: =IF(ISERROR(VLOOKUP($F14,[1]기획현황취합!$A$1:$E$65440,[1]기획현황취합!$D$1,FALSE))=TRUE,0,VLOOKUP($F14,[1]기획현황취합!$A$1:$E$65440,[1]기획현황취합!$D$1,FALSE)) -> 41737 | AY14: 0 | AZ14: =IF(ISERROR(VLOOKUP($F14,[1]기획현황취합!$A$1:$E$65440,[1]기획현황취합!$E$1,FALSE))=TRUE,0,VLOOKUP($F14,[1]기획현황취합!$A$1:$E$65440,[1]기획현황취합!$E$1,FALSE)) -> 41823 | BA14: 41864 | BB14: 41885 | BC14: 41901 | BD14: 0 | BE14: 0 | BF14: 0 | BG14: 확정 | BH14: 0 | BI14: =IF($I14="TTL",SUMIF($C:$C,MID($K14,1,SEARCH("TTL",$K14)-2),$BI:$BI),SUMIF(실입고현황!$A:$A,BB14&VLOOKUP($AG14,'TARGET MU'!$A:$D,'TARGET MU'!$B$1,FALSE)&$Z14&" "&$AE14,실입고현황!$C:$C)) -> 295 | BJ14: =IF($I14="TTL",SUMIF($C:$C,MID($K14,1,SEARCH("TTL",$K14)-2),$BJ:$BJ),SUMIF(실입고현황!$A:$A,BC14&VLOOKUP($AG14,'TARGET MU'!$A:$D,'TARGET MU'!$B$1,FALSE)&$Z14&" "&$AE14,실입고현황!$C:$C)) -> 74 | BK14: =IF($I14="TTL",SUMIF($C:$C,MID($K14,1,SEARCH("TTL",$K14)-2),$BK:$BK),SUMIF(실입고현황!$A:$A,BD14&VLOOKUP($AG14,'TARGET MU'!$A:$D,'TARGET MU'!$B$1,FALSE)&$Z14&" "&$AE14,실입고현황!$C:$C)) -> 0 | BL14: =IF($I14="TTL",SUMIF($C:$C,MID($K14,1,SEARCH("TTL",$K14)-2),$BL:$BL),SUMIF(실입고현황!$A:$A,BE14&VLOOKUP($AG14,'TARGET MU'!$A:$D,'TARGET MU'!$B$1,FALSE)&$Z14&" "&$AE14,실입고현황!$C:$C)) -> 0 | BM14: =IF($I14="TTL",SUMIF($C:$C,MID($K14,1,SEARCH("TTL",$K14)-2),$BM:$BM),SUMIF(실입고현황!$A:$A,BF14&VLOOKUP($AG14,'TARGET MU'!$A:$D,'TARGET MU'!$B$1,FALSE)&$Z14&" "&$AE14,실입고현황!$C:$C)) -> 0 | BN14: =IF($I14="TTL",SUMIF($C:$C,MID($K14,1,SEARCH("TTL",$K14)-2),$BN:$BN),IF(($BO14-SUM($BI14,$BJ14,$BK14,BL14,BM14))<$BO14*$BN$6,0,$BO14-SUM($BI14,$BJ14,$BK14,BL14,BM14))) -> 0 | BO14: =IF($I14="TTL",SUMIF($C:$C,MID($K14,1,SEARCH("TTL",$K14)-2),$BO:$BO),$AF14) -> 350 | BP14: =IF($I14="TTL",SUMIF($C:$C,MID($K14,1,SEARCH("TTL",$K14)-2),$BP:$BP),IF($AP14=0,$AO14*$AF14,$AP14*$AF14)) -> 5775000 | BQ14: =IF($I14="TTL",SUMIF($C:$C,MID($K14,1,SEARCH("TTL",$K14)-2),$BQ:$BQ),$AM14*$AF14) -> 27650000 | BR14: =IF(ISERROR($BQ14/($BP14*1.1))=TRUE,0,$BQ14/($BP14*1.1)) -> 4.3526171 | BT14: =IF(ISERROR(Z14&VLOOKUP($AG14,'TARGET MU'!$A:$D,'TARGET MU'!$B$1,FALSE))=TRUE,"",Z14&VLOOKUP($AG14,'TARGET MU'!$A:$D,'TARGET MU'!$B$1,FALSE)) -> VBLTLF4001BK아트인드림 | BU14: =AP14 -> 16500 | BV14: =Z14&AE14&AF14&AM14&AG14&AI14&AK14 -> VBLTLF4001BKOMM35079000아트인드림01KR | BX14: =IF($I14="TTL","",$L14) -> VBL | BY14: =$O14 -> 4 | BZ14: =$AJ14 -> M | CA14: =$P14 -> TL | CB14: =$R14 -> U | CC14: =$AK14 -> KR | CD14: =$W14 -> 14FW VB_MTM_01_BK | CE14: =$U14 -> VBLTLF4001 | CF14: =$T14 -> 001 | CG14: =$W14 -> 14FW VB_MTM_01_BK | CH14: =$X14 -> BK | CI14: =$AD14 -> 1 | CJ14: =$AE14 -> OMM | CK14: =IF($I14="TTL",SUMIF($C:$C,MID($K14,1,SEARCH("TTL",$K14)-2),$BO:$BO),$AF14) -> 350 | CL14: =$AV14 -> 0 | CM14: =$AM14 -> 79000 | CN14: =$AP14-$AU14 -> 16480 | CO14: =$AU14 -> 20 | CP14: =$AL14 -> 2 | CT14: =IF($I14="TTL",$K14,$Z14&$AE14) -> VBLTLF4001BKOMM | CU14: =$M14 -> VITAL BLUE | CV14: =IF($I14="TTL","",IF($CT14="","",$Q14&"_"&$T14&IF(R14="K","_KIDS",""))) -> LONG SLEEVES_001 | CW14: =IF($I14="TTL","",IF($CT14="","",$Y14&"_"&$AE14)) -> BLACK_OMM | CX14: =$L14 -> VBL | CY14: =$T14 -> 001 | CZ14: =IF($I14="TTL",SUMIF($C:$C,MID($K14,1,SEARCH("TTL",$K14)-2),$CZ:$CZ),$AF14) -> 350 | DA14: =$AM14 -> 79000 | DB14: =$Y14 -> BLACK | DC14: =$AE14 -> OMM | DG14: 41778 | DH14: =IF(OR($I14="TTL",$I14=""),"",AZ14-$DH$11) -> 41733 | DI14: 41737 | DJ14: 41737 | DK14: 41829 | DP14: =IF(OR($DN14="없음",$I14="TTL",$I14=""),"",AZ14-$DP$11) -> 41763 | DV14: 41838 | EC14: =IF(OR($Z13&$AX13=$Z14&$AX13,$Z14&$AX14=""),"",$Z14&$AX14) | ED14: =IF(OR(Z13&AE13=Z14&AE14,Z14=""),"",Z14&AE14) -> VBLTLF4001BKOMM | EE14: =IF($ED14="",0,IF(COUNTIF(ED$12:ED13,ED14)=0,0,COUNTIF(ED$12:ED13,ED14))) -> 0 | EF14: =IF(OR($AJ14="B",$ED14="",MID($U14,8,1)=$EF$9,MID($U14,8,1)=$EF$10),0,1) -> 0 | EG14: =IF(EE14+EF14=0,"","R"&(EE14+EF14)) | EI14: =IF($ED14="","",IF($EE14=0,U14,"")) -> VBLTLF4001 | EJ14: =IF($ED14="","",IF($EE14=0,Z14,"")) -> VBLTLF4001BK
A15: =IF(OR($I15="TTL",$I15=""),"",IF(ISERROR(VLOOKUP($B15,CODE!$D:$G,CODE!$F$1-2,FALSE))=TRUE,"전략",VLOOKUP($B15,CODE!$D:$G,CODE!$F$1-2,FALSE))) -> 전략 | B15: =IF(OR($I15="TTL",$I15=""),"",IF(VLOOKUP($P15,CODE!$K:$O,CODE!$O$1,FALSE)="",$I15,$I15&"-"&VLOOKUP($P15,CODE!$K:$O,CODE!$O$1,FALSE))) -> VBL-의류 | C15: =IF($I15="TTL","",I15&"-"&$AG15&"-"&$AI15) -> VBL-아트인드림-01 | D15: =$C15&$Z15 -> VBL-아트인드림-01VBLTLF4001BK | E15: =IF($I15="TTL",0,IF(ISERROR(IF($Z14=$Z15,$E14,$E14+1))=TRUE,1,IF($Z14=$Z15,$E14,$E14+1))) -> 1 | F15: =$C15&$E15 -> VBL-아트인드림-011 | G15: =$F15&"-"&$U15&$Y15&$AE15 -> VBL-아트인드림-011-VBLTLF4001BLACKOLL | H15: =IF(ISERROR(I15&VLOOKUP(P15,CODE!$K:$N,CODE!$N$1,FALSE)&S15)=TRUE,0,I15&VLOOKUP(P15,CODE!$K:$N,CODE!$N$1,FALSE)&S15) -> VBL의류1 | I15: =IF(ISERROR(SEARCH("TTL",$K15))=TRUE,IF($L15="","",VLOOKUP($L15,CODE!$B:$G,CODE!$D$1,FALSE)),"TTL") -> VBL | J15: =MID(W15,1,6) -> 14FW V | L15: VBL | M15: =IF(OR($I15="TTL",$L15=""),"",VLOOKUP($L15,CODE!$B:$D,CODE!$C$1,FALSE)) -> VITAL BLUE | N15: =IF(OR($I15="TTL",$L15=""),"",VLOOKUP($K$2,CODE!$S:$T,CODE!$T$1-1,FALSE)) -> F | O15: 4 | P15: TL | Q15: =IF(OR($I15="TTL",$P15=""),"",VLOOKUP($P15,CODE!$K:$M,CODE!$L$1,FALSE)) -> LONG SLEEVES | R15: U | S15: 1 | T15: =IF(OR($I15="TTL",$S15=""),"",IF($S15<10,"00"&$S15,IF($S15<100,"0"&$S15,$S15))) -> 001 | U15: =IF($I15="TTL","",$L15&$P15&$N15&$O15&$T15) -> VBLTLF4001 | V15: =IF($I15="TTL",SUMIF($C:$C,MID($K15,1,SEARCH("TTL",$K15)-2),$V:$V),IF($EI15="",0,1/COUNTIF($EI:$EI,$EI15))) -> 0.25 | W15: 14FW VB_MTM_01_BK | X15: =IF($Y15="","",VLOOKUP($Y15,CODE!$AE:$AF,CODE!$AF$1-1,FALSE)) -> BK | Y15: BLACK | Z15: =$U15&$X15 -> VBLTLF4001BK | AA15: =VLOOKUP($Z15&$AX15,$EC:$EG,5,FALSE) | AB15: =IF($I15="TTL",SUMIF($C:$C,MID($K15,1,SEARCH("TTL",$K15)-2),$AB:$AB),IF($EJ15="",0,1/COUNTIF($EJ:$EJ,$EJ15))) -> 0.25 | AC15: 0 | AD15: 1 | AE15: OLL | AF15: 350 | AG15: 아트인드림 | AH15: 1 | AI15: =IF($AH15=0,"",IF($AH15<10,"0"&$AH15,$AH15)) -> 01 | AJ15: M | AK15: KR | AL15: =IF($AK15=0,"",IF($AK15="KR",2,1)) -> 2 | AM15: =IF(ISERROR(VLOOKUP($F15,[1]기획현황취합!$A$1:$E$65440,[1]기획현황취합!$B$1,FALSE))=TRUE,0,VLOOKUP($F15,[1]기획현황취합!$A$1:$E$65440,[1]기획현황취합!$B$1,FALSE)) -> 79000 | AN15: =IF(ISERROR(VLOOKUP($F15,[1]기획현황취합!$A$1:$E$65440,[1]기획현황취합!$C$1,FALSE))=TRUE,0,VLOOKUP($F15,[1]기획현황취합!$A$1:$E$65440,[1]기획현황취합!$C$1,FALSE)) -> 41803 | AO15: =IF(ISERROR(($AM15/1.1)/VLOOKUP($AG15,'TARGET MU'!$A:$D,'TARGET MU'!$D$1,FALSE))=TRUE,0,($AM15/1.1)/VLOOKUP($AG15,'TARGET MU'!$A:$D,'TARGET MU'!$D$1,FALSE)) -> 19949.495 | AP15: =IF(OR(AF15=0,AND(AV15=0,AW15=0)),0,IF(AG15="캡보이2",AV15*$AQ$5+AU15,IF(OR(AK15="IN",AK15="BG",AK15="VT",AK15="CB"),$AU15+(($AV15*(1+$AW$4))*(HLOOKUP(VLOOKUP(AG15,'TARGET MU'!$A:$P,'TARGET MU'!$J$1,FALSE),$AO$4:$AR$5,2,FALSE)))+$AW15,$AU15+((($AV15*(1+$AW$4))*(1+HLOOKUP(VLOOKUP($P15,CODE!$K:$P,CODE!$P$1,FALSE),$AS$4:$AV$5,2,FALSE)))*(HLOOKUP(VLOOKUP(AG15,'TARGET MU'!$A:$P,'TARGET MU'!$J$1,FALSE),$AO$4:$AR$5,2,FALSE)))+$AW15))) -> 16500 | AQ15: =AP15-AO15 -> -3449.4949 | AR15: 0 | AS15: 20 | AU15: =SUM(AR15:AT15) -> 20 | AV15: 0 | AW15: 16480 | AX15: =IF(ISERROR(VLOOKUP($F15,[1]기획현황취합!$A$1:$E$65440,[1]기획현황취합!$D$1,FALSE))=TRUE,0,VLOOKUP($F15,[1]기획현황취합!$A$1:$E$65440,[1]기획현황취합!$D$1,FALSE)) -> 41737 | AY15: 0 | AZ15: =IF(ISERROR(VLOOKUP($F15,[1]기획현황취합!$A$1:$E$65440,[1]기획현황취합!$E$1,FALSE))=TRUE,0,VLOOKUP($F15,[1]기획현황취합!$A$1:$E$65440,[1]기획현황취합!$E$1,FALSE)) -> 41823 | BA15: 41864 | BB15: 41885 | BC15: 41901 | BD15: 0 | BE15: 0 | BF15: 0 | BG15: 확정 | BH15: 0 | BI15: =IF($I15="TTL",SUMIF($C:$C,MID($K15,1,SEARCH("TTL",$K15)-2),$BI:$BI),SUMIF(실입고현황!$A:$A,BB15&VLOOKUP($AG15,'TARGET MU'!$A:$D,'TARGET MU'!$B$1,FALSE)&$Z15&" "&$AE15,실입고현황!$C:$C)) -> 322 | BJ15: =IF($I15="TTL",SUMIF($C:$C,MID($K15,1,SEARCH("TTL",$K15)-2),$BJ:$BJ),SUMIF(실입고현황!$A:$A,BC15&VLOOKUP($AG15,'TARGET MU'!$A:$D,'TARGET MU'!$B$1,FALSE)&$Z15&" "&$AE15,실입고현황!$C:$C)) -> 46 | BK15: =IF($I15="TTL",SUMIF($C:$C,MID($K15,1,SEARCH("TTL",$K15)-2),$BK:$BK),SUMIF(실입고현황!$A:$A,BD15&VLOOKUP($AG15,'TARGET MU'!$A:$D,'TARGET MU'!$B$1,FALSE)&$Z15&" "&$AE15,실입고현황!$C:$C)) -> 0 | BL15: =IF($I15="TTL",SUMIF($C:$C,MID($K15,1,SEARCH("TTL",$K15)-2),$BL:$BL),SUMIF(실입고현황!$A:$A,BE15&VLOOKUP($AG15,'TARGET MU'!$A:$D,'TARGET MU'!$B$1,FALSE)&$Z15&" "&$AE15,실입고현황!$C:$C)) -> 0 | BM15: =IF($I15="TTL",SUMIF($C:$C,MID($K15,1,SEARCH("TTL",$K15)-2),$BM:$BM),SUMIF(실입고현황!$A:$A,BF15&VLOOKUP($AG15,'TARGET MU'!$A:$D,'TARGET MU'!$B$1,FALSE)&$Z15&" "&$AE15,실입고현황!$C:$C)) -> 0 | BN15: =IF($I15="TTL",SUMIF($C:$C,MID($K15,1,SEARCH("TTL",$K15)-2),$BN:$BN),IF(($BO15-SUM($BI15,$BJ15,$BK15,BL15,BM15))<$BO15*$BN$6,0,$BO15-SUM($BI15,$BJ15,$BK15,BL15,BM15))) -> 0 | BO15: =IF($I15="TTL",SUMIF($C:$C,MID($K15,1,SEARCH("TTL",$K15)-2),$BO:$BO),$AF15) -> 350 | BP15: =IF($I15="TTL",SUMIF($C:$C,MID($K15,1,SEARCH("TTL",$K15)-2),$BP:$BP),IF($AP15=0,$AO15*$AF15,$AP15*$AF15)) -> 5775000 | BQ15: =IF($I15="TTL",SUMIF($C:$C,MID($K15,1,SEARCH("TTL",$K15)-2),$BQ:$BQ),$AM15*$AF15) -> 27650000 | BR15: =IF(ISERROR($BQ15/($BP15*1.1))=TRUE,0,$BQ15/($BP15*1.1)) -> 4.3526171 | BT15: =IF(ISERROR(Z15&VLOOKUP($AG15,'TARGET MU'!$A:$D,'TARGET MU'!$B$1,FALSE))=TRUE,"",Z15&VLOOKUP($AG15,'TARGET MU'!$A:$D,'TARGET MU'!$B$1,FALSE)) -> VBLTLF4001BK아트인드림 | BU15: =AP15 -> 16500 | BV15: =Z15&AE15&AF15&AM15&AG15&AI15&AK15 -> VBLTLF4001BKOLL35079000아트인드림01KR | BX15: =IF($I15="TTL","",$L15) -> VBL | BY15: =$O15 -> 4 | BZ15: =$AJ15 -> M | CA15: =$P15 -> TL | CB15: =$R15 -> U | CC15: =$AK15 -> KR | CD15: =$W15 -> 14FW VB_MTM_01_BK | CE15: =$U15 -> VBLTLF4001 | CF15: =$T15 -> 001 | CG15: =$W15 -> 14FW VB_MTM_01_BK | CH15: =$X15 -> BK | CI15: =$AD15 -> 1 | CJ15: =$AE15 -> OLL | CK15: =IF($I15="TTL",SUMIF($C:$C,MID($K15,1,SEARCH("TTL",$K15)-2),$BO:$BO),$AF15) -> 350 | CL15: =$AV15 -> 0 | CM15: =$AM15 -> 79000 | CN15: =$AP15-$AU15 -> 16480 | CO15: =$AU15 -> 20 | CP15: =$AL15 -> 2 | CT15: =IF($I15="TTL",$K15,$Z15&$AE15) -> VBLTLF4001BKOLL | CU15: =$M15 -> VITAL BLUE | CV15: =IF($I15="TTL","",IF($CT15="","",$Q15&"_"&$T15&IF(R15="K","_KIDS",""))) -> LONG SLEEVES_001 | CW15: =IF($I15="TTL","",IF($CT15="","",$Y15&"_"&$AE15)) -> BLACK_OLL | CX15: =$L15 -> VBL | CY15: =$T15 -> 001 | CZ15: =IF($I15="TTL",SUMIF($C:$C,MID($K15,1,SEARCH("TTL",$K15)-2),$CZ:$CZ),$AF15) -> 350 | DA15: =$AM15 -> 79000 | DB15: =$Y15 -> BLACK | DC15: =$AE15 -> OLL | DG15: 41778 | DH15: =IF(OR($I15="TTL",$I15=""),"",AZ15-$DH$11) -> 41733 | DI15: 41737 | DJ15: 41737 | DK15: 41829 | DP15: =IF(OR($DN15="없음",$I15="TTL",$I15=""),"",AZ15-$DP$11) -> 41763 | DV15: 41838 | EC15: =IF(OR($Z14&$AX14=$Z15&$AX14,$Z15&$AX15=""),"",$Z15&$AX15) | ED15: =IF(OR(Z14&AE14=Z15&AE15,Z15=""),"",Z15&AE15) -> VBLTLF4001BKOLL | EE15: =IF($ED15="",0,IF(COUNTIF(ED$12:ED14,ED15)=0,0,COUNTIF(ED$12:ED14,ED15))) -> 0 | EF15: =IF(OR($AJ15="B",$ED15="",MID($U15,8,1)=$EF$9,MID($U15,8,1)=$EF$10),0,1) -> 0 | EG15: =IF(EE15+EF15=0,"","R"&(EE15+EF15)) | EI15: =IF($ED15="","",IF($EE15=0,U15,"")) -> VBLTLF4001 | EJ15: =IF($ED15="","",IF($EE15=0,Z15,"")) -> VBLTLF4001BK
A16: =IF(OR($I16="TTL",$I16=""),"",IF(ISERROR(VLOOKUP($B16,CODE!$D:$G,CODE!$F$1-2,FALSE))=TRUE,"전략",VLOOKUP($B16,CODE!$D:$G,CODE!$F$1-2,FALSE))) -> 전략 | B16: =IF(OR($I16="TTL",$I16=""),"",IF(VLOOKUP($P16,CODE!$K:$O,CODE!$O$1,FALSE)="",$I16,$I16&"-"&VLOOKUP($P16,CODE!$K:$O,CODE!$O$1,FALSE))) -> VBL-의류 | C16: =IF($I16="TTL","",I16&"-"&$AG16&"-"&$AI16) -> VBL-아트인드림-01 | D16: =$C16&$Z16 -> VBL-아트인드림-01VBLTLF4001BK | E16: =IF($I16="TTL",0,IF(ISERROR(IF($Z15=$Z16,$E15,$E15+1))=TRUE,1,IF($Z15=$Z16,$E15,$E15+1))) -> 1 | F16: =$C16&$E16 -> VBL-아트인드림-011 | G16: =$F16&"-"&$U16&$Y16&$AE16 -> VBL-아트인드림-011-VBLTLF4001BLACKOXL | H16: =IF(ISERROR(I16&VLOOKUP(P16,CODE!$K:$N,CODE!$N$1,FALSE)&S16)=TRUE,0,I16&VLOOKUP(P16,CODE!$K:$N,CODE!$N$1,FALSE)&S16) -> VBL의류1 | I16: =IF(ISERROR(SEARCH("TTL",$K16))=TRUE,IF($L16="","",VLOOKUP($L16,CODE!$B:$G,CODE!$D$1,FALSE)),"TTL") -> VBL | J16: =MID(W16,1,6) -> 14FW V | L16: VBL | M16: =IF(OR($I16="TTL",$L16=""),"",VLOOKUP($L16,CODE!$B:$D,CODE!$C$1,FALSE)) -> VITAL BLUE | N16: =IF(OR($I16="TTL",$L16=""),"",VLOOKUP($K$2,CODE!$S:$T,CODE!$T$1-1,FALSE)) -> F | O16: 4 | P16: TL | Q16: =IF(OR($I16="TTL",$P16=""),"",VLOOKUP($P16,CODE!$K:$M,CODE!$L$1,FALSE)) -> LONG SLEEVES | R16: U | S16: 1 | T16: =IF(OR($I16="TTL",$S16=""),"",IF($S16<10,"00"&$S16,IF($S16<100,"0"&$S16,$S16))) -> 001 | U16: =IF($I16="TTL","",$L16&$P16&$N16&$O16&$T16) -> VBLTLF4001 | V16: =IF($I16="TTL",SUMIF($C:$C,MID($K16,1,SEARCH("TTL",$K16)-2),$V:$V),IF($EI16="",0,1/COUNTIF($EI:$EI,$EI16))) -> 0.25 | W16: 14FW VB_MTM_01_BK | X16: =IF($Y16="","",VLOOKUP($Y16,CODE!$AE:$AF,CODE!$AF$1-1,FALSE)) -> BK | Y16: BLACK | Z16: =$U16&$X16 -> VBLTLF4001BK | AA16: =VLOOKUP($Z16&$AX16,$EC:$EG,5,FALSE) | AB16: =IF($I16="TTL",SUMIF($C:$C,MID($K16,1,SEARCH("TTL",$K16)-2),$AB:$AB),IF($EJ16="",0,1/COUNTIF($EJ:$EJ,$EJ16))) -> 0.25 | AC16: 0 | AD16: 1 | AE16: OXL | AF16: 250 | AG16: 아트인드림 | AH16: 1 | AI16: =IF($AH16=0,"",IF($AH16<10,"0"&$AH16,$AH16)) -> 01 | AJ16: M | AK16: KR | AL16: =IF($AK16=0,"",IF($AK16="KR",2,1)) -> 2 | AM16: =IF(ISERROR(VLOOKUP($F16,[1]기획현황취합!$A$1:$E$65440,[1]기획현황취합!$B$1,FALSE))=TRUE,0,VLOOKUP($F16,[1]기획현황취합!$A$1:$E$65440,[1]기획현황취합!$B$1,FALSE)) -> 79000 | AN16: =IF(ISERROR(VLOOKUP($F16,[1]기획현황취합!$A$1:$E$65440,[1]기획현황취합!$C$1,FALSE))=TRUE,0,VLOOKUP($F16,[1]기획현황취합!$A$1:$E$65440,[1]기획현황취합!$C$1,FALSE)) -> 41803 | AO16: =IF(ISERROR(($AM16/1.1)/VLOOKUP($AG16,'TARGET MU'!$A:$D,'TARGET MU'!$D$1,FALSE))=TRUE,0,($AM16/1.1)/VLOOKUP($AG16,'TARGET MU'!$A:$D,'TARGET MU'!$D$1,FALSE)) -> 19949.495 | AP16: =IF(OR(AF16=0,AND(AV16=0,AW16=0)),0,IF(AG16="캡보이2",AV16*$AQ$5+AU16,IF(OR(AK16="IN",AK16="BG",AK16="VT",AK16="CB"),$AU16+(($AV16*(1+$AW$4))*(HLOOKUP(VLOOKUP(AG16,'TARGET MU'!$A:$P,'TARGET MU'!$J$1,FALSE),$AO$4:$AR$5,2,FALSE)))+$AW16,$AU16+((($AV16*(1+$AW$4))*(1+HLOOKUP(VLOOKUP($P16,CODE!$K:$P,CODE!$P$1,FALSE),$AS$4:$AV$5,2,FALSE)))*(HLOOKUP(VLOOKUP(AG16,'TARGET MU'!$A:$P,'TARGET MU'!$J$1,FALSE),$AO$4:$AR$5,2,FALSE)))+$AW16))) -> 16500 | AQ16: =AP16-AO16 -> -3449.4949 | AR16: 0 | AS16: 20 | AU16: =SUM(AR16:AT16) -> 20 | AV16: 0 | AW16: 16480 | AX16: =IF(ISERROR(VLOOKUP($F16,[1]기획현황취합!$A$1:$E$65440,[1]기획현황취합!$D$1,FALSE))=TRUE,0,VLOOKUP($F16,[1]기획현황취합!$A$1:$E$65440,[1]기획현황취합!$D$1,FALSE)) -> 41737 | AY16: 0 | AZ16: =IF(ISERROR(VLOOKUP($F16,[1]기획현황취합!$A$1:$E$65440,[1]기획현황취합!$E$1,FALSE))=TRUE,0,VLOOKUP($F16,[1]기획현황취합!$A$1:$E$65440,[1]기획현황취합!$E$1,FALSE)) -> 41823 | BA16: 41864 | BB16: 41885 | BC16: 41901 | BD16: 0 | BE16: 0 | BF16: 0 | BG16: 확정 | BH16: 0 | BI16: =IF($I16="TTL",SUMIF($C:$C,MID($K16,1,SEARCH("TTL",$K16)-2),$BI:$BI),SUMIF(실입고현황!$A:$A,BB16&VLOOKUP($AG16,'TARGET MU'!$A:$D,'TARGET MU'!$B$1,FALSE)&$Z16&" "&$AE16,실입고현황!$C:$C)) -> 234 | BJ16: =IF($I16="TTL",SUMIF($C:$C,MID($K16,1,SEARCH("TTL",$K16)-2),$BJ:$BJ),SUMIF(실입고현황!$A:$A,BC16&VLOOKUP($AG16,'TARGET MU'!$A:$D,'TARGET MU'!$B$1,FALSE)&$Z16&" "&$AE16,실입고현황!$C:$C)) -> 24 | BK16: =IF($I16="TTL",SUMIF($C:$C,MID($K16,1,SEARCH("TTL",$K16)-2),$BK:$BK),SUMIF(실입고현황!$A:$A,BD16&VLOOKUP($AG16,'TARGET MU'!$A:$D,'TARGET MU'!$B$1,FALSE)&$Z16&" "&$AE16,실입고현황!$C:$C)) -> 0 | BL16: =IF($I16="TTL",SUMIF($C:$C,MID($K16,1,SEARCH("TTL",$K16)-2),$BL:$BL),SUMIF(실입고현황!$A:$A,BE16&VLOOKUP($AG16,'TARGET MU'!$A:$D,'TARGET MU'!$B$1,FALSE)&$Z16&" "&$AE16,실입고현황!$C:$C)) -> 0 | BM16: =IF($I16="TTL",SUMIF($C:$C,MID($K16,1,SEARCH("TTL",$K16)-2),$BM:$BM),SUMIF(실입고현황!$A:$A,BF16&VLOOKUP($AG16,'TARGET MU'!$A:$D,'TARGET MU'!$B$1,FALSE)&$Z16&" "&$AE16,실입고현황!$C:$C)) -> 0 | BN16: =IF($I16="TTL",SUMIF($C:$C,MID($K16,1,SEARCH("TTL",$K16)-2),$BN:$BN),IF(($BO16-SUM($BI16,$BJ16,$BK16,BL16,BM16))<$BO16*$BN$6,0,$BO16-SUM($BI16,$BJ16,$BK16,BL16,BM16))) -> 0 | BO16: =IF($I16="TTL",SUMIF($C:$C,MID($K16,1,SEARCH("TTL",$K16)-2),$BO:$BO),$AF16) -> 250 | BP16: =IF($I16="TTL",SUMIF($C:$C,MID($K16,1,SEARCH("TTL",$K16)-2),$BP:$BP),IF($AP16=0,$AO16*$AF16,$AP16*$AF16)) -> 4125000 | BQ16: =IF($I16="TTL",SUMIF($C:$C,MID($K16,1,SEARCH("TTL",$K16)-2),$BQ:$BQ),$AM16*$AF16) -> 19750000 | BR16: =IF(ISERROR($BQ16/($BP16*1.1))=TRUE,0,$BQ16/($BP16*1.1)) -> 4.3526171 | BT16: =IF(ISERROR(Z16&VLOOKUP($AG16,'TARGET MU'!$A:$D,'TARGET MU'!$B$1,FALSE))=TRUE,"",Z16&VLOOKUP($AG16,'TARGET MU'!$A:$D,'TARGET MU'!$B$1,FALSE)) -> VBLTLF4001BK아트인드림 | BU16: =AP16 -> 16500 | BV16: =Z16&AE16&AF16&AM16&AG16&AI16&AK16 -> VBLTLF4001BKOXL25079000아트인드림01KR | BX16: =IF($I16="TTL","",$L16) -> VBL | BY16: =$O16 -> 4 | BZ16: =$AJ16 -> M | CA16: =$P16 -> TL | CB16: =$R16 -> U | CC16: =$AK16 -> KR | CD16: =$W16 -> 14FW VB_MTM_01_BK | CE16: =$U16 -> VBLTLF4001 | CF16: =$T16 -> 001 | CG16: =$W16 -> 14FW VB_MTM_01_BK | CH16: =$X16 -> BK | CI16: =$AD16 -> 1 | CJ16: =$AE16 -> OXL | CK16: =IF($I16="TTL",SUMIF($C:$C,MID($K16,1,SEARCH("TTL",$K16)-2),$BO:$BO),$AF16) -> 250 | CL16: =$AV16 -> 0 | CM16: =$AM16 -> 79000 | CN16: =$AP16-$AU16 -> 16480 | CO16: =$AU16 -> 20 | CP16: =$AL16 -> 2 | CT16: =IF($I16="TTL",$K16,$Z16&$AE16) -> VBLTLF4001BKOXL | CU16: =$M16 -> VITAL BLUE | CV16: =IF($I16="TTL","",IF($CT16="","",$Q16&"_"&$T16&IF(R16="K","_KIDS",""))) -> LONG SLEEVES_001 | CW16: =IF($I16="TTL","",IF($CT16="","",$Y16&"_"&$AE16)) -> BLACK_OXL | CX16: =$L16 -> VBL | CY16: =$T16 -> 001 | CZ16: =IF($I16="TTL",SUMIF($C:$C,MID($K16,1,SEARCH("TTL",$K16)-2),$CZ:$CZ),$AF16) -> 250 | DA16: =$AM16 -> 79000 | DB16: =$Y16 -> BLACK | DC16: =$AE16 -> OXL | DG16: 41778 | DH16: =IF(OR($I16="TTL",$I16=""),"",AZ16-$DH$11) -> 41733 | DI16: 41737 | DJ16: 41737 | DK16: 41829 | DP16: =IF(OR($DN16="없음",$I16="TTL",$I16=""),"",AZ16-$DP$11) -> 41763 | DV16: 41838 | EC16: =IF(OR($Z15&$AX15=$Z16&$AX15,$Z16&$AX16=""),"",$Z16&$AX16) | ED16: =IF(OR(Z15&AE15=Z16&AE16,Z16=""),"",Z16&AE16) -> VBLTLF4001BKOXL | EE16: =IF($ED16="",0,IF(COUNTIF(ED$12:ED15,ED16)=0,0,COUNTIF(ED$12:ED15,ED16))) -> 0 | EF16: =IF(OR($AJ16="B",$ED16="",MID($U16,8,1)=$EF$9,MID($U16,8,1)=$EF$10),0,1) -> 0 | EG16: =IF(EE16+EF16=0,"","R"&(EE16+EF16)) | EI16: =IF($ED16="","",IF($EE16=0,U16,"")) -> VBLTLF4001 | EJ16: =IF($ED16="","",IF($EE16=0,Z16,"")) -> VBLTLF4001BK
A17: =IF(OR($I17="TTL",$I17=""),"",IF(ISERROR(VLOOKUP($B17,CODE!$D:$G,CODE!$F$1-2,FALSE))=TRUE,"전략",VLOOKUP($B17,CODE!$D:$G,CODE!$F$1-2,FALSE))) -> 전략 | B17: =IF(OR($I17="TTL",$I17=""),"",IF(VLOOKUP($P17,CODE!$K:$O,CODE!$O$1,FALSE)="",$I17,$I17&"-"&VLOOKUP($P17,CODE!$K:$O,CODE!$O$1,FALSE))) -> VBL-의류 | C17: =IF($I17="TTL","",I17&"-"&$AG17&"-"&$AI17) -> VBL-아트인드림-01 | D17: =$C17&$Z17 -> VBL-아트인드림-01VBLTLF4002GY | E17: =IF($I17="TTL",0,IF(ISERROR(IF($Z16=$Z17,$E16,$E16+1))=TRUE,1,IF($Z16=$Z17,$E16,$E16+1))) -> 2 | F17: =$C17&$E17 -> VBL-아트인드림-012 | G17: =$F17&"-"&$U17&$Y17&$AE17 -> VBL-아트인드림-012-VBLTLF4002GREYOSS | H17: =IF(ISERROR(I17&VLOOKUP(P17,CODE!$K:$N,CODE!$N$1,FALSE)&S17)=TRUE,0,I17&VLOOKUP(P17,CODE!$K:$N,CODE!$N$1,FALSE)&S17) -> VBL의류2 | I17: =IF(ISERROR(SEARCH("TTL",$K17))=TRUE,IF($L17="","",VLOOKUP($L17,CODE!$B:$G,CODE!$D$1,FALSE)),"TTL") -> VBL | J17: =MID(W17,1,6) -> 14FW V | L17: VBL | M17: =IF(OR($I17="TTL",$L17=""),"",VLOOKUP($L17,CODE!$B:$D,CODE!$C$1,FALSE)) -> VITAL BLUE | N17: =IF(OR($I17="TTL",$L17=""),"",VLOOKUP($K$2,CODE!$S:$T,CODE!$T$1-1,FALSE)) -> F | O17: 4 | P17: TL | Q17: =IF(OR($I17="TTL",$P17=""),"",VLOOKUP($P17,CODE!$K:$M,CODE!$L$1,FALSE)) -> LONG SLEEVES | R17: U | S17: 2 | T17: =IF(OR($I17="TTL",$S17=""),"",IF($S17<10,"00"&$S17,IF($S17<100,"0"&$S17,$S17))) -> 002 | U17: =IF($I17="TTL","",$L17&$P17&$N17&$O17&$T17) -> VBLTLF4002 | V17: =IF($I17="TTL",SUMIF($C:$C,MID($K17,1,SEARCH("TTL",$K17)-2),$V:$V),IF($EI17="",0,1/COUNTIF($EI:$EI,$EI17))) -> 0.25 | W17: 14FW VB_MTM_02_GY | X17: =IF($Y17="","",VLOOKUP($Y17,CODE!$AE:$AF,CODE!$AF$1-1,FALSE)) -> GY | Y17: GREY | Z17: =$U17&$X17 -> VBLTLF4002GY | AA17: =VLOOKUP($Z17&$AX17,$EC:$EG,5,FALSE) | AB17: =IF($I17="TTL",SUMIF($C:$C,MID($K17,1,SEARCH("TTL",$K17)-2),$AB:$AB),IF($EJ17="",0,1/COUNTIF($EJ:$EJ,$EJ17))) -> 0.25 | AC17: 0 | AD17: 1 | AE17: OSS | AF17: 250 | AG17: 아트인드림 | AH17: 1 | AI17: =IF($AH17=0,"",IF($AH17<10,"0"&$AH17,$AH17)) -> 01 | AJ17: M | AK17: KR | AL17: =IF($AK17=0,"",IF($AK17="KR",2,1)) -> 2 | AM17: =IF(ISERROR(VLOOKUP($F17,[1]기획현황취합!$A$1:$E$65440,[1]기획현황취합!$B$1,FALSE))=TRUE,0,VLOOKUP($F17,[1]기획현황취합!$A$1:$E$65440,[1]기획현황취합!$B$1,FALSE)) -> 79000 | AN17: =IF(ISERROR(VLOOKUP($F17,[1]기획현황취합!$A$1:$E$65440,[1]기획현황취합!$C$1,FALSE))=TRUE,0,VLOOKUP($F17,[1]기획현황취합!$A$1:$E$65440,[1]기획현황취합!$C$1,FALSE)) -> 41803 | AO17: =IF(ISERROR(($AM17/1.1)/VLOOKUP($AG17,'TARGET MU'!$A:$D,'TARGET MU'!$D$1,FALSE))=TRUE,0,($AM17/1.1)/VLOOKUP($AG17,'TARGET MU'!$A:$D,'TARGET MU'!$D$1,FALSE)) -> 19949.495 | AP17: =IF(OR(AF17=0,AND(AV17=0,AW17=0)),0,IF(AG17="캡보이2",AV17*$AQ$5+AU17,IF(OR(AK17="IN",AK17="BG",AK17="VT",AK17="CB"),$AU17+(($AV17*(1+$AW$4))*(HLOOKUP(VLOOKUP(AG17,'TARGET MU'!$A:$P,'TARGET MU'!$J$1,FALSE),$AO$4:$AR$5,2,FALSE)))+$AW17,$AU17+((($AV17*(1+$AW$4))*(1+HLOOKUP(VLOOKUP($P17,CODE!$K:$P,CODE!$P$1,FALSE),$AS$4:$AV$5,2,FALSE)))*(HLOOKUP(VLOOKUP(AG17,'TARGET MU'!$A:$P,'TARGET MU'!$J$1,FALSE),$AO$4:$AR$5,2,FALSE)))+$AW17))) -> 16950 | AQ17: =AP17-AO17 -> -2999.4949 | AR17: 0 | AS17: 20 | AU17: =SUM(AR17:AT17) -> 20 | AV17: 0 | AW17: 16930 | AX17: =IF(ISERROR(VLOOKUP($F17,[1]기획현황취합!$A$1:$E$65440,[1]기획현황취합!$D$1,FALSE))=TRUE,0,VLOOKUP($F17,[1]기획현황취합!$A$1:$E$65440,[1]기획현황취합!$D$1,FALSE)) -> 41737 | AY17: 0 | AZ17: =IF(ISERROR(VLOOKUP($F17,[1]기획현황취합!$A$1:$E$65440,[1]기획현황취합!$E$1,FALSE))=TRUE,0,VLOOKUP($F17,[1]기획현황취합!$A$1:$E$65440,[1]기획현황취합!$E$1,FALSE)) -> 41823 | BA17: 41864 | BB17: 41885 | BC17: 41901 | BD17: 0 | BE17: 0 | BF17: 0 | BG17: 확정 | BH17: 0 | BI17: =IF($I17="TTL",SUMIF($C:$C,MID($K17,1,SEARCH("TTL",$K17)-2),$BI:$BI),SUMIF(실입고현황!$A:$A,BB17&VLOOKUP($AG17,'TARGET MU'!$A:$D,'TARGET MU'!$B$1,FALSE)&$Z17&" "&$AE17,실입고현황!$C:$C)) -> 243 | BJ17: =IF($I17="TTL",SUMIF($C:$C,MID($K17,1,SEARCH("TTL",$K17)-2),$BJ:$BJ),SUMIF(실입고현황!$A:$A,BC17&VLOOKUP($AG17,'TARGET MU'!$A:$D,'TARGET MU'!$B$1,FALSE)&$Z17&" "&$AE17,실입고현황!$C:$C)) -> 0 | BK17: =IF($I17="TTL",SUMIF($C:$C,MID($K17,1,SEARCH("TTL",$K17)-2),$BK:$BK),SUMIF(실입고현황!$A:$A,BD17&VLOOKUP($AG17,'TARGET MU'!$A:$D,'TARGET MU'!$B$1,FALSE)&$Z17&" "&$AE17,실입고현황!$C:$C)) -> 0 | BL17: =IF($I17="TTL",SUMIF($C:$C,MID($K17,1,SEARCH("TTL",$K17)-2),$BL:$BL),SUMIF(실입고현황!$A:$A,BE17&VLOOKUP($AG17,'TARGET MU'!$A:$D,'TARGET MU'!$B$1,FALSE)&$Z17&" "&$AE17,실입고현황!$C:$C)) -> 0 | BM17: =IF($I17="TTL",SUMIF($C:$C,MID($K17,1,SEARCH("TTL",$K17)-2),$BM:$BM),SUMIF(실입고현황!$A:$A,BF17&VLOOKUP($AG17,'TARGET MU'!$A:$D,'TARGET MU'!$B$1,FALSE)&$Z17&" "&$AE17,실입고현황!$C:$C)) -> 0 | BN17: =IF($I17="TTL",SUMIF($C:$C,MID($K17,1,SEARCH("TTL",$K17)-2),$BN:$BN),IF(($BO17-SUM($BI17,$BJ17,$BK17,BL17,BM17))<$BO17*$BN$6,0,$BO17-SUM($BI17,$BJ17,$BK17,BL17,BM17))) -> 0 | BO17: =IF($I17="TTL",SUMIF($C:$C,MID($K17,1,SEARCH("TTL",$K17)-2),$BO:$BO),$AF17) -> 250 | BP17: =IF($I17="TTL",SUMIF($C:$C,MID($K17,1,SEARCH("TTL",$K17)-2),$BP:$BP),IF($AP17=0,$AO17*$AF17,$AP17*$AF17)) -> 4237500 | BQ17: =IF($I17="TTL",SUMIF($C:$C,MID($K17,1,SEARCH("TTL",$K17)-2),$BQ:$BQ),$AM17*$AF17) -> 19750000 | BR17: =IF(ISERROR($BQ17/($BP17*1.1))=TRUE,0,$BQ17/($BP17*1.1)) -> 4.2370609 | BT17: =IF(ISERROR(Z17&VLOOKUP($AG17,'TARGET MU'!$A:$D,'TARGET MU'!$B$1,FALSE))=TRUE,"",Z17&VLOOKUP($AG17,'TARGET MU'!$A:$D,'TARGET MU'!$B$1,FALSE)) -> VBLTLF4002GY아트인드림 | BU17: =AP17 -> 16950 | BV17: =Z17&AE17&AF17&AM17&AG17&AI17&AK17 -> VBLTLF4002GYOSS25079000아트인드림01KR | BX17: =IF($I17="TTL","",$L17) -> VBL | BY17: =$O17 -> 4 | BZ17: =$AJ17 -> M | CA17: =$P17 -> TL | CB17: =$R17 -> U | CC17: =$AK17 -> KR | CD17: =$W17 -> 14FW VB_MTM_02_GY | CE17: =$U17 -> VBLTLF4002 | CF17: =$T17 -> 002 | CG17: =$W17 -> 14FW VB_MTM_02_GY | CH17: =$X17 -> GY | CI17: =$AD17 -> 1 | CJ17: =$AE17 -> OSS | CK17: =IF($I17="TTL",SUMIF($C:$C,MID($K17,1,SEARCH("TTL",$K17)-2),$BO:$BO),$AF17) -> 250 | CL17: =$AV17 -> 0 | CM17: =$AM17 -> 79000 | CN17: =$AP17-$AU17 -> 16930 | CO17: =$AU17 -> 20 | CP17: =$AL17 -> 2 | CT17: =IF($I17="TTL",$K17,$Z17&$AE17) -> VBLTLF4002GYOSS | CU17: =$M17 -> VITAL BLUE | CV17: =IF($I17="TTL","",IF($CT17="","",$Q17&"_"&$T17&IF(R17="K","_KIDS",""))) -> LONG SLEEVES_002 | CW17: =IF($I17="TTL","",IF($CT17="","",$Y17&"_"&$AE17)) -> GREY_OSS | CX17: =$L17 -> VBL | CY17: =$T17 -> 002 | CZ17: =IF($I17="TTL",SUMIF($C:$C,MID($K17,1,SEARCH("TTL",$K17)-2),$CZ:$CZ),$AF17) -> 250 | DA17: =$AM17 -> 79000 | DB17: =$Y17 -> GREY | DC17: =$AE17 -> OSS | DG17: 41778 | DH17: =IF(OR($I17="TTL",$I17=""),"",AZ17-$DH$11) -> 41733 | DI17: 41737 | DJ17: 41737 | DK17: 41829 | DP17: =IF(OR($DN17="없음",$I17="TTL",$I17=""),"",AZ17-$DP$11) -> 41763 | DV17: 41838 | EC17: =IF(OR($Z16&$AX16=$Z17&$AX16,$Z17&$AX17=""),"",$Z17&$AX17) -> VBLTLF4002GY41737 | ED17: =IF(OR(Z16&AE16=Z17&AE17,Z17=""),"",Z17&AE17) -> VBLTLF4002GYOSS | EE17: =IF($ED17="",0,IF(COUNTIF(ED$12:ED16,ED17)=0,0,COUNTIF(ED$12:ED16,ED17))) -> 0 | EF17: =IF(OR($AJ17="B",$ED17="",MID($U17,8,1)=$EF$9,MID($U17,8,1)=$EF$10),0,1) -> 0 | EG17: =IF(EE17+EF17=0,"","R"&(EE17+EF17)) | EI17: =IF($ED17="","",IF($EE17=0,U17,"")) -> VBLTLF4002 | EJ17: =IF($ED17="","",IF($EE17=0,Z17,"")) -> VBLTLF4002GY
A18: =IF(OR($I18="TTL",$I18=""),"",IF(ISERROR(VLOOKUP($B18,CODE!$D:$G,CODE!$F$1-2,FALSE))=TRUE,"전략",VLOOKUP($B18,CODE!$D:$G,CODE!$F$1-2,FALSE))) -> 전략 | B18: =IF(OR($I18="TTL",$I18=""),"",IF(VLOOKUP($P18,CODE!$K:$O,CODE!$O$1,FALSE)="",$I18,$I18&"-"&VLOOKUP($P18,CODE!$K:$O,CODE!$O$1,FALSE))) -> VBL-의류 | C18: =IF($I18="TTL","",I18&"-"&$AG18&"-"&$AI18) -> VBL-아트인드림-01 | D18: =$C18&$Z18 -> VBL-아트인드림-01VBLTLF4002GY | E18: =IF($I18="TTL",0,IF(ISERROR(IF($Z17=$Z18,$E17,$E17+1))=TRUE,1,IF($Z17=$Z18,$E17,$E17+1))) -> 2 | F18: =$C18&$E18 -> VBL-아트인드림-012 | G18: =$F18&"-"&$U18&$Y18&$AE18 -> VBL-아트인드림-012-VBLTLF4002GREYOMM | H18: =IF(ISERROR(I18&VLOOKUP(P18,CODE!$K:$N,CODE!$N$1,FALSE)&S18)=TRUE,0,I18&VLOOKUP(P18,CODE!$K:$N,CODE!$N$1,FALSE)&S18) -> VBL의류2 | I18: =IF(ISERROR(SEARCH("TTL",$K18))=TRUE,IF($L18="","",VLOOKUP($L18,CODE!$B:$G,CODE!$D$1,FALSE)),"TTL") -> VBL | J18: =MID(W18,1,6) -> 14FW V | L18: VBL | M18: =IF(OR($I18="TTL",$L18=""),"",VLOOKUP($L18,CODE!$B:$D,CODE!$C$1,FALSE)) -> VITAL BLUE | N18: =IF(OR($I18="TTL",$L18=""),"",VLOOKUP($K$2,CODE!$S:$T,CODE!$T$1-1,FALSE)) -> F | O18: 4 | P18: TL | Q18: =IF(OR($I18="TTL",$P18=""),"",VLOOKUP($P18,CODE!$K:$M,CODE!$L$1,FALSE)) -> LONG SLEEVES | R18: U | S18: 2 | T18: =IF(OR($I18="TTL",$S18=""),"",IF($S18<10,"00"&$S18,IF($S18<100,"0"&$S18,$S18))) -> 002 | U18: =IF($I18="TTL","",$L18&$P18&$N18&$O18&$T18) -> VBLTLF4002 | V18: =IF($I18="TTL",SUMIF($C:$C,MID($K18,1,SEARCH("TTL",$K18)-2),$V:$V),IF($EI18="",0,1/COUNTIF($EI:$EI,$EI18))) -> 0.25 | W18: 14FW VB_MTM_02_GY | X18: =IF($Y18="","",VLOOKUP($Y18,CODE!$AE:$AF,CODE!$AF$1-1,FALSE)) -> GY | Y18: GREY | Z18: =$U18&$X18 -> VBLTLF4002GY | AA18: =VLOOKUP($Z18&$AX18,$EC:$EG,5,FALSE) | AB18: =IF($I18="TTL",SUMIF($C:$C,MID($K18,1,SEARCH("TTL",$K18)-2),$AB:$AB),IF($EJ18="",0,1/COUNTIF($EJ:$EJ,$EJ18))) -> 0.25 | AC18: 0 | AD18: 1 | AE18: OMM | AF18: 350 | AG18: 아트인드림 | AH18: 1 | AI18: =IF($AH18=0,"",IF($AH18<10,"0"&$AH18,$AH18)) -> 01 | AJ18: M | AK18: KR | AL18: =IF($AK18=0,"",IF($AK18="KR",2,1)) -> 2 | AM18: =IF(ISERROR(VLOOKUP($F18,[1]기획현황취합!$A$1:$E$65440,[1]기획현황취합!$B$1,FALSE))=TRUE,0,VLOOKUP($F18,[1]기획현황취합!$A$1:$E$65440,[1]기획현황취합!$B$1,FALSE)) -> 79000 | AN18: =IF(ISERROR(VLOOKUP($F18,[1]기획현황취합!$A$1:$E$65440,[1]기획현황취합!$C$1,FALSE))=TRUE,0,VLOOKUP($F18,[1]기획현황취합!$A$1:$E$65440,[1]기획현황취합!$C$1,FALSE)) -> 41803 | AO18: =IF(ISERROR(($AM18/1.1)/VLOOKUP($AG18,'TARGET MU'!$A:$D,'TARGET MU'!$D$1,FALSE))=TRUE,0,($AM18/1.1)/VLOOKUP($AG18,'TARGET MU'!$A:$D,'TARGET MU'!$D$1,FALSE)) -> 19949.495 | AP18: =IF(OR(AF18=0,AND(AV18=0,AW18=0)),0,IF(AG18="캡보이2",AV18*$AQ$5+AU18,IF(OR(AK18="IN",AK18="BG",AK18="VT",AK18="CB"),$AU18+(($AV18*(1+$AW$4))*(HLOOKUP(VLOOKUP(AG18,'TARGET MU'!$A:$P,'TARGET MU'!$J$1,FALSE),$AO$4:$AR$5,2,FALSE)))+$AW18,$AU18+((($AV18*(1+$AW$4))*(1+HLOOKUP(VLOOKUP($P18,CODE!$K:$P,CODE!$P$1,FALSE),$AS$4:$AV$5,2,FALSE)))*(HLOOKUP(VLOOKUP(AG18,'TARGET MU'!$A:$P,'TARGET MU'!$J$1,FALSE),$AO$4:$AR$5,2,FALSE)))+$AW18))) -> 16950 | AQ18: =AP18-AO18 -> -2999.4949 | AR18: 0 | AS18: 20 | AU18: =SUM(AR18:AT18) -> 20 | AV18: 0 | AW18: 16930 | AX18: =IF(ISERROR(VLOOKUP($F18,[1]기획현황취합!$A$1:$E$65440,[1]기획현황취합!$D$1,FALSE))=TRUE,0,VLOOKUP($F18,[1]기획현황취합!$A$1:$E$65440,[1]기획현황취합!$D$1,FALSE)) -> 41737 | AY18: 0 | AZ18: =IF(ISERROR(VLOOKUP($F18,[1]기획현황취합!$A$1:$E$65440,[1]기획현황취합!$E$1,FALSE))=TRUE,0,VLOOKUP($F18,[1]기획현황취합!$A$1:$E$65440,[1]기획현황취합!$E$1,FALSE)) -> 41823 | BA18: 41864 | BB18: 41885 | BC18: 41901 | BD18: 0 | BE18: 0 | BF18: 0 | BG18: 확정 | BH18: 0 | BI18: =IF($I18="TTL",SUMIF($C:$C,MID($K18,1,SEARCH("TTL",$K18)-2),$BI:$BI),SUMIF(실입고현황!$A:$A,BB18&VLOOKUP($AG18,'TARGET MU'!$A:$D,'TARGET MU'!$B$1,FALSE)&$Z18&" "&$AE18,실입고현황!$C:$C)) -> 346 | BJ18: =IF($I18="TTL",SUMIF($C:$C,MID($K18,1,SEARCH("TTL",$K18)-2),$BJ:$BJ),SUMIF(실입고현황!$A:$A,BC18&VLOOKUP($AG18,'TARGET MU'!$A:$D,'TARGET MU'!$B$1,FALSE)&$Z18&" "&$AE18,실입고현황!$C:$C)) -> 26 | BK18: =IF($I18="TTL",SUMIF($C:$C,MID($K18,1,SEARCH("TTL",$K18)-2),$BK:$BK),SUMIF(실입고현황!$A:$A,BD18&VLOOKUP($AG18,'TARGET MU'!$A:$D,'TARGET MU'!$B$1,FALSE)&$Z18&" "&$AE18,실입고현황!$C:$C)) -> 0 | BL18: =IF($I18="TTL",SUMIF($C:$C,MID($K18,1,SEARCH("TTL",$K18)-2),$BL:$BL),SUMIF(실입고현황!$A:$A,BE18&VLOOKUP($AG18,'TARGET MU'!$A:$D,'TARGET MU'!$B$1,FALSE)&$Z18&" "&$AE18,실입고현황!$C:$C)) -> 0 | BM18: =IF($I18="TTL",SUMIF($C:$C,MID($K18,1,SEARCH("TTL",$K18)-2),$BM:$BM),SUMIF(실입고현황!$A:$A,BF18&VLOOKUP($AG18,'TARGET MU'!$A:$D,'TARGET MU'!$B$1,FALSE)&$Z18&" "&$AE18,실입고현황!$C:$C)) -> 0 | BN18: =IF($I18="TTL",SUMIF($C:$C,MID($K18,1,SEARCH("TTL",$K18)-2),$BN:$BN),IF(($BO18-SUM($BI18,$BJ18,$BK18,BL18,BM18))<$BO18*$BN$6,0,$BO18-SUM($BI18,$BJ18,$BK18,BL18,BM18))) -> 0 | BO18: =IF($I18="TTL",SUMIF($C:$C,MID($K18,1,SEARCH("TTL",$K18)-2),$BO:$BO),$AF18) -> 350 | BP18: =IF($I18="TTL",SUMIF($C:$C,MID($K18,1,SEARCH("TTL",$K18)-2),$BP:$BP),IF($AP18=0,$AO18*$AF18,$AP18*$AF18)) -> 5932500 | BQ18: =IF($I18="TTL",SUMIF($C:$C,MID($K18,1,SEARCH("TTL",$K18)-2),$BQ:$BQ),$AM18*$AF18) -> 27650000 | BR18: =IF(ISERROR($BQ18/($BP18*1.1))=TRUE,0,$BQ18/($BP18*1.1)) -> 4.2370609 | BT18: =IF(ISERROR(Z18&VLOOKUP($AG18,'TARGET MU'!$A:$D,'TARGET MU'!$B$1,FALSE))=TRUE,"",Z18&VLOOKUP($AG18,'TARGET MU'!$A:$D,'TARGET MU'!$B$1,FALSE)) -> VBLTLF4002GY아트인드림 | BU18: =AP18 -> 16950 | BV18: =Z18&AE18&AF18&AM18&AG18&AI18&AK18 -> VBLTLF4002GYOMM35079000아트인드림01KR | BX18: =IF($I18="TTL","",$L18) -> VBL | BY18: =$O18 -> 4 | BZ18: =$AJ18 -> M | CA18: =$P18 -> TL | CB18: =$R18 -> U | CC18: =$AK18 -> KR | CD18: =$W18 -> 14FW VB_MTM_02_GY | CE18: =$U18 -> VBLTLF4002 | CF18: =$T18 -> 002 | CG18: =$W18 -> 14FW VB_MTM_02_GY | CH18: =$X18 -> GY | CI18: =$AD18 -> 1 | CJ18: =$AE18 -> OMM | CK18: =IF($I18="TTL",SUMIF($C:$C,MID($K18,1,SEARCH("TTL",$K18)-2),$BO:$BO),$AF18) -> 350 | CL18: =$AV18 -> 0 | CM18: =$AM18 -> 79000 | CN18: =$AP18-$AU18 -> 16930 | CO18: =$AU18 -> 20 | CP18: =$AL18 -> 2 | CT18: =IF($I18="TTL",$K18,$Z18&$AE18) -> VBLTLF4002GYOMM | CU18: =$M18 -> VITAL BLUE | CV18: =IF($I18="TTL","",IF($CT18="","",$Q18&"_"&$T18&IF(R18="K","_KIDS",""))) -> LONG SLEEVES_002 | CW18: =IF($I18="TTL","",IF($CT18="","",$Y18&"_"&$AE18)) -> GREY_OMM | CX18: =$L18 -> VBL | CY18: =$T18 -> 002 | CZ18: =IF($I18="TTL",SUMIF($C:$C,MID($K18,1,SEARCH("TTL",$K18)-2),$CZ:$CZ),$AF18) -> 350 | DA18: =$AM18 -> 79000 | DB18: =$Y18 -> GREY | DC18: =$AE18 -> OMM | DG18: 41778 | DH18: =IF(OR($I18="TTL",$I18=""),"",AZ18-$DH$11) -> 41733 | DI18: 41737 | DJ18: 41737 | DK18: 41829 | DP18: =IF(OR($DN18="없음",$I18="TTL",$I18=""),"",AZ18-$DP$11) -> 41763 | DV18: 41838 | EC18: =IF(OR($Z17&$AX17=$Z18&$AX17,$Z18&$AX18=""),"",$Z18&$AX18) | ED18: =IF(OR(Z17&AE17=Z18&AE18,Z18=""),"",Z18&AE18) -> VBLTLF4002GYOMM | EE18: =IF($ED18="",0,IF(COUNTIF(ED$12:ED17,ED18)=0,0,COUNTIF(ED$12:ED17,ED18))) -> 0 | EF18: =IF(OR($AJ18="B",$ED18="",MID($U18,8,1)=$EF$9,MID($U18,8,1)=$EF$10),0,1) -> 0 | EG18: =IF(EE18+EF18=0,"","R"&(EE18+EF18)) | EI18: =IF($ED18="","",IF($EE18=0,U18,"")) -> VBLTLF4002 | EJ18: =IF($ED18="","",IF($EE18=0,Z18,"")) -> VBLTLF4002GY
A19: =IF(OR($I19="TTL",$I19=""),"",IF(ISERROR(VLOOKUP($B19,CODE!$D:$G,CODE!$F$1-2,FALSE))=TRUE,"전략",VLOOKUP($B19,CODE!$D:$G,CODE!$F$1-2,FALSE))) -> 전략 | B19: =IF(OR($I19="TTL",$I19=""),"",IF(VLOOKUP($P19,CODE!$K:$O,CODE!$O$1,FALSE)="",$I19,$I19&"-"&VLOOKUP($P19,CODE!$K:$O,CODE!$O$1,FALSE))) -> VBL-의류 | C19: =IF($I19="TTL","",I19&"-"&$AG19&"-"&$AI19) -> VBL-아트인드림-01 | D19: =$C19&$Z19 -> VBL-아트인드림-01VBLTLF4002GY | E19: =IF($I19="TTL",0,IF(ISERROR(IF($Z18=$Z19,$E18,$E18+1))=TRUE,1,IF($Z18=$Z19,$E18,$E18+1))) -> 2 | F19: =$C19&$E19 -> VBL-아트인드림-012 | G19: =$F19&"-"&$U19&$Y19&$AE19 -> VBL-아트인드림-012-VBLTLF4002GREYOLL | H19: =IF(ISERROR(I19&VLOOKUP(P19,CODE!$K:$N,CODE!$N$1,FALSE)&S19)=TRUE,0,I19&VLOOKUP(P19,CODE!$K:$N,CODE!$N$1,FALSE)&S19) -> VBL의류2 | I19: =IF(ISERROR(SEARCH("TTL",$K19))=TRUE,IF($L19="","",VLOOKUP($L19,CODE!$B:$G,CODE!$D$1,FALSE)),"TTL") -> VBL | J19: =MID(W19,1,6) -> 14FW V | L19: VBL | M19: =IF(OR($I19="TTL",$L19=""),"",VLOOKUP($L19,CODE!$B:$D,CODE!$C$1,FALSE)) -> VITAL BLUE | N19: =IF(OR($I19="TTL",$L19=""),"",VLOOKUP($K$2,CODE!$S:$T,CODE!$T$1-1,FALSE)) -> F | O19: 4 | P19: TL | Q19: =IF(OR($I19="TTL",$P19=""),"",VLOOKUP($P19,CODE!$K:$M,CODE!$L$1,FALSE)) -> LONG SLEEVES | R19: U | S19: 2 | T19: =IF(OR($I19="TTL",$S19=""),"",IF($S19<10,"00"&$S19,IF($S19<100,"0"&$S19,$S19))) -> 002 | U19: =IF($I19="TTL","",$L19&$P19&$N19&$O19&$T19) -> VBLTLF4002 | V19: =IF($I19="TTL",SUMIF($C:$C,MID($K19,1,SEARCH("TTL",$K19)-2),$V:$V),IF($EI19="",0,1/COUNTIF($EI:$EI,$EI19))) -> 0.25 | W19: 14FW VB_MTM_02_GY | X19: =IF($Y19="","",VLOOKUP($Y19,CODE!$AE:$AF,CODE!$AF$1-1,FALSE)) -> GY | Y19: GREY | Z19: =$U19&$X19 -> VBLTLF4002GY | AA19: =VLOOKUP($Z19&$AX19,$EC:$EG,5,FALSE) | AB19: =IF($I19="TTL",SUMIF($C:$C,MID($K19,1,SEARCH("TTL",$K19)-2),$AB:$AB),IF($EJ19="",0,1/COUNTIF($EJ:$EJ,$EJ19))) -> 0.25 | AC19: 0 | AD19: 1 | AE19: OLL | AF19: 350 | AG19: 아트인드림 | AH19: 1 | AI19: =IF($AH19=0,"",IF($AH19<10,"0"&$AH19,$AH19)) -> 01 | AJ19: M | AK19: KR | AL19: =IF($AK19=0,"",IF($AK19="KR",2,1)) -> 2 | AM19: =IF(ISERROR(VLOOKUP($F19,[1]기획현황취합!$A$1:$E$65440,[1]기획현황취합!$B$1,FALSE))=TRUE,0,VLOOKUP($F19,[1]기획현황취합!$A$1:$E$65440,[1]기획현황취합!$B$1,FALSE)) -> 79000 | AN19: =IF(ISERROR(VLOOKUP($F19,[1]기획현황취합!$A$1:$E$65440,[1]기획현황취합!$C$1,FALSE))=TRUE,0,VLOOKUP($F19,[1]기획현황취합!$A$1:$E$65440,[1]기획현황취합!$C$1,FALSE)) -> 41803 | AO19: =IF(ISERROR(($AM19/1.1)/VLOOKUP($AG19,'TARGET MU'!$A:$D,'TARGET MU'!$D$1,FALSE))=TRUE,0,($AM19/1.1)/VLOOKUP($AG19,'TARGET MU'!$A:$D,'TARGET MU'!$D$1,FALSE)) -> 19949.495 | AP19: =IF(OR(AF19=0,AND(AV19=0,AW19=0)),0,IF(AG19="캡보이2",AV19*$AQ$5+AU19,IF(OR(AK19="IN",AK19="BG",AK19="VT",AK19="CB"),$AU19+(($AV19*(1+$AW$4))*(HLOOKUP(VLOOKUP(AG19,'TARGET MU'!$A:$P,'TARGET MU'!$J$1,FALSE),$AO$4:$AR$5,2,FALSE)))+$AW19,$AU19+((($AV19*(1+$AW$4))*(1+HLOOKUP(VLOOKUP($P19,CODE!$K:$P,CODE!$P$1,FALSE),$AS$4:$AV$5,2,FALSE)))*(HLOOKUP(VLOOKUP(AG19,'TARGET MU'!$A:$P,'TARGET MU'!$J$1,FALSE),$AO$4:$AR$5,2,FALSE)))+$AW19))) -> 16950 | AQ19: =AP19-AO19 -> -2999.4949 | AR19: 0 | AS19: 20 | AU19: =SUM(AR19:AT19) -> 20 | AV19: 0 | AW19: 16930 | AX19: =IF(ISERROR(VLOOKUP($F19,[1]기획현황취합!$A$1:$E$65440,[1]기획현황취합!$D$1,FALSE))=TRUE,0,VLOOKUP($F19,[1]기획현황취합!$A$1:$E$65440,[1]기획현황취합!$D$1,FALSE)) -> 41737 | AY19: 0 | AZ19: =IF(ISERROR(VLOOKUP($F19,[1]기획현황취합!$A$1:$E$65440,[1]기획현황취합!$E$1,FALSE))=TRUE,0,VLOOKUP($F19,[1]기획현황취합!$A$1:$E$65440,[1]기획현황취합!$E$1,FALSE)) -> 41823 | BA19: 41864 | BB19: 41885 | BC19: 41901 | BD19: 0 | BE19: 0 | BF19: 0 | BG19: 확정 | BH19: 0 | BI19: =IF($I19="TTL",SUMIF($C:$C,MID($K19,1,SEARCH("TTL",$K19)-2),$BI:$BI),SUMIF(실입고현황!$A:$A,BB19&VLOOKUP($AG19,'TARGET MU'!$A:$D,'TARGET MU'!$B$1,FALSE)&$Z19&" "&$AE19,실입고현황!$C:$C)) -> 249 | BJ19: =IF($I19="TTL",SUMIF($C:$C,MID($K19,1,SEARCH("TTL",$K19)-2),$BJ:$BJ),SUMIF(실입고현황!$A:$A,BC19&VLOOKUP($AG19,'TARGET MU'!$A:$D,'TARGET MU'!$B$1,FALSE)&$Z19&" "&$AE19,실입고현황!$C:$C)) -> 115 | BK19: =IF($I19="TTL",SUMIF($C:$C,MID($K19,1,SEARCH("TTL",$K19)-2),$BK:$BK),SUMIF(실입고현황!$A:$A,BD19&VLOOKUP($AG19,'TARGET MU'!$A:$D,'TARGET MU'!$B$1,FALSE)&$Z19&" "&$AE19,실입고현황!$C:$C)) -> 0 | BL19: =IF($I19="TTL",SUMIF($C:$C,MID($K19,1,SEARCH("TTL",$K19)-2),$BL:$BL),SUMIF(실입고현황!$A:$A,BE19&VLOOKUP($AG19,'TARGET MU'!$A:$D,'TARGET MU'!$B$1,FALSE)&$Z19&" "&$AE19,실입고현황!$C:$C)) -> 0 | BM19: =IF($I19="TTL",SUMIF($C:$C,MID($K19,1,SEARCH("TTL",$K19)-2),$BM:$BM),SUMIF(실입고현황!$A:$A,BF19&VLOOKUP($AG19,'TARGET MU'!$A:$D,'TARGET MU'!$B$1,FALSE)&$Z19&" "&$AE19,실입고현황!$C:$C)) -> 0 | BN19: =IF($I19="TTL",SUMIF($C:$C,MID($K19,1,SEARCH("TTL",$K19)-2),$BN:$BN),IF(($BO19-SUM($BI19,$BJ19,$BK19,BL19,BM19))<$BO19*$BN$6,0,$BO19-SUM($BI19,$BJ19,$BK19,BL19,BM19))) -> 0 | BO19: =IF($I19="TTL",SUMIF($C:$C,MID($K19,1,SEARCH("TTL",$K19)-2),$BO:$BO),$AF19) -> 350 | BP19: =IF($I19="TTL",SUMIF($C:$C,MID($K19,1,SEARCH("TTL",$K19)-2),$BP:$BP),IF($AP19=0,$AO19*$AF19,$AP19*$AF19)) -> 5932500 | BQ19: =IF($I19="TTL",SUMIF($C:$C,MID($K19,1,SEARCH("TTL",$K19)-2),$BQ:$BQ),$AM19*$AF19) -> 27650000 | BR19: =IF(ISERROR($BQ19/($BP19*1.1))=TRUE,0,$BQ19/($BP19*1.1)) -> 4.2370609 | BT19: =IF(ISERROR(Z19&VLOOKUP($AG19,'TARGET MU'!$A:$D,'TARGET MU'!$B$1,FALSE))=TRUE,"",Z19&VLOOKUP($AG19,'TARGET MU'!$A:$D,'TARGET MU'!$B$1,FALSE)) -> VBLTLF4002GY아트인드림 | BU19: =AP19 -> 16950 | BV19: =Z19&AE19&AF19&AM19&AG19&AI19&AK19 -> VBLTLF4002GYOLL35079000아트인드림01KR | BX19: =IF($I19="TTL","",$L19) -> VBL | BY19: =$O19 -> 4 | BZ19: =$AJ19 -> M | CA19: =$P19 -> TL | CB19: =$R19 -> U | CC19: =$AK19 -> KR | CD19: =$W19 -> 14FW VB_MTM_02_GY | CE19: =$U19 -> VBLTLF4002 | CF19: =$T19 -> 002 | CG19: =$W19 -> 14FW VB_MTM_02_GY | CH19: =$X19 -> GY | CI19: =$AD19 -> 1 | CJ19: =$AE19 -> OLL | CK19: =IF($I19="TTL",SUMIF($C:$C,MID($K19,1,SEARCH("TTL",$K19)-2),$BO:$BO),$AF19) -> 350 | CL19: =$AV19 -> 0 | CM19: =$AM19 -> 79000 | CN19: =$AP19-$AU19 -> 16930 | CO19: =$AU19 -> 20 | CP19: =$AL19 -> 2 | CT19: =IF($I19="TTL",$K19,$Z19&$AE19) -> VBLTLF4002GYOLL | CU19: =$M19 -> VITAL BLUE | CV19: =IF($I19="TTL","",IF($CT19="","",$Q19&"_"&$T19&IF(R19="K","_KIDS",""))) -> LONG SLEEVES_002 | CW19: =IF($I19="TTL","",IF($CT19="","",$Y19&"_"&$AE19)) -> GREY_OLL | CX19: =$L19 -> VBL | CY19: =$T19 -> 002 | CZ19: =IF($I19="TTL",SUMIF($C:$C,MID($K19,1,SEARCH("TTL",$K19)-2),$CZ:$CZ),$AF19) -> 350 | DA19: =$AM19 -> 79000 | DB19: =$Y19 -> GREY | DC19: =$AE19 -> OLL | DG19: 41778 | DH19: =IF(OR($I19="TTL",$I19=""),"",AZ19-$DH$11) -> 41733 | DI19: 41737 | DJ19: 41737 | DK19: 41829 | DP19: =IF(OR($DN19="없음",$I19="TTL",$I19=""),"",AZ19-$DP$11) -> 41763 | DV19: 41838 | EC19: =IF(OR($Z18&$AX18=$Z19&$AX18,$Z19&$AX19=""),"",$Z19&$AX19) | ED19: =IF(OR(Z18&AE18=Z19&AE19,Z19=""),"",Z19&AE19) -> VBLTLF4002GYOLL | EE19: =IF($ED19="",0,IF(COUNTIF(ED$12:ED18,ED19)=0,0,COUNTIF(ED$12:ED18,ED19))) -> 0 | EF19: =IF(OR($AJ19="B",$ED19="",MID($U19,8,1)=$EF$9,MID($U19,8,1)=$EF$10),0,1) -> 0 | EG19: =IF(EE19+EF19=0,"","R"&(EE19+EF19)) | EI19: =IF($ED19="","",IF($EE19=0,U19,"")) -> VBLTLF4002 | EJ19: =IF($ED19="","",IF($EE19=0,Z19,"")) -> VBLTLF4002GY
A20: =IF(OR($I20="TTL",$I20=""),"",IF(ISERROR(VLOOKUP($B20,CODE!$D:$G,CODE!$F$1-2,FALSE))=TRUE,"전략",VLOOKUP($B20,CODE!$D:$G,CODE!$F$1-2,FALSE))) -> 전략 | B20: =IF(OR($I20="TTL",$I20=""),"",IF(VLOOKUP($P20,CODE!$K:$O,CODE!$O$1,FALSE)="",$I20,$I20&"-"&VLOOKUP($P20,CODE!$K:$O,CODE!$O$1,FALSE))) -> VBL-의류 | C20: =IF($I20="TTL","",I20&"-"&$AG20&"-"&$AI20) -> VBL-아트인드림-01 | D20: =$C20&$Z20 -> VBL-아트인드림-01VBLTLF4002GY | E20: =IF($I20="TTL",0,IF(ISERROR(IF($Z19=$Z20,$E19,$E19+1))=TRUE,1,IF($Z19=$Z20,$E19,$E19+1))) -> 2 | F20: =$C20&$E20 -> VBL-아트인드림-012 | G20: =$F20&"-"&$U20&$Y20&$AE20 -> VBL-아트인드림-012-VBLTLF4002GREYOXL | H20: =IF(ISERROR(I20&VLOOKUP(P20,CODE!$K:$N,CODE!$N$1,FALSE)&S20)=TRUE,0,I20&VLOOKUP(P20,CODE!$K:$N,CODE!$N$1,FALSE)&S20) -> VBL의류2 | I20: =IF(ISERROR(SEARCH("TTL",$K20))=TRUE,IF($L20="","",VLOOKUP($L20,CODE!$B:$G,CODE!$D$1,FALSE)),"TTL") -> VBL | J20: =MID(W20,1,6) -> 14FW V | L20: VBL | M20: =IF(OR($I20="TTL",$L20=""),"",VLOOKUP($L20,CODE!$B:$D,CODE!$C$1,FALSE)) -> VITAL BLUE | N20: =IF(OR($I20="TTL",$L20=""),"",VLOOKUP($K$2,CODE!$S:$T,CODE!$T$1-1,FALSE)) -> F | O20: 4 | P20: TL | Q20: =IF(OR($I20="TTL",$P20=""),"",VLOOKUP($P20,CODE!$K:$M,CODE!$L$1,FALSE)) -> LONG SLEEVES | R20: U | S20: 2 | T20: =IF(OR($I20="TTL",$S20=""),"",IF($S20<10,"00"&$S20,IF($S20<100,"0"&$S20,$S20))) -> 002 | U20: =IF($I20="TTL","",$L20&$P20&$N20&$O20&$T20) -> VBLTLF4002 | V20: =IF($I20="TTL",SUMIF($C:$C,MID($K20,1,SEARCH("TTL",$K20)-2),$V:$V),IF($EI20="",0,1/COUNTIF($EI:$EI,$EI20))) -> 0.25 | W20: 14FW VB_MTM_02_GY | X20: =IF($Y20="","",VLOOKUP($Y20,CODE!$AE:$AF,CODE!$AF$1-1,FALSE)) -> GY | Y20: GREY | Z20: =$U20&$X20 -> VBLTLF4002GY | AA20: =VLOOKUP($Z20&$AX20,$EC:$EG,5,FALSE) | AB20: =IF($I20="TTL",SUMIF($C:$C,MID($K20,1,SEARCH("TTL",$K20)-2),$AB:$AB),IF($EJ20="",0,1/COUNTIF($EJ:$EJ,$EJ20))) -> 0.25 | AC20: 0 | AD20: 1 | AE20: OXL | AF20: 250 | AG20: 아트인드림 | AH20: 1 | AI20: =IF($AH20=0,"",IF($AH20<10,"0"&$AH20,$AH20)) -> 01 | AJ20: M | AK20: KR | AL20: =IF($AK20=0,"",IF($AK20="KR",2,1)) -> 2 | AM20: =IF(ISERROR(VLOOKUP($F20,[1]기획현황취합!$A$1:$E$65440,[1]기획현황취합!$B$1,FALSE))=TRUE,0,VLOOKUP($F20,[1]기획현황취합!$A$1:$E$65440,[1]기획현황취합!$B$1,FALSE)) -> 79000 | AN20: =IF(ISERROR(VLOOKUP($F20,[1]기획현황취합!$A$1:$E$65440,[1]기획현황취합!$C$1,FALSE))=TRUE,0,VLOOKUP($F20,[1]기획현황취합!$A$1:$E$65440,[1]기획현황취합!$C$1,FALSE)) -> 41803 | AO20: =IF(ISERROR(($AM20/1.1)/VLOOKUP($AG20,'TARGET MU'!$A:$D,'TARGET MU'!$D$1,FALSE))=TRUE,0,($AM20/1.1)/VLOOKUP($AG20,'TARGET MU'!$A:$D,'TARGET MU'!$D$1,FALSE)) -> 19949.495 | AP20: =IF(OR(AF20=0,AND(AV20=0,AW20=0)),0,IF(AG20="캡보이2",AV20*$AQ$5+AU20,IF(OR(AK20="IN",AK20="BG",AK20="VT",AK20="CB"),$AU20+(($AV20*(1+$AW$4))*(HLOOKUP(VLOOKUP(AG20,'TARGET MU'!$A:$P,'TARGET MU'!$J$1,FALSE),$AO$4:$AR$5,2,FALSE)))+$AW20,$AU20+((($AV20*(1+$AW$4))*(1+HLOOKUP(VLOOKUP($P20,CODE!$K:$P,CODE!$P$1,FALSE),$AS$4:$AV$5,2,FALSE)))*(HLOOKUP(VLOOKUP(AG20,'TARGET MU'!$A:$P,'TARGET MU'!$J$1,FALSE),$AO$4:$AR$5,2,FALSE)))+$AW20))) -> 16950 | AQ20: =AP20-AO20 -> -2999.4949 | AR20: 0 | AS20: 20 | AU20: =SUM(AR20:AT20) -> 20 | AV20: 0 | AW20: 16930 | AX20: =IF(ISERROR(VLOOKUP($F20,[1]기획현황취합!$A$1:$E$65440,[1]기획현황취합!$D$1,FALSE))=TRUE,0,VLOOKUP($F20,[1]기획현황취합!$A$1:$E$65440,[1]기획현황취합!$D$1,FALSE)) -> 41737 | AY20: 0 | AZ20: =IF(ISERROR(VLOOKUP($F20,[1]기획현황취합!$A$1:$E$65440,[1]기획현황취합!$E$1,FALSE))=TRUE,0,VLOOKUP($F20,[1]기획현황취합!$A$1:$E$65440,[1]기획현황취합!$E$1,FALSE)) -> 41823 | BA20: 41864 | BB20: 41885 | BC20: 41901 | BD20: 0 | BE20: 0 | BF20: 0 | BG20: 확정 | BH20: 0 | BI20: =IF($I20="TTL",SUMIF($C:$C,MID($K20,1,SEARCH("TTL",$K20)-2),$BI:$BI),SUMIF(실입고현황!$A:$A,BB20&VLOOKUP($AG20,'TARGET MU'!$A:$D,'TARGET MU'!$B$1,FALSE)&$Z20&" "&$AE20,실입고현황!$C:$C)) -> 236 | BJ20: =IF($I20="TTL",SUMIF($C:$C,MID($K20,1,SEARCH("TTL",$K20)-2),$BJ:$BJ),SUMIF(실입고현황!$A:$A,BC20&VLOOKUP($AG20,'TARGET MU'!$A:$D,'TARGET MU'!$B$1,FALSE)&$Z20&" "&$AE20,실입고현황!$C:$C)) -> 33 | BK20: =IF($I20="TTL",SUMIF($C:$C,MID($K20,1,SEARCH("TTL",$K20)-2),$BK:$BK),SUMIF(실입고현황!$A:$A,BD20&VLOOKUP($AG20,'TARGET MU'!$A:$D,'TARGET MU'!$B$1,FALSE)&$Z20&" "&$AE20,실입고현황!$C:$C)) -> 0 | BL20: =IF($I20="TTL",SUMIF($C:$C,MID($K20,1,SEARCH("TTL",$K20)-2),$BL:$BL),SUMIF(실입고현황!$A:$A,BE20&VLOOKUP($AG20,'TARGET MU'!$A:$D,'TARGET MU'!$B$1,FALSE)&$Z20&" "&$AE20,실입고현황!$C:$C)) -> 0 | BM20: =IF($I20="TTL",SUMIF($C:$C,MID($K20,1,SEARCH("TTL",$K20)-2),$BM:$BM),SUMIF(실입고현황!$A:$A,BF20&VLOOKUP($AG20,'TARGET MU'!$A:$D,'TARGET MU'!$B$1,FALSE)&$Z20&" "&$AE20,실입고현황!$C:$C)) -> 0 | BN20: =IF($I20="TTL",SUMIF($C:$C,MID($K20,1,SEARCH("TTL",$K20)-2),$BN:$BN),IF(($BO20-SUM($BI20,$BJ20,$BK20,BL20,BM20))<$BO20*$BN$6,0,$BO20-SUM($BI20,$BJ20,$BK20,BL20,BM20))) -> 0 | BO20: =IF($I20="TTL",SUMIF($C:$C,MID($K20,1,SEARCH("TTL",$K20)-2),$BO:$BO),$AF20) -> 250 | BP20: =IF($I20="TTL",SUMIF($C:$C,MID($K20,1,SEARCH("TTL",$K20)-2),$BP:$BP),IF($AP20=0,$AO20*$AF20,$AP20*$AF20)) -> 4237500 | BQ20: =IF($I20="TTL",SUMIF($C:$C,MID($K20,1,SEARCH("TTL",$K20)-2),$BQ:$BQ),$AM20*$AF20) -> 19750000 | BR20: =IF(ISERROR($BQ20/($BP20*1.1))=TRUE,0,$BQ20/($BP20*1.1)) -> 4.2370609 | BT20: =IF(ISERROR(Z20&VLOOKUP($AG20,'TARGET MU'!$A:$D,'TARGET MU'!$B$1,FALSE))=TRUE,"",Z20&VLOOKUP($AG20,'TARGET MU'!$A:$D,'TARGET MU'!$B$1,FALSE)) -> VBLTLF4002GY아트인드림 | BU20: =AP20 -> 16950 | BV20: =Z20&AE20&AF20&AM20&AG20&AI20&AK20 -> VBLTLF4002GYOXL25079000아트인드림01KR | BX20: =IF($I20="TTL","",$L20) -> VBL | BY20: =$O20 -> 4 | BZ20: =$AJ20 -> M | CA20: =$P20 -> TL | CB20: =$R20 -> U | CC20: =$AK20 -> KR | CD20: =$W20 -> 14FW VB_MTM_02_GY | CE20: =$U20 -> VBLTLF4002 | CF20: =$T20 -> 002 | CG20: =$W20 -> 14FW VB_MTM_02_GY | CH20: =$X20 -> GY | CI20: =$AD20 -> 1 | CJ20: =$AE20 -> OXL | CK20: =IF($I20="TTL",SUMIF($C:$C,MID($K20,1,SEARCH("TTL",$K20)-2),$BO:$BO),$AF20) -> 250 | CL20: =$AV20 -> 0 | CM20: =$AM20 -> 79000 | CN20: =$AP20-$AU20 -> 16930 | CO20: =$AU20 -> 20 | CP20: =$AL20 -> 2 | CT20: =IF($I20="TTL",$K20,$Z20&$AE20) -> VBLTLF4002GYOXL | CU20: =$M20 -> VITAL BLUE | CV20: =IF($I20="TTL","",IF($CT20="","",$Q20&"_"&$T20&IF(R20="K","_KIDS",""))) -> LONG SLEEVES_002 | CW20: =IF($I20="TTL","",IF($CT20="","",$Y20&"_"&$AE20)) -> GREY_OXL | CX20: =$L20 -> VBL | CY20: =$T20 -> 002 | CZ20: =IF($I20="TTL",SUMIF($C:$C,MID($K20,1,SEARCH("TTL",$K20)-2),$CZ:$CZ),$AF20) -> 250 | DA20: =$AM20 -> 79000 | DB20: =$Y20 -> GREY | DC20: =$AE20 -> OXL | DG20: 41778 | DH20: =IF(OR($I20="TTL",$I20=""),"",AZ20-$DH$11) -> 41733 | DI20: 41737 | DJ20: 41737 | DK20: 41829 | DP20: =IF(OR($DN20="없음",$I20="TTL",$I20=""),"",AZ20-$DP$11) -> 41763 | DV20: 41838 | EC20: =IF(OR($Z19&$AX19=$Z20&$AX19,$Z20&$AX20=""),"",$Z20&$AX20) | ED20: =IF(OR(Z19&AE19=Z20&AE20,Z20=""),"",Z20&AE20) -> VBLTLF4002GYOXL | EE20: =IF($ED20="",0,IF(COUNTIF(ED$12:ED19,ED20)=0,0,COUNTIF(ED$12:ED19,ED20))) -> 0 | EF20: =IF(OR($AJ20="B",$ED20="",MID($U20,8,1)=$EF$9,MID($U20,8,1)=$EF$10),0,1) -> 0 | EG20: =IF(EE20+EF20=0,"","R"&(EE20+EF20)) | EI20: =IF($ED20="","",IF($EE20=0,U20,"")) -> VBLTLF4002 | EJ20: =IF($ED20="","",IF($EE20=0,Z20,"")) -> VBLTLF4002GY
A21: =IF(OR($I21="TTL",$I21=""),"",IF(ISERROR(VLOOKUP($B21,CODE!$D:$G,CODE!$F$1-2,FALSE))=TRUE,"전략",VLOOKUP($B21,CODE!$D:$G,CODE!$F$1-2,FALSE))) | B21: =IF(OR($I21="TTL",$I21=""),"",IF(VLOOKUP($P21,CODE!$K:$O,CODE!$O$1,FALSE)="",$I21,$I21&"-"&VLOOKUP($P21,CODE!$K:$O,CODE!$O$1,FALSE))) | C21: =IF($I21="TTL","",I21&"-"&$AG21&"-"&$AI21) | D21: =$C21&$Z21 | E21: =IF($I21="TTL",0,IF(ISERROR(IF($Z20=$Z21,$E20,$E20+1))=TRUE,1,IF($Z20=$Z21,$E20,$E20+1))) -> 0 | F21: =$C21&$E21 -> 0 | G21: =$F21&"-"&$U21&$Y21&$AE21 -> 0- | H21: =IF(ISERROR(I21&VLOOKUP(P21,CODE!$K:$N,CODE!$N$1,FALSE)&S21)=TRUE,0,I21&VLOOKUP(P21,CODE!$K:$N,CODE!$N$1,FALSE)&S21) -> 0 | I21: =IF(ISERROR(SEARCH("TTL",$K21))=TRUE,IF($L21="","",VLOOKUP($L21,CODE!$B:$G,CODE!$D$1,FALSE)),"TTL") -> TTL | J21: =MID(W21,1,6) | K21: =C20&" TTL" -> VBL-아트인드림-01 TTL | M21: =IF(OR($I21="TTL",$L21=""),"",VLOOKUP($L21,CODE!$B:$D,CODE!$C$1,FALSE)) | N21: =IF(OR($I21="TTL",$L21=""),"",VLOOKUP($K$2,CODE!$S:$T,CODE!$T$1-1,FALSE)) | O21: =IF(OR($I21="TTL",$L21=""),"",VLOOKUP($L$2,CODE!$X:$Y,CODE!$Y$1-1,FALSE)) | Q21: =IF(OR($I21="TTL",$P21=""),"",VLOOKUP($P21,CODE!$K:$M,CODE!$L$1,FALSE)) | T21: =IF(OR($I21="TTL",$S21=""),"",IF($S21<10,"00"&$S21,IF($S21<100,"0"&$S21,$S21))) | U21: =IF($I21="TTL","",$L21&$P21&$N21&$O21&$T21) | V21: =IF($I21="TTL",SUMIF($C:$C,MID($K21,1,SEARCH("TTL",$K21)-2),$V:$V),IF($EI21="",0,1/COUNTIF($EI:$EI,$EI21))) -> 2 | X21: =IF($Y21="","",VLOOKUP($Y21,CODE!$AE:$AF,CODE!$AF$1-1,FALSE)) | Z21: =$U21&$X21 | AA21: =VLOOKUP($Z21&$AX21,$EC:$EG,5,FALSE) | AB21: =IF($I21="TTL",SUMIF($C:$C,MID($K21,1,SEARCH("TTL",$K21)-2),$AB:$AB),IF($EJ21="",0,1/COUNTIF($EJ:$EJ,$EJ21))) -> 2 | AC21: 0 | AD21: 1 | AI21: =IF($AH21=0,"",IF($AH21<10,"0"&$AH21,$AH21)) | AL21: =IF($AK21=0,"",IF($AK21="KR",2,1)) | AM21: =IF(ISERROR(VLOOKUP($F21,[1]기획현황취합!$A$1:$E$65440,[1]기획현황취합!$B$1,FALSE))=TRUE,0,VLOOKUP($F21,[1]기획현황취합!$A$1:$E$65440,[1]기획현황취합!$B$1,FALSE)) -> 0 | AN21: =IF(ISERROR(VLOOKUP($F21,[1]기획현황취합!$A$1:$E$65440,[1]기획현황취합!$C$1,FALSE))=TRUE,0,VLOOKUP($F21,[1]기획현황취합!$A$1:$E$65440,[1]기획현황취합!$C$1,FALSE)) -> 0 | AO21: =IF(ISERROR(($AM21/1.1)/VLOOKUP($AG21,'TARGET MU'!$A:$D,'TARGET MU'!$D$1,FALSE))=TRUE,0,($AM21/1.1)/VLOOKUP($AG21,'TARGET MU'!$A:$D,'TARGET MU'!$D$1,FALSE)) -> 0 | AP21: =IF(OR(AF21=0,AND(AV21=0,AW21=0)),0,IF(AG21="캡보이2",AV21*$AQ$5+AU21,IF(OR(AK21="IN",AK21="BG",AK21="VT",AK21="CB"),$AU21+(($AV21*(1+$AW$4))*(HLOOKUP(VLOOKUP(AG21,'TARGET MU'!$A:$P,'TARGET MU'!$J$1,FALSE),$AO$4:$AR$5,2,FALSE)))+$AW21,$AU21+((($AV21*(1+$AW$4))*(1+HLOOKUP(VLOOKUP($P21,CODE!$K:$P,CODE!$P$1,FALSE),$AS$4:$AV$5,2,FALSE)))*(HLOOKUP(VLOOKUP(AG21,'TARGET MU'!$A:$P,'TARGET MU'!$J$1,FALSE),$AO$4:$AR$5,2,FALSE)))+$AW21))) -> 0 | AQ21: =AP21-AO21 -> 0 | AR21: 0 | AS21: 0 | AU21: =SUM(AR21:AT21) -> 0 | AV21: 0 | AW21: 0 | AX21: =IF(ISERROR(VLOOKUP($F21,[1]기획현황취합!$A$1:$E$65440,[1]기획현황취합!$D$1,FALSE))=TRUE,0,VLOOKUP($F21,[1]기획현황취합!$A$1:$E$65440,[1]기획현황취합!$D$1,FALSE)) -> 0 | AY21: 0 | AZ21: =IF(ISERROR(VLOOKUP($F21,[1]기획현황취합!$A$1:$E$65440,[1]기획현황취합!$E$1,FALSE))=TRUE,0,VLOOKUP($F21,[1]기획현황취합!$A$1:$E$65440,[1]기획현황취합!$E$1,FALSE)) -> 0 | BA21: 0 | BB21: 0 | BC21: 0 | BD21: 0 | BE21: 0 | BF21: 0 | BG21: 0 | BH21: 0 | BI21: =IF($I21="TTL",SUMIF($C:$C,MID($K21,1,SEARCH("TTL",$K21)-2),$BI:$BI),SUMIF(실입고현황!$A:$A,BB21&VLOOKUP($AG21,'TARGET MU'!$A:$D,'TARGET MU'!$B$1,FALSE)&$Z21&" "&$AE21,실입고현황!$C:$C)) -> 2153 | BJ21: =IF($I21="TTL",SUMIF($C:$C,MID($K21,1,SEARCH("TTL",$K21)-2),$BJ:$BJ),SUMIF(실입고현황!$A:$A,BC21&VLOOKUP($AG21,'TARGET MU'!$A:$D,'TARGET MU'!$B$1,FALSE)&$Z21&" "&$AE21,실입고현황!$C:$C)) -> 331 | BK21: =IF($I21="TTL",SUMIF($C:$C,MID($K21,1,SEARCH("TTL",$K21)-2),$BK:$BK),SUMIF(실입고현황!$A:$A,BD21&VLOOKUP($AG21,'TARGET MU'!$A:$D,'TARGET MU'!$B$1,FALSE)&$Z21&" "&$AE21,실입고현황!$C:$C)) -> 0 | BL21: =IF($I21="TTL",SUMIF($C:$C,MID($K21,1,SEARCH("TTL",$K21)-2),$BL:$BL),SUMIF(실입고현황!$A:$A,BE21&VLOOKUP($AG21,'TARGET MU'!$A:$D,'TARGET MU'!$B$1,FALSE)&$Z21&" "&$AE21,실입고현황!$C:$C)) -> 0 | BM21: =IF($I21="TTL",SUMIF($C:$C,MID($K21,1,SEARCH("TTL",$K21)-2),$BM:$BM),SUMIF(실입고현황!$A:$A,BF21&VLOOKUP($AG21,'TARGET MU'!$A:$D,'TARGET MU'!$B$1,FALSE)&$Z21&" "&$AE21,실입고현황!$C:$C)) -> 0 | BN21: =IF($I21="TTL",SUMIF($C:$C,MID($K21,1,SEARCH("TTL",$K21)-2),$BN:$BN),IF(($BO21-SUM($BI21,$BJ21,$BK21,BL21,BM21))<$BO21*$BN$6,0,$BO21-SUM($BI21,$BJ21,$BK21,BL21,BM21))) -> 0 | BO21: =IF($I21="TTL",SUMIF($C:$C,MID($K21,1,SEARCH("TTL",$K21)-2),$BO:$BO),$AF21) -> 2400 | BP21: =IF($I21="TTL",SUMIF($C:$C,MID($K21,1,SEARCH("TTL",$K21)-2),$BP:$BP),IF($AP21=0,$AO21*$AF21,$AP21*$AF21)) -> 40140000 | BQ21: =IF($I21="TTL",SUMIF($C:$C,MID($K21,1,SEARCH("TTL",$K21)-2),$BQ:$BQ),$AM21*$AF21) -> 189600000 | BR21: =IF(ISERROR($BQ21/($BP21*1.1))=TRUE,0,$BQ21/($BP21*1.1)) -> 4.2940617 | BT21: =IF(ISERROR(Z21&VLOOKUP($AG21,'TARGET MU'!$A:$D,'TARGET MU'!$B$1,FALSE))=TRUE,"",Z21&VLOOKUP($AG21,'TARGET MU'!$A:$D,'TARGET MU'!$B$1,FALSE)) | BU21: =AP21 -> 0 | BV21: =Z21&AE21&AF21&AM21&AG21&AI21&AK21 -> 0 | BX21: =IF($I21="TTL","",$L21) | BY21: =$O21 | BZ21: =$AJ21 -> 0 | CA21: =$P21 -> 0 | CB21: =$R21 -> 0 | CC21: =$AK21 -> 0 | CD21: =$W21 -> 0 | CE21: =$U21 | CF21: =$T21 | CG21: =$W21 -> 0 | CH21: =$X21 | CI21: =$AD21 -> 1 | CJ21: =$AE21 -> 0 | CK21: =IF($I21="TTL",SUMIF($C:$C,MID($K21,1,SEARCH("TTL",$K21)-2),$BO:$BO),$AF21) -> 2400 | CL21: =$AV21 -> 0 | CM21: =$AM21 -> 0 | CN21: =$AP21-$AU21 -> 0 | CO21: =$AU21 -> 0 | CP21: =$AL21 | CT21: =IF($I21="TTL",$K21,$Z21&$AE21) -> VBL-아트인드림-01 TTL | CU21: =$M21 | CV21: =IF($I21="TTL","",IF($CT21="","",$Q21&"_"&$T21&IF(R21="K","_KIDS",""))) | CW21: =IF($I21="TTL","",IF($CT21="","",$Y21&"_"&$AE21)) | CX21: =$L21 -> 0 | CY21: =$T21 | CZ21: =IF($I21="TTL",SUMIF($C:$C,MID($K21,1,SEARCH("TTL",$K21)-2),$CZ:$CZ),$AF21) -> 2400 | DA21: =$AM21 -> 0 | DB21: =$Y21 -> 0 | DC21: =$AE21 -> 0 | DH21: =IF(OR($I21="TTL",$I21=""),"",AZ21-$DH$11) | DP21: =IF(OR($DN21="없음",$I21="TTL",$I21=""),"",AZ21-$DP$11) | EC21: =IF(OR($Z20&$AX20=$Z21&$AX20,$Z21&$AX21=""),"",$Z21&$AX21) -> 0 | ED21: =IF(OR(Z20&AE20=Z21&AE21,Z21=""),"",Z21&AE21) | EE21: =IF($ED21="",0,IF(COUNTIF(ED$12:ED20,ED21)=0,0,COUNTIF(ED$12:ED20,ED21))) -> 0 | EF21: =IF(OR($AJ21="B",$ED21="",MID($U21,8,1)=$EF$9,MID($U21,8,1)=$EF$10),0,1) -> 0 | EG21: =IF(EE21+EF21=0,"","R"&(EE21+EF21)) | EI21: =IF($ED21="","",IF($EE21=0,U21,"")) | EJ21: =IF($ED21="","",IF($EE21=0,Z21,""))
A22: =IF(OR($I22="TTL",$I22=""),"",IF(ISERROR(VLOOKUP($B22,CODE!$D:$G,CODE!$F$1-2,FALSE))=TRUE,"전략",VLOOKUP($B22,CODE!$D:$G,CODE!$F$1-2,FALSE))) -> 전략 | B22: =IF(OR($I22="TTL",$I22=""),"",IF(VLOOKUP($P22,CODE!$K:$O,CODE!$O$1,FALSE)="",$I22,$I22&"-"&VLOOKUP($P22,CODE!$K:$O,CODE!$O$1,FALSE))) -> VBL-의류 | C22: =IF($I22="TTL","",I22&"-"&$AG22&"-"&$AI22) -> VBL-EVERGREEN-02 | D22: =$C22&$Z22 -> VBL-EVERGREEN-02VBLTLF4003NY | E22: =IF($I22="TTL",0,IF(ISERROR(IF($Z21=$Z22,$E21,$E21+1))=TRUE,1,IF($Z21=$Z22,$E21,$E21+1))) -> 1 | F22: =$C22&$E22 -> VBL-EVERGREEN-021 | G22: =$F22&"-"&$U22&$Y22&$AE22 -> VBL-EVERGREEN-021-VBLTLF4003NAVYOSS | H22: =IF(ISERROR(I22&VLOOKUP(P22,CODE!$K:$N,CODE!$N$1,FALSE)&S22)=TRUE,0,I22&VLOOKUP(P22,CODE!$K:$N,CODE!$N$1,FALSE)&S22) -> VBL의류3 | I22: =IF(ISERROR(SEARCH("TTL",$K22))=TRUE,IF($L22="","",VLOOKUP($L22,CODE!$B:$G,CODE!$D$1,FALSE)),"TTL") -> VBL | J22: =MID(W22,1,6) -> 14FW V | L22: VBL | M22: =IF(OR($I22="TTL",$L22=""),"",VLOOKUP($L22,CODE!$B:$D,CODE!$C$1,FALSE)) -> VITAL BLUE | N22: =IF(OR($I22="TTL",$L22=""),"",VLOOKUP($K$2,CODE!$S:$T,CODE!$T$1-1,FALSE)) -> F | O22: 4 | P22: TL | Q22: =IF(OR($I22="TTL",$P22=""),"",VLOOKUP($P22,CODE!$K:$M,CODE!$L$1,FALSE)) -> LONG SLEEVES | R22: U | S22: 3 | T22: =IF(OR($I22="TTL",$S22=""),"",IF($S22<10,"00"&$S22,IF($S22<100,"0"&$S22,$S22))) -> 003 | U22: =IF($I22="TTL","",$L22&$P22&$N22&$O22&$T22) -> VBLTLF4003 | V22: =IF($I22="TTL",SUMIF($C:$C,MID($K22,1,SEARCH("TTL",$K22)-2),$V:$V),IF($EI22="",0,1/COUNTIF($EI:$EI,$EI22))) -> 0.125 | W22: 14FW VB_MTM_03_NV | X22: =IF($Y22="","",VLOOKUP($Y22,CODE!$AE:$AF,CODE!$AF$1-1,FALSE)) -> NY | Y22: NAVY | Z22: =$U22&$X22 -> VBLTLF4003NY | AA22: =VLOOKUP($Z22&$AX22,$EC:$EG,5,FALSE) | AB22: =IF($I22="TTL",SUMIF($C:$C,MID($K22,1,SEARCH("TTL",$K22)-2),$AB:$AB),IF($EJ22="",0,1/COUNTIF($EJ:$EJ,$EJ22))) -> 0.25 | AC22: 100% cotton | AD22: 1 | AE22: OSS | AF22: 200 | AG22: EVERGREEN | AH22: 2 | AI22: =IF($AH22=0,"",IF($AH22<10,"0"&$AH22,$AH22)) -> 02 | AJ22: M | AK22: CN | AL22: =IF($AK22=0,"",IF($AK22="KR",2,1)) -> 1 | AM22: =IF(ISERROR(VLOOKUP($F22,[1]기획현황취합!$A$1:$E$65440,[1]기획현황취합!$B$1,FALSE))=TRUE,0,VLOOKUP($F22,[1]기획현황취합!$A$1:$E$65440,[1]기획현황취합!$B$1,FALSE)) -> 69000 | AN22: =IF(ISERROR(VLOOKUP($F22,[1]기획현황취합!$A$1:$E$65440,[1]기획현황취합!$C$1,FALSE))=TRUE,0,VLOOKUP($F22,[1]기획현황취합!$A$1:$E$65440,[1]기획현황취합!$C$1,FALSE)) -> 41803 | AO22: =IF(ISERROR(($AM22/1.1)/VLOOKUP($AG22,'TARGET MU'!$A:$D,'TARGET MU'!$D$1,FALSE))=TRUE,0,($AM22/1.1)/VLOOKUP($AG22,'TARGET MU'!$A:$D,'TARGET MU'!$D$1,FALSE)) -> 12545.455 | AP22: =IF(OR(AF22=0,AND(AV22=0,AW22=0)),0,IF(AG22="캡보이2",AV22*$AQ$5+AU22,IF(OR(AK22="IN",AK22="BG",AK22="VT",AK22="CB"),$AU22+(($AV22*(1+$AW$4))*(HLOOKUP(VLOOKUP(AG22,'TARGET MU'!$A:$P,'TARGET MU'!$J$1,FALSE),$AO$4:$AR$5,2,FALSE)))+$AW22,$AU22+((($AV22*(1+$AW$4))*(1+HLOOKUP(VLOOKUP($P22,CODE!$K:$P,CODE!$P$1,FALSE),$AS$4:$AV$5,2,FALSE)))*(HLOOKUP(VLOOKUP(AG22,'TARGET MU'!$A:$P,'TARGET MU'!$J$1,FALSE),$AO$4:$AR$5,2,FALSE)))+$AW22))) -> 13754.075 | AQ22: =AP22-AO22 -> 1208.6205 | AR22: 0 | AS22: 50 | AU22: =SUM(AR22:AT22) -> 50 | AV22: 10.5 | AW22: 0 | AX22: =IF(ISERROR(VLOOKUP($F22,[1]기획현황취합!$A$1:$E$65440,[1]기획현황취합!$D$1,FALSE))=TRUE,0,VLOOKUP($F22,[1]기획현황취합!$A$1:$E$65440,[1]기획현황취합!$D$1,FALSE)) -> 41737 | AY22: 41839 | AZ22: =IF(ISERROR(VLOOKUP($F22,[1]기획현황취합!$A$1:$E$65440,[1]기획현황취합!$E$1,FALSE))=TRUE,0,VLOOKUP($F22,[1]기획현황취합!$A$1:$E$65440,[1]기획현황취합!$E$1,FALSE)) -> 41823 | BA22: 41845 | BB22: 41876 | BC22: 41885 | BD22: 0 | BE22: 0 | BF22: 0 | BG22: 확정 | BH22: 0 | BI22: =IF($I22="TTL",SUMIF($C:$C,MID($K22,1,SEARCH("TTL",$K22)-2),$BI:$BI),SUMIF(실입고현황!$A:$A,BB22&VLOOKUP($AG22,'TARGET MU'!$A:$D,'TARGET MU'!$B$1,FALSE)&$Z22&" "&$AE22,실입고현황!$C:$C)) -> 206 | BJ22: =IF($I22="TTL",SUMIF($C:$C,MID($K22,1,SEARCH("TTL",$K22)-2),$BJ:$BJ),SUMIF(실입고현황!$A:$A,BC22&VLOOKUP($AG22,'TARGET MU'!$A:$D,'TARGET MU'!$B$1,FALSE)&$Z22&" "&$AE22,실입고현황!$C:$C)) -> 1 | BK22: =IF($I22="TTL",SUMIF($C:$C,MID($K22,1,SEARCH("TTL",$K22)-2),$BK:$BK),SUMIF(실입고현황!$A:$A,BD22&VLOOKUP($AG22,'TARGET MU'!$A:$D,'TARGET MU'!$B$1,FALSE)&$Z22&" "&$AE22,실입고현황!$C:$C)) -> 0 | BL22: =IF($I22="TTL",SUMIF($C:$C,MID($K22,1,SEARCH("TTL",$K22)-2),$BL:$BL),SUMIF(실입고현황!$A:$A,BE22&VLOOKUP($AG22,'TARGET MU'!$A:$D,'TARGET MU'!$B$1,FALSE)&$Z22&" "&$AE22,실입고현황!$C:$C)) -> 0 | BM22: =IF($I22="TTL",SUMIF($C:$C,MID($K22,1,SEARCH("TTL",$K22)-2),$BM:$BM),SUMIF(실입고현황!$A:$A,BF22&VLOOKUP($AG22,'TARGET MU'!$A:$D,'TARGET MU'!$B$1,FALSE)&$Z22&" "&$AE22,실입고현황!$C:$C)) -> 0 | BN22: =IF($I22="TTL",SUMIF($C:$C,MID($K22,1,SEARCH("TTL",$K22)-2),$BN:$BN),IF(($BO22-SUM($BI22,$BJ22,$BK22,BL22,BM22))<$BO22*$BN$6,0,$BO22-SUM($BI22,$BJ22,$BK22,BL22,BM22))) -> 0 | BO22: =IF($I22="TTL",SUMIF($C:$C,MID($K22,1,SEARCH("TTL",$K22)-2),$BO:$BO),$AF22) -> 200 | BP22: =IF($I22="TTL",SUMIF($C:$C,MID($K22,1,SEARCH("TTL",$K22)-2),$BP:$BP),IF($AP22=0,$AO22*$AF22,$AP22*$AF22)) -> 2750815 | BQ22: =IF($I22="TTL",SUMIF($C:$C,MID($K22,1,SEARCH("TTL",$K22)-2),$BQ:$BQ),$AM22*$AF22) -> 13800000 | BR22: =IF(ISERROR($BQ22/($BP22*1.1))=TRUE,0,$BQ22/($BP22*1.1)) -> 4.5606319 | BT22: =IF(ISERROR(Z22&VLOOKUP($AG22,'TARGET MU'!$A:$D,'TARGET MU'!$B$1,FALSE))=TRUE,"",Z22&VLOOKUP($AG22,'TARGET MU'!$A:$D,'TARGET MU'!$B$1,FALSE)) -> VBLTLF4003NY에버그린 | BU22: =AP22 -> 13754.075 | BV22: =Z22&AE22&AF22&AM22&AG22&AI22&AK22 -> VBLTLF4003NYOSS20069000EVERGREEN02CN | BX22: =IF($I22="TTL","",$L22) -> VBL | BY22: =$O22 -> 4 | BZ22: =$AJ22 -> M | CA22: =$P22 -> TL | CB22: =$R22 -> U | CC22: =$AK22 -> CN | CD22: =$W22 -> 14FW VB_MTM_03_NV | CE22: =$U22 -> VBLTLF4003 | CF22: =$T22 -> 003 | CG22: =$W22 -> 14FW VB_MTM_03_NV | CH22: =$X22 -> NY | CI22: =$AD22 -> 1 | CJ22: =$AE22 -> OSS | CK22: =IF($I22="TTL",SUMIF($C:$C,MID($K22,1,SEARCH("TTL",$K22)-2),$BO:$BO),$AF22) -> 200 | CL22: =$AV22 -> 10.5 | CM22: =$AM22 -> 69000 | CN22: =$AP22-$AU22 -> 13704.075 | CO22: =$AU22 -> 50 | CP22: =$AL22 -> 1 | CT22: =IF($I22="TTL",$K22,$Z22&$AE22) -> VBLTLF4003NYOSS | CU22: =$M22 -> VITAL BLUE | CV22: =IF($I22="TTL","",IF($CT22="","",$Q22&"_"&$T22&IF(R22="K","_KIDS",""))) -> LONG SLEEVES_003 | CW22: =IF($I22="TTL","",IF($CT22="","",$Y22&"_"&$AE22)) -> NAVY_OSS | CX22: =$L22 -> VBL | CY22: =$T22 -> 003 | CZ22: =IF($I22="TTL",SUMIF($C:$C,MID($K22,1,SEARCH("TTL",$K22)-2),$CZ:$CZ),$AF22) -> 200 | DA22: =$AM22 -> 69000 | DB22: =$Y22 -> NAVY | DC22: =$AE22 -> OSS | DG22: 41778 | DH22: =IF(OR($I22="TTL",$I22=""),"",AZ22-$DH$11) -> 41733 | DI22: 41737 | DJ22: 41737 | DP22: =IF(OR($DN22="없음",$I22="TTL",$I22=""),"",AZ22-$DP$11) -> 41763 | DV22: 41820 | EC22: =IF(OR($Z21&$AX21=$Z22&$AX21,$Z22&$AX22=""),"",$Z22&$AX22) -> VBLTLF4003NY41737 | ED22: =IF(OR(Z21&AE21=Z22&AE22,Z22=""),"",Z22&AE22) -> VBLTLF4003NYOSS | EE22: =IF($ED22="",0,IF(COUNTIF(ED$12:ED21,ED22)=0,0,COUNTIF(ED$12:ED21,ED22))) -> 0 | EF22: =IF(OR($AJ22="B",$ED22="",MID($U22,8,1)=$EF$9,MID($U22,8,1)=$EF$10),0,1) -> 0 | EG22: =IF(EE22+EF22=0,"","R"&(EE22+EF22)) | EI22: =IF($ED22="","",IF($EE22=0,U22,"")) -> VBLTLF4003 | EJ22: =IF($ED22="","",IF($EE22=0,Z22,"")) -> VBLTLF4003NY
A23: =IF(OR($I23="TTL",$I23=""),"",IF(ISERROR(VLOOKUP($B23,CODE!$D:$G,CODE!$F$1-2,FALSE))=TRUE,"전략",VLOOKUP($B23,CODE!$D:$G,CODE!$F$1-2,FALSE))) -> 전략 | B23: =IF(OR($I23="TTL",$I23=""),"",IF(VLOOKUP($P23,CODE!$K:$O,CODE!$O$1,FALSE)="",$I23,$I23&"-"&VLOOKUP($P23,CODE!$K:$O,CODE!$O$1,FALSE))) -> VBL-의류 | C23: =IF($I23="TTL","",I23&"-"&$AG23&"-"&$AI23) -> VBL-EVERGREEN-02 | D23: =$C23&$Z23 -> VBL-EVERGREEN-02VBLTLF4003NY | E23: =IF($I23="TTL",0,IF(ISERROR(IF($Z22=$Z23,$E22,$E22+1))=TRUE,1,IF($Z22=$Z23,$E22,$E22+1))) -> 1 | F23: =$C23&$E23 -> VBL-EVERGREEN-021 | G23: =$F23&"-"&$U23&$Y23&$AE23 -> VBL-EVERGREEN-021-VBLTLF4003NAVYOMM | H23: =IF(ISERROR(I23&VLOOKUP(P23,CODE!$K:$N,CODE!$N$1,FALSE)&S23)=TRUE,0,I23&VLOOKUP(P23,CODE!$K:$N,CODE!$N$1,FALSE)&S23) -> VBL의류3 | I23: =IF(ISERROR(SEARCH("TTL",$K23))=TRUE,IF($L23="","",VLOOKUP($L23,CODE!$B:$G,CODE!$D$1,FALSE)),"TTL") -> VBL | J23: =MID(W23,1,6) -> 14FW V | L23: VBL | M23: =IF(OR($I23="TTL",$L23=""),"",VLOOKUP($L23,CODE!$B:$D,CODE!$C$1,FALSE)) -> VITAL BLUE | N23: =IF(OR($I23="TTL",$L23=""),"",VLOOKUP($K$2,CODE!$S:$T,CODE!$T$1-1,FALSE)) -> F | O23: 4 | P23: TL | Q23: =IF(OR($I23="TTL",$P23=""),"",VLOOKUP($P23,CODE!$K:$M,CODE!$L$1,FALSE)) -> LONG SLEEVES | R23: U | S23: 3 | T23: =IF(OR($I23="TTL",$S23=""),"",IF($S23<10,"00"&$S23,IF($S23<100,"0"&$S23,$S23))) -> 003 | U23: =IF($I23="TTL","",$L23&$P23&$N23&$O23&$T23) -> VBLTLF4003 | V23: =IF($I23="TTL",SUMIF($C:$C,MID($K23,1,SEARCH("TTL",$K23)-2),$V:$V),IF($EI23="",0,1/COUNTIF($EI:$EI,$EI23))) -> 0.125 | W23: 14FW VB_MTM_03_NV | X23: =IF($Y23="","",VLOOKUP($Y23,CODE!$AE:$AF,CODE!$AF$1-1,FALSE)) -> NY | Y23: NAVY | Z23: =$U23&$X23 -> VBLTLF4003NY | AA23: =VLOOKUP($Z23&$AX23,$EC:$EG,5,FALSE) | AB23: =IF($I23="TTL",SUMIF($C:$C,MID($K23,1,SEARCH("TTL",$K23)-2),$AB:$AB),IF($EJ23="",0,1/COUNTIF($EJ:$EJ,$EJ23))) -> 0.25 | AC23: 100% cotton | AD23: 1 | AE23: OMM | AF23: 300 | AG23: EVERGREEN | AH23: 2 | AI23: =IF($AH23=0,"",IF($AH23<10,"0"&$AH23,$AH23)) -> 02 | AJ23: M | AK23: CN | AL23: =IF($AK23=0,"",IF($AK23="KR",2,1)) -> 1 | AM23: =IF(ISERROR(VLOOKUP($F23,[1]기획현황취합!$A$1:$E$65440,[1]기획현황취합!$B$1,FALSE))=TRUE,0,VLOOKUP($F23,[1]기획현황취합!$A$1:$E$65440,[1]기획현황취합!$B$1,FALSE)) -> 69000 | AN23: =IF(ISERROR(VLOOKUP($F23,[1]기획현황취합!$A$1:$E$65440,[1]기획현황취합!$C$1,FALSE))=TRUE,0,VLOOKUP($F23,[1]기획현황취합!$A$1:$E$65440,[1]기획현황취합!$C$1,FALSE)) -> 41803 | AO23: =IF(ISERROR(($AM23/1.1)/VLOOKUP($AG23,'TARGET MU'!$A:$D,'TARGET MU'!$D$1,FALSE))=TRUE,0,($AM23/1.1)/VLOOKUP($AG23,'TARGET MU'!$A:$D,'TARGET MU'!$D$1,FALSE)) -> 12545.455 | AP23: =IF(OR(AF23=0,AND(AV23=0,AW23=0)),0,IF(AG23="캡보이2",AV23*$AQ$5+AU23,IF(OR(AK23="IN",AK23="BG",AK23="VT",AK23="CB"),$AU23+(($AV23*(1+$AW$4))*(HLOOKUP(VLOOKUP(AG23,'TARGET MU'!$A:$P,'TARGET MU'!$J$1,FALSE),$AO$4:$AR$5,2,FALSE)))+$AW23,$AU23+((($AV23*(1+$AW$4))*(1+HLOOKUP(VLOOKUP($P23,CODE!$K:$P,CODE!$P$1,FALSE),$AS$4:$AV$5,2,FALSE)))*(HLOOKUP(VLOOKUP(AG23,'TARGET MU'!$A:$P,'TARGET MU'!$J$1,FALSE),$AO$4:$AR$5,2,FALSE)))+$AW23))) -> 13754.075 | AQ23: =AP23-AO23 -> 1208.6205 | AR23: 0 | AS23: 50 | AU23: =SUM(AR23:AT23) -> 50 | AV23: 10.5 | AW23: 0 | AX23: =IF(ISERROR(VLOOKUP($F23,[1]기획현황취합!$A$1:$E$65440,[1]기획현황취합!$D$1,FALSE))=TRUE,0,VLOOKUP($F23,[1]기획현황취합!$A$1:$E$65440,[1]기획현황취합!$D$1,FALSE)) -> 41737 | AY23: 41839 | AZ23: =IF(ISERROR(VLOOKUP($F23,[1]기획현황취합!$A$1:$E$65440,[1]기획현황취합!$E$1,FALSE))=TRUE,0,VLOOKUP($F23,[1]기획현황취합!$A$1:$E$65440,[1]기획현황취합!$E$1,FALSE)) -> 41823 | BA23: 41845 | BB23: 41876 | BC23: 41885 | BD23: 0 | BE23: 0 | BF23: 0 | BG23: 확정 | BH23: 0 | BI23: =IF($I23="TTL",SUMIF($C:$C,MID($K23,1,SEARCH("TTL",$K23)-2),$BI:$BI),SUMIF(실입고현황!$A:$A,BB23&VLOOKUP($AG23,'TARGET MU'!$A:$D,'TARGET MU'!$B$1,FALSE)&$Z23&" "&$AE23,실입고현황!$C:$C)) -> 289 | BJ23: =IF($I23="TTL",SUMIF($C:$C,MID($K23,1,SEARCH("TTL",$K23)-2),$BJ:$BJ),SUMIF(실입고현황!$A:$A,BC23&VLOOKUP($AG23,'TARGET MU'!$A:$D,'TARGET MU'!$B$1,FALSE)&$Z23&" "&$AE23,실입고현황!$C:$C)) -> 16 | BK23: =IF($I23="TTL",SUMIF($C:$C,MID($K23,1,SEARCH("TTL",$K23)-2),$BK:$BK),SUMIF(실입고현황!$A:$A,BD23&VLOOKUP($AG23,'TARGET MU'!$A:$D,'TARGET MU'!$B$1,FALSE)&$Z23&" "&$AE23,실입고현황!$C:$C)) -> 0 | BL23: =IF($I23="TTL",SUMIF($C:$C,MID($K23,1,SEARCH("TTL",$K23)-2),$BL:$BL),SUMIF(실입고현황!$A:$A,BE23&VLOOKUP($AG23,'TARGET MU'!$A:$D,'TARGET MU'!$B$1,FALSE)&$Z23&" "&$AE23,실입고현황!$C:$C)) -> 0 | BM23: =IF($I23="TTL",SUMIF($C:$C,MID($K23,1,SEARCH("TTL",$K23)-2),$BM:$BM),SUMIF(실입고현황!$A:$A,BF23&VLOOKUP($AG23,'TARGET MU'!$A:$D,'TARGET MU'!$B$1,FALSE)&$Z23&" "&$AE23,실입고현황!$C:$C)) -> 0 | BN23: =IF($I23="TTL",SUMIF($C:$C,MID($K23,1,SEARCH("TTL",$K23)-2),$BN:$BN),IF(($BO23-SUM($BI23,$BJ23,$BK23,BL23,BM23))<$BO23*$BN$6,0,$BO23-SUM($BI23,$BJ23,$BK23,BL23,BM23))) -> 0 | BO23: =IF($I23="TTL",SUMIF($C:$C,MID($K23,1,SEARCH("TTL",$K23)-2),$BO:$BO),$AF23) -> 300 | BP23: =IF($I23="TTL",SUMIF($C:$C,MID($K23,1,SEARCH("TTL",$K23)-2),$BP:$BP),IF($AP23=0,$AO23*$AF23,$AP23*$AF23)) -> 4126222.5 | BQ23: =IF($I23="TTL",SUMIF($C:$C,MID($K23,1,SEARCH("TTL",$K23)-2),$BQ:$BQ),$AM23*$AF23) -> 20700000 | BR23: =IF(ISERROR($BQ23/($BP23*1.1))=TRUE,0,$BQ23/($BP23*1.1)) -> 4.5606319 | BT23: =IF(ISERROR(Z23&VLOOKUP($AG23,'TARGET MU'!$A:$D,'TARGET MU'!$B$1,FALSE))=TRUE,"",Z23&VLOOKUP($AG23,'TARGET MU'!$A:$D,'TARGET MU'!$B$1,FALSE)) -> VBLTLF4003NY에버그린 | BU23: =AP23 -> 13754.075 | BV23: =Z23&AE23&AF23&AM23&AG23&AI23&AK23 -> VBLTLF4003NYOMM30069000EVERGREEN02CN | BX23: =IF($I23="TTL","",$L23) -> VBL | BY23: =$O23 -> 4 | BZ23: =$AJ23 -> M | CA23: =$P23 -> TL | CB23: =$R23 -> U | CC23: =$AK23 -> CN | CD23: =$W23 -> 14FW VB_MTM_03_NV | CE23: =$U23 -> VBLTLF4003 | CF23: =$T23 -> 003 | CG23: =$W23 -> 14FW VB_MTM_03_NV | CH23: =$X23 -> NY | CI23: =$AD23 -> 1 | CJ23: =$AE23 -> OMM | CK23: =IF($I23="TTL",SUMIF($C:$C,MID($K23,1,SEARCH("TTL",$K23)-2),$BO:$BO),$AF23) -> 300 | CL23: =$AV23 -> 10.5 | CM23: =$AM23 -> 69000 | CN23: =$AP23-$AU23 -> 13704.075 | CO23: =$AU23 -> 50 | CP23: =$AL23 -> 1 | CT23: =IF($I23="TTL",$K23,$Z23&$AE23) -> VBLTLF4003NYOMM | CU23: =$M23 -> VITAL BLUE | CV23: =IF($I23="TTL","",IF($CT23="","",$Q23&"_"&$T23&IF(R23="K","_KIDS",""))) -> LONG SLEEVES_003 | CW23: =IF($I23="TTL","",IF($CT23="","",$Y23&"_"&$AE23)) -> NAVY_OMM | CX23: =$L23 -> VBL | CY23: =$T23 -> 003 | CZ23: =IF($I23="TTL",SUMIF($C:$C,MID($K23,1,SEARCH("TTL",$K23)-2),$CZ:$CZ),$AF23) -> 300 | DA23: =$AM23 -> 69000 | DB23: =$Y23 -> NAVY | DC23: =$AE23 -> OMM | DG23: 41778 | DH23: =IF(OR($I23="TTL",$I23=""),"",AZ23-$DH$11) -> 41733 | DI23: 41737 | DJ23: 41737 | DP23: =IF(OR($DN23="없음",$I23="TTL",$I23=""),"",AZ23-$DP$11) -> 41763 | DV23: 41820 | EC23: =IF(OR($Z22&$AX22=$Z23&$AX22,$Z23&$AX23=""),"",$Z23&$AX23) | ED23: =IF(OR(Z22&AE22=Z23&AE23,Z23=""),"",Z23&AE23) -> VBLTLF4003NYOMM | EE23: =IF($ED23="",0,IF(COUNTIF(ED$12:ED22,ED23)=0,0,COUNTIF(ED$12:ED22,ED23))) -> 0 | EF23: =IF(OR($AJ23="B",$ED23="",MID($U23,8,1)=$EF$9,MID($U23,8,1)=$EF$10),0,1) -> 0 | EG23: =IF(EE23+EF23=0,"","R"&(EE23+EF23)) | EI23: =IF($ED23="","",IF($EE23=0,U23,"")) -> VBLTLF4003 | EJ23: =IF($ED23="","",IF($EE23=0,Z23,"")) -> VBLTLF4003NY
A24: =IF(OR($I24="TTL",$I24=""),"",IF(ISERROR(VLOOKUP($B24,CODE!$D:$G,CODE!$F$1-2,FALSE))=TRUE,"전략",VLOOKUP($B24,CODE!$D:$G,CODE!$F$1-2,FALSE))) -> 전략 | B24: =IF(OR($I24="TTL",$I24=""),"",IF(VLOOKUP($P24,CODE!$K:$O,CODE!$O$1,FALSE)="",$I24,$I24&"-"&VLOOKUP($P24,CODE!$K:$O,CODE!$O$1,FALSE))) -> VBL-의류 | C24: =IF($I24="TTL","",I24&"-"&$AG24&"-"&$AI24) -> VBL-EVERGREEN-02 | D24: =$C24&$Z24 -> VBL-EVERGREEN-02VBLTLF4003NY | E24: =IF($I24="TTL",0,IF(ISERROR(IF($Z23=$Z24,$E23,$E23+1))=TRUE,1,IF($Z23=$Z24,$E23,$E23+1))) -> 1 | F24: =$C24&$E24 -> VBL-EVERGREEN-021 | G24: =$F24&"-"&$U24&$Y24&$AE24 -> VBL-EVERGREEN-021-VBLTLF4003NAVYOLL | H24: =IF(ISERROR(I24&VLOOKUP(P24,CODE!$K:$N,CODE!$N$1,FALSE)&S24)=TRUE,0,I24&VLOOKUP(P24,CODE!$K:$N,CODE!$N$1,FALSE)&S24) -> VBL의류3 | I24: =IF(ISERROR(SEARCH("TTL",$K24))=TRUE,IF($L24="","",VLOOKUP($L24,CODE!$B:$G,CODE!$D$1,FALSE)),"TTL") -> VBL | J24: =MID(W24,1,6) -> 14FW V | L24: VBL | M24: =IF(OR($I24="TTL",$L24=""),"",VLOOKUP($L24,CODE!$B:$D,CODE!$C$1,FALSE)) -> VITAL BLUE | N24: =IF(OR($I24="TTL",$L24=""),"",VLOOKUP($K$2,CODE!$S:$T,CODE!$T$1-1,FALSE)) -> F | O24: 4 | P24: TL | Q24: =IF(OR($I24="TTL",$P24=""),"",VLOOKUP($P24,CODE!$K:$M,CODE!$L$1,FALSE)) -> LONG SLEEVES | R24: U | S24: 3 | T24: =IF(OR($I24="TTL",$S24=""),"",IF($S24<10,"00"&$S24,IF($S24<100,"0"&$S24,$S24))) -> 003 | U24: =IF($I24="TTL","",$L24&$P24&$N24&$O24&$T24) -> VBLTLF4003 | V24: =IF($I24="TTL",SUMIF($C:$C,MID($K24,1,SEARCH("TTL",$K24)-2),$V:$V),IF($EI24="",0,1/COUNTIF($EI:$EI,$EI24))) -> 0.125 | W24: 14FW VB_MTM_03_NV | X24: =IF($Y24="","",VLOOKUP($Y24,CODE!$AE:$AF,CODE!$AF$1-1,FALSE)) -> NY | Y24: NAVY | Z24: =$U24&$X24 -> VBLTLF4003NY | AA24: =VLOOKUP($Z24&$AX24,$EC:$EG,5,FALSE) | AB24: =IF($I24="TTL",SUMIF($C:$C,MID($K24,1,SEARCH("TTL",$K24)-2),$AB:$AB),IF($EJ24="",0,1/COUNTIF($EJ:$EJ,$EJ24))) -> 0.25 | AC24: 100% cotton | AD24: 1 | AE24: OLL | AF24: 300 | AG24: EVERGREEN | AH24: 2 | AI24: =IF($AH24=0,"",IF($AH24<10,"0"&$AH24,$AH24)) -> 02 | AJ24: M | AK24: CN | AL24: =IF($AK24=0,"",IF($AK24="KR",2,1)) -> 1 | AM24: =IF(ISERROR(VLOOKUP($F24,[1]기획현황취합!$A$1:$E$65440,[1]기획현황취합!$B$1,FALSE))=TRUE,0,VLOOKUP($F24,[1]기획현황취합!$A$1:$E$65440,[1]기획현황취합!$B$1,FALSE)) -> 69000 | AN24: =IF(ISERROR(VLOOKUP($F24,[1]기획현황취합!$A$1:$E$65440,[1]기획현황취합!$C$1,FALSE))=TRUE,0,VLOOKUP($F24,[1]기획현황취합!$A$1:$E$65440,[1]기획현황취합!$C$1,FALSE)) -> 41803 | AO24: =IF(ISERROR(($AM24/1.1)/VLOOKUP($AG24,'TARGET MU'!$A:$D,'TARGET MU'!$D$1,FALSE))=TRUE,0,($AM24/1.1)/VLOOKUP($AG24,'TARGET MU'!$A:$D,'TARGET MU'!$D$1,FALSE)) -> 12545.455 | AP24: =IF(OR(AF24=0,AND(AV24=0,AW24=0)),0,IF(AG24="캡보이2",AV24*$AQ$5+AU24,IF(OR(AK24="IN",AK24="BG",AK24="VT",AK24="CB"),$AU24+(($AV24*(1+$AW$4))*(HLOOKUP(VLOOKUP(AG24,'TARGET MU'!$A:$P,'TARGET MU'!$J$1,FALSE),$AO$4:$AR$5,2,FALSE)))+$AW24,$AU24+((($AV24*(1+$AW$4))*(1+HLOOKUP(VLOOKUP($P24,CODE!$K:$P,CODE!$P$1,FALSE),$AS$4:$AV$5,2,FALSE)))*(HLOOKUP(VLOOKUP(AG24,'TARGET MU'!$A:$P,'TARGET MU'!$J$1,FALSE),$AO$4:$AR$5,2,FALSE)))+$AW24))) -> 13754.075 | AQ24: =AP24-AO24 -> 1208.6205 | AR24: 0 | AS24: 50 | AU24: =SUM(AR24:AT24) -> 50 | AV24: 10.5 | AW24: 0 | AX24: =IF(ISERROR(VLOOKUP($F24,[1]기획현황취합!$A$1:$E$65440,[1]기획현황취합!$D$1,FALSE))=TRUE,0,VLOOKUP($F24,[1]기획현황취합!$A$1:$E$65440,[1]기획현황취합!$D$1,FALSE)) -> 41737 | AY24: 41839 | AZ24: =IF(ISERROR(VLOOKUP($F24,[1]기획현황취합!$A$1:$E$65440,[1]기획현황취합!$E$1,FALSE))=TRUE,0,VLOOKUP($F24,[1]기획현황취합!$A$1:$E$65440,[1]기획현황취합!$E$1,FALSE)) -> 41823 | BA24: 41845 | BB24: 41876 | BC24: 41885 | BD24: 0 | BE24: 0 | BF24: 0 | BG24: 확정 | BH24: 0 | BI24: =IF($I24="TTL",SUMIF($C:$C,MID($K24,1,SEARCH("TTL",$K24)-2),$BI:$BI),SUMIF(실입고현황!$A:$A,BB24&VLOOKUP($AG24,'TARGET MU'!$A:$D,'TARGET MU'!$B$1,FALSE)&$Z24&" "&$AE24,실입고현황!$C:$C)) -> 293 | BJ24: =IF($I24="TTL",SUMIF($C:$C,MID($K24,1,SEARCH("TTL",$K24)-2),$BJ:$BJ),SUMIF(실입고현황!$A:$A,BC24&VLOOKUP($AG24,'TARGET MU'!$A:$D,'TARGET MU'!$B$1,FALSE)&$Z24&" "&$AE24,실입고현황!$C:$C)) -> 2 | BK24: =IF($I24="TTL",SUMIF($C:$C,MID($K24,1,SEARCH("TTL",$K24)-2),$BK:$BK),SUMIF(실입고현황!$A:$A,BD24&VLOOKUP($AG24,'TARGET MU'!$A:$D,'TARGET MU'!$B$1,FALSE)&$Z24&" "&$AE24,실입고현황!$C:$C)) -> 0 | BL24: =IF($I24="TTL",SUMIF($C:$C,MID($K24,1,SEARCH("TTL",$K24)-2),$BL:$BL),SUMIF(실입고현황!$A:$A,BE24&VLOOKUP($AG24,'TARGET MU'!$A:$D,'TARGET MU'!$B$1,FALSE)&$Z24&" "&$AE24,실입고현황!$C:$C)) -> 0 | BM24: =IF($I24="TTL",SUMIF($C:$C,MID($K24,1,SEARCH("TTL",$K24)-2),$BM:$BM),SUMIF(실입고현황!$A:$A,BF24&VLOOKUP($AG24,'TARGET MU'!$A:$D,'TARGET MU'!$B$1,FALSE)&$Z24&" "&$AE24,실입고현황!$C:$C)) -> 0 | BN24: =IF($I24="TTL",SUMIF($C:$C,MID($K24,1,SEARCH("TTL",$K24)-2),$BN:$BN),IF(($BO24-SUM($BI24,$BJ24,$BK24,BL24,BM24))<$BO24*$BN$6,0,$BO24-SUM($BI24,$BJ24,$BK24,BL24,BM24))) -> 0 | BO24: =IF($I24="TTL",SUMIF($C:$C,MID($K24,1,SEARCH("TTL",$K24)-2),$BO:$BO),$AF24) -> 300 | BP24: =IF($I24="TTL",SUMIF($C:$C,MID($K24,1,SEARCH("TTL",$K24)-2),$BP:$BP),IF($AP24=0,$AO24*$AF24,$AP24*$AF24)) -> 4126222.5 | BQ24: =IF($I24="TTL",SUMIF($C:$C,MID($K24,1,SEARCH("TTL",$K24)-2),$BQ:$BQ),$AM24*$AF24) -> 20700000 | BR24: =IF(ISERROR($BQ24/($BP24*1.1))=TRUE,0,$BQ24/($BP24*1.1)) -> 4.5606319 | BT24: =IF(ISERROR(Z24&VLOOKUP($AG24,'TARGET MU'!$A:$D,'TARGET MU'!$B$1,FALSE))=TRUE,"",Z24&VLOOKUP($AG24,'TARGET MU'!$A:$D,'TARGET MU'!$B$1,FALSE)) -> VBLTLF4003NY에버그린 | BU24: =AP24 -> 13754.075 | BV24: =Z24&AE24&AF24&AM24&AG24&AI24&AK24 -> VBLTLF4003NYOLL30069000EVERGREEN02CN | BX24: =IF($I24="TTL","",$L24) -> VBL | BY24: =$O24 -> 4 | BZ24: =$AJ24 -> M | CA24: =$P24 -> TL | CB24: =$R24 -> U | CC24: =$AK24 -> CN | CD24: =$W24 -> 14FW VB_MTM_03_NV | CE24: =$U24 -> VBLTLF4003 | CF24: =$T24 -> 003 | CG24: =$W24 -> 14FW VB_MTM_03_NV | CH24: =$X24 -> NY | CI24: =$AD24 -> 1 | CJ24: =$AE24 -> OLL | CK24: =IF($I24="TTL",SUMIF($C:$C,MID($K24,1,SEARCH("TTL",$K24)-2),$BO:$BO),$AF24) -> 300 | CL24: =$AV24 -> 10.5 | CM24: =$AM24 -> 69000 | CN24: =$AP24-$AU24 -> 13704.075 | CO24: =$AU24 -> 50 | CP24: =$AL24 -> 1 | CT24: =IF($I24="TTL",$K24,$Z24&$AE24) -> VBLTLF4003NYOLL | CU24: =$M24 -> VITAL BLUE | CV24: =IF($I24="TTL","",IF($CT24="","",$Q24&"_"&$T24&IF(R24="K","_KIDS",""))) -> LONG SLEEVES_003 | CW24: =IF($I24="TTL","",IF($CT24="","",$Y24&"_"&$AE24)) -> NAVY_OLL | CX24: =$L24 -> VBL | CY24: =$T24 -> 003 | CZ24: =IF($I24="TTL",SUMIF($C:$C,MID($K24,1,SEARCH("TTL",$K24)-2),$CZ:$CZ),$AF24) -> 300 | DA24: =$AM24 -> 69000 | DB24: =$Y24 -> NAVY | DC24: =$AE24 -> OLL | DG24: 41778 | DH24: =IF(OR($I24="TTL",$I24=""),"",AZ24-$DH$11) -> 41733 | DI24: 41737 | DJ24: 41737 | DP24: =IF(OR($DN24="없음",$I24="TTL",$I24=""),"",AZ24-$DP$11) -> 41763 | DV24: 41820 | EC24: =IF(OR($Z23&$AX23=$Z24&$AX23,$Z24&$AX24=""),"",$Z24&$AX24) | ED24: =IF(OR(Z23&AE23=Z24&AE24,Z24=""),"",Z24&AE24) -> VBLTLF4003NYOLL | EE24: =IF($ED24="",0,IF(COUNTIF(ED$12:ED23,ED24)=0,0,COUNTIF(ED$12:ED23,ED24))) -> 0 | EF24: =IF(OR($AJ24="B",$ED24="",MID($U24,8,1)=$EF$9,MID($U24,8,1)=$EF$10),0,1) -> 0 | EG24: =IF(EE24+EF24=0,"","R"&(EE24+EF24)) | EI24: =IF($ED24="","",IF($EE24=0,U24,"")) -> VBLTLF4003 | EJ24: =IF($ED24="","",IF($EE24=0,Z24,"")) -> VBLTLF4003NY
A25: =IF(OR($I25="TTL",$I25=""),"",IF(ISERROR(VLOOKUP($B25,CODE!$D:$G,CODE!$F$1-2,FALSE))=TRUE,"전략",VLOOKUP($B25,CODE!$D:$G,CODE!$F$1-2,FALSE))) -> 전략 | B25: =IF(OR($I25="TTL",$I25=""),"",IF(VLOOKUP($P25,CODE!$K:$O,CODE!$O$1,FALSE)="",$I25,$I25&"-"&VLOOKUP($P25,CODE!$K:$O,CODE!$O$1,FALSE))) -> VBL-의류 | C25: =IF($I25="TTL","",I25&"-"&$AG25&"-"&$AI25) -> VBL-EVERGREEN-02 | D25: =$C25&$Z25 -> VBL-EVERGREEN-02VBLTLF4003NY | E25: =IF($I25="TTL",0,IF(ISERROR(IF($Z24=$Z25,$E24,$E24+1))=TRUE,1,IF($Z24=$Z25,$E24,$E24+1))) -> 1 | F25: =$C25&$E25 -> VBL-EVERGREEN-021 | G25: =$F25&"-"&$U25&$Y25&$AE25 -> VBL-EVERGREEN-021-VBLTLF4003NAVYOXL | H25: =IF(ISERROR(I25&VLOOKUP(P25,CODE!$K:$N,CODE!$N$1,FALSE)&S25)=TRUE,0,I25&VLOOKUP(P25,CODE!$K:$N,CODE!$N$1,FALSE)&S25) -> VBL의류3 | I25: =IF(ISERROR(SEARCH("TTL",$K25))=TRUE,IF($L25="","",VLOOKUP($L25,CODE!$B:$G,CODE!$D$1,FALSE)),"TTL") -> VBL | J25: =MID(W25,1,6) -> 14FW V | L25: VBL | M25: =IF(OR($I25="TTL",$L25=""),"",VLOOKUP($L25,CODE!$B:$D,CODE!$C$1,FALSE)) -> VITAL BLUE | N25: =IF(OR($I25="TTL",$L25=""),"",VLOOKUP($K$2,CODE!$S:$T,CODE!$T$1-1,FALSE)) -> F | O25: 4 | P25: TL | Q25: =IF(OR($I25="TTL",$P25=""),"",VLOOKUP($P25,CODE!$K:$M,CODE!$L$1,FALSE)) -> LONG SLEEVES | R25: U | S25: 3 | T25: =IF(OR($I25="TTL",$S25=""),"",IF($S25<10,"00"&$S25,IF($S25<100,"0"&$S25,$S25))) -> 003 | U25: =IF($I25="TTL","",$L25&$P25&$N25&$O25&$T25) -> VBLTLF4003 | V25: =IF($I25="TTL",SUMIF($C:$C,MID($K25,1,SEARCH("TTL",$K25)-2),$V:$V),IF($EI25="",0,1/COUNTIF($EI:$EI,$EI25))) -> 0.125 | W25: 14FW VB_MTM_03_NV | X25: =IF($Y25="","",VLOOKUP($Y25,CODE!$AE:$AF,CODE!$AF$1-1,FALSE)) -> NY | Y25: NAVY | Z25: =$U25&$X25 -> VBLTLF4003NY | AA25: =VLOOKUP($Z25&$AX25,$EC:$EG,5,FALSE) | AB25: =IF($I25="TTL",SUMIF($C:$C,MID($K25,1,SEARCH("TTL",$K25)-2),$AB:$AB),IF($EJ25="",0,1/COUNTIF($EJ:$EJ,$EJ25))) -> 0.25 | AC25: 100% cotton | AD25: 1 | AE25: OXL | AF25: 200 | AG25: EVERGREEN | AH25: 2 | AI25: =IF($AH25=0,"",IF($AH25<10,"0"&$AH25,$AH25)) -> 02 | AJ25: M | AK25: CN | AL25: =IF($AK25=0,"",IF($AK25="KR",2,1)) -> 1 | AM25: =IF(ISERROR(VLOOKUP($F25,[1]기획현황취합!$A$1:$E$65440,[1]기획현황취합!$B$1,FALSE))=TRUE,0,VLOOKUP($F25,[1]기획현황취합!$A$1:$E$65440,[1]기획현황취합!$B$1,FALSE)) -> 69000 | AN25: =IF(ISERROR(VLOOKUP($F25,[1]기획현황취합!$A$1:$E$65440,[1]기획현황취합!$C$1,FALSE))=TRUE,0,VLOOKUP($F25,[1]기획현황취합!$A$1:$E$65440,[1]기획현황취합!$C$1,FALSE)) -> 41803 | AO25: =IF(ISERROR(($AM25/1.1)/VLOOKUP($AG25,'TARGET MU'!$A:$D,'TARGET MU'!$D$1,FALSE))=TRUE,0,($AM25/1.1)/VLOOKUP($AG25,'TARGET MU'!$A:$D,'TARGET MU'!$D$1,FALSE)) -> 12545.455 | AP25: =IF(OR(AF25=0,AND(AV25=0,AW25=0)),0,IF(AG25="캡보이2",AV25*$AQ$5+AU25,IF(OR(AK25="IN",AK25="BG",AK25="VT",AK25="CB"),$AU25+(($AV25*(1+$AW$4))*(HLOOKUP(VLOOKUP(AG25,'TARGET MU'!$A:$P,'TARGET MU'!$J$1,FALSE),$AO$4:$AR$5,2,FALSE)))+$AW25,$AU25+((($AV25*(1+$AW$4))*(1+HLOOKUP(VLOOKUP($P25,CODE!$K:$P,CODE!$P$1,FALSE),$AS$4:$AV$5,2,FALSE)))*(HLOOKUP(VLOOKUP(AG25,'TARGET MU'!$A:$P,'TARGET MU'!$J$1,FALSE),$AO$4:$AR$5,2,FALSE)))+$AW25))) -> 13754.075 | AQ25: =AP25-AO25 -> 1208.6205 | AR25: 0 | AS25: 50 | AU25: =SUM(AR25:AT25) -> 50 | AV25: 10.5 | AW25: 0 | AX25: =IF(ISERROR(VLOOKUP($F25,[1]기획현황취합!$A$1:$E$65440,[1]기획현황취합!$D$1,FALSE))=TRUE,0,VLOOKUP($F25,[1]기획현황취합!$A$1:$E$65440,[1]기획현황취합!$D$1,FALSE)) -> 41737 | AY25: 41839 | AZ25: =IF(ISERROR(VLOOKUP($F25,[1]기획현황취합!$A$1:$E$65440,[1]기획현황취합!$E$1,FALSE))=TRUE,0,VLOOKUP($F25,[1]기획현황취합!$A$1:$E$65440,[1]기획현황취합!$E$1,FALSE)) -> 41823 | BA25: 41845 | BB25: 41876 | BC25: 41885 | BD25: 0 | BE25: 0 | BF25: 0 | BG25: 확정 | BH25: 0 | BI25: =IF($I25="TTL",SUMIF($C:$C,MID($K25,1,SEARCH("TTL",$K25)-2),$BI:$BI),SUMIF(실입고현황!$A:$A,BB25&VLOOKUP($AG25,'TARGET MU'!$A:$D,'TARGET MU'!$B$1,FALSE)&$Z25&" "&$AE25,실입고현황!$C:$C)) -> 101 | BJ25: =IF($I25="TTL",SUMIF($C:$C,MID($K25,1,SEARCH("TTL",$K25)-2),$BJ:$BJ),SUMIF(실입고현황!$A:$A,BC25&VLOOKUP($AG25,'TARGET MU'!$A:$D,'TARGET MU'!$B$1,FALSE)&$Z25&" "&$AE25,실입고현황!$C:$C)) -> 100 | BK25: =IF($I25="TTL",SUMIF($C:$C,MID($K25,1,SEARCH("TTL",$K25)-2),$BK:$BK),SUMIF(실입고현황!$A:$A,BD25&VLOOKUP($AG25,'TARGET MU'!$A:$D,'TARGET MU'!$B$1,FALSE)&$Z25&" "&$AE25,실입고현황!$C:$C)) -> 0 | BL25: =IF($I25="TTL",SUMIF($C:$C,MID($K25,1,SEARCH("TTL",$K25)-2),$BL:$BL),SUMIF(실입고현황!$A:$A,BE25&VLOOKUP($AG25,'TARGET MU'!$A:$D,'TARGET MU'!$B$1,FALSE)&$Z25&" "&$AE25,실입고현황!$C:$C)) -> 0 | BM25: =IF($I25="TTL",SUMIF($C:$C,MID($K25,1,SEARCH("TTL",$K25)-2),$BM:$BM),SUMIF(실입고현황!$A:$A,BF25&VLOOKUP($AG25,'TARGET MU'!$A:$D,'TARGET MU'!$B$1,FALSE)&$Z25&" "&$AE25,실입고현황!$C:$C)) -> 0 | BN25: =IF($I25="TTL",SUMIF($C:$C,MID($K25,1,SEARCH("TTL",$K25)-2),$BN:$BN),IF(($BO25-SUM($BI25,$BJ25,$BK25,BL25,BM25))<$BO25*$BN$6,0,$BO25-SUM($BI25,$BJ25,$BK25,BL25,BM25))) -> 0 | BO25: =IF($I25="TTL",SUMIF($C:$C,MID($K25,1,SEARCH("TTL",$K25)-2),$BO:$BO),$AF25) -> 200 | BP25: =IF($I25="TTL",SUMIF($C:$C,MID($K25,1,SEARCH("TTL",$K25)-2),$BP:$BP),IF($AP25=0,$AO25*$AF25,$AP25*$AF25)) -> 2750815 | BQ25: =IF($I25="TTL",SUMIF($C:$C,MID($K25,1,SEARCH("TTL",$K25)-2),$BQ:$BQ),$AM25*$AF25) -> 13800000 | BR25: =IF(ISERROR($BQ25/($BP25*1.1))=TRUE,0,$BQ25/($BP25*1.1)) -> 4.5606319 | BT25: =IF(ISERROR(Z25&VLOOKUP($AG25,'TARGET MU'!$A:$D,'TARGET MU'!$B$1,FALSE))=TRUE,"",Z25&VLOOKUP($AG25,'TARGET MU'!$A:$D,'TARGET MU'!$B$1,FALSE)) -> VBLTLF4003NY에버그린 | BU25: =AP25 -> 13754.075 | BV25: =Z25&AE25&AF25&AM25&AG25&AI25&AK25 -> VBLTLF4003NYOXL20069000EVERGREEN02CN | BX25: =IF($I25="TTL","",$L25) -> VBL | BY25: =$O25 -> 4 | BZ25: =$AJ25 -> M | CA25: =$P25 -> TL | CB25: =$R25 -> U | CC25: =$AK25 -> CN | CD25: =$W25 -> 14FW VB_MTM_03_NV | CE25: =$U25 -> VBLTLF4003 | CF25: =$T25 -> 003 | CG25: =$W25 -> 14FW VB_MTM_03_NV | CH25: =$X25 -> NY | CI25: =$AD25 -> 1 | CJ25: =$AE25 -> OXL | CK25: =IF($I25="TTL",SUMIF($C:$C,MID($K25,1,SEARCH("TTL",$K25)-2),$BO:$BO),$AF25) -> 200 | CL25: =$AV25 -> 10.5 | CM25: =$AM25 -> 69000 | CN25: =$AP25-$AU25 -> 13704.075 | CO25: =$AU25 -> 50 | CP25: =$AL25 -> 1 | CT25: =IF($I25="TTL",$K25,$Z25&$AE25) -> VBLTLF4003NYOXL | CU25: =$M25 -> VITAL BLUE | CV25: =IF($I25="TTL","",IF($CT25="","",$Q25&"_"&$T25&IF(R25="K","_KIDS",""))) -> LONG SLEEVES_003 | CW25: =IF($I25="TTL","",IF($CT25="","",$Y25&"_"&$AE25)) -> NAVY_OXL | CX25: =$L25 -> VBL | CY25: =$T25 -> 003 | CZ25: =IF($I25="TTL",SUMIF($C:$C,MID($K25,1,SEARCH("TTL",$K25)-2),$CZ:$CZ),$AF25) -> 200 | DA25: =$AM25 -> 69000 | DB25: =$Y25 -> NAVY | DC25: =$AE25 -> OXL | DG25: 41778 | DH25: =IF(OR($I25="TTL",$I25=""),"",AZ25-$DH$11) -> 41733 | DI25: 41737 | DJ25: 41737 | DP25: =IF(OR($DN25="없음",$I25="TTL",$I25=""),"",AZ25-$DP$11) -> 41763 | DV25: 41820 | EC25: =IF(OR($Z24&$AX24=$Z25&$AX24,$Z25&$AX25=""),"",$Z25&$AX25) | ED25: =IF(OR(Z24&AE24=Z25&AE25,Z25=""),"",Z25&AE25) -> VBLTLF4003NYOXL | EE25: =IF($ED25="",0,IF(COUNTIF(ED$12:ED24,ED25)=0,0,COUNTIF(ED$12:ED24,ED25))) -> 0 | EF25: =IF(OR($AJ25="B",$ED25="",MID($U25,8,1)=$EF$9,MID($U25,8,1)=$EF$10),0,1) -> 0 | EG25: =IF(EE25+EF25=0,"","R"&(EE25+EF25)) | EI25: =IF($ED25="","",IF($EE25=0,U25,"")) -> VBLTLF4003 | EJ25: =IF($ED25="","",IF($EE25=0,Z25,"")) -> VBLTLF4003NY
A26: =IF(OR($I26="TTL",$I26=""),"",IF(ISERROR(VLOOKUP($B26,CODE!$D:$G,CODE!$F$1-2,FALSE))=TRUE,"전략",VLOOKUP($B26,CODE!$D:$G,CODE!$F$1-2,FALSE))) -> 전략 | B26: =IF(OR($I26="TTL",$I26=""),"",IF(VLOOKUP($P26,CODE!$K:$O,CODE!$O$1,FALSE)="",$I26,$I26&"-"&VLOOKUP($P26,CODE!$K:$O,CODE!$O$1,FALSE))) -> VBL-의류 | C26: =IF($I26="TTL","",I26&"-"&$AG26&"-"&$AI26) -> VBL-EVERGREEN-02 | D26: =$C26&$Z26 -> VBL-EVERGREEN-02VBLTLF4003BU | E26: =IF($I26="TTL",0,IF(ISERROR(IF($Z25=$Z26,$E25,$E25+1))=TRUE,1,IF($Z25=$Z26,$E25,$E25+1))) -> 2 | F26: =$C26&$E26 -> VBL-EVERGREEN-022 | G26: =$F26&"-"&$U26&$Y26&$AE26 -> VBL-EVERGREEN-022-VBLTLF4003BURGUNDYOSS | H26: =IF(ISERROR(I26&VLOOKUP(P26,CODE!$K:$N,CODE!$N$1,FALSE)&S26)=TRUE,0,I26&VLOOKUP(P26,CODE!$K:$N,CODE!$N$1,FALSE)&S26) -> VBL의류3 | I26: =IF(ISERROR(SEARCH("TTL",$K26))=TRUE,IF($L26="","",VLOOKUP($L26,CODE!$B:$G,CODE!$D$1,FALSE)),"TTL") -> VBL | J26: =MID(W26,1,6) -> 14FW V | L26: VBL | M26: =IF(OR($I26="TTL",$L26=""),"",VLOOKUP($L26,CODE!$B:$D,CODE!$C$1,FALSE)) -> VITAL BLUE | N26: =IF(OR($I26="TTL",$L26=""),"",VLOOKUP($K$2,CODE!$S:$T,CODE!$T$1-1,FALSE)) -> F | O26: 4 | P26: TL | Q26: =IF(OR($I26="TTL",$P26=""),"",VLOOKUP($P26,CODE!$K:$M,CODE!$L$1,FALSE)) -> LONG SLEEVES | R26: U | S26: 3 | T26: =IF(OR($I26="TTL",$S26=""),"",IF($S26<10,"00"&$S26,IF($S26<100,"0"&$S26,$S26))) -> 003 | U26: =IF($I26="TTL","",$L26&$P26&$N26&$O26&$T26) -> VBLTLF4003 | V26: =IF($I26="TTL",SUMIF($C:$C,MID($K26,1,SEARCH("TTL",$K26)-2),$V:$V),IF($EI26="",0,1/COUNTIF($EI:$EI,$EI26))) -> 0.125 | W26: 14FW VB_MTM_03_BG | X26: =IF($Y26="","",VLOOKUP($Y26,CODE!$AE:$AF,CODE!$AF$1-1,FALSE)) -> BU | Y26: BURGUNDY | Z26: =$U26&$X26 -> VBLTLF4003BU | AA26: =VLOOKUP($Z26&$AX26,$EC:$EG,5,FALSE) | AB26: =IF($I26="TTL",SUMIF($C:$C,MID($K26,1,SEARCH("TTL",$K26)-2),$AB:$AB),IF($EJ26="",0,1/COUNTIF($EJ:$EJ,$EJ26))) -> 0.25 | AC26: 100% cotton | AD26: 1 | AE26: OSS | AF26: 250 | AG26: EVERGREEN | AH26: 2 | AI26: =IF($AH26=0,"",IF($AH26<10,"0"&$AH26,$AH26)) -> 02 | AJ26: M | AK26: CN | AL26: =IF($AK26=0,"",IF($AK26="KR",2,1)) -> 1 | AM26: =IF(ISERROR(VLOOKUP($F26,[1]기획현황취합!$A$1:$E$65440,[1]기획현황취합!$B$1,FALSE))=TRUE,0,VLOOKUP($F26,[1]기획현황취합!$A$1:$E$65440,[1]기획현황취합!$B$1,FALSE)) -> 69000 | AN26: =IF(ISERROR(VLOOKUP($F26,[1]기획현황취합!$A$1:$E$65440,[1]기획현황취합!$C$1,FALSE))=TRUE,0,VLOOKUP($F26,[1]기획현황취합!$A$1:$E$65440,[1]기획현황취합!$C$1,FALSE)) -> 41803 | AO26: =IF(ISERROR(($AM26/1.1)/VLOOKUP($AG26,'TARGET MU'!$A:$D,'TARGET MU'!$D$1,FALSE))=TRUE,0,($AM26/1.1)/VLOOKUP($AG26,'TARGET MU'!$A:$D,'TARGET MU'!$D$1,FALSE)) -> 12545.455 | AP26: =IF(OR(AF26=0,AND(AV26=0,AW26=0)),0,IF(AG26="캡보이2",AV26*$AQ$5+AU26,IF(OR(AK26="IN",AK26="BG",AK26="VT",AK26="CB"),$AU26+(($AV26*(1+$AW$4))*(HLOOKUP(VLOOKUP(AG26,'TARGET MU'!$A:$P,'TARGET MU'!$J$1,FALSE),$AO$4:$AR$5,2,FALSE)))+$AW26,$AU26+((($AV26*(1+$AW$4))*(1+HLOOKUP(VLOOKUP($P26,CODE!$K:$P,CODE!$P$1,FALSE),$AS$4:$AV$5,2,FALSE)))*(HLOOKUP(VLOOKUP(AG26,'TARGET MU'!$A:$P,'TARGET MU'!$J$1,FALSE),$AO$4:$AR$5,2,FALSE)))+$AW26))) -> 13754.075 | AQ26: =AP26-AO26 -> 1208.6205 | AR26: 0 | AS26: 50 | AU26: =SUM(AR26:AT26) -> 50 | AV26: 10.5 | AW26: 0 | AX26: =IF(ISERROR(VLOOKUP($F26,[1]기획현황취합!$A$1:$E$65440,[1]기획현황취합!$D$1,FALSE))=TRUE,0,VLOOKUP($F26,[1]기획현황취합!$A$1:$E$65440,[1]기획현황취합!$D$1,FALSE)) -> 41737 | AY26: 41839 | AZ26: =IF(ISERROR(VLOOKUP($F26,[1]기획현황취합!$A$1:$E$65440,[1]기획현황취합!$E$1,FALSE))=TRUE,0,VLOOKUP($F26,[1]기획현황취합!$A$1:$E$65440,[1]기획현황취합!$E$1,FALSE)) -> 41823 | BA26: 41845 | BB26: 41876 | BC26: 0 | BD26: 0 | BE26: 0 | BF26: 0 | BG26: 확정 | BH26: 0 | BI26: =IF($I26="TTL",SUMIF($C:$C,MID($K26,1,SEARCH("TTL",$K26)-2),$BI:$BI),SUMIF(실입고현황!$A:$A,BB26&VLOOKUP($AG26,'TARGET MU'!$A:$D,'TARGET MU'!$B$1,FALSE)&$Z26&" "&$AE26,실입고현황!$C:$C)) -> 249 | BJ26: =IF($I26="TTL",SUMIF($C:$C,MID($K26,1,SEARCH("TTL",$K26)-2),$BJ:$BJ),SUMIF(실입고현황!$A:$A,BC26&VLOOKUP($AG26,'TARGET MU'!$A:$D,'TARGET MU'!$B$1,FALSE)&$Z26&" "&$AE26,실입고현황!$C:$C)) -> 0 | BK26: =IF($I26="TTL",SUMIF($C:$C,MID($K26,1,SEARCH("TTL",$K26)-2),$BK:$BK),SUMIF(실입고현황!$A:$A,BD26&VLOOKUP($AG26,'TARGET MU'!$A:$D,'TARGET MU'!$B$1,FALSE)&$Z26&" "&$AE26,실입고현황!$C:$C)) -> 0 | BL26: =IF($I26="TTL",SUMIF($C:$C,MID($K26,1,SEARCH("TTL",$K26)-2),$BL:$BL),SUMIF(실입고현황!$A:$A,BE26&VLOOKUP($AG26,'TARGET MU'!$A:$D,'TARGET MU'!$B$1,FALSE)&$Z26&" "&$AE26,실입고현황!$C:$C)) -> 0 | BM26: =IF($I26="TTL",SUMIF($C:$C,MID($K26,1,SEARCH("TTL",$K26)-2),$BM:$BM),SUMIF(실입고현황!$A:$A,BF26&VLOOKUP($AG26,'TARGET MU'!$A:$D,'TARGET MU'!$B$1,FALSE)&$Z26&" "&$AE26,실입고현황!$C:$C)) -> 0 | BN26: =IF($I26="TTL",SUMIF($C:$C,MID($K26,1,SEARCH("TTL",$K26)-2),$BN:$BN),IF(($BO26-SUM($BI26,$BJ26,$BK26,BL26,BM26))<$BO26*$BN$6,0,$BO26-SUM($BI26,$BJ26,$BK26,BL26,BM26))) -> 0 | BO26: =IF($I26="TTL",SUMIF($C:$C,MID($K26,1,SEARCH("TTL",$K26)-2),$BO:$BO),$AF26) -> 250 | BP26: =IF($I26="TTL",SUMIF($C:$C,MID($K26,1,SEARCH("TTL",$K26)-2),$BP:$BP),IF($AP26=0,$AO26*$AF26,$AP26*$AF26)) -> 3438518.7 | BQ26: =IF($I26="TTL",SUMIF($C:$C,MID($K26,1,SEARCH("TTL",$K26)-2),$BQ:$BQ),$AM26*$AF26) -> 17250000 | BR26: =IF(ISERROR($BQ26/($BP26*1.1))=TRUE,0,$BQ26/($BP26*1.1)) -> 4.5606319 | BT26: =IF(ISERROR(Z26&VLOOKUP($AG26,'TARGET MU'!$A:$D,'TARGET MU'!$B$1,FALSE))=TRUE,"",Z26&VLOOKUP($AG26,'TARGET MU'!$A:$D,'TARGET MU'!$B$1,FALSE)) -> VBLTLF4003BU에버그린 | BU26: =AP26 -> 13754.075 | BV26: =Z26&AE26&AF26&AM26&AG26&AI26&AK26 -> VBLTLF4003BUOSS25069000EVERGREEN02CN | BX26: =IF($I26="TTL","",$L26) -> VBL | BY26: =$O26 -> 4 | BZ26: =$AJ26 -> M | CA26: =$P26 -> TL | CB26: =$R26 -> U | CC26: =$AK26 -> CN | CD26: =$W26 -> 14FW VB_MTM_03_BG | CE26: =$U26 -> VBLTLF4003 | CF26: =$T26 -> 003 | CG26: =$W26 -> 14FW VB_MTM_03_BG | CH26: =$X26 -> BU | CI26: =$AD26 -> 1 | CJ26: =$AE26 -> OSS | CK26: =IF($I26="TTL",SUMIF($C:$C,MID($K26,1,SEARCH("TTL",$K26)-2),$BO:$BO),$AF26) -> 250 | CL26: =$AV26 -> 10.5 | CM26: =$AM26 -> 69000 | CN26: =$AP26-$AU26 -> 13704.075 | CO26: =$AU26 -> 50 | CP26: =$AL26 -> 1 | CT26: =IF($I26="TTL",$K26,$Z26&$AE26) -> VBLTLF4003BUOSS | CU26: =$M26 -> VITAL BLUE | CV26: =IF($I26="TTL","",IF($CT26="","",$Q26&"_"&$T26&IF(R26="K","_KIDS",""))) -> LONG SLEEVES_003 | CW26: =IF($I26="TTL","",IF($CT26="","",$Y26&"_"&$AE26)) -> BURGUNDY_OSS | CX26: =$L26 -> VBL | CY26: =$T26 -> 003 | CZ26: =IF($I26="TTL",SUMIF($C:$C,MID($K26,1,SEARCH("TTL",$K26)-2),$CZ:$CZ),$AF26) -> 250 | DA26: =$AM26 -> 69000 | DB26: =$Y26 -> BURGUNDY | DC26: =$AE26 -> OSS | DG26: 41778 | DH26: =IF(OR($I26="TTL",$I26=""),"",AZ26-$DH$11) -> 41733 | DI26: 41737 | DJ26: 41737 | DP26: =IF(OR($DN26="없음",$I26="TTL",$I26=""),"",AZ26-$DP$11) -> 41763 | DV26: 41820 | EC26: =IF(OR($Z25&$AX25=$Z26&$AX25,$Z26&$AX26=""),"",$Z26&$AX26) -> VBLTLF4003BU41737 | ED26: =IF(OR(Z25&AE25=Z26&AE26,Z26=""),"",Z26&AE26) -> VBLTLF4003BUOSS | EE26: =IF($ED26="",0,IF(COUNTIF(ED$12:ED25,ED26)=0,0,COUNTIF(ED$12:ED25,ED26))) -> 0 | EF26: =IF(OR($AJ26="B",$ED26="",MID($U26,8,1)=$EF$9,MID($U26,8,1)=$EF$10),0,1) -> 0 | EG26: =IF(EE26+EF26=0,"","R"&(EE26+EF26)) | EI26: =IF($ED26="","",IF($EE26=0,U26,"")) -> VBLTLF4003 | EJ26: =IF($ED26="","",IF($EE26=0,Z26,"")) -> VBLTLF4003BU
A27: =IF(OR($I27="TTL",$I27=""),"",IF(ISERROR(VLOOKUP($B27,CODE!$D:$G,CODE!$F$1-2,FALSE))=TRUE,"전략",VLOOKUP($B27,CODE!$D:$G,CODE!$F$1-2,FALSE))) -> 전략 | B27: =IF(OR($I27="TTL",$I27=""),"",IF(VLOOKUP($P27,CODE!$K:$O,CODE!$O$1,FALSE)="",$I27,$I27&"-"&VLOOKUP($P27,CODE!$K:$O,CODE!$O$1,FALSE))) -> VBL-의류 | C27: =IF($I27="TTL","",I27&"-"&$AG27&"-"&$AI27) -> VBL-EVERGREEN-02 | D27: =$C27&$Z27 -> VBL-EVERGREEN-02VBLTLF4003BU | E27: =IF($I27="TTL",0,IF(ISERROR(IF($Z26=$Z27,$E26,$E26+1))=TRUE,1,IF($Z26=$Z27,$E26,$E26+1))) -> 2 | F27: =$C27&$E27 -> VBL-EVERGREEN-022 | G27: =$F27&"-"&$U27&$Y27&$AE27 -> VBL-EVERGREEN-022-VBLTLF4003BURGUNDYOMM | H27: =IF(ISERROR(I27&VLOOKUP(P27,CODE!$K:$N,CODE!$N$1,FALSE)&S27)=TRUE,0,I27&VLOOKUP(P27,CODE!$K:$N,CODE!$N$1,FALSE)&S27) -> VBL의류3 | I27: =IF(ISERROR(SEARCH("TTL",$K27))=TRUE,IF($L27="","",VLOOKUP($L27,CODE!$B:$G,CODE!$D$1,FALSE)),"TTL") -> VBL | J27: =MID(W27,1,6) -> 14FW V | L27: VBL | M27: =IF(OR($I27="TTL",$L27=""),"",VLOOKUP($L27,CODE!$B:$D,CODE!$C$1,FALSE)) -> VITAL BLUE | N27: =IF(OR($I27="TTL",$L27=""),"",VLOOKUP($K$2,CODE!$S:$T,CODE!$T$1-1,FALSE)) -> F | O27: 4 | P27: TL | Q27: =IF(OR($I27="TTL",$P27=""),"",VLOOKUP($P27,CODE!$K:$M,CODE!$L$1,FALSE)) -> LONG SLEEVES | R27: U | S27: 3 | T27: =IF(OR($I27="TTL",$S27=""),"",IF($S27<10,"00"&$S27,IF($S27<100,"0"&$S27,$S27))) -> 003 | U27: =IF($I27="TTL","",$L27&$P27&$N27&$O27&$T27) -> VBLTLF4003 | V27: =IF($I27="TTL",SUMIF($C:$C,MID($K27,1,SEARCH("TTL",$K27)-2),$V:$V),IF($EI27="",0,1/COUNTIF($EI:$EI,$EI27))) -> 0.125 | W27: 14FW VB_MTM_03_BG | X27: =IF($Y27="","",VLOOKUP($Y27,CODE!$AE:$AF,CODE!$AF$1-1,FALSE)) -> BU | Y27: BURGUNDY | Z27: =$U27&$X27 -> VBLTLF4003BU | AA27: =VLOOKUP($Z27&$AX27,$EC:$EG,5,FALSE) | AB27: =IF($I27="TTL",SUMIF($C:$C,MID($K27,1,SEARCH("TTL",$K27)-2),$AB:$AB),IF($EJ27="",0,1/COUNTIF($EJ:$EJ,$EJ27))) -> 0.25 | AC27: 100% cotton | AD27: 1 | AE27: OMM | AF27: 300 | AG27: EVERGREEN | AH27: 2 | AI27: =IF($AH27=0,"",IF($AH27<10,"0"&$AH27,$AH27)) -> 02 | AJ27: M | AK27: CN | AL27: =IF($AK27=0,"",IF($AK27="KR",2,1)) -> 1 | AM27: =IF(ISERROR(VLOOKUP($F27,[1]기획현황취합!$A$1:$E$65440,[1]기획현황취합!$B$1,FALSE))=TRUE,0,VLOOKUP($F27,[1]기획현황취합!$A$1:$E$65440,[1]기획현황취합!$B$1,FALSE)) -> 69000 | AN27: =IF(ISERROR(VLOOKUP($F27,[1]기획현황취합!$A$1:$E$65440,[1]기획현황취합!$C$1,FALSE))=TRUE,0,VLOOKUP($F27,[1]기획현황취합!$A$1:$E$65440,[1]기획현황취합!$C$1,FALSE)) -> 41803 | AO27: =IF(ISERROR(($AM27/1.1)/VLOOKUP($AG27,'TARGET MU'!$A:$D,'TARGET MU'!$D$1,FALSE))=TRUE,0,($AM27/1.1)/VLOOKUP($AG27,'TARGET MU'!$A:$D,'TARGET MU'!$D$1,FALSE)) -> 12545.455 | AP27: =IF(OR(AF27=0,AND(AV27=0,AW27=0)),0,IF(AG27="캡보이2",AV27*$AQ$5+AU27,IF(OR(AK27="IN",AK27="BG",AK27="VT",AK27="CB"),$AU27+(($AV27*(1+$AW$4))*(HLOOKUP(VLOOKUP(AG27,'TARGET MU'!$A:$P,'TARGET MU'!$J$1,FALSE),$AO$4:$AR$5,2,FALSE)))+$AW27,$AU27+((($AV27*(1+$AW$4))*(1+HLOOKUP(VLOOKUP($P27,CODE!$K:$P,CODE!$P$1,FALSE),$AS$4:$AV$5,2,FALSE)))*(HLOOKUP(VLOOKUP(AG27,'TARGET MU'!$A:$P,'TARGET MU'!$J$1,FALSE),$AO$4:$AR$5,2,FALSE)))+$AW27))) -> 13754.075 | AQ27: =AP27-AO27 -> 1208.6205 | AR27: 0 | AS27: 50 | AU27: =SUM(AR27:AT27) -> 50 | AV27: 10.5 | AW27: 0 | AX27: =IF(ISERROR(VLOOKUP($F27,[1]기획현황취합!$A$1:$E$65440,[1]기획현황취합!$D$1,FALSE))=TRUE,0,VLOOKUP($F27,[1]기획현황취합!$A$1:$E$65440,[1]기획현황취합!$D$1,FALSE)) -> 41737 | AY27: 41839 | AZ27: =IF(ISERROR(VLOOKUP($F27,[1]기획현황취합!$A$1:$E$65440,[1]기획현황취합!$E$1,FALSE))=TRUE,0,VLOOKUP($F27,[1]기획현황취합!$A$1:$E$65440,[1]기획현황취합!$E$1,FALSE)) -> 41823 | BA27: 41845 | BB27: 41876 | BC27: 0 | BD27: 0 | BE27: 0 | BF27: 0 | BG27: 확정 | BH27: 0 | BI27: =IF($I27="TTL",SUMIF($C:$C,MID($K27,1,SEARCH("TTL",$K27)-2),$BI:$BI),SUMIF(실입고현황!$A:$A,BB27&VLOOKUP($AG27,'TARGET MU'!$A:$D,'TARGET MU'!$B$1,FALSE)&$Z27&" "&$AE27,실입고현황!$C:$C)) -> 302 | BJ27: =IF($I27="TTL",SUMIF($C:$C,MID($K27,1,SEARCH("TTL",$K27)-2),$BJ:$BJ),SUMIF(실입고현황!$A:$A,BC27&VLOOKUP($AG27,'TARGET MU'!$A:$D,'TARGET MU'!$B$1,FALSE)&$Z27&" "&$AE27,실입고현황!$C:$C)) -> 0 | BK27: =IF($I27="TTL",SUMIF($C:$C,MID($K27,1,SEARCH("TTL",$K27)-2),$BK:$BK),SUMIF(실입고현황!$A:$A,BD27&VLOOKUP($AG27,'TARGET MU'!$A:$D,'TARGET MU'!$B$1,FALSE)&$Z27&" "&$AE27,실입고현황!$C:$C)) -> 0 | BL27: =IF($I27="TTL",SUMIF($C:$C,MID($K27,1,SEARCH("TTL",$K27)-2),$BL:$BL),SUMIF(실입고현황!$A:$A,BE27&VLOOKUP($AG27,'TARGET MU'!$A:$D,'TARGET MU'!$B$1,FALSE)&$Z27&" "&$AE27,실입고현황!$C:$C)) -> 0 | BM27: =IF($I27="TTL",SUMIF($C:$C,MID($K27,1,SEARCH("TTL",$K27)-2),$BM:$BM),SUMIF(실입고현황!$A:$A,BF27&VLOOKUP($AG27,'TARGET MU'!$A:$D,'TARGET MU'!$B$1,FALSE)&$Z27&" "&$AE27,실입고현황!$C:$C)) -> 0 | BN27: =IF($I27="TTL",SUMIF($C:$C,MID($K27,1,SEARCH("TTL",$K27)-2),$BN:$BN),IF(($BO27-SUM($BI27,$BJ27,$BK27,BL27,BM27))<$BO27*$BN$6,0,$BO27-SUM($BI27,$BJ27,$BK27,BL27,BM27))) -> 0 | BO27: =IF($I27="TTL",SUMIF($C:$C,MID($K27,1,SEARCH("TTL",$K27)-2),$BO:$BO),$AF27) -> 300 | BP27: =IF($I27="TTL",SUMIF($C:$C,MID($K27,1,SEARCH("TTL",$K27)-2),$BP:$BP),IF($AP27=0,$AO27*$AF27,$AP27*$AF27)) -> 4126222.5 | BQ27: =IF($I27="TTL",SUMIF($C:$C,MID($K27,1,SEARCH("TTL",$K27)-2),$BQ:$BQ),$AM27*$AF27) -> 20700000 | BR27: =IF(ISERROR($BQ27/($BP27*1.1))=TRUE,0,$BQ27/($BP27*1.1)) -> 4.5606319 | BT27: =IF(ISERROR(Z27&VLOOKUP($AG27,'TARGET MU'!$A:$D,'TARGET MU'!$B$1,FALSE))=TRUE,"",Z27&VLOOKUP($AG27,'TARGET MU'!$A:$D,'TARGET MU'!$B$1,FALSE)) -> VBLTLF4003BU에버그린 | BU27: =AP27 -> 13754.075 | BV27: =Z27&AE27&AF27&AM27&AG27&AI27&AK27 -> VBLTLF4003BUOMM30069000EVERGREEN02CN | BX27: =IF($I27="TTL","",$L27) -> VBL | BY27: =$O27 -> 4 | BZ27: =$AJ27 -> M | CA27: =$P27 -> TL | CB27: =$R27 -> U | CC27: =$AK27 -> CN | CD27: =$W27 -> 14FW VB_MTM_03_BG | CE27: =$U27 -> VBLTLF4003 | CF27: =$T27 -> 003 | CG27: =$W27 -> 14FW VB_MTM_03_BG | CH27: =$X27 -> BU | CI27: =$AD27 -> 1 | CJ27: =$AE27 -> OMM | CK27: =IF($I27="TTL",SUMIF($C:$C,MID($K27,1,SEARCH("TTL",$K27)-2),$BO:$BO),$AF27) -> 300 | CL27: =$AV27 -> 10.5 | CM27: =$AM27 -> 69000 | CN27: =$AP27-$AU27 -> 13704.075 | CO27: =$AU27 -> 50 | CP27: =$AL27 -> 1 | CT27: =IF($I27="TTL",$K27,$Z27&$AE27) -> VBLTLF4003BUOMM | CU27: =$M27 -> VITAL BLUE | CV27: =IF($I27="TTL","",IF($CT27="","",$Q27&"_"&$T27&IF(R27="K","_KIDS",""))) -> LONG SLEEVES_003 | CW27: =IF($I27="TTL","",IF($CT27="","",$Y27&"_"&$AE27)) -> BURGUNDY_OMM | CX27: =$L27 -> VBL | CY27: =$T27 -> 003 | CZ27: =IF($I27="TTL",SUMIF($C:$C,MID($K27,1,SEARCH("TTL",$K27)-2),$CZ:$CZ),$AF27) -> 300 | DA27: =$AM27 -> 69000 | DB27: =$Y27 -> BURGUNDY | DC27: =$AE27 -> OMM | DG27: 41778 | DH27: =IF(OR($I27="TTL",$I27=""),"",AZ27-$DH$11) -> 41733 | DI27: 41737 | DJ27: 41737 | DP27: =IF(OR($DN27="없음",$I27="TTL",$I27=""),"",AZ27-$DP$11) -> 41763 | DV27: 41820 | EC27: =IF(OR($Z26&$AX26=$Z27&$AX26,$Z27&$AX27=""),"",$Z27&$AX27) | ED27: =IF(OR(Z26&AE26=Z27&AE27,Z27=""),"",Z27&AE27) -> VBLTLF4003BUOMM | EE27: =IF($ED27="",0,IF(COUNTIF(ED$12:ED26,ED27)=0,0,COUNTIF(ED$12:ED26,ED27))) -> 0 | EF27: =IF(OR($AJ27="B",$ED27="",MID($U27,8,1)=$EF$9,MID($U27,8,1)=$EF$10),0,1) -> 0 | EG27: =IF(EE27+EF27=0,"","R"&(EE27+EF27)) | EI27: =IF($ED27="","",IF($EE27=0,U27,"")) -> VBLTLF4003 | EJ27: =IF($ED27="","",IF($EE27=0,Z27,"")) -> VBLTLF4003BU
A28: =IF(OR($I28="TTL",$I28=""),"",IF(ISERROR(VLOOKUP($B28,CODE!$D:$G,CODE!$F$1-2,FALSE))=TRUE,"전략",VLOOKUP($B28,CODE!$D:$G,CODE!$F$1-2,FALSE))) -> 전략 | B28: =IF(OR($I28="TTL",$I28=""),"",IF(VLOOKUP($P28,CODE!$K:$O,CODE!$O$1,FALSE)="",$I28,$I28&"-"&VLOOKUP($P28,CODE!$K:$O,CODE!$O$1,FALSE))) -> VBL-의류 | C28: =IF($I28="TTL","",I28&"-"&$AG28&"-"&$AI28) -> VBL-EVERGREEN-02 | D28: =$C28&$Z28 -> VBL-EVERGREEN-02VBLTLF4003BU | E28: =IF($I28="TTL",0,IF(ISERROR(IF($Z27=$Z28,$E27,$E27+1))=TRUE,1,IF($Z27=$Z28,$E27,$E27+1))) -> 2 | F28: =$C28&$E28 -> VBL-EVERGREEN-022 | G28: =$F28&"-"&$U28&$Y28&$AE28 -> VBL-EVERGREEN-022-VBLTLF4003BURGUNDYOLL | H28: =IF(ISERROR(I28&VLOOKUP(P28,CODE!$K:$N,CODE!$N$1,FALSE)&S28)=TRUE,0,I28&VLOOKUP(P28,CODE!$K:$N,CODE!$N$1,FALSE)&S28) -> VBL의류3 | I28: =IF(ISERROR(SEARCH("TTL",$K28))=TRUE,IF($L28="","",VLOOKUP($L28,CODE!$B:$G,CODE!$D$1,FALSE)),"TTL") -> VBL | J28: =MID(W28,1,6) -> 14FW V | L28: VBL | M28: =IF(OR($I28="TTL",$L28=""),"",VLOOKUP($L28,CODE!$B:$D,CODE!$C$1,FALSE)) -> VITAL BLUE | N28: =IF(OR($I28="TTL",$L28=""),"",VLOOKUP($K$2,CODE!$S:$T,CODE!$T$1-1,FALSE)) -> F | O28: 4 | P28: TL | Q28: =IF(OR($I28="TTL",$P28=""),"",VLOOKUP($P28,CODE!$K:$M,CODE!$L$1,FALSE)) -> LONG SLEEVES | R28: U | S28: 3 | T28: =IF(OR($I28="TTL",$S28=""),"",IF($S28<10,"00"&$S28,IF($S28<100,"0"&$S28,$S28))) -> 003 | U28: =IF($I28="TTL","",$L28&$P28&$N28&$O28&$T28) -> VBLTLF4003 | V28: =IF($I28="TTL",SUMIF($C:$C,MID($K28,1,SEARCH("TTL",$K28)-2),$V:$V),IF($EI28="",0,1/COUNTIF($EI:$EI,$EI28))) -> 0.125 | W28: 14FW VB_MTM_03_BG | X28: =IF($Y28="","",VLOOKUP($Y28,CODE!$AE:$AF,CODE!$AF$1-1,FALSE)) -> BU | Y28: BURGUNDY | Z28: =$U28&$X28 -> VBLTLF4003BU | AA28: =VLOOKUP($Z28&$AX28,$EC:$EG,5,FALSE) | AB28: =IF($I28="TTL",SUMIF($C:$C,MID($K28,1,SEARCH("TTL",$K28)-2),$AB:$AB),IF($EJ28="",0,1/COUNTIF($EJ:$EJ,$EJ28))) -> 0.25 | AC28: 100% cotton | AD28: 1 | AE28: OLL | AF28: 250 | AG28: EVERGREEN | AH28: 2 | AI28: =IF($AH28=0,"",IF($AH28<10,"0"&$AH28,$AH28)) -> 02 | AJ28: M | AK28: CN | AL28: =IF($AK28=0,"",IF($AK28="KR",2,1)) -> 1 | AM28: =IF(ISERROR(VLOOKUP($F28,[1]기획현황취합!$A$1:$E$65440,[1]기획현황취합!$B$1,FALSE))=TRUE,0,VLOOKUP($F28,[1]기획현황취합!$A$1:$E$65440,[1]기획현황취합!$B$1,FALSE)) -> 69000 | AN28: =IF(ISERROR(VLOOKUP($F28,[1]기획현황취합!$A$1:$E$65440,[1]기획현황취합!$C$1,FALSE))=TRUE,0,VLOOKUP($F28,[1]기획현황취합!$A$1:$E$65440,[1]기획현황취합!$C$1,FALSE)) -> 41803 | AO28: =IF(ISERROR(($AM28/1.1)/VLOOKUP($AG28,'TARGET MU'!$A:$D,'TARGET MU'!$D$1,FALSE))=TRUE,0,($AM28/1.1)/VLOOKUP($AG28,'TARGET MU'!$A:$D,'TARGET MU'!$D$1,FALSE)) -> 12545.455 | AP28: =IF(OR(AF28=0,AND(AV28=0,AW28=0)),0,IF(AG28="캡보이2",AV28*$AQ$5+AU28,IF(OR(AK28="IN",AK28="BG",AK28="VT",AK28="CB"),$AU28+(($AV28*(1+$AW$4))*(HLOOKUP(VLOOKUP(AG28,'TARGET MU'!$A:$P,'TARGET MU'!$J$1,FALSE),$AO$4:$AR$5,2,FALSE)))+$AW28,$AU28+((($AV28*(1+$AW$4))*(1+HLOOKUP(VLOOKUP($P28,CODE!$K:$P,CODE!$P$1,FALSE),$AS$4:$AV$5,2,FALSE)))*(HLOOKUP(VLOOKUP(AG28,'TARGET MU'!$A:$P,'TARGET MU'!$J$1,FALSE),$AO$4:$AR$5,2,FALSE)))+$AW28))) -> 13754.075 | AQ28: =AP28-AO28 -> 1208.6205 | AR28: 0 | AS28: 50 | AU28: =SUM(AR28:AT28) -> 50 | AV28: 10.5 | AW28: 0 | AX28: =IF(ISERROR(VLOOKUP($F28,[1]기획현황취합!$A$1:$E$65440,[1]기획현황취합!$D$1,FALSE))=TRUE,0,VLOOKUP($F28,[1]기획현황취합!$A$1:$E$65440,[1]기획현황취합!$D$1,FALSE)) -> 41737 | AY28: 41839 | AZ28: =IF(ISERROR(VLOOKUP($F28,[1]기획현황취합!$A$1:$E$65440,[1]기획현황취합!$E$1,FALSE))=TRUE,0,VLOOKUP($F28,[1]기획현황취합!$A$1:$E$65440,[1]기획현황취합!$E$1,FALSE)) -> 41823 | BA28: 41845 | BB28: 41876 | BC28: 0 | BD28: 0 | BE28: 0 | BF28: 0 | BG28: 확정 | BH28: 0 | BI28: =IF($I28="TTL",SUMIF($C:$C,MID($K28,1,SEARCH("TTL",$K28)-2),$BI:$BI),SUMIF(실입고현황!$A:$A,BB28&VLOOKUP($AG28,'TARGET MU'!$A:$D,'TARGET MU'!$B$1,FALSE)&$Z28&" "&$AE28,실입고현황!$C:$C)) -> 260 | BJ28: =IF($I28="TTL",SUMIF($C:$C,MID($K28,1,SEARCH("TTL",$K28)-2),$BJ:$BJ),SUMIF(실입고현황!$A:$A,BC28&VLOOKUP($AG28,'TARGET MU'!$A:$D,'TARGET MU'!$B$1,FALSE)&$Z28&" "&$AE28,실입고현황!$C:$C)) -> 0 | BK28: =IF($I28="TTL",SUMIF($C:$C,MID($K28,1,SEARCH("TTL",$K28)-2),$BK:$BK),SUMIF(실입고현황!$A:$A,BD28&VLOOKUP($AG28,'TARGET MU'!$A:$D,'TARGET MU'!$B$1,FALSE)&$Z28&" "&$AE28,실입고현황!$C:$C)) -> 0 | BL28: =IF($I28="TTL",SUMIF($C:$C,MID($K28,1,SEARCH("TTL",$K28)-2),$BL:$BL),SUMIF(실입고현황!$A:$A,BE28&VLOOKUP($AG28,'TARGET MU'!$A:$D,'TARGET MU'!$B$1,FALSE)&$Z28&" "&$AE28,실입고현황!$C:$C)) -> 0 | BM28: =IF($I28="TTL",SUMIF($C:$C,MID($K28,1,SEARCH("TTL",$K28)-2),$BM:$BM),SUMIF(실입고현황!$A:$A,BF28&VLOOKUP($AG28,'TARGET MU'!$A:$D,'TARGET MU'!$B$1,FALSE)&$Z28&" "&$AE28,실입고현황!$C:$C)) -> 0 | BN28: =IF($I28="TTL",SUMIF($C:$C,MID($K28,1,SEARCH("TTL",$K28)-2),$BN:$BN),IF(($BO28-SUM($BI28,$BJ28,$BK28,BL28,BM28))<$BO28*$BN$6,0,$BO28-SUM($BI28,$BJ28,$BK28,BL28,BM28))) -> 0 | BO28: =IF($I28="TTL",SUMIF($C:$C,MID($K28,1,SEARCH("TTL",$K28)-2),$BO:$BO),$AF28) -> 250 | BP28: =IF($I28="TTL",SUMIF($C:$C,MID($K28,1,SEARCH("TTL",$K28)-2),$BP:$BP),IF($AP28=0,$AO28*$AF28,$AP28*$AF28)) -> 3438518.7 | BQ28: =IF($I28="TTL",SUMIF($C:$C,MID($K28,1,SEARCH("TTL",$K28)-2),$BQ:$BQ),$AM28*$AF28) -> 17250000 | BR28: =IF(ISERROR($BQ28/($BP28*1.1))=TRUE,0,$BQ28/($BP28*1.1)) -> 4.5606319 | BT28: =IF(ISERROR(Z28&VLOOKUP($AG28,'TARGET MU'!$A:$D,'TARGET MU'!$B$1,FALSE))=TRUE,"",Z28&VLOOKUP($AG28,'TARGET MU'!$A:$D,'TARGET MU'!$B$1,FALSE)) -> VBLTLF4003BU에버그린 | BU28: =AP28 -> 13754.075 | BV28: =Z28&AE28&AF28&AM28&AG28&AI28&AK28 -> VBLTLF4003BUOLL25069000EVERGREEN02CN | BX28: =IF($I28="TTL","",$L28) -> VBL | BY28: =$O28 -> 4 | BZ28: =$AJ28 -> M | CA28: =$P28 -> TL | CB28: =$R28 -> U | CC28: =$AK28 -> CN | CD28: =$W28 -> 14FW VB_MTM_03_BG | CE28: =$U28 -> VBLTLF4003 | CF28: =$T28 -> 003 | CG28: =$W28 -> 14FW VB_MTM_03_BG | CH28: =$X28 -> BU | CI28: =$AD28 -> 1 | CJ28: =$AE28 -> OLL | CK28: =IF($I28="TTL",SUMIF($C:$C,MID($K28,1,SEARCH("TTL",$K28)-2),$BO:$BO),$AF28) -> 250 | CL28: =$AV28 -> 10.5 | CM28: =$AM28 -> 69000 | CN28: =$AP28-$AU28 -> 13704.075 | CO28: =$AU28 -> 50 | CP28: =$AL28 -> 1 | CT28: =IF($I28="TTL",$K28,$Z28&$AE28) -> VBLTLF4003BUOLL | CU28: =$M28 -> VITAL BLUE | CV28: =IF($I28="TTL","",IF($CT28="","",$Q28&"_"&$T28&IF(R28="K","_KIDS",""))) -> LONG SLEEVES_003 | CW28: =IF($I28="TTL","",IF($CT28="","",$Y28&"_"&$AE28)) -> BURGUNDY_OLL | CX28: =$L28 -> VBL | CY28: =$T28 -> 003 | CZ28: =IF($I28="TTL",SUMIF($C:$C,MID($K28,1,SEARCH("TTL",$K28)-2),$CZ:$CZ),$AF28) -> 250 | DA28: =$AM28 -> 69000 | DB28: =$Y28 -> BURGUNDY | DC28: =$AE28 -> OLL | DG28: 41778 | DH28: =IF(OR($I28="TTL",$I28=""),"",AZ28-$DH$11) -> 41733 | DI28: 41737 | DJ28: 41737 | DP28: =IF(OR($DN28="없음",$I28="TTL",$I28=""),"",AZ28-$DP$11) -> 41763 | DV28: 41820 | EC28: =IF(OR($Z27&$AX27=$Z28&$AX27,$Z28&$AX28=""),"",$Z28&$AX28) | ED28: =IF(OR(Z27&AE27=Z28&AE28,Z28=""),"",Z28&AE28) -> VBLTLF4003BUOLL | EE28: =IF($ED28="",0,IF(COUNTIF(ED$12:ED27,ED28)=0,0,COUNTIF(ED$12:ED27,ED28))) -> 0 | EF28: =IF(OR($AJ28="B",$ED28="",MID($U28,8,1)=$EF$9,MID($U28,8,1)=$EF$10),0,1) -> 0 | EG28: =IF(EE28+EF28=0,"","R"&(EE28+EF28)) | EI28: =IF($ED28="","",IF($EE28=0,U28,"")) -> VBLTLF4003 | EJ28: =IF($ED28="","",IF($EE28=0,Z28,"")) -> VBLTLF4003BU
A29: =IF(OR($I29="TTL",$I29=""),"",IF(ISERROR(VLOOKUP($B29,CODE!$D:$G,CODE!$F$1-2,FALSE))=TRUE,"전략",VLOOKUP($B29,CODE!$D:$G,CODE!$F$1-2,FALSE))) -> 전략 | B29: =IF(OR($I29="TTL",$I29=""),"",IF(VLOOKUP($P29,CODE!$K:$O,CODE!$O$1,FALSE)="",$I29,$I29&"-"&VLOOKUP($P29,CODE!$K:$O,CODE!$O$1,FALSE))) -> VBL-의류 | C29: =IF($I29="TTL","",I29&"-"&$AG29&"-"&$AI29) -> VBL-EVERGREEN-02 | D29: =$C29&$Z29 -> VBL-EVERGREEN-02VBLTLF4003BU | E29: =IF($I29="TTL",0,IF(ISERROR(IF($Z28=$Z29,$E28,$E28+1))=TRUE,1,IF($Z28=$Z29,$E28,$E28+1))) -> 2 | F29: =$C29&$E29 -> VBL-EVERGREEN-022 | G29: =$F29&"-"&$U29&$Y29&$AE29 -> VBL-EVERGREEN-022-VBLTLF4003BURGUNDYOXL | H29: =IF(ISERROR(I29&VLOOKUP(P29,CODE!$K:$N,CODE!$N$1,FALSE)&S29)=TRUE,0,I29&VLOOKUP(P29,CODE!$K:$N,CODE!$N$1,FALSE)&S29) -> VBL의류3 | I29: =IF(ISERROR(SEARCH("TTL",$K29))=TRUE,IF($L29="","",VLOOKUP($L29,CODE!$B:$G,CODE!$D$1,FALSE)),"TTL") -> VBL | J29: =MID(W29,1,6) -> 14FW V | L29: VBL | M29: =IF(OR($I29="TTL",$L29=""),"",VLOOKUP($L29,CODE!$B:$D,CODE!$C$1,FALSE)) -> VITAL BLUE | N29: =IF(OR($I29="TTL",$L29=""),"",VLOOKUP($K$2,CODE!$S:$T,CODE!$T$1-1,FALSE)) -> F | O29: 4 | P29: TL | Q29: =IF(OR($I29="TTL",$P29=""),"",VLOOKUP($P29,CODE!$K:$M,CODE!$L$1,FALSE)) -> LONG SLEEVES | R29: U | S29: 3 | T29: =IF(OR($I29="TTL",$S29=""),"",IF($S29<10,"00"&$S29,IF($S29<100,"0"&$S29,$S29))) -> 003 | U29: =IF($I29="TTL","",$L29&$P29&$N29&$O29&$T29) -> VBLTLF4003 | V29: =IF($I29="TTL",SUMIF($C:$C,MID($K29,1,SEARCH("TTL",$K29)-2),$V:$V),IF($EI29="",0,1/COUNTIF($EI:$EI,$EI29))) -> 0.125 | W29: 14FW VB_MTM_03_BG | X29: =IF($Y29="","",VLOOKUP($Y29,CODE!$AE:$AF,CODE!$AF$1-1,FALSE)) -> BU | Y29: BURGUNDY | Z29: =$U29&$X29 -> VBLTLF4003BU | AA29: =VLOOKUP($Z29&$AX29,$EC:$EG,5,FALSE) | AB29: =IF($I29="TTL",SUMIF($C:$C,MID($K29,1,SEARCH("TTL",$K29)-2),$AB:$AB),IF($EJ29="",0,1/COUNTIF($EJ:$EJ,$EJ29))) -> 0.25 | AC29: 100% cotton | AD29: 1 | AE29: OXL | AF29: 200 | AG29: EVERGREEN | AH29: 2 | AI29: =IF($AH29=0,"",IF($AH29<10,"0"&$AH29,$AH29)) -> 02 | AJ29: M | AK29: CN | AL29: =IF($AK29=0,"",IF($AK29="KR",2,1)) -> 1 | AM29: =IF(ISERROR(VLOOKUP($F29,[1]기획현황취합!$A$1:$E$65440,[1]기획현황취합!$B$1,FALSE))=TRUE,0,VLOOKUP($F29,[1]기획현황취합!$A$1:$E$65440,[1]기획현황취합!$B$1,FALSE)) -> 69000 | AN29: =IF(ISERROR(VLOOKUP($F29,[1]기획현황취합!$A$1:$E$65440,[1]기획현황취합!$C$1,FALSE))=TRUE,0,VLOOKUP($F29,[1]기획현황취합!$A$1:$E$65440,[1]기획현황취합!$C$1,FALSE)) -> 41803 | AO29: =IF(ISERROR(($AM29/1.1)/VLOOKUP($AG29,'TARGET MU'!$A:$D,'TARGET MU'!$D$1,FALSE))=TRUE,0,($AM29/1.1)/VLOOKUP($AG29,'TARGET MU'!$A:$D,'TARGET MU'!$D$1,FALSE)) -> 12545.455 | AP29: =IF(OR(AF29=0,AND(AV29=0,AW29=0)),0,IF(AG29="캡보이2",AV29*$AQ$5+AU29,IF(OR(AK29="IN",AK29="BG",AK29="VT",AK29="CB"),$AU29+(($AV29*(1+$AW$4))*(HLOOKUP(VLOOKUP(AG29,'TARGET MU'!$A:$P,'TARGET MU'!$J$1,FALSE),$AO$4:$AR$5,2,FALSE)))+$AW29,$AU29+((($AV29*(1+$AW$4))*(1+HLOOKUP(VLOOKUP($P29,CODE!$K:$P,CODE!$P$1,FALSE),$AS$4:$AV$5,2,FALSE)))*(HLOOKUP(VLOOKUP(AG29,'TARGET MU'!$A:$P,'TARGET MU'!$J$1,FALSE),$AO$4:$AR$5,2,FALSE)))+$AW29))) -> 13754.075 | AQ29: =AP29-AO29 -> 1208.6205 | AR29: 0 | AS29: 50 | AU29: =SUM(AR29:AT29) -> 50 | AV29: 10.5 | AW29: 0 | AX29: =IF(ISERROR(VLOOKUP($F29,[1]기획현황취합!$A$1:$E$65440,[1]기획현황취합!$D$1,FALSE))=TRUE,0,VLOOKUP($F29,[1]기획현황취합!$A$1:$E$65440,[1]기획현황취합!$D$1,FALSE)) -> 41737 | AY29: 41839 | AZ29: =IF(ISERROR(VLOOKUP($F29,[1]기획현황취합!$A$1:$E$65440,[1]기획현황취합!$E$1,FALSE))=TRUE,0,VLOOKUP($F29,[1]기획현황취합!$A$1:$E$65440,[1]기획현황취합!$E$1,FALSE)) -> 41823 | BA29: 41845 | BB29: 41876 | BC29: 0 | BD29: 0 | BE29: 0 | BF29: 0 | BG29: 확정 | BH29: 0 | BI29: =IF($I29="TTL",SUMIF($C:$C,MID($K29,1,SEARCH("TTL",$K29)-2),$BI:$BI),SUMIF(실입고현황!$A:$A,BB29&VLOOKUP($AG29,'TARGET MU'!$A:$D,'TARGET MU'!$B$1,FALSE)&$Z29&" "&$AE29,실입고현황!$C:$C)) -> 196 | BJ29: =IF($I29="TTL",SUMIF($C:$C,MID($K29,1,SEARCH("TTL",$K29)-2),$BJ:$BJ),SUMIF(실입고현황!$A:$A,BC29&VLOOKUP($AG29,'TARGET MU'!$A:$D,'TARGET MU'!$B$1,FALSE)&$Z29&" "&$AE29,실입고현황!$C:$C)) -> 0 | BK29: =IF($I29="TTL",SUMIF($C:$C,MID($K29,1,SEARCH("TTL",$K29)-2),$BK:$BK),SUMIF(실입고현황!$A:$A,BD29&VLOOKUP($AG29,'TARGET MU'!$A:$D,'TARGET MU'!$B$1,FALSE)&$Z29&" "&$AE29,실입고현황!$C:$C)) -> 0 | BL29: =IF($I29="TTL",SUMIF($C:$C,MID($K29,1,SEARCH("TTL",$K29)-2),$BL:$BL),SUMIF(실입고현황!$A:$A,BE29&VLOOKUP($AG29,'TARGET MU'!$A:$D,'TARGET MU'!$B$1,FALSE)&$Z29&" "&$AE29,실입고현황!$C:$C)) -> 0 | BM29: =IF($I29="TTL",SUMIF($C:$C,MID($K29,1,SEARCH("TTL",$K29)-2),$BM:$BM),SUMIF(실입고현황!$A:$A,BF29&VLOOKUP($AG29,'TARGET MU'!$A:$D,'TARGET MU'!$B$1,FALSE)&$Z29&" "&$AE29,실입고현황!$C:$C)) -> 0 | BN29: =IF($I29="TTL",SUMIF($C:$C,MID($K29,1,SEARCH("TTL",$K29)-2),$BN:$BN),IF(($BO29-SUM($BI29,$BJ29,$BK29,BL29,BM29))<$BO29*$BN$6,0,$BO29-SUM($BI29,$BJ29,$BK29,BL29,BM29))) -> 0 | BO29: =IF($I29="TTL",SUMIF($C:$C,MID($K29,1,SEARCH("TTL",$K29)-2),$BO:$BO),$AF29) -> 200 | BP29: =IF($I29="TTL",SUMIF($C:$C,MID($K29,1,SEARCH("TTL",$K29)-2),$BP:$BP),IF($AP29=0,$AO29*$AF29,$AP29*$AF29)) -> 2750815 | BQ29: =IF($I29="TTL",SUMIF($C:$C,MID($K29,1,SEARCH("TTL",$K29)-2),$BQ:$BQ),$AM29*$AF29) -> 13800000 | BR29: =IF(ISERROR($BQ29/($BP29*1.1))=TRUE,0,$BQ29/($BP29*1.1)) -> 4.5606319 | BT29: =IF(ISERROR(Z29&VLOOKUP($AG29,'TARGET MU'!$A:$D,'TARGET MU'!$B$1,FALSE))=TRUE,"",Z29&VLOOKUP($AG29,'TARGET MU'!$A:$D,'TARGET MU'!$B$1,FALSE)) -> VBLTLF4003BU에버그린 | BU29: =AP29 -> 13754.075 | BV29: =Z29&AE29&AF29&AM29&AG29&AI29&AK29 -> VBLTLF4003BUOXL20069000EVERGREEN02CN | BX29: =IF($I29="TTL","",$L29) -> VBL | BY29: =$O29 -> 4 | BZ29: =$AJ29 -> M | CA29: =$P29 -> TL | CB29: =$R29 -> U | CC29: =$AK29 -> CN | CD29: =$W29 -> 14FW VB_MTM_03_BG | CE29: =$U29 -> VBLTLF4003 | CF29: =$T29 -> 003 | CG29: =$W29 -> 14FW VB_MTM_03_BG | CH29: =$X29 -> BU | CI29: =$AD29 -> 1 | CJ29: =$AE29 -> OXL | CK29: =IF($I29="TTL",SUMIF($C:$C,MID($K29,1,SEARCH("TTL",$K29)-2),$BO:$BO),$AF29) -> 200 | CL29: =$AV29 -> 10.5 | CM29: =$AM29 -> 69000 | CN29: =$AP29-$AU29 -> 13704.075 | CO29: =$AU29 -> 50 | CP29: =$AL29 -> 1 | CT29: =IF($I29="TTL",$K29,$Z29&$AE29) -> VBLTLF4003BUOXL | CU29: =$M29 -> VITAL BLUE | CV29: =IF($I29="TTL","",IF($CT29="","",$Q29&"_"&$T29&IF(R29="K","_KIDS",""))) -> LONG SLEEVES_003 | CW29: =IF($I29="TTL","",IF($CT29="","",$Y29&"_"&$AE29)) -> BURGUNDY_OXL | CX29: =$L29 -> VBL | CY29: =$T29 -> 003 | CZ29: =IF($I29="TTL",SUMIF($C:$C,MID($K29,1,SEARCH("TTL",$K29)-2),$CZ:$CZ),$AF29) -> 200 | DA29: =$AM29 -> 69000 | DB29: =$Y29 -> BURGUNDY | DC29: =$AE29 -> OXL | DG29: 41778 | DH29: =IF(OR($I29="TTL",$I29=""),"",AZ29-$DH$11) -> 41733 | DI29: 41737 | DJ29: 41737 | DP29: =IF(OR($DN29="없음",$I29="TTL",$I29=""),"",AZ29-$DP$11) -> 41763 | DV29: 41820 | EC29: =IF(OR($Z28&$AX28=$Z29&$AX28,$Z29&$AX29=""),"",$Z29&$AX29) | ED29: =IF(OR(Z28&AE28=Z29&AE29,Z29=""),"",Z29&AE29) -> VBLTLF4003BUOXL | EE29: =IF($ED29="",0,IF(COUNTIF(ED$12:ED28,ED29)=0,0,COUNTIF(ED$12:ED28,ED29))) -> 0 | EF29: =IF(OR($AJ29="B",$ED29="",MID($U29,8,1)=$EF$9,MID($U29,8,1)=$EF$10),0,1) -> 0 | EG29: =IF(EE29+EF29=0,"","R"&(EE29+EF29)) | EI29: =IF($ED29="","",IF($EE29=0,U29,"")) -> VBLTLF4003 | EJ29: =IF($ED29="","",IF($EE29=0,Z29,"")) -> VBLTLF4003BU
A30: =IF(OR($I30="TTL",$I30=""),"",IF(ISERROR(VLOOKUP($B30,CODE!$D:$G,CODE!$F$1-2,FALSE))=TRUE,"전략",VLOOKUP($B30,CODE!$D:$G,CODE!$F$1-2,FALSE))) | B30: =IF(OR($I30="TTL",$I30=""),"",IF(VLOOKUP($P30,CODE!$K:$O,CODE!$O$1,FALSE)="",$I30,$I30&"-"&VLOOKUP($P30,CODE!$K:$O,CODE!$O$1,FALSE))) | C30: =IF($I30="TTL","",I30&"-"&$AG30&"-"&$AI30) | D30: =$C30&$Z30 | E30: =IF($I30="TTL",0,IF(ISERROR(IF($Z29=$Z30,$E29,$E29+1))=TRUE,1,IF($Z29=$Z30,$E29,$E29+1))) -> 0 | F30: =$C30&$E30 -> 0 | G30: =$F30&"-"&$U30&$Y30&$AE30 -> 0- | H30: =IF(ISERROR(I30&VLOOKUP(P30,CODE!$K:$N,CODE!$N$1,FALSE)&S30)=TRUE,0,I30&VLOOKUP(P30,CODE!$K:$N,CODE!$N$1,FALSE)&S30) -> 0 | I30: =IF(ISERROR(SEARCH("TTL",$K30))=TRUE,IF($L30="","",VLOOKUP($L30,CODE!$B:$G,CODE!$D$1,FALSE)),"TTL") -> TTL | J30: =MID(W30,1,6) | K30: =C29&" TTL" -> VBL-EVERGREEN-02 TTL | M30: =IF(OR($I30="TTL",$L30=""),"",VLOOKUP($L30,CODE!$B:$D,CODE!$C$1,FALSE)) | N30: =IF(OR($I30="TTL",$L30=""),"",VLOOKUP($K$2,CODE!$S:$T,CODE!$T$1-1,FALSE)) | O30: =IF(OR($I30="TTL",$L30=""),"",VLOOKUP($L$2,CODE!$X:$Y,CODE!$Y$1-1,FALSE)) | Q30: =IF(OR($I30="TTL",$P30=""),"",VLOOKUP($P30,CODE!$K:$M,CODE!$L$1,FALSE)) | T30: =IF(OR($I30="TTL",$S30=""),"",IF($S30<10,"00"&$S30,IF($S30<100,"0"&$S30,$S30))) | U30: =IF($I30="TTL","",$L30&$P30&$N30&$O30&$T30) | V30: =IF($I30="TTL",SUMIF($C:$C,MID($K30,1,SEARCH("TTL",$K30)-2),$V:$V),IF($EI30="",0,1/COUNTIF($EI:$EI,$EI30))) -> 1 | X30: =IF($Y30="","",VLOOKUP($Y30,CODE!$AE:$AF,CODE!$AF$1-1,FALSE)) | Z30: =$U30&$X30 | AA30: =VLOOKUP($Z30&$AX30,$EC:$EG,5,FALSE) | AB30: =IF($I30="TTL",SUMIF($C:$C,MID($K30,1,SEARCH("TTL",$K30)-2),$AB:$AB),IF($EJ30="",0,1/COUNTIF($EJ:$EJ,$EJ30))) -> 2 | AC30: 0 | AD30: 1 | AI30: =IF($AH30=0,"",IF($AH30<10,"0"&$AH30,$AH30)) | AL30: =IF($AK30=0,"",IF($AK30="KR",2,1)) | AM30: =IF(ISERROR(VLOOKUP($F30,[1]기획현황취합!$A$1:$E$65440,[1]기획현황취합!$B$1,FALSE))=TRUE,0,VLOOKUP($F30,[1]기획현황취합!$A$1:$E$65440,[1]기획현황취합!$B$1,FALSE)) -> 0 | AN30: =IF(ISERROR(VLOOKUP($F30,[1]기획현황취합!$A$1:$E$65440,[1]기획현황취합!$C$1,FALSE))=TRUE,0,VLOOKUP($F30,[1]기획현황취합!$A$1:$E$65440,[1]기획현황취합!$C$1,FALSE)) -> 0 | AO30: =IF(ISERROR(($AM30/1.1)/VLOOKUP($AG30,'TARGET MU'!$A:$D,'TARGET MU'!$D$1,FALSE))=TRUE,0,($AM30/1.1)/VLOOKUP($AG30,'TARGET MU'!$A:$D,'TARGET MU'!$D$1,FALSE)) -> 0 | AP30: =IF(OR(AF30=0,AND(AV30=0,AW30=0)),0,IF(AG30="캡보이2",AV30*$AQ$5+AU30,IF(OR(AK30="IN",AK30="BG",AK30="VT",AK30="CB"),$AU30+(($AV30*(1+$AW$4))*(HLOOKUP(VLOOKUP(AG30,'TARGET MU'!$A:$P,'TARGET MU'!$J$1,FALSE),$AO$4:$AR$5,2,FALSE)))+$AW30,$AU30+((($AV30*(1+$AW$4))*(1+HLOOKUP(VLOOKUP($P30,CODE!$K:$P,CODE!$P$1,FALSE),$AS$4:$AV$5,2,FALSE)))*(HLOOKUP(VLOOKUP(AG30,'TARGET MU'!$A:$P,'TARGET MU'!$J$1,FALSE),$AO$4:$AR$5,2,FALSE)))+$AW30))) -> 0 | AQ30: =AP30-AO30 -> 0 | AR30: 0 | AS30: 0 | AU30: =SUM(AR30:AT30) -> 0 | AV30: 0 | AW30: 0 | AX30: =IF(ISERROR(VLOOKUP($F30,[1]기획현황취합!$A$1:$E$65440,[1]기획현황취합!$D$1,FALSE))=TRUE,0,VLOOKUP($F30,[1]기획현황취합!$A$1:$E$65440,[1]기획현황취합!$D$1,FALSE)) -> 0 | AY30: 0 | AZ30: =IF(ISERROR(VLOOKUP($F30,[1]기획현황취합!$A$1:$E$65440,[1]기획현황취합!$E$1,FALSE))=TRUE,0,VLOOKUP($F30,[1]기획현황취합!$A$1:$E$65440,[1]기획현황취합!$E$1,FALSE)) -> 0 | BA30: 0 | BB30: 0 | BC30: 0 | BD30: 0 | BE30: 0 | BF30: 0 | BG30: 0 | BH30: 0 | BI30: =IF($I30="TTL",SUMIF($C:$C,MID($K30,1,SEARCH("TTL",$K30)-2),$BI:$BI),SUMIF(실입고현황!$A:$A,BB30&VLOOKUP($AG30,'TARGET MU'!$A:$D,'TARGET MU'!$B$1,FALSE)&$Z30&" "&$AE30,실입고현황!$C:$C)) -> 1896 | BJ30: =IF($I30="TTL",SUMIF($C:$C,MID($K30,1,SEARCH("TTL",$K30)-2),$BJ:$BJ),SUMIF(실입고현황!$A:$A,BC30&VLOOKUP($AG30,'TARGET MU'!$A:$D,'TARGET MU'!$B$1,FALSE)&$Z30&" "&$AE30,실입고현황!$C:$C)) -> 119 | BK30: =IF($I30="TTL",SUMIF($C:$C,MID($K30,1,SEARCH("TTL",$K30)-2),$BK:$BK),SUMIF(실입고현황!$A:$A,BD30&VLOOKUP($AG30,'TARGET MU'!$A:$D,'TARGET MU'!$B$1,FALSE)&$Z30&" "&$AE30,실입고현황!$C:$C)) -> 0 | BL30: =IF($I30="TTL",SUMIF($C:$C,MID($K30,1,SEARCH("TTL",$K30)-2),$BL:$BL),SUMIF(실입고현황!$A:$A,BE30&VLOOKUP($AG30,'TARGET MU'!$A:$D,'TARGET MU'!$B$1,FALSE)&$Z30&" "&$AE30,실입고현황!$C:$C)) -> 0 | BM30: =IF($I30="TTL",SUMIF($C:$C,MID($K30,1,SEARCH("TTL",$K30)-2),$BM:$BM),SUMIF(실입고현황!$A:$A,BF30&VLOOKUP($AG30,'TARGET MU'!$A:$D,'TARGET MU'!$B$1,FALSE)&$Z30&" "&$AE30,실입고현황!$C:$C)) -> 0 | BN30: =IF($I30="TTL",SUMIF($C:$C,MID($K30,1,SEARCH("TTL",$K30)-2),$BN:$BN),IF(($BO30-SUM($BI30,$BJ30,$BK30,BL30,BM30))<$BO30*$BN$6,0,$BO30-SUM($BI30,$BJ30,$BK30,BL30,BM30))) -> 0 | BO30: =IF($I30="TTL",SUMIF($C:$C,MID($K30,1,SEARCH("TTL",$K30)-2),$BO:$BO),$AF30) -> 2000 | BP30: =IF($I30="TTL",SUMIF($C:$C,MID($K30,1,SEARCH("TTL",$K30)-2),$BP:$BP),IF($AP30=0,$AO30*$AF30,$AP30*$AF30)) -> 27508150 | BQ30: =IF($I30="TTL",SUMIF($C:$C,MID($K30,1,SEARCH("TTL",$K30)-2),$BQ:$BQ),$AM30*$AF30) -> 138000000 | BR30: =IF(ISERROR($BQ30/($BP30*1.1))=TRUE,0,$BQ30/($BP30*1.1)) -> 4.5606319 | BT30: =IF(ISERROR(Z30&VLOOKUP($AG30,'TARGET MU'!$A:$D,'TARGET MU'!$B$1,FALSE))=TRUE,"",Z30&VLOOKUP($AG30,'TARGET MU'!$A:$D,'TARGET MU'!$B$1,FALSE)) | BU30: =AP30 -> 0 | BV30: =Z30&AE30&AF30&AM30&AG30&AI30&AK30 -> 0 | BX30: =IF($I30="TTL","",$L30) | BY30: =$O30 | BZ30: =$AJ30 -> 0 | CA30: =$P30 -> 0 | CB30: =$R30 -> 0 | CC30: =$AK30 -> 0 | CD30: =$W30 -> 0 | CE30: =$U30 | CF30: =$T30 | CG30: =$W30 -> 0 | CH30: =$X30 | CI30: =$AD30 -> 1 | CJ30: =$AE30 -> 0 | CK30: =IF($I30="TTL",SUMIF($C:$C,MID($K30,1,SEARCH("TTL",$K30)-2),$BO:$BO),$AF30) -> 2000 | CL30: =$AV30 -> 0 | CM30: =$AM30 -> 0 | CN30: =$AP30-$AU30 -> 0 | CO30: =$AU30 -> 0 | CP30: =$AL30 | CT30: =IF($I30="TTL",$K30,$Z30&$AE30) -> VBL-EVERGREEN-02 TTL | CU30: =$M30 | CV30: =IF($I30="TTL","",IF($CT30="","",$Q30&"_"&$T30&IF(R30="K","_KIDS",""))) | CW30: =IF($I30="TTL","",IF($CT30="","",$Y30&"_"&$AE30)) | CX30: =$L30 -> 0 | CY30: =$T30 | CZ30: =IF($I30="TTL",SUMIF($C:$C,MID($K30,1,SEARCH("TTL",$K30)-2),$CZ:$CZ),$AF30) -> 2000 | DA30: =$AM30 -> 0 | DB30: =$Y30 -> 0 | DC30: =$AE30 -> 0 | DH30: =IF(OR($I30="TTL",$I30=""),"",AZ30-$DH$11) | DP30: =IF(OR($DN30="없음",$I30="TTL",$I30=""),"",AZ30-$DP$11) | EC30: =IF(OR($Z29&$AX29=$Z30&$AX29,$Z30&$AX30=""),"",$Z30&$AX30) -> 0 | ED30: =IF(OR(Z29&AE29=Z30&AE30,Z30=""),"",Z30&AE30) | EE30: =IF($ED30="",0,IF(COUNTIF(ED$12:ED29,ED30)=0,0,COUNTIF(ED$12:ED29,ED30))) -> 0 | EF30: =IF(OR($AJ30="B",$ED30="",MID($U30,8,1)=$EF$9,MID($U30,8,1)=$EF$10),0,1) -> 0 | EG30: =IF(EE30+EF30=0,"","R"&(EE30+EF30)) | EI30: =IF($ED30="","",IF($EE30=0,U30,"")) | EJ30: =IF($ED30="","",IF($EE30=0,Z30,""))
A31: =IF(OR($I31="TTL",$I31=""),"",IF(ISERROR(VLOOKUP($B31,CODE!$D:$G,CODE!$F$1-2,FALSE))=TRUE,"전략",VLOOKUP($B31,CODE!$D:$G,CODE!$F$1-2,FALSE))) -> 전략 | B31: =IF(OR($I31="TTL",$I31=""),"",IF(VLOOKUP($P31,CODE!$K:$O,CODE!$O$1,FALSE)="",$I31,$I31&"-"&VLOOKUP($P31,CODE!$K:$O,CODE!$O$1,FALSE))) -> ELS-의류 | C31: =IF($I31="TTL","",I31&"-"&$AG31&"-"&$AI31) -> ELS-대경-01 | D31: =$C31&$Z31 -> ELS-대경-01ELSJPF5001BK | E31: =IF($I31="TTL",0,IF(ISERROR(IF($Z30=$Z31,$E30,$E30+1))=TRUE,1,IF($Z30=$Z31,$E30,$E30+1))) -> 1 | F31: =$C31&$E31 -> ELS-대경-011 | G31: =$F31&"-"&$U31&$Y31&$AE31 -> ELS-대경-011-ELSJPF5001BLACKOXS | H31: =IF(ISERROR(I31&VLOOKUP(P31,CODE!$K:$N,CODE!$N$1,FALSE)&S31)=TRUE,0,I31&VLOOKUP(P31,CODE!$K:$N,CODE!$N$1,FALSE)&S31) -> ELS의류1 | I31: =IF(ISERROR(SEARCH("TTL",$K31))=TRUE,IF($L31="","",VLOOKUP($L31,CODE!$B:$G,CODE!$D$1,FALSE)),"TTL") -> ELS | J31: =MID(W31,1,6) -> 14FW_E | L31: ELS | M31: =IF(OR($I31="TTL",$L31=""),"",VLOOKUP($L31,CODE!$B:$D,CODE!$C$1,FALSE)) -> ELSTINKO | N31: =IF(OR($I31="TTL",$L31=""),"",VLOOKUP($K$2,CODE!$S:$T,CODE!$T$1-1,FALSE)) -> F | O31: 5 | P31: JP | Q31: =IF(OR($I31="TTL",$P31=""),"",VLOOKUP($P31,CODE!$K:$M,CODE!$L$1,FALSE)) -> JUMPER | R31: U | S31: 1 | T31: =IF(OR($I31="TTL",$S31=""),"",IF($S31<10,"00"&$S31,IF($S31<100,"0"&$S31,$S31))) -> 001 | U31: =IF($I31="TTL","",$L31&$P31&$N31&$O31&$T31) -> ELSJPF5001 | V31: =IF($I31="TTL",SUMIF($C:$C,MID($K31,1,SEARCH("TTL",$K31)-2),$V:$V),IF($EI31="",0,1/COUNTIF($EI:$EI,$EI31))) -> 0.1 | W31: 14FW_ELSTINKO_DOWN JUMPER_01_BK | X31: =IF($Y31="","",VLOOKUP($Y31,CODE!$AE:$AF,CODE!$AF$1-1,FALSE)) -> BK | Y31: BLACK | Z31: =$U31&$X31 -> ELSJPF5001BK | AA31: =VLOOKUP($Z31&$AX31,$EC:$EG,5,FALSE) | AB31: =IF($I31="TTL",SUMIF($C:$C,MID($K31,1,SEARCH("TTL",$K31)-2),$AB:$AB),IF($EJ31="",0,1/COUNTIF($EJ:$EJ,$EJ31))) -> 0.2 | AC31: 겉감: 100% nylon 배색,안감: 100% polyester 충전재: 다운솜털 60%/깃털40% | AD31: 1 | AE31: OXS | AF31: 200 | AG31: 대경 | AH31: 1 | AI31: =IF($AH31=0,"",IF($AH31<10,"0"&$AH31,$AH31)) -> 01 | AJ31: M | AK31: IN | AL31: =IF($AK31=0,"",IF($AK31="KR",2,1)) -> 1 | AM31: =IF(ISERROR(VLOOKUP($F31,[1]기획현황취합!$A$1:$E$65440,[1]기획현황취합!$B$1,FALSE))=TRUE,0,VLOOKUP($F31,[1]기획현황취합!$A$1:$E$65440,[1]기획현황취합!$B$1,FALSE)) -> 238000 | AN31: =IF(ISERROR(VLOOKUP($F31,[1]기획현황취합!$A$1:$E$65440,[1]기획현황취합!$C$1,FALSE))=TRUE,0,VLOOKUP($F31,[1]기획현황취합!$A$1:$E$65440,[1]기획현황취합!$C$1,FALSE)) -> 41801 | AO31: =IF(ISERROR(($AM31/1.1)/VLOOKUP($AG31,'TARGET MU'!$A:$D,'TARGET MU'!$D$1,FALSE))=TRUE,0,($AM31/1.1)/VLOOKUP($AG31,'TARGET MU'!$A:$D,'TARGET MU'!$D$1,FALSE)) -> 48080.808 | AP31: =IF(OR(AF31=0,AND(AV31=0,AW31=0)),0,IF(AG31="캡보이2",AV31*$AQ$5+AU31,IF(OR(AK31="IN",AK31="BG",AK31="VT",AK31="CB"),$AU31+(($AV31*(1+$AW$4))*(HLOOKUP(VLOOKUP(AG31,'TARGET MU'!$A:$P,'TARGET MU'!$J$1,FALSE),$AO$4:$AR$5,2,FALSE)))+$AW31,$AU31+((($AV31*(1+$AW$4))*(1+HLOOKUP(VLOOKUP($P31,CODE!$K:$P,CODE!$P$1,FALSE),$AS$4:$AV$5,2,FALSE)))*(HLOOKUP(VLOOKUP(AG31,'TARGET MU'!$A:$P,'TARGET MU'!$J$1,FALSE),$AO$4:$AR$5,2,FALSE)))+$AW31))) -> 57019.25 | AQ31: =AP31-AO31 -> 8938.4419 | AR31: 0 | AS31: 20 | AU31: =SUM(AR31:AT31) -> 20 | AV31: 49.35 | AW31: 0 | AX31: =IF(ISERROR(VLOOKUP($F31,[1]기획현황취합!$A$1:$E$65440,[1]기획현황취합!$D$1,FALSE))=TRUE,0,VLOOKUP($F31,[1]기획현황취합!$A$1:$E$65440,[1]기획현황취합!$D$1,FALSE)) -> 41744 | AZ31: =IF(ISERROR(VLOOKUP($F31,[1]기획현황취합!$A$1:$E$65440,[1]기획현황취합!$E$1,FALSE))=TRUE,0,VLOOKUP($F31,[1]기획현황취합!$A$1:$E$65440,[1]기획현황취합!$E$1,FALSE)) -> 41897 | BA31: 41912 | BB31: 41920 | BC31: 0 | BD31: 0 | BE31: 0 | BF31: 0 | BG31: 확정 | BH31: 0 | BI31: =IF($I31="TTL",SUMIF($C:$C,MID($K31,1,SEARCH("TTL",$K31)-2),$BI:$BI),SUMIF(실입고현황!$A:$A,BB31&VLOOKUP($AG31,'TARGET MU'!$A:$D,'TARGET MU'!$B$1,FALSE)&$Z31&" "&$AE31,실입고현황!$C:$C)) -> 215 | BJ31: =IF($I31="TTL",SUMIF($C:$C,MID($K31,1,SEARCH("TTL",$K31)-2),$BJ:$BJ),SUMIF(실입고현황!$A:$A,BC31&VLOOKUP($AG31,'TARGET MU'!$A:$D,'TARGET MU'!$B$1,FALSE)&$Z31&" "&$AE31,실입고현황!$C:$C)) -> 0 | BK31: =IF($I31="TTL",SUMIF($C:$C,MID($K31,1,SEARCH("TTL",$K31)-2),$BK:$BK),SUMIF(실입고현황!$A:$A,BD31&VLOOKUP($AG31,'TARGET MU'!$A:$D,'TARGET MU'!$B$1,FALSE)&$Z31&" "&$AE31,실입고현황!$C:$C)) -> 0 | BL31: =IF($I31="TTL",SUMIF($C:$C,MID($K31,1,SEARCH("TTL",$K31)-2),$BL:$BL),SUMIF(실입고현황!$A:$A,BE31&VLOOKUP($AG31,'TARGET MU'!$A:$D,'TARGET MU'!$B$1,FALSE)&$Z31&" "&$AE31,실입고현황!$C:$C)) -> 0 | BM31: =IF($I31="TTL",SUMIF($C:$C,MID($K31,1,SEARCH("TTL",$K31)-2),$BM:$BM),SUMIF(실입고현황!$A:$A,BF31&VLOOKUP($AG31,'TARGET MU'!$A:$D,'TARGET MU'!$B$1,FALSE)&$Z31&" "&$AE31,실입고현황!$C:$C)) -> 0 | BN31: =IF($I31="TTL",SUMIF($C:$C,MID($K31,1,SEARCH("TTL",$K31)-2),$BN:$BN),IF(($BO31-SUM($BI31,$BJ31,$BK31,BL31,BM31))<$BO31*$BN$6,0,$BO31-SUM($BI31,$BJ31,$BK31,BL31,BM31))) -> 0 | BO31: =IF($I31="TTL",SUMIF($C:$C,MID($K31,1,SEARCH("TTL",$K31)-2),$BO:$BO),$AF31) -> 200 | BP31: =IF($I31="TTL",SUMIF($C:$C,MID($K31,1,SEARCH("TTL",$K31)-2),$BP:$BP),IF($AP31=0,$AO31*$AF31,$AP31*$AF31)) -> 11403850 | BQ31: =IF($I31="TTL",SUMIF($C:$C,MID($K31,1,SEARCH("TTL",$K31)-2),$BQ:$BQ),$AM31*$AF31) -> 47600000 | BR31: =IF(ISERROR($BQ31/($BP31*1.1))=TRUE,0,$BQ31/($BP31*1.1)) -> 3.7945718 | BT31: =IF(ISERROR(Z31&VLOOKUP($AG31,'TARGET MU'!$A:$D,'TARGET MU'!$B$1,FALSE))=TRUE,"",Z31&VLOOKUP($AG31,'TARGET MU'!$A:$D,'TARGET MU'!$B$1,FALSE)) -> ELSJPF5001BK대경글로텍 | BU31: =AP31 -> 57019.25 | BV31: =Z31&AE31&AF31&AM31&AG31&AI31&AK31 -> ELSJPF5001BKOXS200238000대경01IN | BX31: =IF($I31="TTL","",$L31) -> ELS | BY31: =$O31 -> 5 | BZ31: =$AJ31 -> M | CA31: =$P31 -> JP | CB31: =$R31 -> U | CC31: =$AK31 -> IN | CD31: =$W31 -> 14FW_ELSTINKO_DOWN JUMPER_01_BK | CE31: =$U31 -> ELSJPF5001 | CF31: =$T31 -> 001 | CG31: =$W31 -> 14FW_ELSTINKO_DOWN JUMPER_01_BK | CH31: =$X31 -> BK | CI31: =$AD31 -> 1 | CJ31: =$AE31 -> OXS | CK31: =IF($I31="TTL",SUMIF($C:$C,MID($K31,1,SEARCH("TTL",$K31)-2),$BO:$BO),$AF31) -> 200 | CL31: =$AV31 -> 49.35 | CM31: =$AM31 -> 238000 | CN31: =$AP31-$AU31 -> 56999.25 | CO31: =$AU31 -> 20 | CP31: =$AL31 -> 1 | CT31: =IF($I31="TTL",$K31,$Z31&$AE31) -> ELSJPF5001BKOXS | CU31: =$M31 -> ELSTINKO | CV31: =IF($I31="TTL","",IF($CT31="","",$Q31&"_"&$T31&IF(R31="K","_KIDS",""))) -> JUMPER_001 | CW31: =IF($I31="TTL","",IF($CT31="","",$Y31&"_"&$AE31)) -> BLACK_OXS | CX31: =$L31 -> ELS | CY31: =$T31 -> 001 | CZ31: =IF($I31="TTL",SUMIF($C:$C,MID($K31,1,SEARCH("TTL",$K31)-2),$CZ:$CZ),$AF31) -> 200 | DA31: =$AM31 -> 238000 | DB31: =$Y31 -> BLACK | DC31: =$AE31 -> OXS | DG31: 41778 | DH31: =IF(OR($I31="TTL",$I31=""),"",AZ31-$DH$11) -> 41807 | DI31: 41744 | DJ31: 41744 | DP31: =IF(OR($DN31="없음",$I31="TTL",$I31=""),"",AZ31-$DP$11) -> 41837 | DV31: 41820 | EC31: =IF(OR($Z30&$AX30=$Z31&$AX30,$Z31&$AX31=""),"",$Z31&$AX31) -> ELSJPF5001BK41744 | ED31: =IF(OR(Z30&AE30=Z31&AE31,Z31=""),"",Z31&AE31) -> ELSJPF5001BKOXS | EE31: =IF($ED31="",0,IF(COUNTIF(ED$12:ED30,ED31)=0,0,COUNTIF(ED$12:ED30,ED31))) -> 0 | EF31: =IF(OR($AJ31="B",$ED31="",MID($U31,8,1)=$EF$9,MID($U31,8,1)=$EF$10),0,1) -> 0 | EG31: =IF(EE31+EF31=0,"","R"&(EE31+EF31)) | EI31: =IF($ED31="","",IF($EE31=0,U31,"")) -> ELSJPF5001 | EJ31: =IF($ED31="","",IF($EE31=0,Z31,"")) -> ELSJPF5001BK | EV31: =AV31*AF31 -> 9870
A32: =IF(OR($I32="TTL",$I32=""),"",IF(ISERROR(VLOOKUP($B32,CODE!$D:$G,CODE!$F$1-2,FALSE))=TRUE,"전략",VLOOKUP($B32,CODE!$D:$G,CODE!$F$1-2,FALSE))) -> 전략 | B32: =IF(OR($I32="TTL",$I32=""),"",IF(VLOOKUP($P32,CODE!$K:$O,CODE!$O$1,FALSE)="",$I32,$I32&"-"&VLOOKUP($P32,CODE!$K:$O,CODE!$O$1,FALSE))) -> ELS-의류 | C32: =IF($I32="TTL","",I32&"-"&$AG32&"-"&$AI32) -> ELS-대경-01 | D32: =$C32&$Z32 -> ELS-대경-01ELSJPF5001BK | E32: =IF($I32="TTL",0,IF(ISERROR(IF($Z31=$Z32,$E31,$E31+1))=TRUE,1,IF($Z31=$Z32,$E31,$E31+1))) -> 1 | F32: =$C32&$E32 -> ELS-대경-011 | G32: =$F32&"-"&$U32&$Y32&$AE32 -> ELS-대경-011-ELSJPF5001BLACKOSS | H32: =IF(ISERROR(I32&VLOOKUP(P32,CODE!$K:$N,CODE!$N$1,FALSE)&S32)=TRUE,0,I32&VLOOKUP(P32,CODE!$K:$N,CODE!$N$1,FALSE)&S32) -> ELS의류1 | I32: =IF(ISERROR(SEARCH("TTL",$K32))=TRUE,IF($L32="","",VLOOKUP($L32,CODE!$B:$G,CODE!$D$1,FALSE)),"TTL") -> ELS | J32: =MID(W32,1,6) -> 14FW_E | L32: ELS | M32: =IF(OR($I32="TTL",$L32=""),"",VLOOKUP($L32,CODE!$B:$D,CODE!$C$1,FALSE)) -> ELSTINKO | N32: =IF(OR($I32="TTL",$L32=""),"",VLOOKUP($K$2,CODE!$S:$T,CODE!$T$1-1,FALSE)) -> F | O32: 5 | P32: JP | Q32: =IF(OR($I32="TTL",$P32=""),"",VLOOKUP($P32,CODE!$K:$M,CODE!$L$1,FALSE)) -> JUMPER | R32: U | S32: 1 | T32: =IF(OR($I32="TTL",$S32=""),"",IF($S32<10,"00"&$S32,IF($S32<100,"0"&$S32,$S32))) -> 001 | U32: =IF($I32="TTL","",$L32&$P32&$N32&$O32&$T32) -> ELSJPF5001 | V32: =IF($I32="TTL",SUMIF($C:$C,MID($K32,1,SEARCH("TTL",$K32)-2),$V:$V),IF($EI32="",0,1/COUNTIF($EI:$EI,$EI32))) -> 0.1 | W32: 14FW_ELSTINKO_DOWN JUMPER_01_BK | X32: =IF($Y32="","",VLOOKUP($Y32,CODE!$AE:$AF,CODE!$AF$1-1,FALSE)) -> BK | Y32: BLACK | Z32: =$U32&$X32 -> ELSJPF5001BK | AA32: =VLOOKUP($Z32&$AX32,$EC:$EG,5,FALSE) | AB32: =IF($I32="TTL",SUMIF($C:$C,MID($K32,1,SEARCH("TTL",$K32)-2),$AB:$AB),IF($EJ32="",0,1/COUNTIF($EJ:$EJ,$EJ32))) -> 0.2 | AC32: 겉감: 100% nylon 배색,안감: 100% polyester 충전재: 다운솜털 60%/깃털40% | AD32: 1 | AE32: OSS | AF32: 400 | AG32: 대경 | AH32: 1 | AI32: =IF($AH32=0,"",IF($AH32<10,"0"&$AH32,$AH32)) -> 01 | AJ32: M | AK32: IN | AL32: =IF($AK32=0,"",IF($AK32="KR",2,1)) -> 1 | AM32: =IF(ISERROR(VLOOKUP($F32,[1]기획현황취합!$A$1:$E$65440,[1]기획현황취합!$B$1,FALSE))=TRUE,0,VLOOKUP($F32,[1]기획현황취합!$A$1:$E$65440,[1]기획현황취합!$B$1,FALSE)) -> 238000 | AN32: =IF(ISERROR(VLOOKUP($F32,[1]기획현황취합!$A$1:$E$65440,[1]기획현황취합!$C$1,FALSE))=TRUE,0,VLOOKUP($F32,[1]기획현황취합!$A$1:$E$65440,[1]기획현황취합!$C$1,FALSE)) -> 41801 | AO32: =IF(ISERROR(($AM32/1.1)/VLOOKUP($AG32,'TARGET MU'!$A:$D,'TARGET MU'!$D$1,FALSE))=TRUE,0,($AM32/1.1)/VLOOKUP($AG32,'TARGET MU'!$A:$D,'TARGET MU'!$D$1,FALSE)) -> 48080.808 | AP32: =IF(OR(AF32=0,AND(AV32=0,AW32=0)),0,IF(AG32="캡보이2",AV32*$AQ$5+AU32,IF(OR(AK32="IN",AK32="BG",AK32="VT",AK32="CB"),$AU32+(($AV32*(1+$AW$4))*(HLOOKUP(VLOOKUP(AG32,'TARGET MU'!$A:$P,'TARGET MU'!$J$1,FALSE),$AO$4:$AR$5,2,FALSE)))+$AW32,$AU32+((($AV32*(1+$AW$4))*(1+HLOOKUP(VLOOKUP($P32,CODE!$K:$P,CODE!$P$1,FALSE),$AS$4:$AV$5,2,FALSE)))*(HLOOKUP(VLOOKUP(AG32,'TARGET MU'!$A:$P,'TARGET MU'!$J$1,FALSE),$AO$4:$AR$5,2,FALSE)))+$AW32))) -> 57019.25 | AQ32: =AP32-AO32 -> 8938.4419 | AR32: 0 | AS32: 20 | AU32: =SUM(AR32:AT32) -> 20 | AV32: 49.35 | AW32: 0 | AX32: =IF(ISERROR(VLOOKUP($F32,[1]기획현황취합!$A$1:$E$65440,[1]기획현황취합!$D$1,FALSE))=TRUE,0,VLOOKUP($F32,[1]기획현황취합!$A$1:$E$65440,[1]기획현황취합!$D$1,FALSE)) -> 41744 | AZ32: =IF(ISERROR(VLOOKUP($F32,[1]기획현황취합!$A$1:$E$65440,[1]기획현황취합!$E$1,FALSE))=TRUE,0,VLOOKUP($F32,[1]기획현황취합!$A$1:$E$65440,[1]기획현황취합!$E$1,FALSE)) -> 41897 | BA32: 41912 | BB32: 41920 | BC32: 0 | BD32: 0 | BE32: 0 | BF32: 0 | BG32: 확정 | BH32: 0 | BI32: =IF($I32="TTL",SUMIF($C:$C,MID($K32,1,SEARCH("TTL",$K32)-2),$BI:$BI),SUMIF(실입고현황!$A:$A,BB32&VLOOKUP($AG32,'TARGET MU'!$A:$D,'TARGET MU'!$B$1,FALSE)&$Z32&" "&$AE32,실입고현황!$C:$C)) -> 430 | BJ32: =IF($I32="TTL",SUMIF($C:$C,MID($K32,1,SEARCH("TTL",$K32)-2),$BJ:$BJ),SUMIF(실입고현황!$A:$A,BC32&VLOOKUP($AG32,'TARGET MU'!$A:$D,'TARGET MU'!$B$1,FALSE)&$Z32&" "&$AE32,실입고현황!$C:$C)) -> 0 | BK32: =IF($I32="TTL",SUMIF($C:$C,MID($K32,1,SEARCH("TTL",$K32)-2),$BK:$BK),SUMIF(실입고현황!$A:$A,BD32&VLOOKUP($AG32,'TARGET MU'!$A:$D,'TARGET MU'!$B$1,FALSE)&$Z32&" "&$AE32,실입고현황!$C:$C)) -> 0 | BL32: =IF($I32="TTL",SUMIF($C:$C,MID($K32,1,SEARCH("TTL",$K32)-2),$BL:$BL),SUMIF(실입고현황!$A:$A,BE32&VLOOKUP($AG32,'TARGET MU'!$A:$D,'TARGET MU'!$B$1,FALSE)&$Z32&" "&$AE32,실입고현황!$C:$C)) -> 0 | BM32: =IF($I32="TTL",SUMIF($C:$C,MID($K32,1,SEARCH("TTL",$K32)-2),$BM:$BM),SUMIF(실입고현황!$A:$A,BF32&VLOOKUP($AG32,'TARGET MU'!$A:$D,'TARGET MU'!$B$1,FALSE)&$Z32&" "&$AE32,실입고현황!$C:$C)) -> 0 | BN32: =IF($I32="TTL",SUMIF($C:$C,MID($K32,1,SEARCH("TTL",$K32)-2),$BN:$BN),IF(($BO32-SUM($BI32,$BJ32,$BK32,BL32,BM32))<$BO32*$BN$6,0,$BO32-SUM($BI32,$BJ32,$BK32,BL32,BM32))) -> 0 | BO32: =IF($I32="TTL",SUMIF($C:$C,MID($K32,1,SEARCH("TTL",$K32)-2),$BO:$BO),$AF32) -> 400 | BP32: =IF($I32="TTL",SUMIF($C:$C,MID($K32,1,SEARCH("TTL",$K32)-2),$BP:$BP),IF($AP32=0,$AO32*$AF32,$AP32*$AF32)) -> 22807700 | BQ32: =IF($I32="TTL",SUMIF($C:$C,MID($K32,1,SEARCH("TTL",$K32)-2),$BQ:$BQ),$AM32*$AF32) -> 95200000 | BR32: =IF(ISERROR($BQ32/($BP32*1.1))=TRUE,0,$BQ32/($BP32*1.1)) -> 3.7945718 | BT32: =IF(ISERROR(Z32&VLOOKUP($AG32,'TARGET MU'!$A:$D,'TARGET MU'!$B$1,FALSE))=TRUE,"",Z32&VLOOKUP($AG32,'TARGET MU'!$A:$D,'TARGET MU'!$B$1,FALSE)) -> ELSJPF5001BK대경글로텍 | BU32: =AP32 -> 57019.25 | BV32: =Z32&AE32&AF32&AM32&AG32&AI32&AK32 -> ELSJPF5001BKOSS400238000대경01IN | BX32: =IF($I32="TTL","",$L32) -> ELS | BY32: =$O32 -> 5 | BZ32: =$AJ32 -> M | CA32: =$P32 -> JP | CB32: =$R32 -> U | CC32: =$AK32 -> IN | CD32: =$W32 -> 14FW_ELSTINKO_DOWN JUMPER_01_BK | CE32: =$U32 -> ELSJPF5001 | CF32: =$T32 -> 001 | CG32: =$W32 -> 14FW_ELSTINKO_DOWN JUMPER_01_BK | CH32: =$X32 -> BK | CI32: =$AD32 -> 1 | CJ32: =$AE32 -> OSS | CK32: =IF($I32="TTL",SUMIF($C:$C,MID($K32,1,SEARCH("TTL",$K32)-2),$BO:$BO),$AF32) -> 400 | CL32: =$AV32 -> 49.35 | CM32: =$AM32 -> 238000 | CN32: =$AP32-$AU32 -> 56999.25 | CO32: =$AU32 -> 20 | CP32: =$AL32 -> 1 | CT32: =IF($I32="TTL",$K32,$Z32&$AE32) -> ELSJPF5001BKOSS | CU32: =$M32 -> ELSTINKO | CV32: =IF($I32="TTL","",IF($CT32="","",$Q32&"_"&$T32&IF(R32="K","_KIDS",""))) -> JUMPER_001 | CW32: =IF($I32="TTL","",IF($CT32="","",$Y32&"_"&$AE32)) -> BLACK_OSS | CX32: =$L32 -> ELS | CY32: =$T32 -> 001 | CZ32: =IF($I32="TTL",SUMIF($C:$C,MID($K32,1,SEARCH("TTL",$K32)-2),$CZ:$CZ),$AF32) -> 400 | DA32: =$AM32 -> 238000 | DB32: =$Y32 -> BLACK | DC32: =$AE32 -> OSS | DG32: 41778 | DH32: =IF(OR($I32="TTL",$I32=""),"",AZ32-$DH$11) -> 41807 | DI32: 41744 | DJ32: 41744 | DP32: =IF(OR($DN32="없음",$I32="TTL",$I32=""),"",AZ32-$DP$11) -> 41837 | DV32: 41820 | EC32: =IF(OR($Z31&$AX31=$Z32&$AX31,$Z32&$AX32=""),"",$Z32&$AX32) | ED32: =IF(OR(Z31&AE31=Z32&AE32,Z32=""),"",Z32&AE32) -> ELSJPF5001BKOSS | EE32: =IF($ED32="",0,IF(COUNTIF(ED$12:ED31,ED32)=0,0,COUNTIF(ED$12:ED31,ED32))) -> 0 | EF32: =IF(OR($AJ32="B",$ED32="",MID($U32,8,1)=$EF$9,MID($U32,8,1)=$EF$10),0,1) -> 0 | EG32: =IF(EE32+EF32=0,"","R"&(EE32+EF32)) | EI32: =IF($ED32="","",IF($EE32=0,U32,"")) -> ELSJPF5001 | EJ32: =IF($ED32="","",IF($EE32=0,Z32,"")) -> ELSJPF5001BK | EV32: =AV32*AF32 -> 19740
A33: =IF(OR($I33="TTL",$I33=""),"",IF(ISERROR(VLOOKUP($B33,CODE!$D:$G,CODE!$F$1-2,FALSE))=TRUE,"전략",VLOOKUP($B33,CODE!$D:$G,CODE!$F$1-2,FALSE))) -> 전략 | B33: =IF(OR($I33="TTL",$I33=""),"",IF(VLOOKUP($P33,CODE!$K:$O,CODE!$O$1,FALSE)="",$I33,$I33&"-"&VLOOKUP($P33,CODE!$K:$O,CODE!$O$1,FALSE))) -> ELS-의류 | C33: =IF($I33="TTL","",I33&"-"&$AG33&"-"&$AI33) -> ELS-대경-01 | D33: =$C33&$Z33 -> ELS-대경-01ELSJPF5001BK | E33: =IF($I33="TTL",0,IF(ISERROR(IF($Z32=$Z33,$E32,$E32+1))=TRUE,1,IF($Z32=$Z33,$E32,$E32+1))) -> 1 | F33: =$C33&$E33 -> ELS-대경-011 | G33: =$F33&"-"&$U33&$Y33&$AE33 -> ELS-대경-011-ELSJPF5001BLACKOMM | H33: =IF(ISERROR(I33&VLOOKUP(P33,CODE!$K:$N,CODE!$N$1,FALSE)&S33)=TRUE,0,I33&VLOOKUP(P33,CODE!$K:$N,CODE!$N$1,FALSE)&S33) -> ELS의류1 | I33: =IF(ISERROR(SEARCH("TTL",$K33))=TRUE,IF($L33="","",VLOOKUP($L33,CODE!$B:$G,CODE!$D$1,FALSE)),"TTL") -> ELS | J33: =MID(W33,1,6) -> 14FW_E | L33: ELS | M33: =IF(OR($I33="TTL",$L33=""),"",VLOOKUP($L33,CODE!$B:$D,CODE!$C$1,FALSE)) -> ELSTINKO | N33: =IF(OR($I33="TTL",$L33=""),"",VLOOKUP($K$2,CODE!$S:$T,CODE!$T$1-1,FALSE)) -> F | O33: 5 | P33: JP | Q33: =IF(OR($I33="TTL",$P33=""),"",VLOOKUP($P33,CODE!$K:$M,CODE!$L$1,FALSE)) -> JUMPER | R33: U | S33: 1 | T33: =IF(OR($I33="TTL",$S33=""),"",IF($S33<10,"00"&$S33,IF($S33<100,"0"&$S33,$S33))) -> 001 | U33: =IF($I33="TTL","",$L33&$P33&$N33&$O33&$T33) -> ELSJPF5001 | V33: =IF($I33="TTL",SUMIF($C:$C,MID($K33,1,SEARCH("TTL",$K33)-2),$V:$V),IF($EI33="",0,1/COUNTIF($EI:$EI,$EI33))) -> 0.1 | W33: 14FW_ELSTINKO_DOWN JUMPER_01_BK | X33: =IF($Y33="","",VLOOKUP($Y33,CODE!$AE:$AF,CODE!$AF$1-1,FALSE)) -> BK | Y33: BLACK | Z33: =$U33&$X33 -> ELSJPF5001BK | AA33: =VLOOKUP($Z33&$AX33,$EC:$EG,5,FALSE) | AB33: =IF($I33="TTL",SUMIF($C:$C,MID($K33,1,SEARCH("TTL",$K33)-2),$AB:$AB),IF($EJ33="",0,1/COUNTIF($EJ:$EJ,$EJ33))) -> 0.2 | AC33: 겉감: 100% nylon 배색,안감: 100% polyester 충전재: 다운솜털 60%/깃털40% | AD33: 1 | AE33: OMM | AF33: 450 | AG33: 대경 | AH33: 1 | AI33: =IF($AH33=0,"",IF($AH33<10,"0"&$AH33,$AH33)) -> 01 | AJ33: M | AK33: IN | AL33: =IF($AK33=0,"",IF($AK33="KR",2,1)) -> 1 | AM33: =IF(ISERROR(VLOOKUP($F33,[1]기획현황취합!$A$1:$E$65440,[1]기획현황취합!$B$1,FALSE))=TRUE,0,VLOOKUP($F33,[1]기획현황취합!$A$1:$E$65440,[1]기획현황취합!$B$1,FALSE)) -> 238000 | AN33: =IF(ISERROR(VLOOKUP($F33,[1]기획현황취합!$A$1:$E$65440,[1]기획현황취합!$C$1,FALSE))=TRUE,0,VLOOKUP($F33,[1]기획현황취합!$A$1:$E$65440,[1]기획현황취합!$C$1,FALSE)) -> 41801 | AO33: =IF(ISERROR(($AM33/1.1)/VLOOKUP($AG33,'TARGET MU'!$A:$D,'TARGET MU'!$D$1,FALSE))=TRUE,0,($AM33/1.1)/VLOOKUP($AG33,'TARGET MU'!$A:$D,'TARGET MU'!$D$1,FALSE)) -> 48080.808 | AP33: =IF(OR(AF33=0,AND(AV33=0,AW33=0)),0,IF(AG33="캡보이2",AV33*$AQ$5+AU33,IF(OR(AK33="IN",AK33="BG",AK33="VT",AK33="CB"),$AU33+(($AV33*(1+$AW$4))*(HLOOKUP(VLOOKUP(AG33,'TARGET MU'!$A:$P,'TARGET MU'!$J$1,FALSE),$AO$4:$AR$5,2,FALSE)))+$AW33,$AU33+((($AV33*(1+$AW$4))*(1+HLOOKUP(VLOOKUP($P33,CODE!$K:$P,CODE!$P$1,FALSE),$AS$4:$AV$5,2,FALSE)))*(HLOOKUP(VLOOKUP(AG33,'TARGET MU'!$A:$P,'TARGET MU'!$J$1,FALSE),$AO$4:$AR$5,2,FALSE)))+$AW33))) -> 57019.25 | AQ33: =AP33-AO33 -> 8938.4419 | AR33: 0 | AS33: 20 | AU33: =SUM(AR33:AT33) -> 20 | AV33: 49.35 | AW33: 0 | AX33: =IF(ISERROR(VLOOKUP($F33,[1]기획현황취합!$A$1:$E$65440,[1]기획현황취합!$D$1,FALSE))=TRUE,0,VLOOKUP($F33,[1]기획현황취합!$A$1:$E$65440,[1]기획현황취합!$D$1,FALSE)) -> 41744 | AZ33: =IF(ISERROR(VLOOKUP($F33,[1]기획현황취합!$A$1:$E$65440,[1]기획현황취합!$E$1,FALSE))=TRUE,0,VLOOKUP($F33,[1]기획현황취합!$A$1:$E$65440,[1]기획현황취합!$E$1,FALSE)) -> 41897 | BA33: 41912 | BB33: 41920 | BC33: 0 | BD33: 0 | BE33: 0 | BF33: 0 | BG33: 확정 | BH33: 0 | BI33: =IF($I33="TTL",SUMIF($C:$C,MID($K33,1,SEARCH("TTL",$K33)-2),$BI:$BI),SUMIF(실입고현황!$A:$A,BB33&VLOOKUP($AG33,'TARGET MU'!$A:$D,'TARGET MU'!$B$1,FALSE)&$Z33&" "&$AE33,실입고현황!$C:$C)) -> 486 | BJ33: =IF($I33="TTL",SUMIF($C:$C,MID($K33,1,SEARCH("TTL",$K33)-2),$BJ:$BJ),SUMIF(실입고현황!$A:$A,BC33&VLOOKUP($AG33,'TARGET MU'!$A:$D,'TARGET MU'!$B$1,FALSE)&$Z33&" "&$AE33,실입고현황!$C:$C)) -> 0 | BK33: =IF($I33="TTL",SUMIF($C:$C,MID($K33,1,SEARCH("TTL",$K33)-2),$BK:$BK),SUMIF(실입고현황!$A:$A,BD33&VLOOKUP($AG33,'TARGET MU'!$A:$D,'TARGET MU'!$B$1,FALSE)&$Z33&" "&$AE33,실입고현황!$C:$C)) -> 0 | BL33: =IF($I33="TTL",SUMIF($C:$C,MID($K33,1,SEARCH("TTL",$K33)-2),$BL:$BL),SUMIF(실입고현황!$A:$A,BE33&VLOOKUP($AG33,'TARGET MU'!$A:$D,'TARGET MU'!$B$1,FALSE)&$Z33&" "&$AE33,실입고현황!$C:$C)) -> 0 | BM33: =IF($I33="TTL",SUMIF($C:$C,MID($K33,1,SEARCH("TTL",$K33)-2),$BM:$BM),SUMIF(실입고현황!$A:$A,BF33&VLOOKUP($AG33,'TARGET MU'!$A:$D,'TARGET MU'!$B$1,FALSE)&$Z33&" "&$AE33,실입고현황!$C:$C)) -> 0 | BN33: =IF($I33="TTL",SUMIF($C:$C,MID($K33,1,SEARCH("TTL",$K33)-2),$BN:$BN),IF(($BO33-SUM($BI33,$BJ33,$BK33,BL33,BM33))<$BO33*$BN$6,0,$BO33-SUM($BI33,$BJ33,$BK33,BL33,BM33))) -> 0 | BO33: =IF($I33="TTL",SUMIF($C:$C,MID($K33,1,SEARCH("TTL",$K33)-2),$BO:$BO),$AF33) -> 450 | BP33: =IF($I33="TTL",SUMIF($C:$C,MID($K33,1,SEARCH("TTL",$K33)-2),$BP:$BP),IF($AP33=0,$AO33*$AF33,$AP33*$AF33)) -> 25658662 | BQ33: =IF($I33="TTL",SUMIF($C:$C,MID($K33,1,SEARCH("TTL",$K33)-2),$BQ:$BQ),$AM33*$AF33) -> 107100000 | BR33: =IF(ISERROR($BQ33/($BP33*1.1))=TRUE,0,$BQ33/($BP33*1.1)) -> 3.7945718 | BT33: =IF(ISERROR(Z33&VLOOKUP($AG33,'TARGET MU'!$A:$D,'TARGET MU'!$B$1,FALSE))=TRUE,"",Z33&VLOOKUP($AG33,'TARGET MU'!$A:$D,'TARGET MU'!$B$1,FALSE)) -> ELSJPF5001BK대경글로텍 | BU33: =AP33 -> 57019.25 | BV33: =Z33&AE33&AF33&AM33&AG33&AI33&AK33 -> ELSJPF5001BKOMM450238000대경01IN | BX33: =IF($I33="TTL","",$L33) -> ELS | BY33: =$O33 -> 5 | BZ33: =$AJ33 -> M | CA33: =$P33 -> JP | CB33: =$R33 -> U | CC33: =$AK33 -> IN | CD33: =$W33 -> 14FW_ELSTINKO_DOWN JUMPER_01_BK | CE33: =$U33 -> ELSJPF5001 | CF33: =$T33 -> 001 | CG33: =$W33 -> 14FW_ELSTINKO_DOWN JUMPER_01_BK | CH33: =$X33 -> BK | CI33: =$AD33 -> 1 | CJ33: =$AE33 -> OMM | CK33: =IF($I33="TTL",SUMIF($C:$C,MID($K33,1,SEARCH("TTL",$K33)-2),$BO:$BO),$AF33) -> 450 | CL33: =$AV33 -> 49.35 | CM33: =$AM33 -> 238000 | CN33: =$AP33-$AU33 -> 56999.25 | CO33: =$AU33 -> 20 | CP33: =$AL33 -> 1 | CT33: =IF($I33="TTL",$K33,$Z33&$AE33) -> ELSJPF5001BKOMM | CU33: =$M33 -> ELSTINKO | CV33: =IF($I33="TTL","",IF($CT33="","",$Q33&"_"&$T33&IF(R33="K","_KIDS",""))) -> JUMPER_001 | CW33: =IF($I33="TTL","",IF($CT33="","",$Y33&"_"&$AE33)) -> BLACK_OMM | CX33: =$L33 -> ELS | CY33: =$T33 -> 001 | CZ33: =IF($I33="TTL",SUMIF($C:$C,MID($K33,1,SEARCH("TTL",$K33)-2),$CZ:$CZ),$AF33) -> 450 | DA33: =$AM33 -> 238000 | DB33: =$Y33 -> BLACK | DC33: =$AE33 -> OMM | DG33: 41778 | DH33: =IF(OR($I33="TTL",$I33=""),"",AZ33-$DH$11) -> 41807 | DI33: 41744 | DJ33: 41744 | DP33: =IF(OR($DN33="없음",$I33="TTL",$I33=""),"",AZ33-$DP$11) -> 41837 | DV33: 41820 | EC33: =IF(OR($Z32&$AX32=$Z33&$AX32,$Z33&$AX33=""),"",$Z33&$AX33) | ED33: =IF(OR(Z32&AE32=Z33&AE33,Z33=""),"",Z33&AE33) -> ELSJPF5001BKOMM | EE33: =IF($ED33="",0,IF(COUNTIF(ED$12:ED32,ED33)=0,0,COUNTIF(ED$12:ED32,ED33))) -> 0 | EF33: =IF(OR($AJ33="B",$ED33="",MID($U33,8,1)=$EF$9,MID($U33,8,1)=$EF$10),0,1) -> 0 | EG33: =IF(EE33+EF33=0,"","R"&(EE33+EF33)) | EI33: =IF($ED33="","",IF($EE33=0,U33,"")) -> ELSJPF5001 | EJ33: =IF($ED33="","",IF($EE33=0,Z33,"")) -> ELSJPF5001BK | EV33: =AV33*AF33 -> 22207.5
A34: =IF(OR($I34="TTL",$I34=""),"",IF(ISERROR(VLOOKUP($B34,CODE!$D:$G,CODE!$F$1-2,FALSE))=TRUE,"전략",VLOOKUP($B34,CODE!$D:$G,CODE!$F$1-2,FALSE))) -> 전략 | B34: =IF(OR($I34="TTL",$I34=""),"",IF(VLOOKUP($P34,CODE!$K:$O,CODE!$O$1,FALSE)="",$I34,$I34&"-"&VLOOKUP($P34,CODE!$K:$O,CODE!$O$1,FALSE))) -> ELS-의류 | C34: =IF($I34="TTL","",I34&"-"&$AG34&"-"&$AI34) -> ELS-대경-01 | D34: =$C34&$Z34 -> ELS-대경-01ELSJPF5001BK | E34: =IF($I34="TTL",0,IF(ISERROR(IF($Z33=$Z34,$E33,$E33+1))=TRUE,1,IF($Z33=$Z34,$E33,$E33+1))) -> 1 | F34: =$C34&$E34 -> ELS-대경-011 | G34: =$F34&"-"&$U34&$Y34&$AE34 -> ELS-대경-011-ELSJPF5001BLACKOLL | H34: =IF(ISERROR(I34&VLOOKUP(P34,CODE!$K:$N,CODE!$N$1,FALSE)&S34)=TRUE,0,I34&VLOOKUP(P34,CODE!$K:$N,CODE!$N$1,FALSE)&S34) -> ELS의류1 | I34: =IF(ISERROR(SEARCH("TTL",$K34))=TRUE,IF($L34="","",VLOOKUP($L34,CODE!$B:$G,CODE!$D$1,FALSE)),"TTL") -> ELS | J34: =MID(W34,1,6) -> 14FW_E | L34: ELS | M34: =IF(OR($I34="TTL",$L34=""),"",VLOOKUP($L34,CODE!$B:$D,CODE!$C$1,FALSE)) -> ELSTINKO | N34: =IF(OR($I34="TTL",$L34=""),"",VLOOKUP($K$2,CODE!$S:$T,CODE!$T$1-1,FALSE)) -> F | O34: 5 | P34: JP | Q34: =IF(OR($I34="TTL",$P34=""),"",VLOOKUP($P34,CODE!$K:$M,CODE!$L$1,FALSE)) -> JUMPER | R34: U | S34: 1 | T34: =IF(OR($I34="TTL",$S34=""),"",IF($S34<10,"00"&$S34,IF($S34<100,"0"&$S34,$S34))) -> 001 | U34: =IF($I34="TTL","",$L34&$P34&$N34&$O34&$T34) -> ELSJPF5001 | V34: =IF($I34="TTL",SUMIF($C:$C,MID($K34,1,SEARCH("TTL",$K34)-2),$V:$V),IF($EI34="",0,1/COUNTIF($EI:$EI,$EI34))) -> 0.1 | W34: 14FW_ELSTINKO_DOWN JUMPER_01_BK | X34: =IF($Y34="","",VLOOKUP($Y34,CODE!$AE:$AF,CODE!$AF$1-1,FALSE)) -> BK | Y34: BLACK | Z34: =$U34&$X34 -> ELSJPF5001BK | AA34: =VLOOKUP($Z34&$AX34,$EC:$EG,5,FALSE) | AB34: =IF($I34="TTL",SUMIF($C:$C,MID($K34,1,SEARCH("TTL",$K34)-2),$AB:$AB),IF($EJ34="",0,1/COUNTIF($EJ:$EJ,$EJ34))) -> 0.2 | AC34: 겉감: 100% nylon 배색,안감: 100% polyester 충전재: 다운솜털 60%/깃털40% | AD34: 1 | AE34: OLL | AF34: 250 | AG34: 대경 | AH34: 1 | AI34: =IF($AH34=0,"",IF($AH34<10,"0"&$AH34,$AH34)) -> 01 | AJ34: M | AK34: IN | AL34: =IF($AK34=0,"",IF($AK34="KR",2,1)) -> 1 | AM34: =IF(ISERROR(VLOOKUP($F34,[1]기획현황취합!$A$1:$E$65440,[1]기획현황취합!$B$1,FALSE))=TRUE,0,VLOOKUP($F34,[1]기획현황취합!$A$1:$E$65440,[1]기획현황취합!$B$1,FALSE)) -> 238000 | AN34: =IF(ISERROR(VLOOKUP($F34,[1]기획현황취합!$A$1:$E$65440,[1]기획현황취합!$C$1,FALSE))=TRUE,0,VLOOKUP($F34,[1]기획현황취합!$A$1:$E$65440,[1]기획현황취합!$C$1,FALSE)) -> 41801 | AO34: =IF(ISERROR(($AM34/1.1)/VLOOKUP($AG34,'TARGET MU'!$A:$D,'TARGET MU'!$D$1,FALSE))=TRUE,0,($AM34/1.1)/VLOOKUP($AG34,'TARGET MU'!$A:$D,'TARGET MU'!$D$1,FALSE)) -> 48080.808 | AP34: =IF(OR(AF34=0,AND(AV34=0,AW34=0)),0,IF(AG34="캡보이2",AV34*$AQ$5+AU34,IF(OR(AK34="IN",AK34="BG",AK34="VT",AK34="CB"),$AU34+(($AV34*(1+$AW$4))*(HLOOKUP(VLOOKUP(AG34,'TARGET MU'!$A:$P,'TARGET MU'!$J$1,FALSE),$AO$4:$AR$5,2,FALSE)))+$AW34,$AU34+((($AV34*(1+$AW$4))*(1+HLOOKUP(VLOOKUP($P34,CODE!$K:$P,CODE!$P$1,FALSE),$AS$4:$AV$5,2,FALSE)))*(HLOOKUP(VLOOKUP(AG34,'TARGET MU'!$A:$P,'TARGET MU'!$J$1,FALSE),$AO$4:$AR$5,2,FALSE)))+$AW34))) -> 57019.25 | AQ34: =AP34-AO34 -> 8938.4419 | AR34: 0 | AS34: 20 | AU34: =SUM(AR34:AT34) -> 20 | AV34: 49.35 | AW34: 0 | AX34: =IF(ISERROR(VLOOKUP($F34,[1]기획현황취합!$A$1:$E$65440,[1]기획현황취합!$D$1,FALSE))=TRUE,0,VLOOKUP($F34,[1]기획현황취합!$A$1:$E$65440,[1]기획현황취합!$D$1,FALSE)) -> 41744 | AZ34: =IF(ISERROR(VLOOKUP($F34,[1]기획현황취합!$A$1:$E$65440,[1]기획현황취합!$E$1,FALSE))=TRUE,0,VLOOKUP($F34,[1]기획현황취합!$A$1:$E$65440,[1]기획현황취합!$E$1,FALSE)) -> 41897 | BA34: 41912 | BB34: 41920 | BC34: 0 | BD34: 0 | BE34: 0 | BF34: 0 | BG34: 확정 | BH34: 0 | BI34: =IF($I34="TTL",SUMIF($C:$C,MID($K34,1,SEARCH("TTL",$K34)-2),$BI:$BI),SUMIF(실입고현황!$A:$A,BB34&VLOOKUP($AG34,'TARGET MU'!$A:$D,'TARGET MU'!$B$1,FALSE)&$Z34&" "&$AE34,실입고현황!$C:$C)) -> 266 | BJ34: =IF($I34="TTL",SUMIF($C:$C,MID($K34,1,SEARCH("TTL",$K34)-2),$BJ:$BJ),SUMIF(실입고현황!$A:$A,BC34&VLOOKUP($AG34,'TARGET MU'!$A:$D,'TARGET MU'!$B$1,FALSE)&$Z34&" "&$AE34,실입고현황!$C:$C)) -> 0 | BK34: =IF($I34="TTL",SUMIF($C:$C,MID($K34,1,SEARCH("TTL",$K34)-2),$BK:$BK),SUMIF(실입고현황!$A:$A,BD34&VLOOKUP($AG34,'TARGET MU'!$A:$D,'TARGET MU'!$B$1,FALSE)&$Z34&" "&$AE34,실입고현황!$C:$C)) -> 0 | BL34: =IF($I34="TTL",SUMIF($C:$C,MID($K34,1,SEARCH("TTL",$K34)-2),$BL:$BL),SUMIF(실입고현황!$A:$A,BE34&VLOOKUP($AG34,'TARGET MU'!$A:$D,'TARGET MU'!$B$1,FALSE)&$Z34&" "&$AE34,실입고현황!$C:$C)) -> 0 | BM34: =IF($I34="TTL",SUMIF($C:$C,MID($K34,1,SEARCH("TTL",$K34)-2),$BM:$BM),SUMIF(실입고현황!$A:$A,BF34&VLOOKUP($AG34,'TARGET MU'!$A:$D,'TARGET MU'!$B$1,FALSE)&$Z34&" "&$AE34,실입고현황!$C:$C)) -> 0 | BN34: =IF($I34="TTL",SUMIF($C:$C,MID($K34,1,SEARCH("TTL",$K34)-2),$BN:$BN),IF(($BO34-SUM($BI34,$BJ34,$BK34,BL34,BM34))<$BO34*$BN$6,0,$BO34-SUM($BI34,$BJ34,$BK34,BL34,BM34))) -> 0 | BO34: =IF($I34="TTL",SUMIF($C:$C,MID($K34,1,SEARCH("TTL",$K34)-2),$BO:$BO),$AF34) -> 250 | BP34: =IF($I34="TTL",SUMIF($C:$C,MID($K34,1,SEARCH("TTL",$K34)-2),$BP:$BP),IF($AP34=0,$AO34*$AF34,$AP34*$AF34)) -> 14254812 | BQ34: =IF($I34="TTL",SUMIF($C:$C,MID($K34,1,SEARCH("TTL",$K34)-2),$BQ:$BQ),$AM34*$AF34) -> 59500000 | BR34: =IF(ISERROR($BQ34/($BP34*1.1))=TRUE,0,$BQ34/($BP34*1.1)) -> 3.7945718 | BT34: =IF(ISERROR(Z34&VLOOKUP($AG34,'TARGET MU'!$A:$D,'TARGET MU'!$B$1,FALSE))=TRUE,"",Z34&VLOOKUP($AG34,'TARGET MU'!$A:$D,'TARGET MU'!$B$1,FALSE)) -> ELSJPF5001BK대경글로텍 | BU34: =AP34 -> 57019.25 | BV34: =Z34&AE34&AF34&AM34&AG34&AI34&AK34 -> ELSJPF5001BKOLL250238000대경01IN | BX34: =IF($I34="TTL","",$L34) -> ELS | BY34: =$O34 -> 5 | BZ34: =$AJ34 -> M | CA34: =$P34 -> JP | CB34: =$R34 -> U | CC34: =$AK34 -> IN | CD34: =$W34 -> 14FW_ELSTINKO_DOWN JUMPER_01_BK | CE34: =$U34 -> ELSJPF5001 | CF34: =$T34 -> 001 | CG34: =$W34 -> 14FW_ELSTINKO_DOWN JUMPER_01_BK | CH34: =$X34 -> BK | CI34: =$AD34 -> 1 | CJ34: =$AE34 -> OLL | CK34: =IF($I34="TTL",SUMIF($C:$C,MID($K34,1,SEARCH("TTL",$K34)-2),$BO:$BO),$AF34) -> 250 | CL34: =$AV34 -> 49.35 | CM34: =$AM34 -> 238000 | CN34: =$AP34-$AU34 -> 56999.25 | CO34: =$AU34 -> 20 | CP34: =$AL34 -> 1 | CT34: =IF($I34="TTL",$K34,$Z34&$AE34) -> ELSJPF5001BKOLL | CU34: =$M34 -> ELSTINKO | CV34: =IF($I34="TTL","",IF($CT34="","",$Q34&"_"&$T34&IF(R34="K","_KIDS",""))) -> JUMPER_001 | CW34: =IF($I34="TTL","",IF($CT34="","",$Y34&"_"&$AE34)) -> BLACK_OLL | CX34: =$L34 -> ELS | CY34: =$T34 -> 001 | CZ34: =IF($I34="TTL",SUMIF($C:$C,MID($K34,1,SEARCH("TTL",$K34)-2),$CZ:$CZ),$AF34) -> 250 | DA34: =$AM34 -> 238000 | DB34: =$Y34 -> BLACK | DC34: =$AE34 -> OLL | DG34: 41778 | DH34: =IF(OR($I34="TTL",$I34=""),"",AZ34-$DH$11) -> 41807 | DI34: 41744 | DJ34: 41744 | DP34: =IF(OR($DN34="없음",$I34="TTL",$I34=""),"",AZ34-$DP$11) -> 41837 | DV34: 41820 | EC34: =IF(OR($Z33&$AX33=$Z34&$AX33,$Z34&$AX34=""),"",$Z34&$AX34) | ED34: =IF(OR(Z33&AE33=Z34&AE34,Z34=""),"",Z34&AE34) -> ELSJPF5001BKOLL | EE34: =IF($ED34="",0,IF(COUNTIF(ED$12:ED33,ED34)=0,0,COUNTIF(ED$12:ED33,ED34))) -> 0 | EF34: =IF(OR($AJ34="B",$ED34="",MID($U34,8,1)=$EF$9,MID($U34,8,1)=$EF$10),0,1) -> 0 | EG34: =IF(EE34+EF34=0,"","R"&(EE34+EF34)) | EI34: =IF($ED34="","",IF($EE34=0,U34,"")) -> ELSJPF5001 | EJ34: =IF($ED34="","",IF($EE34=0,Z34,"")) -> ELSJPF5001BK | EV34: =AV34*AF34 -> 12337.5
A35: =IF(OR($I35="TTL",$I35=""),"",IF(ISERROR(VLOOKUP($B35,CODE!$D:$G,CODE!$F$1-2,FALSE))=TRUE,"전략",VLOOKUP($B35,CODE!$D:$G,CODE!$F$1-2,FALSE))) -> 전략 | B35: =IF(OR($I35="TTL",$I35=""),"",IF(VLOOKUP($P35,CODE!$K:$O,CODE!$O$1,FALSE)="",$I35,$I35&"-"&VLOOKUP($P35,CODE!$K:$O,CODE!$O$1,FALSE))) -> ELS-의류 | C35: =IF($I35="TTL","",I35&"-"&$AG35&"-"&$AI35) -> ELS-대경-01 | D35: =$C35&$Z35 -> ELS-대경-01ELSJPF5001BK | E35: =IF($I35="TTL",0,IF(ISERROR(IF($Z34=$Z35,$E34,$E34+1))=TRUE,1,IF($Z34=$Z35,$E34,$E34+1))) -> 1 | F35: =$C35&$E35 -> ELS-대경-011 | G35: =$F35&"-"&$U35&$Y35&$AE35 -> ELS-대경-011-ELSJPF5001BLACKOXL | H35: =IF(ISERROR(I35&VLOOKUP(P35,CODE!$K:$N,CODE!$N$1,FALSE)&S35)=TRUE,0,I35&VLOOKUP(P35,CODE!$K:$N,CODE!$N$1,FALSE)&S35) -> ELS의류1 | I35: =IF(ISERROR(SEARCH("TTL",$K35))=TRUE,IF($L35="","",VLOOKUP($L35,CODE!$B:$G,CODE!$D$1,FALSE)),"TTL") -> ELS | J35: =MID(W35,1,6) -> 14FW_E | L35: ELS | M35: =IF(OR($I35="TTL",$L35=""),"",VLOOKUP($L35,CODE!$B:$D,CODE!$C$1,FALSE)) -> ELSTINKO | N35: =IF(OR($I35="TTL",$L35=""),"",VLOOKUP($K$2,CODE!$S:$T,CODE!$T$1-1,FALSE)) -> F | O35: 5 | P35: JP | Q35: =IF(OR($I35="TTL",$P35=""),"",VLOOKUP($P35,CODE!$K:$M,CODE!$L$1,FALSE)) -> JUMPER | R35: U | S35: 1 | T35: =IF(OR($I35="TTL",$S35=""),"",IF($S35<10,"00"&$S35,IF($S35<100,"0"&$S35,$S35))) -> 001 | U35: =IF($I35="TTL","",$L35&$P35&$N35&$O35&$T35) -> ELSJPF5001 | V35: =IF($I35="TTL",SUMIF($C:$C,MID($K35,1,SEARCH("TTL",$K35)-2),$V:$V),IF($EI35="",0,1/COUNTIF($EI:$EI,$EI35))) -> 0.1 | W35: 14FW_ELSTINKO_DOWN JUMPER_01_BK | X35: =IF($Y35="","",VLOOKUP($Y35,CODE!$AE:$AF,CODE!$AF$1-1,FALSE)) -> BK | Y35: BLACK | Z35: =$U35&$X35 -> ELSJPF5001BK | AA35: =VLOOKUP($Z35&$AX35,$EC:$EG,5,FALSE) | AB35: =IF($I35="TTL",SUMIF($C:$C,MID($K35,1,SEARCH("TTL",$K35)-2),$AB:$AB),IF($EJ35="",0,1/COUNTIF($EJ:$EJ,$EJ35))) -> 0.2 | AC35: 겉감: 100% nylon 배색,안감: 100% polyester 충전재: 다운솜털 60%/깃털40% | AD35: 1 | AE35: OXL | AF35: 200 | AG35: 대경 | AH35: 1 | AI35: =IF($AH35=0,"",IF($AH35<10,"0"&$AH35,$AH35)) -> 01 | AJ35: M | AK35: IN | AL35: =IF($AK35=0,"",IF($AK35="KR",2,1)) -> 1 | AM35: =IF(ISERROR(VLOOKUP($F35,[1]기획현황취합!$A$1:$E$65440,[1]기획현황취합!$B$1,FALSE))=TRUE,0,VLOOKUP($F35,[1]기획현황취합!$A$1:$E$65440,[1]기획현황취합!$B$1,FALSE)) -> 238000 | AN35: =IF(ISERROR(VLOOKUP($F35,[1]기획현황취합!$A$1:$E$65440,[1]기획현황취합!$C$1,FALSE))=TRUE,0,VLOOKUP($F35,[1]기획현황취합!$A$1:$E$65440,[1]기획현황취합!$C$1,FALSE)) -> 41801 | AO35: =IF(ISERROR(($AM35/1.1)/VLOOKUP($AG35,'TARGET MU'!$A:$D,'TARGET MU'!$D$1,FALSE))=TRUE,0,($AM35/1.1)/VLOOKUP($AG35,'TARGET MU'!$A:$D,'TARGET MU'!$D$1,FALSE)) -> 48080.808 | AP35: =IF(OR(AF35=0,AND(AV35=0,AW35=0)),0,IF(AG35="캡보이2",AV35*$AQ$5+AU35,IF(OR(AK35="IN",AK35="BG",AK35="VT",AK35="CB"),$AU35+(($AV35*(1+$AW$4))*(HLOOKUP(VLOOKUP(AG35,'TARGET MU'!$A:$P,'TARGET MU'!$J$1,FALSE),$AO$4:$AR$5,2,FALSE)))+$AW35,$AU35+((($AV35*(1+$AW$4))*(1+HLOOKUP(VLOOKUP($P35,CODE!$K:$P,CODE!$P$1,FALSE),$AS$4:$AV$5,2,FALSE)))*(HLOOKUP(VLOOKUP(AG35,'TARGET MU'!$A:$P,'TARGET MU'!$J$1,FALSE),$AO$4:$AR$5,2,FALSE)))+$AW35))) -> 57019.25 | AQ35: =AP35-AO35 -> 8938.4419 | AR35: 0 | AS35: 20 | AU35: =SUM(AR35:AT35) -> 20 | AV35: 49.35 | AW35: 0 | AX35: =IF(ISERROR(VLOOKUP($F35,[1]기획현황취합!$A$1:$E$65440,[1]기획현황취합!$D$1,FALSE))=TRUE,0,VLOOKUP($F35,[1]기획현황취합!$A$1:$E$65440,[1]기획현황취합!$D$1,FALSE)) -> 41744 | AZ35: =IF(ISERROR(VLOOKUP($F35,[1]기획현황취합!$A$1:$E$65440,[1]기획현황취합!$E$1,FALSE))=TRUE,0,VLOOKUP($F35,[1]기획현황취합!$A$1:$E$65440,[1]기획현황취합!$E$1,FALSE)) -> 41897 | BA35: 41912 | BB35: 41920 | BC35: 0 | BD35: 0 | BE35: 0 | BF35: 0 | BG35: 확정 | BH35: 0 | BI35: =IF($I35="TTL",SUMIF($C:$C,MID($K35,1,SEARCH("TTL",$K35)-2),$BI:$BI),SUMIF(실입고현황!$A:$A,BB35&VLOOKUP($AG35,'TARGET MU'!$A:$D,'TARGET MU'!$B$1,FALSE)&$Z35&" "&$AE35,실입고현황!$C:$C)) -> 216 | BJ35: =IF($I35="TTL",SUMIF($C:$C,MID($K35,1,SEARCH("TTL",$K35)-2),$BJ:$BJ),SUMIF(실입고현황!$A:$A,BC35&VLOOKUP($AG35,'TARGET MU'!$A:$D,'TARGET MU'!$B$1,FALSE)&$Z35&" "&$AE35,실입고현황!$C:$C)) -> 0 | BK35: =IF($I35="TTL",SUMIF($C:$C,MID($K35,1,SEARCH("TTL",$K35)-2),$BK:$BK),SUMIF(실입고현황!$A:$A,BD35&VLOOKUP($AG35,'TARGET MU'!$A:$D,'TARGET MU'!$B$1,FALSE)&$Z35&" "&$AE35,실입고현황!$C:$C)) -> 0 | BL35: =IF($I35="TTL",SUMIF($C:$C,MID($K35,1,SEARCH("TTL",$K35)-2),$BL:$BL),SUMIF(실입고현황!$A:$A,BE35&VLOOKUP($AG35,'TARGET MU'!$A:$D,'TARGET MU'!$B$1,FALSE)&$Z35&" "&$AE35,실입고현황!$C:$C)) -> 0 | BM35: =IF($I35="TTL",SUMIF($C:$C,MID($K35,1,SEARCH("TTL",$K35)-2),$BM:$BM),SUMIF(실입고현황!$A:$A,BF35&VLOOKUP($AG35,'TARGET MU'!$A:$D,'TARGET MU'!$B$1,FALSE)&$Z35&" "&$AE35,실입고현황!$C:$C)) -> 0 | BN35: =IF($I35="TTL",SUMIF($C:$C,MID($K35,1,SEARCH("TTL",$K35)-2),$BN:$BN),IF(($BO35-SUM($BI35,$BJ35,$BK35,BL35,BM35))<$BO35*$BN$6,0,$BO35-SUM($BI35,$BJ35,$BK35,BL35,BM35))) -> 0 | BO35: =IF($I35="TTL",SUMIF($C:$C,MID($K35,1,SEARCH("TTL",$K35)-2),$BO:$BO),$AF35) -> 200 | BP35: =IF($I35="TTL",SUMIF($C:$C,MID($K35,1,SEARCH("TTL",$K35)-2),$BP:$BP),IF($AP35=0,$AO35*$AF35,$AP35*$AF35)) -> 11403850 | BQ35: =IF($I35="TTL",SUMIF($C:$C,MID($K35,1,SEARCH("TTL",$K35)-2),$BQ:$BQ),$AM35*$AF35) -> 47600000 | BR35: =IF(ISERROR($BQ35/($BP35*1.1))=TRUE,0,$BQ35/($BP35*1.1)) -> 3.7945718 | BT35: =IF(ISERROR(Z35&VLOOKUP($AG35,'TARGET MU'!$A:$D,'TARGET MU'!$B$1,FALSE))=TRUE,"",Z35&VLOOKUP($AG35,'TARGET MU'!$A:$D,'TARGET MU'!$B$1,FALSE)) -> ELSJPF5001BK대경글로텍 | BU35: =AP35 -> 57019.25 | BV35: =Z35&AE35&AF35&AM35&AG35&AI35&AK35 -> ELSJPF5001BKOXL200238000대경01IN | BX35: =IF($I35="TTL","",$L35) -> ELS | BY35: =$O35 -> 5 | BZ35: =$AJ35 -> M | CA35: =$P35 -> JP | CB35: =$R35 -> U | CC35: =$AK35 -> IN | CD35: =$W35 -> 14FW_ELSTINKO_DOWN JUMPER_01_BK | CE35: =$U35 -> ELSJPF5001 | CF35: =$T35 -> 001 | CG35: =$W35 -> 14FW_ELSTINKO_DOWN JUMPER_01_BK | CH35: =$X35 -> BK | CI35: =$AD35 -> 1 | CJ35: =$AE35 -> OXL | CK35: =IF($I35="TTL",SUMIF($C:$C,MID($K35,1,SEARCH("TTL",$K35)-2),$BO:$BO),$AF35) -> 200 | CL35: =$AV35 -> 49.35 | CM35: =$AM35 -> 238000 | CN35: =$AP35-$AU35 -> 56999.25 | CO35: =$AU35 -> 20 | CP35: =$AL35 -> 1 | CT35: =IF($I35="TTL",$K35,$Z35&$AE35) -> ELSJPF5001BKOXL | CU35: =$M35 -> ELSTINKO | CV35: =IF($I35="TTL","",IF($CT35="","",$Q35&"_"&$T35&IF(R35="K","_KIDS",""))) -> JUMPER_001 | CW35: =IF($I35="TTL","",IF($CT35="","",$Y35&"_"&$AE35)) -> BLACK_OXL | CX35: =$L35 -> ELS | CY35: =$T35 -> 001 | CZ35: =IF($I35="TTL",SUMIF($C:$C,MID($K35,1,SEARCH("TTL",$K35)-2),$CZ:$CZ),$AF35) -> 200 | DA35: =$AM35 -> 238000 | DB35: =$Y35 -> BLACK | DC35: =$AE35 -> OXL | DG35: 41778 | DH35: =IF(OR($I35="TTL",$I35=""),"",AZ35-$DH$11) -> 41807 | DI35: 41744 | DJ35: 41744 | DP35: =IF(OR($DN35="없음",$I35="TTL",$I35=""),"",AZ35-$DP$11) -> 41837 | DV35: 41820 | EC35: =IF(OR($Z34&$AX34=$Z35&$AX34,$Z35&$AX35=""),"",$Z35&$AX35) | ED35: =IF(OR(Z34&AE34=Z35&AE35,Z35=""),"",Z35&AE35) -> ELSJPF5001BKOXL | EE35: =IF($ED35="",0,IF(COUNTIF(ED$12:ED34,ED35)=0,0,COUNTIF(ED$12:ED34,ED35))) -> 0 | EF35: =IF(OR($AJ35="B",$ED35="",MID($U35,8,1)=$EF$9,MID($U35,8,1)=$EF$10),0,1) -> 0 | EG35: =IF(EE35+EF35=0,"","R"&(EE35+EF35)) | EI35: =IF($ED35="","",IF($EE35=0,U35,"")) -> ELSJPF5001 | EJ35: =IF($ED35="","",IF($EE35=0,Z35,"")) -> ELSJPF5001BK | EV35: =AV35*AF35 -> 9870
A36: =IF(OR($I36="TTL",$I36=""),"",IF(ISERROR(VLOOKUP($B36,CODE!$D:$G,CODE!$F$1-2,FALSE))=TRUE,"전략",VLOOKUP($B36,CODE!$D:$G,CODE!$F$1-2,FALSE))) -> 전략 | B36: =IF(OR($I36="TTL",$I36=""),"",IF(VLOOKUP($P36,CODE!$K:$O,CODE!$O$1,FALSE)="",$I36,$I36&"-"&VLOOKUP($P36,CODE!$K:$O,CODE!$O$1,FALSE))) -> ELS-의류 | C36: =IF($I36="TTL","",I36&"-"&$AG36&"-"&$AI36) -> ELS-대경-01 | D36: =$C36&$Z36 -> ELS-대경-01ELSJPF5001RE | E36: =IF($I36="TTL",0,IF(ISERROR(IF($Z35=$Z36,$E35,$E35+1))=TRUE,1,IF($Z35=$Z36,$E35,$E35+1))) -> 2 | F36: =$C36&$E36 -> ELS-대경-012 | G36: =$F36&"-"&$U36&$Y36&$AE36 -> ELS-대경-012-ELSJPF5001REDOXS | H36: =IF(ISERROR(I36&VLOOKUP(P36,CODE!$K:$N,CODE!$N$1,FALSE)&S36)=TRUE,0,I36&VLOOKUP(P36,CODE!$K:$N,CODE!$N$1,FALSE)&S36) -> ELS의류1 | I36: =IF(ISERROR(SEARCH("TTL",$K36))=TRUE,IF($L36="","",VLOOKUP($L36,CODE!$B:$G,CODE!$D$1,FALSE)),"TTL") -> ELS | J36: =MID(W36,1,6) -> 14FW_E | L36: ELS | M36: =IF(OR($I36="TTL",$L36=""),"",VLOOKUP($L36,CODE!$B:$D,CODE!$C$1,FALSE)) -> ELSTINKO | N36: =IF(OR($I36="TTL",$L36=""),"",VLOOKUP($K$2,CODE!$S:$T,CODE!$T$1-1,FALSE)) -> F | O36: 5 | P36: JP | Q36: =IF(OR($I36="TTL",$P36=""),"",VLOOKUP($P36,CODE!$K:$M,CODE!$L$1,FALSE)) -> JUMPER | R36: U | S36: 1 | T36: =IF(OR($I36="TTL",$S36=""),"",IF($S36<10,"00"&$S36,IF($S36<100,"0"&$S36,$S36))) -> 001 | U36: =IF($I36="TTL","",$L36&$P36&$N36&$O36&$T36) -> ELSJPF5001 | V36: =IF($I36="TTL",SUMIF($C:$C,MID($K36,1,SEARCH("TTL",$K36)-2),$V:$V),IF($EI36="",0,1/COUNTIF($EI:$EI,$EI36))) -> 0.1 | W36: 14FW_ELSTINKO_DOWN JUMPER_01_RD | X36: =IF($Y36="","",VLOOKUP($Y36,CODE!$AE:$AF,CODE!$AF$1-1,FALSE)) -> RE | Y36: RED | Z36: =$U36&$X36 -> ELSJPF5001RE | AA36: =VLOOKUP($Z36&$AX36,$EC:$EG,5,FALSE) | AB36: =IF($I36="TTL",SUMIF($C:$C,MID($K36,1,SEARCH("TTL",$K36)-2),$AB:$AB),IF($EJ36="",0,1/COUNTIF($EJ:$EJ,$EJ36))) -> 0.2 | AC36: 겉감: 100% nylon 배색,안감: 100% polyester 충전재: 다운솜털 60%/깃털40% | AD36: 1 | AE36: OXS | AF36: 200 | AG36: 대경 | AH36: 1 | AI36: =IF($AH36=0,"",IF($AH36<10,"0"&$AH36,$AH36)) -> 01 | AJ36: M | AK36: IN | AL36: =IF($AK36=0,"",IF($AK36="KR",2,1)) -> 1 | AM36: =IF(ISERROR(VLOOKUP($F36,[1]기획현황취합!$A$1:$E$65440,[1]기획현황취합!$B$1,FALSE))=TRUE,0,VLOOKUP($F36,[1]기획현황취합!$A$1:$E$65440,[1]기획현황취합!$B$1,FALSE)) -> 238000 | AN36: =IF(ISERROR(VLOOKUP($F36,[1]기획현황취합!$A$1:$E$65440,[1]기획현황취합!$C$1,FALSE))=TRUE,0,VLOOKUP($F36,[1]기획현황취합!$A$1:$E$65440,[1]기획현황취합!$C$1,FALSE)) -> 41801 | AO36: =IF(ISERROR(($AM36/1.1)/VLOOKUP($AG36,'TARGET MU'!$A:$D,'TARGET MU'!$D$1,FALSE))=TRUE,0,($AM36/1.1)/VLOOKUP($AG36,'TARGET MU'!$A:$D,'TARGET MU'!$D$1,FALSE)) -> 48080.808 | AP36: =IF(OR(AF36=0,AND(AV36=0,AW36=0)),0,IF(AG36="캡보이2",AV36*$AQ$5+AU36,IF(OR(AK36="IN",AK36="BG",AK36="VT",AK36="CB"),$AU36+(($AV36*(1+$AW$4))*(HLOOKUP(VLOOKUP(AG36,'TARGET MU'!$A:$P,'TARGET MU'!$J$1,FALSE),$AO$4:$AR$5,2,FALSE)))+$AW36,$AU36+((($AV36*(1+$AW$4))*(1+HLOOKUP(VLOOKUP($P36,CODE!$K:$P,CODE!$P$1,FALSE),$AS$4:$AV$5,2,FALSE)))*(HLOOKUP(VLOOKUP(AG36,'TARGET MU'!$A:$P,'TARGET MU'!$J$1,FALSE),$AO$4:$AR$5,2,FALSE)))+$AW36))) -> 57019.25 | AQ36: =AP36-AO36 -> 8938.4419 | AR36: 0 | AS36: 20 | AU36: =SUM(AR36:AT36) -> 20 | AV36: 49.35 | AW36: 0 | AX36: =IF(ISERROR(VLOOKUP($F36,[1]기획현황취합!$A$1:$E$65440,[1]기획현황취합!$D$1,FALSE))=TRUE,0,VLOOKUP($F36,[1]기획현황취합!$A$1:$E$65440,[1]기획현황취합!$D$1,FALSE)) -> 41744 | AZ36: =IF(ISERROR(VLOOKUP($F36,[1]기획현황취합!$A$1:$E$65440,[1]기획현황취합!$E$1,FALSE))=TRUE,0,VLOOKUP($F36,[1]기획현황취합!$A$1:$E$65440,[1]기획현황취합!$E$1,FALSE)) -> 41897 | BA36: 41912 | BB36: 41920 | BC36: 0 | BD36: 0 | BE36: 0 | BF36: 0 | BG36: 확정 | BH36: 0 | BI36: =IF($I36="TTL",SUMIF($C:$C,MID($K36,1,SEARCH("TTL",$K36)-2),$BI:$BI),SUMIF(실입고현황!$A:$A,BB36&VLOOKUP($AG36,'TARGET MU'!$A:$D,'TARGET MU'!$B$1,FALSE)&$Z36&" "&$AE36,실입고현황!$C:$C)) -> 210 | BJ36: =IF($I36="TTL",SUMIF($C:$C,MID($K36,1,SEARCH("TTL",$K36)-2),$BJ:$BJ),SUMIF(실입고현황!$A:$A,BC36&VLOOKUP($AG36,'TARGET MU'!$A:$D,'TARGET MU'!$B$1,FALSE)&$Z36&" "&$AE36,실입고현황!$C:$C)) -> 0 | BK36: =IF($I36="TTL",SUMIF($C:$C,MID($K36,1,SEARCH("TTL",$K36)-2),$BK:$BK),SUMIF(실입고현황!$A:$A,BD36&VLOOKUP($AG36,'TARGET MU'!$A:$D,'TARGET MU'!$B$1,FALSE)&$Z36&" "&$AE36,실입고현황!$C:$C)) -> 0 | BL36: =IF($I36="TTL",SUMIF($C:$C,MID($K36,1,SEARCH("TTL",$K36)-2),$BL:$BL),SUMIF(실입고현황!$A:$A,BE36&VLOOKUP($AG36,'TARGET MU'!$A:$D,'TARGET MU'!$B$1,FALSE)&$Z36&" "&$AE36,실입고현황!$C:$C)) -> 0 | BM36: =IF($I36="TTL",SUMIF($C:$C,MID($K36,1,SEARCH("TTL",$K36)-2),$BM:$BM),SUMIF(실입고현황!$A:$A,BF36&VLOOKUP($AG36,'TARGET MU'!$A:$D,'TARGET MU'!$B$1,FALSE)&$Z36&" "&$AE36,실입고현황!$C:$C)) -> 0 | BN36: =IF($I36="TTL",SUMIF($C:$C,MID($K36,1,SEARCH("TTL",$K36)-2),$BN:$BN),IF(($BO36-SUM($BI36,$BJ36,$BK36,BL36,BM36))<$BO36*$BN$6,0,$BO36-SUM($BI36,$BJ36,$BK36,BL36,BM36))) -> 0 | BO36: =IF($I36="TTL",SUMIF($C:$C,MID($K36,1,SEARCH("TTL",$K36)-2),$BO:$BO),$AF36) -> 200 | BP36: =IF($I36="TTL",SUMIF($C:$C,MID($K36,1,SEARCH("TTL",$K36)-2),$BP:$BP),IF($AP36=0,$AO36*$AF36,$AP36*$AF36)) -> 11403850 | BQ36: =IF($I36="TTL",SUMIF($C:$C,MID($K36,1,SEARCH("TTL",$K36)-2),$BQ:$BQ),$AM36*$AF36) -> 47600000 | BR36: =IF(ISERROR($BQ36/($BP36*1.1))=TRUE,0,$BQ36/($BP36*1.1)) -> 3.7945718 | BT36: =IF(ISERROR(Z36&VLOOKUP($AG36,'TARGET MU'!$A:$D,'TARGET MU'!$B$1,FALSE))=TRUE,"",Z36&VLOOKUP($AG36,'TARGET MU'!$A:$D,'TARGET MU'!$B$1,FALSE)) -> ELSJPF5001RE대경글로텍 | BU36: =AP36 -> 57019.25 | BV36: =Z36&AE36&AF36&AM36&AG36&AI36&AK36 -> ELSJPF5001REOXS200238000대경01IN | BX36: =IF($I36="TTL","",$L36) -> ELS | BY36: =$O36 -> 5 | BZ36: =$AJ36 -> M | CA36: =$P36 -> JP | CB36: =$R36 -> U | CC36: =$AK36 -> IN | CD36: =$W36 -> 14FW_ELSTINKO_DOWN JUMPER_01_RD | CE36: =$U36 -> ELSJPF5001 | CF36: =$T36 -> 001 | CG36: =$W36 -> 14FW_ELSTINKO_DOWN JUMPER_01_RD | CH36: =$X36 -> RE | CI36: =$AD36 -> 1 | CJ36: =$AE36 -> OXS | CK36: =IF($I36="TTL",SUMIF($C:$C,MID($K36,1,SEARCH("TTL",$K36)-2),$BO:$BO),$AF36) -> 200 | CL36: =$AV36 -> 49.35 | CM36: =$AM36 -> 238000 | CN36: =$AP36-$AU36 -> 56999.25 | CO36: =$AU36 -> 20 | CP36: =$AL36 -> 1 | CT36: =IF($I36="TTL",$K36,$Z36&$AE36) -> ELSJPF5001REOXS | CU36: =$M36 -> ELSTINKO | CV36: =IF($I36="TTL","",IF($CT36="","",$Q36&"_"&$T36&IF(R36="K","_KIDS",""))) -> JUMPER_001 | CW36: =IF($I36="TTL","",IF($CT36="","",$Y36&"_"&$AE36)) -> RED_OXS | CX36: =$L36 -> ELS | CY36: =$T36 -> 001 | CZ36: =IF($I36="TTL",SUMIF($C:$C,MID($K36,1,SEARCH("TTL",$K36)-2),$CZ:$CZ),$AF36) -> 200 | DA36: =$AM36 -> 238000 | DB36: =$Y36 -> RED | DC36: =$AE36 -> OXS | DG36: 41778 | DH36: =IF(OR($I36="TTL",$I36=""),"",AZ36-$DH$11) -> 41807 | DI36: 41744 | DJ36: 41744 | DP36: =IF(OR($DN36="없음",$I36="TTL",$I36=""),"",AZ36-$DP$11) -> 41837 | DV36: 41820 | EC36: =IF(OR($Z35&$AX35=$Z36&$AX35,$Z36&$AX36=""),"",$Z36&$AX36) -> ELSJPF5001RE41744 | ED36: =IF(OR(Z35&AE35=Z36&AE36,Z36=""),"",Z36&AE36) -> ELSJPF5001REOXS | EE36: =IF($ED36="",0,IF(COUNTIF(ED$12:ED35,ED36)=0,0,COUNTIF(ED$12:ED35,ED36))) -> 0 | EF36: =IF(OR($AJ36="B",$ED36="",MID($U36,8,1)=$EF$9,MID($U36,8,1)=$EF$10),0,1) -> 0 | EG36: =IF(EE36+EF36=0,"","R"&(EE36+EF36)) | EI36: =IF($ED36="","",IF($EE36=0,U36,"")) -> ELSJPF5001 | EJ36: =IF($ED36="","",IF($EE36=0,Z36,"")) -> ELSJPF5001RE | EV36: =AV36*AF36 -> 9870
A37: =IF(OR($I37="TTL",$I37=""),"",IF(ISERROR(VLOOKUP($B37,CODE!$D:$G,CODE!$F$1-2,FALSE))=TRUE,"전략",VLOOKUP($B37,CODE!$D:$G,CODE!$F$1-2,FALSE))) -> 전략 | B37: =IF(OR($I37="TTL",$I37=""),"",IF(VLOOKUP($P37,CODE!$K:$O,CODE!$O$1,FALSE)="",$I37,$I37&"-"&VLOOKUP($P37,CODE!$K:$O,CODE!$O$1,FALSE))) -> ELS-의류 | C37: =IF($I37="TTL","",I37&"-"&$AG37&"-"&$AI37) -> ELS-대경-01 | D37: =$C37&$Z37 -> ELS-대경-01ELSJPF5001RE | E37: =IF($I37="TTL",0,IF(ISERROR(IF($Z36=$Z37,$E36,$E36+1))=TRUE,1,IF($Z36=$Z37,$E36,$E36+1))) -> 2 | F37: =$C37&$E37 -> ELS-대경-012 | G37: =$F37&"-"&$U37&$Y37&$AE37 -> ELS-대경-012-ELSJPF5001REDOSS | H37: =IF(ISERROR(I37&VLOOKUP(P37,CODE!$K:$N,CODE!$N$1,FALSE)&S37)=TRUE,0,I37&VLOOKUP(P37,CODE!$K:$N,CODE!$N$1,FALSE)&S37) -> ELS의류1 | I37: =IF(ISERROR(SEARCH("TTL",$K37))=TRUE,IF($L37="","",VLOOKUP($L37,CODE!$B:$G,CODE!$D$1,FALSE)),"TTL") -> ELS | J37: =MID(W37,1,6) -> 14FW_E | L37: ELS | M37: =IF(OR($I37="TTL",$L37=""),"",VLOOKUP($L37,CODE!$B:$D,CODE!$C$1,FALSE)) -> ELSTINKO | N37: =IF(OR($I37="TTL",$L37=""),"",VLOOKUP($K$2,CODE!$S:$T,CODE!$T$1-1,FALSE)) -> F | O37: 5 | P37: JP | Q37: =IF(OR($I37="TTL",$P37=""),"",VLOOKUP($P37,CODE!$K:$M,CODE!$L$1,FALSE)) -> JUMPER | R37: U | S37: 1 | T37: =IF(OR($I37="TTL",$S37=""),"",IF($S37<10,"00"&$S37,IF($S37<100,"0"&$S37,$S37))) -> 001 | U37: =IF($I37="TTL","",$L37&$P37&$N37&$O37&$T37) -> ELSJPF5001 | V37: =IF($I37="TTL",SUMIF($C:$C,MID($K37,1,SEARCH("TTL",$K37)-2),$V:$V),IF($EI37="",0,1/COUNTIF($EI:$EI,$EI37))) -> 0.1 | W37: 14FW_ELSTINKO_DOWN JUMPER_01_RD | X37: =IF($Y37="","",VLOOKUP($Y37,CODE!$AE:$AF,CODE!$AF$1-1,FALSE)) -> RE | Y37: RED | Z37: =$U37&$X37 -> ELSJPF5001RE | AA37: =VLOOKUP($Z37&$AX37,$EC:$EG,5,FALSE) | AB37: =IF($I37="TTL",SUMIF($C:$C,MID($K37,1,SEARCH("TTL",$K37)-2),$AB:$AB),IF($EJ37="",0,1/COUNTIF($EJ:$EJ,$EJ37))) -> 0.2 | AC37: 겉감: 100% nylon 배색,안감: 100% polyester 충전재: 다운솜털 60%/깃털40% | AD37: 1 | AE37: OSS | AF37: 400 | AG37: 대경 | AH37: 1 | AI37: =IF($AH37=0,"",IF($AH37<10,"0"&$AH37,$AH37)) -> 01 | AJ37: M | AK37: IN | AL37: =IF($AK37=0,"",IF($AK37="KR",2,1)) -> 1 | AM37: =IF(ISERROR(VLOOKUP($F37,[1]기획현황취합!$A$1:$E$65440,[1]기획현황취합!$B$1,FALSE))=TRUE,0,VLOOKUP($F37,[1]기획현황취합!$A$1:$E$65440,[1]기획현황취합!$B$1,FALSE)) -> 238000 | AN37: =IF(ISERROR(VLOOKUP($F37,[1]기획현황취합!$A$1:$E$65440,[1]기획현황취합!$C$1,FALSE))=TRUE,0,VLOOKUP($F37,[1]기획현황취합!$A$1:$E$65440,[1]기획현황취합!$C$1,FALSE)) -> 41801 | AO37: =IF(ISERROR(($AM37/1.1)/VLOOKUP($AG37,'TARGET MU'!$A:$D,'TARGET MU'!$D$1,FALSE))=TRUE,0,($AM37/1.1)/VLOOKUP($AG37,'TARGET MU'!$A:$D,'TARGET MU'!$D$1,FALSE)) -> 48080.808 | AP37: =IF(OR(AF37=0,AND(AV37=0,AW37=0)),0,IF(AG37="캡보이2",AV37*$AQ$5+AU37,IF(OR(AK37="IN",AK37="BG",AK37="VT",AK37="CB"),$AU37+(($AV37*(1+$AW$4))*(HLOOKUP(VLOOKUP(AG37,'TARGET MU'!$A:$P,'TARGET MU'!$J$1,FALSE),$AO$4:$AR$5,2,FALSE)))+$AW37,$AU37+((($AV37*(1+$AW$4))*(1+HLOOKUP(VLOOKUP($P37,CODE!$K:$P,CODE!$P$1,FALSE),$AS$4:$AV$5,2,FALSE)))*(HLOOKUP(VLOOKUP(AG37,'TARGET MU'!$A:$P,'TARGET MU'!$J$1,FALSE),$AO$4:$AR$5,2,FALSE)))+$AW37))) -> 57019.25 | AQ37: =AP37-AO37 -> 8938.4419 | AR37: 0 | AS37: 20 | AU37: =SUM(AR37:AT37) -> 20 | AV37: 49.35 | AW37: 0 | AX37: =IF(ISERROR(VLOOKUP($F37,[1]기획현황취합!$A$1:$E$65440,[1]기획현황취합!$D$1,FALSE))=TRUE,0,VLOOKUP($F37,[1]기획현황취합!$A$1:$E$65440,[1]기획현황취합!$D$1,FALSE)) -> 41744 | AZ37: =IF(ISERROR(VLOOKUP($F37,[1]기획현황취합!$A$1:$E$65440,[1]기획현황취합!$E$1,FALSE))=TRUE,0,VLOOKUP($F37,[1]기획현황취합!$A$1:$E$65440,[1]기획현황취합!$E$1,FALSE)) -> 41897 | BA37: 41912 | BB37: 41920 | BC37: 0 | BD37: 0 | BE37: 0 | BF37: 0 | BG37: 확정 | BH37: 0 | BI37: =IF($I37="TTL",SUMIF($C:$C,MID($K37,1,SEARCH("TTL",$K37)-2),$BI:$BI),SUMIF(실입고현황!$A:$A,BB37&VLOOKUP($AG37,'TARGET MU'!$A:$D,'TARGET MU'!$B$1,FALSE)&$Z37&" "&$AE37,실입고현황!$C:$C)) -> 384 | BJ37: =IF($I37="TTL",SUMIF($C:$C,MID($K37,1,SEARCH("TTL",$K37)-2),$BJ:$BJ),SUMIF(실입고현황!$A:$A,BC37&VLOOKUP($AG37,'TARGET MU'!$A:$D,'TARGET MU'!$B$1,FALSE)&$Z37&" "&$AE37,실입고현황!$C:$C)) -> 0 | BK37: =IF($I37="TTL",SUMIF($C:$C,MID($K37,1,SEARCH("TTL",$K37)-2),$BK:$BK),SUMIF(실입고현황!$A:$A,BD37&VLOOKUP($AG37,'TARGET MU'!$A:$D,'TARGET MU'!$B$1,FALSE)&$Z37&" "&$AE37,실입고현황!$C:$C)) -> 0 | BL37: =IF($I37="TTL",SUMIF($C:$C,MID($K37,1,SEARCH("TTL",$K37)-2),$BL:$BL),SUMIF(실입고현황!$A:$A,BE37&VLOOKUP($AG37,'TARGET MU'!$A:$D,'TARGET MU'!$B$1,FALSE)&$Z37&" "&$AE37,실입고현황!$C:$C)) -> 0 | BM37: =IF($I37="TTL",SUMIF($C:$C,MID($K37,1,SEARCH("TTL",$K37)-2),$BM:$BM),SUMIF(실입고현황!$A:$A,BF37&VLOOKUP($AG37,'TARGET MU'!$A:$D,'TARGET MU'!$B$1,FALSE)&$Z37&" "&$AE37,실입고현황!$C:$C)) -> 0 | BN37: =IF($I37="TTL",SUMIF($C:$C,MID($K37,1,SEARCH("TTL",$K37)-2),$BN:$BN),IF(($BO37-SUM($BI37,$BJ37,$BK37,BL37,BM37))<$BO37*$BN$6,0,$BO37-SUM($BI37,$BJ37,$BK37,BL37,BM37))) -> 0 | BO37: =IF($I37="TTL",SUMIF($C:$C,MID($K37,1,SEARCH("TTL",$K37)-2),$BO:$BO),$AF37) -> 400 | BP37: =IF($I37="TTL",SUMIF($C:$C,MID($K37,1,SEARCH("TTL",$K37)-2),$BP:$BP),IF($AP37=0,$AO37*$AF37,$AP37*$AF37)) -> 22807700 | BQ37: =IF($I37="TTL",SUMIF($C:$C,MID($K37,1,SEARCH("TTL",$K37)-2),$BQ:$BQ),$AM37*$AF37) -> 95200000 | BR37: =IF(ISERROR($BQ37/($BP37*1.1))=TRUE,0,$BQ37/($BP37*1.1)) -> 3.7945718 | BT37: =IF(ISERROR(Z37&VLOOKUP($AG37,'TARGET MU'!$A:$D,'TARGET MU'!$B$1,FALSE))=TRUE,"",Z37&VLOOKUP($AG37,'TARGET MU'!$A:$D,'TARGET MU'!$B$1,FALSE)) -> ELSJPF5001RE대경글로텍 | BU37: =AP37 -> 57019.25 | BV37: =Z37&AE37&AF37&AM37&AG37&AI37&AK37 -> ELSJPF5001REOSS400238000대경01IN | BX37: =IF($I37="TTL","",$L37) -> ELS | BY37: =$O37 -> 5 | BZ37: =$AJ37 -> M | CA37: =$P37 -> JP | CB37: =$R37 -> U | CC37: =$AK37 -> IN | CD37: =$W37 -> 14FW_ELSTINKO_DOWN JUMPER_01_RD | CE37: =$U37 -> ELSJPF5001 | CF37: =$T37 -> 001 | CG37: =$W37 -> 14FW_ELSTINKO_DOWN JUMPER_01_RD | CH37: =$X37 -> RE | CI37: =$AD37 -> 1 | CJ37: =$AE37 -> OSS | CK37: =IF($I37="TTL",SUMIF($C:$C,MID($K37,1,SEARCH("TTL",$K37)-2),$BO:$BO),$AF37) -> 400 | CL37: =$AV37 -> 49.35 | CM37: =$AM37 -> 238000 | CN37: =$AP37-$AU37 -> 56999.25 | CO37: =$AU37 -> 20 | CP37: =$AL37 -> 1 | CT37: =IF($I37="TTL",$K37,$Z37&$AE37) -> ELSJPF5001REOSS | CU37: =$M37 -> ELSTINKO | CV37: =IF($I37="TTL","",IF($CT37="","",$Q37&"_"&$T37&IF(R37="K","_KIDS",""))) -> JUMPER_001 | CW37: =IF($I37="TTL","",IF($CT37="","",$Y37&"_"&$AE37)) -> RED_OSS | CX37: =$L37 -> ELS | CY37: =$T37 -> 001 | CZ37: =IF($I37="TTL",SUMIF($C:$C,MID($K37,1,SEARCH("TTL",$K37)-2),$CZ:$CZ),$AF37) -> 400 | DA37: =$AM37 -> 238000 | DB37: =$Y37 -> RED | DC37: =$AE37 -> OSS | DG37: 41778 | DH37: =IF(OR($I37="TTL",$I37=""),"",AZ37-$DH$11) -> 41807 | DI37: 41744 | DJ37: 41744 | DP37: =IF(OR($DN37="없음",$I37="TTL",$I37=""),"",AZ37-$DP$11) -> 41837 | DV37: 41820 | EC37: =IF(OR($Z36&$AX36=$Z37&$AX36,$Z37&$AX37=""),"",$Z37&$AX37) | ED37: =IF(OR(Z36&AE36=Z37&AE37,Z37=""),"",Z37&AE37) -> ELSJPF5001REOSS | EE37: =IF($ED37="",0,IF(COUNTIF(ED$12:ED36,ED37)=0,0,COUNTIF(ED$12:ED36,ED37))) -> 0 | EF37: =IF(OR($AJ37="B",$ED37="",MID($U37,8,1)=$EF$9,MID($U37,8,1)=$EF$10),0,1) -> 0 | EG37: =IF(EE37+EF37=0,"","R"&(EE37+EF37)) | EI37: =IF($ED37="","",IF($EE37=0,U37,"")) -> ELSJPF5001 | EJ37: =IF($ED37="","",IF($EE37=0,Z37,"")) -> ELSJPF5001RE | EV37: =AV37*AF37 -> 19740
A38: =IF(OR($I38="TTL",$I38=""),"",IF(ISERROR(VLOOKUP($B38,CODE!$D:$G,CODE!$F$1-2,FALSE))=TRUE,"전략",VLOOKUP($B38,CODE!$D:$G,CODE!$F$1-2,FALSE))) -> 전략 | B38: =IF(OR($I38="TTL",$I38=""),"",IF(VLOOKUP($P38,CODE!$K:$O,CODE!$O$1,FALSE)="",$I38,$I38&"-"&VLOOKUP($P38,CODE!$K:$O,CODE!$O$1,FALSE))) -> ELS-의류 | C38: =IF($I38="TTL","",I38&"-"&$AG38&"-"&$AI38) -> ELS-대경-01 | D38: =$C38&$Z38 -> ELS-대경-01ELSJPF5001RE | E38: =IF($I38="TTL",0,IF(ISERROR(IF($Z37=$Z38,$E37,$E37+1))=TRUE,1,IF($Z37=$Z38,$E37,$E37+1))) -> 2 | F38: =$C38&$E38 -> ELS-대경-012 | G38: =$F38&"-"&$U38&$Y38&$AE38 -> ELS-대경-012-ELSJPF5001REDOMM | H38: =IF(ISERROR(I38&VLOOKUP(P38,CODE!$K:$N,CODE!$N$1,FALSE)&S38)=TRUE,0,I38&VLOOKUP(P38,CODE!$K:$N,CODE!$N$1,FALSE)&S38) -> ELS의류1 | I38: =IF(ISERROR(SEARCH("TTL",$K38))=TRUE,IF($L38="","",VLOOKUP($L38,CODE!$B:$G,CODE!$D$1,FALSE)),"TTL") -> ELS | J38: =MID(W38,1,6) -> 14FW_E | L38: ELS | M38: =IF(OR($I38="TTL",$L38=""),"",VLOOKUP($L38,CODE!$B:$D,CODE!$C$1,FALSE)) -> ELSTINKO | N38: =IF(OR($I38="TTL",$L38=""),"",VLOOKUP($K$2,CODE!$S:$T,CODE!$T$1-1,FALSE)) -> F | O38: 5 | P38: JP | Q38: =IF(OR($I38="TTL",$P38=""),"",VLOOKUP($P38,CODE!$K:$M,CODE!$L$1,FALSE)) -> JUMPER | R38: U | S38: 1 | T38: =IF(OR($I38="TTL",$S38=""),"",IF($S38<10,"00"&$S38,IF($S38<100,"0"&$S38,$S38))) -> 001 | U38: =IF($I38="TTL","",$L38&$P38&$N38&$O38&$T38) -> ELSJPF5001 | V38: =IF($I38="TTL",SUMIF($C:$C,MID($K38,1,SEARCH("TTL",$K38)-2),$V:$V),IF($EI38="",0,1/COUNTIF($EI:$EI,$EI38))) -> 0.1 | W38: 14FW_ELSTINKO_DOWN JUMPER_01_RD | X38: =IF($Y38="","",VLOOKUP($Y38,CODE!$AE:$AF,CODE!$AF$1-1,FALSE)) -> RE | Y38: RED | Z38: =$U38&$X38 -> ELSJPF5001RE | AA38: =VLOOKUP($Z38&$AX38,$EC:$EG,5,FALSE) | AB38: =IF($I38="TTL",SUMIF($C:$C,MID($K38,1,SEARCH("TTL",$K38)-2),$AB:$AB),IF($EJ38="",0,1/COUNTIF($EJ:$EJ,$EJ38))) -> 0.2 | AC38: 겉감: 100% nylon 배색,안감: 100% polyester 충전재: 다운솜털 60%/깃털40% | AD38: 1 | AE38: OMM | AF38: 450 | AG38: 대경 | AH38: 1 | AI38: =IF($AH38=0,"",IF($AH38<10,"0"&$AH38,$AH38)) -> 01 | AJ38: M | AK38: IN | AL38: =IF($AK38=0,"",IF($AK38="KR",2,1)) -> 1 | AM38: =IF(ISERROR(VLOOKUP($F38,[1]기획현황취합!$A$1:$E$65440,[1]기획현황취합!$B$1,FALSE))=TRUE,0,VLOOKUP($F38,[1]기획현황취합!$A$1:$E$65440,[1]기획현황취합!$B$1,FALSE)) -> 238000 | AN38: =IF(ISERROR(VLOOKUP($F38,[1]기획현황취합!$A$1:$E$65440,[1]기획현황취합!$C$1,FALSE))=TRUE,0,VLOOKUP($F38,[1]기획현황취합!$A$1:$E$65440,[1]기획현황취합!$C$1,FALSE)) -> 41801 | AO38: =IF(ISERROR(($AM38/1.1)/VLOOKUP($AG38,'TARGET MU'!$A:$D,'TARGET MU'!$D$1,FALSE))=TRUE,0,($AM38/1.1)/VLOOKUP($AG38,'TARGET MU'!$A:$D,'TARGET MU'!$D$1,FALSE)) -> 48080.808 | AP38: =IF(OR(AF38=0,AND(AV38=0,AW38=0)),0,IF(AG38="캡보이2",AV38*$AQ$5+AU38,IF(OR(AK38="IN",AK38="BG",AK38="VT",AK38="CB"),$AU38+(($AV38*(1+$AW$4))*(HLOOKUP(VLOOKUP(AG38,'TARGET MU'!$A:$P,'TARGET MU'!$J$1,FALSE),$AO$4:$AR$5,2,FALSE)))+$AW38,$AU38+((($AV38*(1+$AW$4))*(1+HLOOKUP(VLOOKUP($P38,CODE!$K:$P,CODE!$P$1,FALSE),$AS$4:$AV$5,2,FALSE)))*(HLOOKUP(VLOOKUP(AG38,'TARGET MU'!$A:$P,'TARGET MU'!$J$1,FALSE),$AO$4:$AR$5,2,FALSE)))+$AW38))) -> 57019.25 | AQ38: =AP38-AO38 -> 8938.4419 | AR38: 0 | AS38: 20 | AU38: =SUM(AR38:AT38) -> 20 | AV38: 49.35 | AW38: 0 | AX38: =IF(ISERROR(VLOOKUP($F38,[1]기획현황취합!$A$1:$E$65440,[1]기획현황취합!$D$1,FALSE))=TRUE,0,VLOOKUP($F38,[1]기획현황취합!$A$1:$E$65440,[1]기획현황취합!$D$1,FALSE)) -> 41744 | AZ38: =IF(ISERROR(VLOOKUP($F38,[1]기획현황취합!$A$1:$E$65440,[1]기획현황취합!$E$1,FALSE))=TRUE,0,VLOOKUP($F38,[1]기획현황취합!$A$1:$E$65440,[1]기획현황취합!$E$1,FALSE)) -> 41897 | BA38: 41912 | BB38: 41920 | BC38: 0 | BD38: 0 | BE38: 0 | BF38: 0 | BG38: 확정 | BH38: 0 | BI38: =IF($I38="TTL",SUMIF($C:$C,MID($K38,1,SEARCH("TTL",$K38)-2),$BI:$BI),SUMIF(실입고현황!$A:$A,BB38&VLOOKUP($AG38,'TARGET MU'!$A:$D,'TARGET MU'!$B$1,FALSE)&$Z38&" "&$AE38,실입고현황!$C:$C)) -> 431 | BJ38: =IF($I38="TTL",SUMIF($C:$C,MID($K38,1,SEARCH("TTL",$K38)-2),$BJ:$BJ),SUMIF(실입고현황!$A:$A,BC38&VLOOKUP($AG38,'TARGET MU'!$A:$D,'TARGET MU'!$B$1,FALSE)&$Z38&" "&$AE38,실입고현황!$C:$C)) -> 0 | BK38: =IF($I38="TTL",SUMIF($C:$C,MID($K38,1,SEARCH("TTL",$K38)-2),$BK:$BK),SUMIF(실입고현황!$A:$A,BD38&VLOOKUP($AG38,'TARGET MU'!$A:$D,'TARGET MU'!$B$1,FALSE)&$Z38&" "&$AE38,실입고현황!$C:$C)) -> 0 | BL38: =IF($I38="TTL",SUMIF($C:$C,MID($K38,1,SEARCH("TTL",$K38)-2),$BL:$BL),SUMIF(실입고현황!$A:$A,BE38&VLOOKUP($AG38,'TARGET MU'!$A:$D,'TARGET MU'!$B$1,FALSE)&$Z38&" "&$AE38,실입고현황!$C:$C)) -> 0 | BM38: =IF($I38="TTL",SUMIF($C:$C,MID($K38,1,SEARCH("TTL",$K38)-2),$BM:$BM),SUMIF(실입고현황!$A:$A,BF38&VLOOKUP($AG38,'TARGET MU'!$A:$D,'TARGET MU'!$B$1,FALSE)&$Z38&" "&$AE38,실입고현황!$C:$C)) -> 0 | BN38: =IF($I38="TTL",SUMIF($C:$C,MID($K38,1,SEARCH("TTL",$K38)-2),$BN:$BN),IF(($BO38-SUM($BI38,$BJ38,$BK38,BL38,BM38))<$BO38*$BN$6,0,$BO38-SUM($BI38,$BJ38,$BK38,BL38,BM38))) -> 0 | BO38: =IF($I38="TTL",SUMIF($C:$C,MID($K38,1,SEARCH("TTL",$K38)-2),$BO:$BO),$AF38) -> 450 | BP38: =IF($I38="TTL",SUMIF($C:$C,MID($K38,1,SEARCH("TTL",$K38)-2),$BP:$BP),IF($AP38=0,$AO38*$AF38,$AP38*$AF38)) -> 25658662 | BQ38: =IF($I38="TTL",SUMIF($C:$C,MID($K38,1,SEARCH("TTL",$K38)-2),$BQ:$BQ),$AM38*$AF38) -> 107100000 | BR38: =IF(ISERROR($BQ38/($BP38*1.1))=TRUE,0,$BQ38/($BP38*1.1)) -> 3.7945718 | BT38: =IF(ISERROR(Z38&VLOOKUP($AG38,'TARGET MU'!$A:$D,'TARGET MU'!$B$1,FALSE))=TRUE,"",Z38&VLOOKUP($AG38,'TARGET MU'!$A:$D,'TARGET MU'!$B$1,FALSE)) -> ELSJPF5001RE대경글로텍 | BU38: =AP38 -> 57019.25 | BV38: =Z38&AE38&AF38&AM38&AG38&AI38&AK38 -> ELSJPF5001REOMM450238000대경01IN | BX38: =IF($I38="TTL","",$L38) -> ELS | BY38: =$O38 -> 5 | BZ38: =$AJ38 -> M | CA38: =$P38 -> JP | CB38: =$R38 -> U | CC38: =$AK38 -> IN | CD38: =$W38 -> 14FW_ELSTINKO_DOWN JUMPER_01_RD | CE38: =$U38 -> ELSJPF5001 | CF38: =$T38 -> 001 | CG38: =$W38 -> 14FW_ELSTINKO_DOWN JUMPER_01_RD | CH38: =$X38 -> RE | CI38: =$AD38 -> 1 | CJ38: =$AE38 -> OMM | CK38: =IF($I38="TTL",SUMIF($C:$C,MID($K38,1,SEARCH("TTL",$K38)-2),$BO:$BO),$AF38) -> 450 | CL38: =$AV38 -> 49.35 | CM38: =$AM38 -> 238000 | CN38: =$AP38-$AU38 -> 56999.25 | CO38: =$AU38 -> 20 | CP38: =$AL38 -> 1 | CT38: =IF($I38="TTL",$K38,$Z38&$AE38) -> ELSJPF5001REOMM | CU38: =$M38 -> ELSTINKO | CV38: =IF($I38="TTL","",IF($CT38="","",$Q38&"_"&$T38&IF(R38="K","_KIDS",""))) -> JUMPER_001 | CW38: =IF($I38="TTL","",IF($CT38="","",$Y38&"_"&$AE38)) -> RED_OMM | CX38: =$L38 -> ELS | CY38: =$T38 -> 001 | CZ38: =IF($I38="TTL",SUMIF($C:$C,MID($K38,1,SEARCH("TTL",$K38)-2),$CZ:$CZ),$AF38) -> 450 | DA38: =$AM38 -> 238000 | DB38: =$Y38 -> RED | DC38: =$AE38 -> OMM | DG38: 41778 | DH38: =IF(OR($I38="TTL",$I38=""),"",AZ38-$DH$11) -> 41807 | DI38: 41744 | DJ38: 41744 | DP38: =IF(OR($DN38="없음",$I38="TTL",$I38=""),"",AZ38-$DP$11) -> 41837 | DV38: 41820 | EC38: =IF(OR($Z37&$AX37=$Z38&$AX37,$Z38&$AX38=""),"",$Z38&$AX38) | ED38: =IF(OR(Z37&AE37=Z38&AE38,Z38=""),"",Z38&AE38) -> ELSJPF5001REOMM | EE38: =IF($ED38="",0,IF(COUNTIF(ED$12:ED37,ED38)=0,0,COUNTIF(ED$12:ED37,ED38))) -> 0 | EF38: =IF(OR($AJ38="B",$ED38="",MID($U38,8,1)=$EF$9,MID($U38,8,1)=$EF$10),0,1) -> 0 | EG38: =IF(EE38+EF38=0,"","R"&(EE38+EF38)) | EI38: =IF($ED38="","",IF($EE38=0,U38,"")) -> ELSJPF5001 | EJ38: =IF($ED38="","",IF($EE38=0,Z38,"")) -> ELSJPF5001RE | EV38: =AV38*AF38 -> 22207.5
