Workbook

Sheet 브랜드품목별
B1: 14FW SAMPLE LIST (HATS ON) | J1: 14FW SAMPLE LIST (HATS ON KIDS)
AA2: 러닝(R)/신규(N) | AB2: N
E3: ADULT | M3: CHILD | O3: INFANT | R3: 41663 | AA3: *실발주샘플수=중복 발주 및 입고 스타일은 1ST로 계산
AD4: 데이터
B5: 브랜드/품목 | C5: 계획 | E5: 발주 | F5: 입고 | G5: 발주계 | H5: 입고계 | J5: 브랜드/품목 | K5: 계획 | M5: 발주 | N5: 입고 | O5: 발주 | P5: 입고 | Q5: 발주계 | R5: 입고계 | AA5: 연령구분 | AB5: 브랜드/품목2 | AC5: 품목 | AD5: 실발주샘플수 | AE5: 실입고샘플수 | AF5: 미입고샘플수
C6: 품번수 | D6: 색상수 | E6: 품번수 | F6: 품번수 | G6: 품번수 | H6: 품번수 | K6: 품번수 | L6: 색상수 | M6: 품번수 | N6: 품번수 | O6: 품번수 | P6: 품번수 | Q6: 품번수 | R6: 품번수 | X6: =Y6&Z6 -> ADULTELS-의류 | Y6: =IF(AA6="",Y5,AA6) -> ADULT | Z6: =IF(AB6="",Z5,AB6) -> ELS-의류 | AA6: ADULT | AB6: ELS-의류 | AC6: HP | AD6: 3 | AE6: 3 | AF6: 0
B7: ELS | C7: =IF(ISERROR(VLOOKUP(B7,[1]기획현황요약!$B$6:$T$36,19,FALSE))=TRUE,0,VLOOKUP(B7,[1]기획현황요약!$B$6:$T$36,19,FALSE)) -> 69.634333 | E7: =SUMIF($X:$X,E$3&B7,$AD:$AD) -> 64 | F7: =SUMIF($X:$X,E$3&B7,$AE:$AE) -> 54 | G7: =E7 -> 64 | H7: =F7 -> 54 | I7: =MID(J7,1,2)&"K"&MID(J7,4,10) -> ELK | J7: ELS | K7: =IF(ISERROR(VLOOKUP(I7,[2]기획현황요약!$B$6:$T$30,19,FALSE))=TRUE,0,VLOOKUP(I7,[2]기획현황요약!$B$6:$T$30,19,FALSE)) -> 75.49716 | M7: =SUMIF($X:$X,M$3&J7,$AD:$AD) -> 16 | N7: =SUMIF($X:$X,M$3&J7,$AE:$AE) -> 8 | O7: =SUMIF($X:$X,O$3&J7,$AD:$AD) -> 0 | P7: =SUMIF($X:$X,O$3&J7,$AE:$AE) -> 0 | Q7: =M7+O7 -> 16 | R7: =N7+P7 -> 8 | T7: =C7+K7 -> 145.13149 | U7: =G7+Q7 -> 80 | V7: =IF(ISERROR(U7/T7)=TRUE,0,U7/T7) -> 0.55122426 | X7: =Y7&Z7 -> ADULTELS-의류 | Y7: =IF(AA7="",Y6,AA7) -> ADULT | Z7: =IF(AB7="",Z6,AB7) -> ELS-의류 | AC7: JP | AD7: 4 | AE7: 4 | AF7: 0
B8: ELS-의류 | C8: =IF(ISERROR(VLOOKUP(B8,[1]기획현황요약!$B$6:$T$36,19,FALSE))=TRUE,0,VLOOKUP(B8,[1]기획현황요약!$B$6:$T$36,19,FALSE)) -> 35.965649 | E8: =SUMIF($X:$X,E$3&B8,$AD:$AD) -> 28 | F8: =SUMIF($X:$X,E$3&B8,$AE:$AE) -> 25 | G8: =E8 -> 28 | H8: =F8 -> 25 | I8: =MID(J8,1,2)&"K"&MID(J8,4,10) -> ELK-의류 | J8: ELS-의류 | K8: =IF(ISERROR(VLOOKUP(I8,[2]기획현황요약!$B$6:$T$30,19,FALSE))=TRUE,0,VLOOKUP(I8,[2]기획현황요약!$B$6:$T$30,19,FALSE)) -> 47.966794 | M8: =SUMIF($X:$X,M$3&J8,$AD:$AD) -> 45 | N8: =SUMIF($X:$X,M$3&J8,$AE:$AE) -> 42 | O8: =SUMIF($X:$X,O$3&J8,$AD:$AD) -> 0 | P8: =SUMIF($X:$X,O$3&J8,$AE:$AE) -> 0 | Q8: =M8+O8 -> 45 | R8: =N8+P8 -> 42 | T8: =C8+K8 -> 83.932443 | U8: =G8+Q8 -> 73 | V8: =IF(ISERROR(U8/T8)=TRUE,0,U8/T8) -> 0.86974711 | X8: =Y8&Z8 -> ADULTELS-의류 | Y8: =IF(AA8="",Y7,AA8) -> ADULT | Z8: =IF(AB8="",Z7,AB8) -> ELS-의류 | AC8: TH | AD8: 5 | AE8: 5 | AF8: 0
B9: ELS-가방 | C9: =IF(ISERROR(VLOOKUP(B9,[1]기획현황요약!$B$6:$T$36,19,FALSE))=TRUE,0,VLOOKUP(B9,[1]기획현황요약!$B$6:$T$36,19,FALSE)) -> 20.160675 | E9: =SUMIF($X:$X,E$3&B9,$AD:$AD) -> 6 | F9: =SUMIF($X:$X,E$3&B9,$AE:$AE) -> 6 | G9: =E9 -> 6 | H9: =F9 -> 6 | I9: =MID(J9,1,2)&"K"&MID(J9,4,10) -> ELK-가방 | J9: ELS-가방 | K9: =IF(ISERROR(VLOOKUP(I9,[2]기획현황요약!$B$6:$T$30,19,FALSE))=TRUE,0,VLOOKUP(I9,[2]기획현황요약!$B$6:$T$30,19,FALSE)) -> 7.4873217 | M9: =SUMIF($X:$X,M$3&J9,$AD:$AD) -> 2 | N9: =SUMIF($X:$X,M$3&J9,$AE:$AE) -> 2 | O9: =SUMIF($X:$X,O$3&J9,$AD:$AD) -> 0 | P9: =SUMIF($X:$X,O$3&J9,$AE:$AE) -> 0 | Q9: =M9+O9 -> 2 | R9: =N9+P9 -> 2 | T9: =C9+K9 -> 27.647997 | U9: =G9+Q9 -> 8 | V9: =IF(ISERROR(U9/T9)=TRUE,0,U9/T9) -> 0.28935188 | X9: =Y9&Z9 -> ADULTELS-의류 | Y9: =IF(AA9="",Y8,AA9) -> ADULT | Z9: =IF(AB9="",Z8,AB9) -> ELS-의류 | AC9: TL | AD9: 13 | AE9: 10 | AF9: 3
B10: ELS-ACC | C10: =IF(ISERROR(VLOOKUP(B10,[1]기획현황요약!$B$6:$T$36,19,FALSE))=TRUE,0,VLOOKUP(B10,[1]기획현황요약!$B$6:$T$36,19,FALSE)) -> 4.4121754 | E10: =SUMIF($X:$X,E$3&B10,$AD:$AD) -> 2 | F10: =SUMIF($X:$X,E$3&B10,$AE:$AE) -> 2 | G10: =E10 -> 2 | H10: =F10 -> 2 | I10: =MID(J10,1,2)&"K"&MID(J10,4,10) -> ELK-ACC | J10: ELS-ACC | K10: =IF(ISERROR(VLOOKUP(I10,[2]기획현황요약!$B$6:$T$30,19,FALSE))=TRUE,0,VLOOKUP(I10,[2]기획현황요약!$B$6:$T$30,19,FALSE)) -> 5.2267265 | M10: =SUMIF($X:$X,M$3&J10,$AD:$AD) -> 2 | N10: =SUMIF($X:$X,M$3&J10,$AE:$AE) -> 2 | O10: =SUMIF($X:$X,O$3&J10,$AD:$AD) -> 0 | P10: =SUMIF($X:$X,O$3&J10,$AE:$AE) -> 0 | Q10: =M10+O10 -> 2 | R10: =N10+P10 -> 2 | T10: =C10+K10 -> 9.6389019 | U10: =G10+Q10 -> 4 | V10: =IF(ISERROR(U10/T10)=TRUE,0,U10/T10) -> 0.41498503 | X10: =Y10&Z10 -> ADULTELS-의류 | Y10: =IF(AA10="",Y9,AA10) -> ADULT | Z10: =IF(AB10="",Z9,AB10) -> ELS-의류 | AC10: PT | AD10: 3 | AE10: 3 | AF10: 0
B11: SMB | C11: =IF(ISERROR(VLOOKUP(B11,[1]기획현황요약!$B$6:$T$36,19,FALSE))=TRUE,0,VLOOKUP(B11,[1]기획현황요약!$B$6:$T$36,19,FALSE)) -> 45.567338 | E11: =SUMIF($X:$X,E$3&B11,$AD:$AD) -> 0 | F11: =SUMIF($X:$X,E$3&B11,$AE:$AE) -> 0 | G11: =E11 -> 0 | H11: =F11 -> 0 | I11: =MID(J11,1,2)&"K"&MID(J11,4,10) -> SMK | J11: SMB | K11: =IF(ISERROR(VLOOKUP(I11,[2]기획현황요약!$B$6:$T$30,19,FALSE))=TRUE,0,VLOOKUP(I11,[2]기획현황요약!$B$6:$T$30,19,FALSE)) -> 64.34207 | M11: =SUMIF($X:$X,M$3&J11,$AD:$AD) -> 0 | N11: =SUMIF($X:$X,M$3&J11,$AE:$AE) -> 0 | O11: =SUMIF($X:$X,O$3&J11,$AD:$AD) -> 0 | P11: =SUMIF($X:$X,O$3&J11,$AE:$AE) -> 0 | Q11: =M11+O11 -> 0 | R11: =N11+P11 -> 0 | T11: =C11+K11 -> 109.90941 | U11: =G11+Q11 -> 0 | V11: =IF(ISERROR(U11/T11)=TRUE,0,U11/T11) -> 0 | X11: =Y11&Z11 -> ADULTELS-의류 요약 | Y11: =IF(AA11="",Y10,AA11) -> ADULT | Z11: =IF(AB11="",Z10,AB11) -> ELS-의류 요약 | AB11: ELS-의류 요약 | AD11: 28 | AE11: 25 | AF11: 3
B12: SMB-의류 | C12: =IF(ISERROR(VLOOKUP(B12,[1]기획현황요약!$B$6:$T$36,19,FALSE))=TRUE,0,VLOOKUP(B12,[1]기획현황요약!$B$6:$T$36,19,FALSE)) -> 0 | E12: =SUMIF($X:$X,E$3&B12,$AD:$AD) -> 0 | F12: =SUMIF($X:$X,E$3&B12,$AE:$AE) -> 0 | G12: =E12 -> 0 | H12: =F12 -> 0 | I12: =MID(J12,1,2)&"K"&MID(J12,4,10) -> SMK-의류 | J12: SMB-의류 | K12: =IF(ISERROR(VLOOKUP(I12,[2]기획현황요약!$B$6:$T$30,19,FALSE))=TRUE,0,VLOOKUP(I12,[2]기획현황요약!$B$6:$T$30,19,FALSE)) -> 16.472108 | M12: =SUMIF($X:$X,M$3&J12,$AD:$AD) -> 0 | N12: =SUMIF($X:$X,M$3&J12,$AE:$AE) -> 0 | O12: =SUMIF($X:$X,O$3&J12,$AD:$AD) -> 0 | P12: =SUMIF($X:$X,O$3&J12,$AE:$AE) -> 0 | Q12: =M12+O12 -> 0 | R12: =N12+P12 -> 0 | T12: =C12+K12 -> 16.472108 | U12: =G12+Q12 -> 0 | V12: =IF(ISERROR(U12/T12)=TRUE,0,U12/T12) -> 0 | X12: =Y12&Z12 -> ADULTELS-가방 | Y12: =IF(AA12="",Y11,AA12) -> ADULT | Z12: =IF(AB12="",Z11,AB12) -> ELS-가방 | AB12: ELS-가방 | AC12: BP | AD12: 4 | AE12: 4 | AF12: 0
B13: SMB-가방 | C13: =IF(ISERROR(VLOOKUP(B13,[1]기획현황요약!$B$6:$T$36,19,FALSE))=TRUE,0,VLOOKUP(B13,[1]기획현황요약!$B$6:$T$36,19,FALSE)) -> 0 | E13: =SUMIF($X:$X,E$3&B13,$AD:$AD) -> 0 | F13: =SUMIF($X:$X,E$3&B13,$AE:$AE) -> 0 | G13: =E13 -> 0 | H13: =F13 -> 0 | I13: =MID(J13,1,2)&"K"&MID(J13,4,10) -> SMK-가방 | J13: SMB-가방 | K13: =IF(ISERROR(VLOOKUP(I13,[2]기획현황요약!$B$6:$T$30,19,FALSE))=TRUE,0,VLOOKUP(I13,[2]기획현황요약!$B$6:$T$30,19,FALSE)) -> 0 | M13: =SUMIF($X:$X,M$3&J13,$AD:$AD) -> 0 | N13: =SUMIF($X:$X,M$3&J13,$AE:$AE) -> 0 | O13: =SUMIF($X:$X,O$3&J13,$AD:$AD) -> 0 | P13: =SUMIF($X:$X,O$3&J13,$AE:$AE) -> 0 | Q13: =M13+O13 -> 0 | R13: =N13+P13 -> 0 | T13: =C13+K13 -> 0 | U13: =G13+Q13 -> 0 | V13: =IF(ISERROR(U13/T13)=TRUE,0,U13/T13) -> 0 | X13: =Y13&Z13 -> ADULTELS-가방 | Y13: =IF(AA13="",Y12,AA13) -> ADULT | Z13: =IF(AB13="",Z12,AB13) -> ELS-가방 | AC13: SB | AD13: 2 | AE13: 2 | AF13: 0
B14: NAA | C14: =IF(ISERROR(VLOOKUP(B14,[1]기획현황요약!$B$6:$T$36,19,FALSE))=TRUE,0,VLOOKUP(B14,[1]기획현황요약!$B$6:$T$36,19,FALSE)) -> 15.23251 | E14: =SUMIF($X:$X,E$3&B14,$AD:$AD) -> 15 | F14: =SUMIF($X:$X,E$3&B14,$AE:$AE) -> 14 | G14: =E14 -> 15 | H14: =F14 -> 14 | I14: =MID(J14,1,2)&"K"&MID(J14,4,10) -> NAK | J14: NAA | K14: =IF(ISERROR(VLOOKUP(I14,[2]기획현황요약!$B$6:$T$30,19,FALSE))=TRUE,0,VLOOKUP(I14,[2]기획현황요약!$B$6:$T$30,19,FALSE)) -> 5.4357956 | M14: =SUMIF($X:$X,M$3&J14,$AD:$AD) -> 0 | N14: =SUMIF($X:$X,M$3&J14,$AE:$AE) -> 0 | O14: =SUMIF($X:$X,O$3&J14,$AD:$AD) -> 0 | P14: =SUMIF($X:$X,O$3&J14,$AE:$AE) -> 0 | Q14: =M14+O14 -> 0 | R14: =N14+P14 -> 0 | T14: =C14+K14 -> 20.668306 | U14: =G14+Q14 -> 15 | V14: =IF(ISERROR(U14/T14)=TRUE,0,U14/T14) -> 0.72574889 | X14: =Y14&Z14 -> ADULTELS-가방 요약 | Y14: =IF(AA14="",Y13,AA14) -> ADULT | Z14: =IF(AB14="",Z13,AB14) -> ELS-가방 요약 | AB14: ELS-가방 요약 | AD14: 6 | AE14: 6 | AF14: 0
B15: NOV | C15: =IF(ISERROR(VLOOKUP(B15,[1]기획현황요약!$B$6:$T$36,19,FALSE))=TRUE,0,VLOOKUP(B15,[1]기획현황요약!$B$6:$T$36,19,FALSE)) -> 11.373608 | E15: =SUMIF($X:$X,E$3&B15,$AD:$AD) -> 11 | F15: =SUMIF($X:$X,E$3&B15,$AE:$AE) -> 11 | G15: =E15 -> 11 | H15: =F15 -> 11 | I15: =MID(J15,1,2)&"K"&MID(J15,4,10) -> NOK | J15: NOV | K15: =IF(ISERROR(VLOOKUP(I15,[2]기획현황요약!$B$6:$T$30,19,FALSE))=TRUE,0,VLOOKUP(I15,[2]기획현황요약!$B$6:$T$30,19,FALSE)) -> 8.8489695 | M15: =SUMIF($X:$X,M$3&J15,$AD:$AD) -> 0 | N15: =SUMIF($X:$X,M$3&J15,$AE:$AE) -> 0 | O15: =SUMIF($X:$X,O$3&J15,$AD:$AD) -> 0 | P15: =SUMIF($X:$X,O$3&J15,$AE:$AE) -> 0 | Q15: =M15+O15 -> 0 | R15: =N15+P15 -> 0 | T15: =C15+K15 -> 20.222577 | U15: =G15+Q15 -> 11 | V15: =IF(ISERROR(U15/T15)=TRUE,0,U15/T15) -> 0.5439465 | X15: =Y15&Z15 -> ADULTELS-ACC | Y15: =IF(AA15="",Y14,AA15) -> ADULT | Z15: =IF(AB15="",Z14,AB15) -> ELS-ACC | AB15: ELS-ACC | AC15: ED | AD15: 2 | AE15: 2 | AF15: 0
B16: NOV-가방 | C16: =IF(ISERROR(VLOOKUP(B16,[1]기획현황요약!$B$6:$T$36,19,FALSE))=TRUE,0,VLOOKUP(B16,[1]기획현황요약!$B$6:$T$36,19,FALSE)) -> 2.5849108 | E16: =SUMIF($X:$X,E$3&B16,$AD:$AD) -> 0 | F16: =SUMIF($X:$X,E$3&B16,$AE:$AE) -> 0 | G16: =E16 -> 0 | H16: =F16 -> 0 | I16: =MID(J16,1,2)&"K"&MID(J16,4,10) -> NOK-가방 | J16: NOV-가방 | M16: =SUMIF($X:$X,M$3&J16,$AD:$AD) -> 0 | N16: =SUMIF($X:$X,M$3&J16,$AE:$AE) -> 0 | O16: =SUMIF($X:$X,O$3&J16,$AD:$AD) -> 0 | P16: =SUMIF($X:$X,O$3&J16,$AE:$AE) -> 0 | Q16: =M16+O16 -> 0 | R16: =N16+P16 -> 0 | T16: =C17+K17 -> 96.186753 | U16: =G17+Q17 -> 42 | V16: =IF(ISERROR(U16/T16)=TRUE,0,U16/T16) -> 0.43665057 | X16: =Y16&Z16 -> ADULTELS-ACC 요약 | Y16: =IF(AA16="",Y15,AA16) -> ADULT | Z16: =IF(AB16="",Z15,AB16) -> ELS-ACC 요약 | AB16: ELS-ACC 요약 | AD16: 2 | AE16: 2 | AF16: 0
B17: URB | C17: =IF(ISERROR(VLOOKUP(B17,[1]기획현황요약!$B$6:$T$36,19,FALSE))=TRUE,0,VLOOKUP(B17,[1]기획현황요약!$B$6:$T$36,19,FALSE)) -> 49.59422 | E17: =SUMIF($X:$X,E$3&B17,$AD:$AD) -> 42 | F17: =SUMIF($X:$X,E$3&B17,$AE:$AE) -> 29 | G17: =E17 -> 42 | H17: =F17 -> 29 | I17: =MID(J17,1,2)&"K"&MID(J17,4,10) -> URK | J17: URB | K17: =IF(ISERROR(VLOOKUP(I17,[2]기획현황요약!$B$6:$T$30,19,FALSE))=TRUE,0,VLOOKUP(I17,[2]기획현황요약!$B$6:$T$30,19,FALSE)) -> 46.592533 | M17: =SUMIF($X:$X,M$3&J17,$AD:$AD) -> 0 | N17: =SUMIF($X:$X,M$3&J17,$AE:$AE) -> 0 | O17: =SUMIF($X:$X,O$3&J17,$AD:$AD) -> 0 | P17: =SUMIF($X:$X,O$3&J17,$AE:$AE) -> 0 | Q17: =M17+O17 -> 0 | R17: =N17+P17 -> 0 | T17: =C30+K30 -> 17.105864 | U17: =G30+Q30 -> 19 | V17: =IF(ISERROR(U17/T17)=TRUE,0,U17/T17) -> 1.1107302 | X17: =Y17&Z17 -> ADULTPLA-의류 | Y17: =IF(AA17="",Y16,AA17) -> ADULT | Z17: =IF(AB17="",Z16,AB17) -> PLA-의류 | AB17: PLA-의류 | AC17: HP | AD17: 4 | AE17: 4 | AF17: 0
B18: VBL | C18: =IF(ISERROR(VLOOKUP(B18,[1]기획현황요약!$B$6:$T$36,19,FALSE))=TRUE,0,VLOOKUP(B18,[1]기획현황요약!$B$6:$T$36,19,FALSE)) -> 26.246787 | E18: =SUMIF($X:$X,E$3&B18,$AD:$AD) -> 13 | F18: =SUMIF($X:$X,E$3&B18,$AE:$AE) -> 13 | G18: =E18 -> 13 | H18: =F18 -> 13 | I18: =MID(J18,1,2)&"K"&MID(J18,4,10) -> VBK | J18: VBL | K18: =IF(ISERROR(VLOOKUP(I18,[2]기획현황요약!$B$6:$T$30,19,FALSE))=TRUE,0,VLOOKUP(I18,[2]기획현황요약!$B$6:$T$30,19,FALSE)) -> 31.603463 | M18: =SUMIF($X:$X,M$3&J18,$AD:$AD) -> 0 | N18: =SUMIF($X:$X,M$3&J18,$AE:$AE) -> 0 | O18: =SUMIF($X:$X,O$3&J18,$AD:$AD) -> 0 | P18: =SUMIF($X:$X,O$3&J18,$AE:$AE) -> 0 | Q18: =M18+O18 -> 0 | R18: =N18+P18 -> 0 | T18: =C32+K32 -> 23.758611 | U18: =G32+Q32 -> 12 | V18: =IF(ISERROR(U18/T18)=TRUE,0,U18/T18) -> 0.50508003 | X18: =Y18&Z18 -> ADULTPLA-의류 | Y18: =IF(AA18="",Y17,AA18) -> ADULT | Z18: =IF(AB18="",Z17,AB18) -> PLA-의류 | AC18: JP | AD18: 5 | AE18: 5 | AF18: 0
B19: VBL-의류 | C19: =IF(ISERROR(VLOOKUP(B19,[1]기획현황요약!$B$6:$T$36,19,FALSE))=TRUE,0,VLOOKUP(B19,[1]기획현황요약!$B$6:$T$36,19,FALSE)) -> 1.795077 | E19: =SUMIF($X:$X,E$3&B19,$AD:$AD) -> 4 | F19: =SUMIF($X:$X,E$3&B19,$AE:$AE) -> 4 | G19: =E19 -> 4 | H19: =F19 -> 4 | I19: =MID(J19,1,2)&"K"&MID(J19,4,10) -> VBK-의류 | J19: VBL-의류 | K19: =IF(ISERROR(VLOOKUP(I19,[2]기획현황요약!$B$6:$T$30,19,FALSE))=TRUE,0,VLOOKUP(I19,[2]기획현황요약!$B$6:$T$30,19,FALSE)) -> 0 | M19: =SUMIF($X:$X,M$3&J19,$AD:$AD) -> 0 | N19: =SUMIF($X:$X,M$3&J19,$AE:$AE) -> 0 | O19: =SUMIF($X:$X,O$3&J19,$AD:$AD) -> 0 | P19: =SUMIF($X:$X,O$3&J19,$AE:$AE) -> 0 | Q19: =M19+O19 -> 0 | R19: =N19+P19 -> 0 | T19: =C20+K20 -> 29.209489 | U19: =G20+Q20 -> 16 | V19: =IF(ISERROR(U19/T19)=TRUE,0,U19/T19) -> 0.54776721 | X19: =Y19&Z19 -> ADULTPLA-의류 | Y19: =IF(AA19="",Y18,AA19) -> ADULT | Z19: =IF(AB19="",Z18,AB19) -> PLA-의류 | AC19: TH | AD19: 4 | AE19: 4 | AF19: 0
B20: PLA | C20: =IF(ISERROR(VLOOKUP(B20,[1]기획현황요약!$B$6:$T$36,19,FALSE))=TRUE,0,VLOOKUP(B20,[1]기획현황요약!$B$6:$T$36,19,FALSE)) -> 17.349571 | E20: =SUMIF($X:$X,E$3&B20,$AD:$AD) -> 16 | F20: =SUMIF($X:$X,E$3&B20,$AE:$AE) -> 11 | G20: =E20 -> 16 | H20: =F20 -> 11 | I20: =MID(J20,1,2)&"K"&MID(J20,4,10) -> PLK | J20: PLA | K20: =IF(ISERROR(VLOOKUP(I20,[2]기획현황요약!$B$6:$T$30,19,FALSE))=TRUE,0,VLOOKUP(I20,[2]기획현황요약!$B$6:$T$30,19,FALSE)) -> 11.859918 | M20: =SUMIF($X:$X,M$3&J20,$AD:$AD) -> 0 | N20: =SUMIF($X:$X,M$3&J20,$AE:$AE) -> 0 | O20: =SUMIF($X:$X,O$3&J20,$AD:$AD) -> 0 | P20: =SUMIF($X:$X,O$3&J20,$AE:$AE) -> 0 | Q20: =M20+O20 -> 0 | R20: =N20+P20 -> 0 | T20: =C21+K21 -> 31.489631 | U20: =G21+Q21 -> 26 | V20: =IF(ISERROR(U20/T20)=TRUE,0,U20/T20) -> 0.82566862 | X20: =Y20&Z20 -> ADULTPLA-의류 | Y20: =IF(AA20="",Y19,AA20) -> ADULT | Z20: =IF(AB20="",Z19,AB20) -> PLA-의류 | AC20: TL | AD20: 7 | AE20: 7 | AF20: 0
B21: PLA-의류 | C21: =IF(ISERROR(VLOOKUP(B21,[1]기획현황요약!$B$6:$T$36,19,FALSE))=TRUE,0,VLOOKUP(B21,[1]기획현황요약!$B$6:$T$36,19,FALSE)) -> 5.6868038 | E21: =SUMIF($X:$X,E$3&B21,$AD:$AD) -> 26 | F21: =SUMIF($X:$X,E$3&B21,$AE:$AE) -> 25 | G21: =E21 -> 26 | H21: =F21 -> 25 | I21: =MID(J21,1,2)&"K"&MID(J21,4,10) -> PLK-의류 | J21: PLA-의류 | K21: =IF(ISERROR(VLOOKUP(I21,[2]기획현황요약!$B$6:$T$30,19,FALSE))=TRUE,0,VLOOKUP(I21,[2]기획현황요약!$B$6:$T$30,19,FALSE)) -> 25.802827 | M21: =SUMIF($X:$X,M$3&J21,$AD:$AD) -> 0 | N21: =SUMIF($X:$X,M$3&J21,$AE:$AE) -> 0 | O21: =SUMIF($X:$X,O$3&J21,$AD:$AD) -> 0 | P21: =SUMIF($X:$X,O$3&J21,$AE:$AE) -> 0 | Q21: =M21+O21 -> 0 | R21: =N21+P21 -> 0 | T21: =C22+K22 -> 2.5590617 | U21: =G22+Q22 -> 0 | V21: =IF(ISERROR(U21/T21)=TRUE,0,U21/T21) -> 0 | X21: =Y21&Z21 -> ADULTPLA-의류 | Y21: =IF(AA21="",Y20,AA21) -> ADULT | Z21: =IF(AB21="",Z20,AB21) -> PLA-의류 | AC21: PT | AD21: 6 | AE21: 5 | AF21: 1
B22: PLA-가방 | C22: =IF(ISERROR(VLOOKUP(B22,[1]기획현황요약!$B$6:$T$36,19,FALSE))=TRUE,0,VLOOKUP(B22,[1]기획현황요약!$B$6:$T$36,19,FALSE)) -> 2.5590617 | E22: =SUMIF($X:$X,E$3&B22,$AD:$AD) -> 0 | F22: =SUMIF($X:$X,E$3&B22,$AE:$AE) -> 0 | G22: =E22 -> 0 | H22: =F22 -> 0 | I22: =MID(J22,1,2)&"K"&MID(J22,4,10) -> PLK-가방 | J22: PLA-가방 | K22: =IF(ISERROR(VLOOKUP(I22,[2]기획현황요약!$B$6:$T$30,19,FALSE))=TRUE,0,VLOOKUP(I22,[2]기획현황요약!$B$6:$T$30,19,FALSE)) -> 0 | M22: =SUMIF($X:$X,M$3&J22,$AD:$AD) -> 0 | N22: =SUMIF($X:$X,M$3&J22,$AE:$AE) -> 0 | O22: =SUMIF($X:$X,O$3&J22,$AD:$AD) -> 0 | P22: =SUMIF($X:$X,O$3&J22,$AE:$AE) -> 0 | Q22: =M22+O22 -> 0 | R22: =N22+P22 -> 0 | T22: =C23+K23 -> 39.176905 | U22: =G23+Q23 -> 160 | V22: =IF(ISERROR(U22/T22)=TRUE,0,U22/T22) -> 4.0840388 | X22: =Y22&Z22 -> ADULTPLA-의류 요약 | Y22: =IF(AA22="",Y21,AA22) -> ADULT | Z22: =IF(AB22="",Z21,AB22) -> PLA-의류 요약 | AB22: PLA-의류 요약 | AD22: 26 | AE22: 25 | AF22: 1
B23: JIL | C23: =IF(ISERROR(VLOOKUP(B23,[1]기획현황요약!$B$6:$T$36,19,FALSE))=TRUE,0,VLOOKUP(B23,[1]기획현황요약!$B$6:$T$36,19,FALSE)) -> 0 | E23: =SUMIF($X:$X,E$3&B23,$AD:$AD) -> 160 | F23: =SUMIF($X:$X,E$3&B23,$AE:$AE) -> 149 | G23: =E23 -> 160 | H23: =F23 -> 149 | I23: =MID(J23,1,2)&"K"&MID(J23,4,10) -> JIK | J23: JIL | K23: =IF(ISERROR(VLOOKUP(I23,[2]기획현황요약!$B$6:$T$30,19,FALSE))=TRUE,0,VLOOKUP(I23,[2]기획현황요약!$B$6:$T$30,19,FALSE)) -> 39.176905 | M23: =SUMIF($X:$X,M$3&J23,$AD:$AD) -> 0 | N23: =SUMIF($X:$X,M$3&J23,$AE:$AE) -> 0 | O23: =SUMIF($X:$X,O$3&J23,$AD:$AD) -> 0 | P23: =SUMIF($X:$X,O$3&J23,$AE:$AE) -> 0 | Q23: =M23+O23 -> 0 | R23: =N23+P23 -> 0 | T23: =C24+K24 -> 4.1813812 | U23: =G24+Q24 -> 4 | V23: =IF(ISERROR(U23/T23)=TRUE,0,U23/T23) -> 0.9566217 | X23: =Y23&Z23 -> ADULTJIL-ACC | Y23: =IF(AA23="",Y22,AA23) -> ADULT | Z23: =IF(AB23="",Z22,AB23) -> JIL-ACC | AB23: JIL-ACC | AC23: ED | AD23: 1 | AE23: 1 | AF23: 0
B24: JIL-ACC | C24: =IF(ISERROR(VLOOKUP(B24,[1]기획현황요약!$B$6:$T$36,19,FALSE))=TRUE,0,VLOOKUP(B24,[1]기획현황요약!$B$6:$T$36,19,FALSE)) -> 0 | E24: =SUMIF($X:$X,E$3&B24,$AD:$AD) -> 4 | F24: =SUMIF($X:$X,E$3&B24,$AE:$AE) -> 1 | G24: =E24 -> 4 | H24: =F24 -> 1 | I24: =MID(J24,1,2)&"K"&MID(J24,4,10) -> JIK-ACC | J24: JIL-ACC | K24: =IF(ISERROR(VLOOKUP(I24,[2]기획현황요약!$B$6:$T$30,19,FALSE))=TRUE,0,VLOOKUP(I24,[2]기획현황요약!$B$6:$T$30,19,FALSE)) -> 4.1813812 | M24: =SUMIF($X:$X,M$3&J24,$AD:$AD) -> 0 | N24: =SUMIF($X:$X,M$3&J24,$AE:$AE) -> 0 | O24: =SUMIF($X:$X,O$3&J24,$AD:$AD) -> 0 | P24: =SUMIF($X:$X,O$3&J24,$AE:$AE) -> 0 | Q24: =M24+O24 -> 0 | R24: =N24+P24 -> 0 | T24: =C25+K25 -> 0 | U24: =G25+Q25 -> 0 | V24: =IF(ISERROR(U24/T24)=TRUE,0,U24/T24) -> 0 | X24: =Y24&Z24 -> ADULTJIL-ACC | Y24: =IF(AA24="",Y23,AA24) -> ADULT | Z24: =IF(AB24="",Z23,AB24) -> JIL-ACC | AC24: WA | AD24: 3 | AE24: 0 | AF24: 3
B25: JIT | C25: =IF(ISERROR(VLOOKUP(B25,[1]기획현황요약!$B$6:$T$36,19,FALSE))=TRUE,0,VLOOKUP(B25,[1]기획현황요약!$B$6:$T$36,19,FALSE)) -> 0 | E25: =SUMIF($X:$X,E$3&B25,$AD:$AD) -> 0 | F25: =SUMIF($X:$X,E$3&B25,$AE:$AE) -> 0 | G25: =E25 -> 0 | H25: =F25 -> 0 | J25: JIT | K25: =IF(ISERROR(VLOOKUP(I25,[2]기획현황요약!$B$6:$T$30,19,FALSE))=TRUE,0,VLOOKUP(I25,[2]기획현황요약!$B$6:$T$30,19,FALSE)) -> 0 | M25: =SUMIF($X:$X,M$3&J25,$AD:$AD) -> 0 | N25: =SUMIF($X:$X,M$3&J25,$AE:$AE) -> 0 | O25: =SUMIF($X:$X,O$3&J25,$AD:$AD) -> 0 | P25: =SUMIF($X:$X,O$3&J25,$AE:$AE) -> 0 | Q25: =M25+O25 -> 0 | R25: =N25+P25 -> 0 | T25: =C26+K26 -> 38.495344 | U25: =G26+Q26 -> 13 | V25: =IF(ISERROR(U25/T25)=TRUE,0,U25/T25) -> 0.33770318 | X25: =Y25&Z25 -> ADULTJIL-ACC 요약 | Y25: =IF(AA25="",Y24,AA25) -> ADULT | Z25: =IF(AB25="",Z24,AB25) -> JIL-ACC 요약 | AB25: JIL-ACC 요약 | AD25: 4 | AE25: 1 | AF25: 3
B26: HCU | C26: =IF(ISERROR(VLOOKUP(B26,[1]기획현황요약!$B$6:$T$36,19,FALSE))=TRUE,0,VLOOKUP(B26,[1]기획현황요약!$B$6:$T$36,19,FALSE)) -> 29.014305 | E26: =SUMIF($X:$X,E$3&B26,$AD:$AD) -> 13 | F26: =SUMIF($X:$X,E$3&B26,$AE:$AE) -> 13 | G26: =E26 -> 13 | H26: =F26 -> 13 | I26: =MID(J26,1,2)&"K"&MID(J26,4,10) -> HCK | J26: HCU | K26: =IF(ISERROR(VLOOKUP(I26,[2]기획현황요약!$B$6:$T$30,19,FALSE))=TRUE,0,VLOOKUP(I26,[2]기획현황요약!$B$6:$T$30,19,FALSE)) -> 9.4810388 | M26: =SUMIF($X:$X,M$3&J26,$AD:$AD) -> 0 | N26: =SUMIF($X:$X,M$3&J26,$AE:$AE) -> 0 | O26: =SUMIF($X:$X,O$3&J26,$AD:$AD) -> 0 | P26: =SUMIF($X:$X,O$3&J26,$AE:$AE) -> 0 | Q26: =M26+O26 -> 0 | R26: =N26+P26 -> 0 | T26: =C27+K27 -> 18.283164 | U26: =G27+Q27 -> 11 | V26: =IF(ISERROR(U26/T26)=TRUE,0,U26/T26) -> 0.60164641 | X26: =Y26&Z26 -> ADULTJOI-ACC | Y26: =IF(AA26="",Y25,AA26) -> ADULT | Z26: =IF(AB26="",Z25,AB26) -> JOI-ACC | AB26: JOI-ACC | AC26: AC | AD26: 3 | AE26: 3 | AF26: 0
B27: BRO | C27: =IF(ISERROR(VLOOKUP(B27,[1]기획현황요약!$B$6:$T$36,19,FALSE))=TRUE,0,VLOOKUP(B27,[1]기획현황요약!$B$6:$T$36,19,FALSE)) -> 13.056437 | E27: =SUMIF($X:$X,E$3&B27,$AD:$AD) -> 11 | F27: =SUMIF($X:$X,E$3&B27,$AE:$AE) -> 11 | G27: =E27 -> 11 | H27: =F27 -> 11 | I27: =MID(J27,1,2)&"K"&MID(J27,4,10) -> BRK | J27: BRO | K27: =IF(ISERROR(VLOOKUP(I27,[2]기획현황요약!$B$6:$T$30,19,FALSE))=TRUE,0,VLOOKUP(I27,[2]기획현황요약!$B$6:$T$30,19,FALSE)) -> 5.2267265 | M27: =SUMIF($X:$X,M$3&J27,$AD:$AD) -> 0 | N27: =SUMIF($X:$X,M$3&J27,$AE:$AE) -> 0 | O27: =SUMIF($X:$X,O$3&J27,$AD:$AD) -> 0 | P27: =SUMIF($X:$X,O$3&J27,$AE:$AE) -> 0 | Q27: =M27+O27 -> 0 | R27: =N27+P27 -> 0 | T27: =C28+K28 -> 18.681204 | U27: =G28+Q28 -> 10 | V27: =IF(ISERROR(U27/T27)=TRUE,0,U27/T27) -> 0.53529741 | X27: =Y27&Z27 -> ADULTJOI-ACC 요약 | Y27: =IF(AA27="",Y26,AA27) -> ADULT | Z27: =IF(AB27="",Z26,AB27) -> JOI-ACC 요약 | AB27: JOI-ACC 요약 | AD27: 3 | AE27: 3 | AF27: 0
B28: BMD | C28: =IF(ISERROR(VLOOKUP(B28,[1]기획현황요약!$B$6:$T$36,19,FALSE))=TRUE,0,VLOOKUP(B28,[1]기획현황요약!$B$6:$T$36,19,FALSE)) -> 10.44515 | E28: =SUMIF($X:$X,E$3&B28,$AD:$AD) -> 10 | F28: =SUMIF($X:$X,E$3&B28,$AE:$AE) -> 6 | G28: =E28 -> 10 | H28: =F28 -> 6 | I28: =MID(J28,1,2)&"K"&MID(J28,4,10) -> BMK | J28: BMD | K28: =IF(ISERROR(VLOOKUP(I28,[2]기획현황요약!$B$6:$T$30,19,FALSE))=TRUE,0,VLOOKUP(I28,[2]기획현황요약!$B$6:$T$30,19,FALSE)) -> 8.2360539 | M28: =SUMIF($X:$X,M$3&J28,$AD:$AD) -> 0 | N28: =SUMIF($X:$X,M$3&J28,$AE:$AE) -> 0 | O28: =SUMIF($X:$X,O$3&J28,$AD:$AD) -> 0 | P28: =SUMIF($X:$X,O$3&J28,$AE:$AE) -> 0 | Q28: =M28+O28 -> 0 | R28: =N28+P28 -> 0 | T28: =C29+K29 -> 25.66514 | U28: =G29+Q29 -> 0 | V28: =IF(ISERROR(U28/T28)=TRUE,0,U28/T28) -> 0 | X28: =Y28&Z28 -> ADULTJIL | Y28: =IF(AA28="",Y27,AA28) -> ADULT | Z28: =IF(AB28="",Z27,AB28) -> JIL | AB28: JIL | AC28: BA | AD28: 16 | AE28: 16 | AF28: 0
B29: WTR | C29: =IF(ISERROR(VLOOKUP(B29,[1]기획현황요약!$B$6:$T$36,19,FALSE))=TRUE,0,VLOOKUP(B29,[1]기획현황요약!$B$6:$T$36,19,FALSE)) -> 20.11841 | E29: =SUMIF($X:$X,E$3&B29,$AD:$AD) -> 0 | F29: =SUMIF($X:$X,E$3&B29,$AE:$AE) -> 0 | G29: =E29 -> 0 | H29: =F29 -> 0 | I29: =MID(J29,1,2)&"K"&MID(J29,4,10) -> WTK | J29: WTR | K29: =IF(ISERROR(VLOOKUP(I29,[2]기획현황요약!$B$6:$T$30,19,FALSE))=TRUE,0,VLOOKUP(I29,[2]기획현황요약!$B$6:$T$30,19,FALSE)) -> 5.5467302 | M29: =SUMIF($X:$X,M$3&J29,$AD:$AD) -> 0 | N29: =SUMIF($X:$X,M$3&J29,$AE:$AE) -> 0 | O29: =SUMIF($X:$X,O$3&J29,$AD:$AD) -> 0 | P29: =SUMIF($X:$X,O$3&J29,$AE:$AE) -> 0 | Q29: =M29+O29 -> 0 | R29: =N29+P29 -> 0 | T29: =C31+K31 -> 6.9792593 | U29: =G31+Q31 -> 0 | V29: =IF(ISERROR(U29/T29)=TRUE,0,U29/T29) -> 0 | X29: =Y29&Z29 -> ADULTJIL | Y29: =IF(AA29="",Y28,AA29) -> ADULT | Z29: =IF(AB29="",Z28,AB29) -> JIL | AC29: MI | AD29: 9 | AE29: 9 | AF29: 0
B30: YGF | C30: =IF(ISERROR(VLOOKUP(B30,[1]기획현황요약!$B$6:$T$36,19,FALSE))=TRUE,0,VLOOKUP(B30,[1]기획현황요약!$B$6:$T$36,19,FALSE)) -> 9.6934156 | E30: =SUMIF($X:$X,E$3&B30,$AD:$AD) -> 19 | F30: =SUMIF($X:$X,E$3&B30,$AE:$AE) -> 19 | G30: =E30 -> 19 | H30: =F30 -> 19 | I30: =MID(J30,1,2)&"K"&MID(J30,4,10) -> YGK | J30: YGF | K30: =IF(ISERROR(VLOOKUP(I30,[2]기획현황요약!$B$6:$T$30,19,FALSE))=TRUE,0,VLOOKUP(I30,[2]기획현황요약!$B$6:$T$30,19,FALSE)) -> 7.4124485 | M30: =SUMIF($X:$X,M$3&J30,$AD:$AD) -> 0 | N30: =SUMIF($X:$X,M$3&J30,$AE:$AE) -> 0 | O30: =SUMIF($X:$X,O$3&J30,$AD:$AD) -> 0 | P30: =SUMIF($X:$X,O$3&J30,$AE:$AE) -> 0 | Q30: =M30+O30 -> 0 | R30: =N30+P30 -> 0 | T30: =C36+K36 -> 29.911446 | U30: =G36+Q36 -> 24 | V30: =IF(ISERROR(U30/T30)=TRUE,0,U30/T30) -> 0.80236842 | X30: =Y30&Z30 -> ADULTJIL | Y30: =IF(AA30="",Y29,AA30) -> ADULT | Z30: =IF(AB30="",Z29,AB30) -> JIL | AC30: ER | AD30: 63 | AE30: 61 | AF30: 2
B31: B1A | C31: =IF(ISERROR(VLOOKUP(B31,[1]기획현황요약!$B$6:$T$36,19,FALSE))=TRUE,0,VLOOKUP(B31,[1]기획현황요약!$B$6:$T$36,19,FALSE)) -> 6.9792593 | E31: =SUMIF($X:$X,E$3&B31,$AD:$AD) -> 0 | F31: =SUMIF($X:$X,E$3&B31,$AE:$AE) -> 0 | G31: =E31 -> 0 | H31: =F31 -> 0 | I31: =MID(J31,1,2)&"K"&MID(J31,4,10) -> B1K | J31: B1A | K31: =IF(ISERROR(VLOOKUP(I31,[2]기획현황요약!$B$6:$T$30,19,FALSE))=TRUE,0,VLOOKUP(I31,[2]기획현황요약!$B$6:$T$30,19,FALSE)) -> 0 | M31: =SUMIF($X:$X,M$3&J31,$AD:$AD) -> 0 | N31: =SUMIF($X:$X,M$3&J31,$AE:$AE) -> 0 | O31: =SUMIF($X:$X,O$3&J31,$AD:$AD) -> 0 | P31: =SUMIF($X:$X,O$3&J31,$AE:$AE) -> 0 | Q31: =M31+O31 -> 0 | R31: =N31+P31 -> 0 | T31: =C37+K37 -> 0 | U31: =G37+Q37 -> 3 | V31: =IF(ISERROR(U31/T31)=TRUE,0,U31/T31) -> 0 | X31: =Y31&Z31 -> ADULTJIL | Y31: =IF(AA31="",Y30,AA31) -> ADULT | Z31: =IF(AB31="",Z30,AB31) -> JIL | AC31: FE | AD31: 1 | AE31: 1 | AF31: 0
B32: POL | C32: =IF(ISERROR(VLOOKUP(B32,[1]기획현황요약!$B$6:$T$36,19,FALSE))=TRUE,0,VLOOKUP(B32,[1]기획현황요약!$B$6:$T$36,19,FALSE)) -> 9.4955908 | E32: =SUMIF($X:$X,E$3&B32,$AD:$AD) -> 0 | F32: =SUMIF($X:$X,E$3&B32,$AE:$AE) -> 0 | G32: =E32 -> 0 | H32: =F32 -> 0 | I32: =MID(J32,1,2)&"K"&MID(J32,4,10) -> POK | J32: POL | K32: =IF(ISERROR(VLOOKUP(I32,[2]기획현황요약!$B$6:$T$30,19,FALSE))=TRUE,0,VLOOKUP(I32,[2]기획현황요약!$B$6:$T$30,19,FALSE)) -> 14.26302 | M32: =SUMIF($X:$X,M$3&J32,$AD:$AD) -> 12 | N32: =SUMIF($X:$X,M$3&J32,$AE:$AE) -> 12 | O32: =SUMIF($X:$X,O$3&J32,$AD:$AD) -> 0 | P32: =SUMIF($X:$X,O$3&J32,$AE:$AE) -> 0 | Q32: =M32+O32 -> 12 | R32: =N32+P32 -> 12 | T32: =C38+K38 -> 0 | U32: =G38+Q38 -> 19 | V32: =IF(ISERROR(U32/T32)=TRUE,0,U32/T32) -> 0 | X32: =Y32&Z32 -> ADULTJIL | Y32: =IF(AA32="",Y31,AA32) -> ADULT | Z32: =IF(AB32="",Z31,AB32) -> JIL | AC32: HU | AD32: 2 | AE32: 2 | AF32: 0
B33: DPS | C33: =IF(ISERROR(VLOOKUP(B33,[1]기획현황요약!$B$6:$T$36,19,FALSE))=TRUE,0,VLOOKUP(B33,[1]기획현황요약!$B$6:$T$36,19,FALSE)) -> 13.293827 | E33: =SUMIF($X:$X,E$3&B33,$AD:$AD) -> 5 | F33: =SUMIF($X:$X,E$3&B33,$AE:$AE) -> 4 | G33: =E33 -> 5 | H33: =F33 -> 4 | I33: =MID(J33,1,2)&"K"&MID(J33,4,10) -> DPK | J33: DPS | K33: =IF(ISERROR(VLOOKUP(I33,[2]기획현황요약!$B$6:$T$30,19,FALSE))=TRUE,0,VLOOKUP(I33,[2]기획현황요약!$B$6:$T$30,19,FALSE)) -> 0 | M33: =SUMIF($X:$X,M$3&J33,$AD:$AD) -> 0 | N33: =SUMIF($X:$X,M$3&J33,$AE:$AE) -> 0 | O33: =SUMIF($X:$X,O$3&J33,$AD:$AD) -> 0 | P33: =SUMIF($X:$X,O$3&J33,$AE:$AE) -> 0 | Q33: =M33+O33 -> 0 | R33: =N33+P33 -> 0 | T33: =C39+K39 -> 945.37745 | U33: =G39+Q39 -> 572 | V33: =IF(ISERROR(U33/T33)=TRUE,0,U33/T33) -> 0.60504934 | X33: =Y33&Z33 -> ADULTJIL | Y33: =IF(AA33="",Y32,AA33) -> ADULT | Z33: =IF(AB33="",Z32,AB33) -> JIL | AC33: TP | AD33: 17 | AE33: 9 | AF33: 8
B34: MGM | C34: =IF(ISERROR(VLOOKUP(B34,[1]기획현황요약!$B$6:$T$36,19,FALSE))=TRUE,0,VLOOKUP(B34,[1]기획현황요약!$B$6:$T$36,19,FALSE)) -> 26.112875 | E34: =SUMIF($X:$X,E$3&B34,$AD:$AD) -> 0 | F34: =SUMIF($X:$X,E$3&B34,$AE:$AE) -> 0 | G34: =E34 -> 0 | H34: =F34 -> 0 | I34: =MID(J34,1,2)&"K"&MID(J34,4,10) -> MGK | J34: MGM | K34: =IF(ISERROR(VLOOKUP(I34,[2]기획현황요약!$B$6:$T$30,19,FALSE))=TRUE,0,VLOOKUP(I34,[2]기획현황요약!$B$6:$T$30,19,FALSE)) -> 0 | M34: =SUMIF($X:$X,M$3&J34,$AD:$AD) -> 0 | N34: =SUMIF($X:$X,M$3&J34,$AE:$AE) -> 0 | O34: =SUMIF($X:$X,O$3&J34,$AD:$AD) -> 0 | P34: =SUMIF($X:$X,O$3&J34,$AE:$AE) -> 0 | Q34: =M34+O34 -> 0 | R34: =N34+P34 -> 0 | X34: =Y34&Z34 -> ADULTJIL | Y34: =IF(AA34="",Y33,AA34) -> ADULT | Z34: =IF(AB34="",Z33,AB34) -> JIL | AC34: BE | AD34: 52 | AE34: 51 | AF34: 1
B35: ZZZ | C35: =IF(ISERROR(VLOOKUP(B35,[1]기획현황요약!$B$6:$T$36,19,FALSE))=TRUE,0,VLOOKUP(B35,[1]기획현황요약!$B$6:$T$36,19,FALSE)) -> 28.434019 | E35: =SUMIF($X:$X,E$3&B35,$AD:$AD) -> 0 | F35: =SUMIF($X:$X,E$3&B35,$AE:$AE) -> 0 | G35: =E35 -> 0 | H35: =F35 -> 0 | I35: =MID(J35,1,2)&"K"&MID(J35,4,10) -> ZZK | J35: ZZZ | K35: =IF(ISERROR(VLOOKUP(I35,[2]기획현황요약!$B$6:$T$30,19,FALSE))=TRUE,0,VLOOKUP(I35,[2]기획현황요약!$B$6:$T$30,19,FALSE)) -> 0 | M35: =SUMIF($X:$X,M$3&J35,$AD:$AD) -> 0 | N35: =SUMIF($X:$X,M$3&J35,$AE:$AE) -> 0 | O35: =SUMIF($X:$X,O$3&J35,$AD:$AD) -> 0 | P35: =SUMIF($X:$X,O$3&J35,$AE:$AE) -> 0 | Q35: =M35+O35 -> 0 | R35: =N35+P35 -> 0 | X35: =Y35&Z35 -> ADULTJIL 요약 | Y35: =IF(AA35="",Y34,AA35) -> ADULT | Z35: =IF(AB35="",Z34,AB35) -> JIL 요약 | AB35: JIL 요약 | AD35: 160 | AE35: 149 | AF35: 11
B36: JOI | C36: =IF(ISERROR(VLOOKUP(B36,[1]기획현황요약!$B$6:$T$36,19,FALSE))=TRUE,0,VLOOKUP(B36,[1]기획현황요약!$B$6:$T$36,19,FALSE)) -> 11.191232 | E36: =SUMIF($X:$X,E$3&B36,$AD:$AD) -> 5 | F36: =SUMIF($X:$X,E$3&B36,$AE:$AE) -> 5 | G36: =E36 -> 5 | H36: =F36 -> 5 | I36: =MID(J36,1,2)&"K"&MID(J36,4,10) -> JOK | J36: JOI | K36: =IF(ISERROR(VLOOKUP(I36,[2]기획현황요약!$B$6:$T$30,19,FALSE))=TRUE,0,VLOOKUP(I36,[2]기획현황요약!$B$6:$T$30,19,FALSE)) -> 18.720214 | M36: =SUMIF($X:$X,M$3&J36,$AD:$AD) -> 19 | N36: =SUMIF($X:$X,M$3&J36,$AE:$AE) -> 14 | O36: =SUMIF($X:$X,O$3&J36,$AD:$AD) -> 0 | P36: =SUMIF($X:$X,O$3&J36,$AE:$AE) -> 0 | Q36: =M36+O36 -> 19 | R36: =N36+P36 -> 14 | X36: =Y36&Z36 -> ADULTJOI | Y36: =IF(AA36="",Y35,AA36) -> ADULT | Z36: =IF(AB36="",Z35,AB36) -> JOI | AB36: JOI | AC36: FA | AD36: 1 | AE36: 1 | AF36: 0
B37: JOI-가방 | C37: =IF(ISERROR(VLOOKUP(B37,[1]기획현황요약!$B$6:$T$36,19,FALSE))=TRUE,0,VLOOKUP(B37,[1]기획현황요약!$B$6:$T$36,19,FALSE)) -> 0 | E37: =SUMIF($X:$X,E$3&B37,$AD:$AD) -> 0 | F37: =SUMIF($X:$X,E$3&B37,$AE:$AE) -> 0 | G37: =E37 -> 0 | H37: =F37 -> 0 | I37: =MID(J37,1,2)&"K"&MID(J37,4,10) -> JOK-가방 | J37: JOI-가방 | K37: =IF(ISERROR(VLOOKUP(I37,[2]기획현황요약!$B$6:$T$30,19,FALSE))=TRUE,0,VLOOKUP(I37,[2]기획현황요약!$B$6:$T$30,19,FALSE)) -> 0 | M37: =SUMIF($X:$X,M$3&J37,$AD:$AD) -> 3 | N37: =SUMIF($X:$X,M$3&J37,$AE:$AE) -> 0 | O37: =SUMIF($X:$X,O$3&J37,$AD:$AD) -> 0 | P37: =SUMIF($X:$X,O$3&J37,$AE:$AE) -> 0 | Q37: =M37+O37 -> 3 | R37: =N37+P37 -> 0 | X37: =Y37&Z37 -> ADULTJOI | Y37: =IF(AA37="",Y36,AA37) -> ADULT | Z37: =IF(AB37="",Z36,AB37) -> JOI | AC37: BE | AD37: 4 | AE37: 4 | AF37: 0
B38: JOI-ACC | C38: =IF(ISERROR(VLOOKUP(B38,[1]기획현황요약!$B$6:$T$36,19,FALSE))=TRUE,0,VLOOKUP(B38,[1]기획현황요약!$B$6:$T$36,19,FALSE)) -> 0 | E38: =SUMIF($X:$X,E$3&B38,$AD:$AD) -> 3 | F38: =SUMIF($X:$X,E$3&B38,$AE:$AE) -> 3 | G38: =E38 -> 3 | H38: =F38 -> 3 | I38: =MID(J38,1,2)&"K"&MID(J38,4,10) -> JOK-ACC | J38: JOI-ACC | K38: =IF(ISERROR(VLOOKUP(I38,[2]기획현황요약!$B$6:$T$30,19,FALSE))=TRUE,0,VLOOKUP(I38,[2]기획현황요약!$B$6:$T$30,19,FALSE)) -> 0 | M38: =SUMIF($X:$X,M$3&J38,$AD:$AD) -> 16 | N38: =SUMIF($X:$X,M$3&J38,$AE:$AE) -> 7 | O38: =SUMIF($X:$X,O$3&J38,$AD:$AD) -> 0 | P38: =SUMIF($X:$X,O$3&J38,$AE:$AE) -> 0 | Q38: =M38+O38 -> 16 | R38: =N38+P38 -> 7 | X38: =Y38&Z38 -> ADULTJOI 요약 | Y38: =IF(AA38="",Y37,AA38) -> ADULT | Z38: =IF(AB38="",Z37,AB38) -> JOI 요약 | AB38: JOI 요약 | AD38: 5 | AE38: 5 | AF38: 0
B39: 합계 | C39: =SUM(C7:C38) -> 485.99724 | D39: =SUM(D7:D38) -> 0 | E39: =SUM(E7:E38) -> 457 | F39: =SUM(F7:F38) -> 405 | G39: =SUM(G7:G38) -> 457 | H39: =SUM(H7:H38) -> 405 | J39: =B39 -> 합계 | K39: =SUM(K7:K38) -> 459.3802 | L39: =SUM(L7:L38) -> 0 | M39: =SUM(M7:M38) -> 115 | N39: =SUM(N7:N38) -> 87 | O39: =SUM(O7:O38) -> 0 | P39: =SUM(P7:P38) -> 0 | Q39: =SUM(Q7:Q38) -> 115 | R39: =SUM(R7:R38) -> 87 | X39: =Y39&Z39 -> ADULTELS | Y39: =IF(AA39="",Y38,AA39) -> ADULT | Z39: =IF(AB39="",Z38,AB39) -> ELS | AB39: ELS | AC39: FI | AD39: 18 | AE39: 15 | AF39: 3
X40: =Y40&Z40 -> ADULTELS | Y40: =IF(AA40="",Y39,AA40) -> ADULT | Z40: =IF(AB40="",Z39,AB40) -> ELS | AC40: FA | AD40: 2 | AE40: 2 | AF40: 0
B41: * 품번수는 신규기준임 | X41: =Y41&Z41 -> ADULTELS | Y41: =IF(AA41="",Y40,AA41) -> ADULT | Z41: =IF(AB41="",Z40,AB41) -> ELS | AC41: ER | AD41: 14 | AE41: 14 | AF41: 0
B42: * CHILD, INFANT의 별도 샘플로 진행하는 것은 모두 HATS ON KIDS 사업용으로 간주한다. | X42: =Y42&Z42 -> ADULTELS | Y42: =IF(AA42="",Y41,AA42) -> ADULT | Z42: =IF(AB42="",Z41,AB42) -> ELS | AC42: TP | AD42: 6 | AE42: 6 | AF42: 0
B43: * 실발주샘플수=중복 발주 및 입고 스타일은 1ST로 계산 | X43: =Y43&Z43 -> ADULTELS | Y43: =IF(AA43="",Y42,AA43) -> ADULT | Z43: =IF(AB43="",Z42,AB43) -> ELS | AC43: BE | AD43: 12 | AE43: 9 | AF43: 3
X44: =Y44&Z44 -> ADULTELS | Y44: =IF(AA44="",Y43,AA44) -> ADULT | Z44: =IF(AB44="",Z43,AB44) -> ELS | AC44: SN | AD44: 12 | AE44: 8 | AF44: 4
X45: =Y45&Z45 -> ADULTELS 요약 | Y45: =IF(AA45="",Y44,AA45) -> ADULT | Z45: =IF(AB45="",Z44,AB45) -> ELS 요약 | AB45: ELS 요약 | AD45: 64 | AE45: 54 | AF45: 10
X46: =Y46&Z46 -> ADULTBRO | Y46: =IF(AA46="",Y45,AA46) -> ADULT | Z46: =IF(AB46="",Z45,AB46) -> BRO | AB46: BRO | AC46: BA | AD46: 1 | AE46: 1 | AF46: 0
X47: =Y47&Z47 -> ADULTBRO | Y47: =IF(AA47="",Y46,AA47) -> ADULT | Z47: =IF(AB47="",Z46,AB47) -> BRO | AC47: MI | AD47: 1 | AE47: 1 | AF47: 0
X48: =Y48&Z48 -> ADULTBRO | Y48: =IF(AA48="",Y47,AA48) -> ADULT | Z48: =IF(AB48="",Z47,AB48) -> BRO | AC48: ER | AD48: 9 | AE48: 9 | AF48: 0
X49: =Y49&Z49 -> ADULTBRO 요약 | Y49: =IF(AA49="",Y48,AA49) -> ADULT | Z49: =IF(AB49="",Z48,AB49) -> BRO 요약 | AB49: BRO 요약 | AD49: 11 | AE49: 11 | AF49: 0
X50: =Y50&Z50 -> ADULTPLA | Y50: =IF(AA50="",Y49,AA50) -> ADULT | Z50: =IF(AB50="",Z49,AB50) -> PLA | AB50: PLA | AC50: FI | AD50: 16 | AE50: 11 | AF50: 5
X51: =Y51&Z51 -> ADULTPLA 요약 | Y51: =IF(AA51="",Y50,AA51) -> ADULT | Z51: =IF(AB51="",Z50,AB51) -> PLA 요약 | AB51: PLA 요약 | AD51: 16 | AE51: 11 | AF51: 5
X52: =Y52&Z52 -> ADULTVBL | Y52: =IF(AA52="",Y51,AA52) -> ADULT | Z52: =IF(AB52="",Z51,AB52) -> VBL | AB52: VBL | AC52: BA | AD52: 6 | AE52: 6 | AF52: 0
X53: =Y53&Z53 -> ADULTVBL | Y53: =IF(AA53="",Y52,AA53) -> ADULT | Z53: =IF(AB53="",Z52,AB53) -> VBL | AC53: TP | AD53: 7 | AE53: 7 | AF53: 0
X54: =Y54&Z54 -> ADULTVBL 요약 | Y54: =IF(AA54="",Y53,AA54) -> ADULT | Z54: =IF(AB54="",Z53,AB54) -> VBL 요약 | AB54: VBL 요약 | AD54: 13 | AE54: 13 | AF54: 0
X55: =Y55&Z55 -> ADULTBMD | Y55: =IF(AA55="",Y54,AA55) -> ADULT | Z55: =IF(AB55="",Z54,AB55) -> BMD | AB55: BMD | AC55: BA | AD55: 4.5 | AE55: 2 | AF55: 2.5
X56: =Y56&Z56 -> ADULTBMD | Y56: =IF(AA56="",Y55,AA56) -> ADULT | Z56: =IF(AB56="",Z55,AB56) -> BMD | AC56: FI | AD56: 2 | AE56: 2 | AF56: 0
X57: =Y57&Z57 -> ADULTBMD | Y57: =IF(AA57="",Y56,AA57) -> ADULT | Z57: =IF(AB57="",Z56,AB57) -> BMD | AC57: MI | AD57: 1.5 | AE57: 0 | AF57: 1.5
X58: =Y58&Z58 -> ADULTBMD | Y58: =IF(AA58="",Y57,AA58) -> ADULT | Z58: =IF(AB58="",Z57,AB58) -> BMD | AC58: ER | AD58: 2 | AE58: 2 | AF58: 0
X59: =Y59&Z59 -> ADULTBMD 요약 | Y59: =IF(AA59="",Y58,AA59) -> ADULT | Z59: =IF(AB59="",Z58,AB59) -> BMD 요약 | AB59: BMD 요약 | AD59: 10 | AE59: 6 | AF59: 4
X60: =Y60&Z60 -> ADULTNAA | Y60: =IF(AA60="",Y59,AA60) -> ADULT | Z60: =IF(AB60="",Z59,AB60) -> NAA | AB60: NAA | AC60: FI | AD60: 15 | AE60: 14 | AF60: 1
X61: =Y61&Z61 -> ADULTNAA 요약 | Y61: =IF(AA61="",Y60,AA61) -> ADULT | Z61: =IF(AB61="",Z60,AB61) -> NAA 요약 | AB61: NAA 요약 | AD61: 15 | AE61: 14 | AF61: 1
X62: =Y62&Z62 -> ADULTURB | Y62: =IF(AA62="",Y61,AA62) -> ADULT | Z62: =IF(AB62="",Z61,AB62) -> URB | AB62: URB | AC62: FI | AD62: 18 | AE62: 18 | AF62: 0
X63: =Y63&Z63 -> ADULTURB | Y63: =IF(AA63="",Y62,AA63) -> ADULT | Z63: =IF(AB63="",Z62,AB63) -> URB | AC63: TP | AD63: 4 | AE63: 4 | AF63: 0
X64: =Y64&Z64 -> ADULTURB | Y64: =IF(AA64="",Y63,AA64) -> ADULT | Z64: =IF(AB64="",Z63,AB64) -> URB | AC64: BE | AD64: 2 | AE64: 0 | AF64: 2
X65: =Y65&Z65 -> ADULTURB | Y65: =IF(AA65="",Y64,AA65) -> ADULT | Z65: =IF(AB65="",Z64,AB65) -> URB | AC65: SN | AD65: 18 | AE65: 7 | AF65: 11
X66: =Y66&Z66 -> ADULTURB 요약 | Y66: =IF(AA66="",Y65,AA66) -> ADULT | Z66: =IF(AB66="",Z65,AB66) -> URB 요약 | AB66: URB 요약 | AD66: 42 | AE66: 29 | AF66: 13
X67: =Y67&Z67 -> ADULTNOV | Y67: =IF(AA67="",Y66,AA67) -> ADULT | Z67: =IF(AB67="",Z66,AB67) -> NOV | AB67: NOV | AC67: BA | AD67: 5 | AE67: 5 | AF67: 0
X68: =Y68&Z68 -> ADULTNOV | Y68: =IF(AA68="",Y67,AA68) -> ADULT | Z68: =IF(AB68="",Z67,AB68) -> NOV | AC68: FA | AD68: 1 | AE68: 1 | AF68: 0
X69: =Y69&Z69 -> ADULTNOV | Y69: =IF(AA69="",Y68,AA69) -> ADULT | Z69: =IF(AB69="",Z68,AB69) -> NOV | AC69: TP | AD69: 5 | AE69: 5 | AF69: 0
X70: =Y70&Z70 -> ADULTNOV 요약 | Y70: =IF(AA70="",Y69,AA70) -> ADULT | Z70: =IF(AB70="",Z69,AB70) -> NOV 요약 | AB70: NOV 요약 | AD70: 11 | AE70: 11 | AF70: 0
X71: =Y71&Z71 -> ADULTHCU | Y71: =IF(AA71="",Y70,AA71) -> ADULT | Z71: =IF(AB71="",Z70,AB71) -> HCU | AB71: HCU | AC71: MI | AD71: 13 | AE71: 13 | AF71: 0
X72: =Y72&Z72 -> ADULTHCU 요약 | Y72: =IF(AA72="",Y71,AA72) -> ADULT | Z72: =IF(AB72="",Z71,AB72) -> HCU 요약 | AB72: HCU 요약 | AD72: 13 | AE72: 13 | AF72: 0
X73: =Y73&Z73 -> ADULTMR.REAL GOODMAN | Y73: =IF(AA73="",Y72,AA73) -> ADULT | Z73: =IF(AB73="",Z72,AB73) -> MR.REAL GOODMAN | AB73: MR.REAL GOODMAN | AC73: FI | AD73: 18 | AE73: 18 | AF73: 0
X74: =Y74&Z74 -> ADULTMR.REAL GOODMAN 요약 | Y74: =IF(AA74="",Y73,AA74) -> ADULT | Z74: =IF(AB74="",Z73,AB74) -> MR.REAL GOODMAN 요약 | AB74: MR.REAL GOODMAN 요약 | AD74: 18 | AE74: 18 | AF74: 0
X75: =Y75&Z75 -> ADULTVBL-의류 | Y75: =IF(AA75="",Y74,AA75) -> ADULT | Z75: =IF(AB75="",Z74,AB75) -> VBL-의류 | AB75: VBL-의류 | AC75: JP | AD75: 1 | AE75: 1 | AF75: 0
X76: =Y76&Z76 -> ADULTVBL-의류 | Y76: =IF(AA76="",Y75,AA76) -> ADULT | Z76: =IF(AB76="",Z75,AB76) -> VBL-의류 | AC76: TL | AD76: 3 | AE76: 3 | AF76: 0
X77: =Y77&Z77 -> ADULTVBL-의류 요약 | Y77: =IF(AA77="",Y76,AA77) -> ADULT | Z77: =IF(AB77="",Z76,AB77) -> VBL-의류 요약 | AB77: VBL-의류 요약 | AD77: 4 | AE77: 4 | AF77: 0
X78: =Y78&Z78 -> ADULTYGF | Y78: =IF(AA78="",Y77,AA78) -> ADULT | Z78: =IF(AB78="",Z77,AB78) -> YGF | AB78: YGF | AC78: FI | AD78: 16.5 | AE78: 16.5 | AF78: 0
X79: =Y79&Z79 -> ADULTYGF | Y79: =IF(AA79="",Y78,AA79) -> ADULT | Z79: =IF(AB79="",Z78,AB79) -> YGF | AC79: SN | AD79: 2.5 | AE79: 2.5 | AF79: 0
X80: =Y80&Z80 -> ADULTYGF 요약 | Y80: =IF(AA80="",Y79,AA80) -> ADULT | Z80: =IF(AB80="",Z79,AB80) -> YGF 요약 | AB80: YGF 요약 | AD80: 19 | AE80: 19 | AF80: 0
X81: =Y81&Z81 -> ADULTDPS | Y81: =IF(AA81="",Y80,AA81) -> ADULT | Z81: =IF(AB81="",Z80,AB81) -> DPS | AB81: DPS | AC81: FI | AD81: 1 | AE81: 0 | AF81: 1
X82: =Y82&Z82 -> ADULTDPS | Y82: =IF(AA82="",Y81,AA82) -> ADULT | Z82: =IF(AB82="",Z81,AB82) -> DPS | AC82: ER | AD82: 4 | AE82: 4 | AF82: 0
X83: =Y83&Z83 -> ADULTDPS 요약 | Y83: =IF(AA83="",Y82,AA83) -> ADULT | Z83: =IF(AB83="",Z82,AB83) -> DPS 요약 | AB83: DPS 요약 | AD83: 5 | AE83: 4 | AF83: 1
X84: =Y84&Z84 -> ADULTNOV-ACC | Y84: =IF(AA84="",Y83,AA84) -> ADULT | Z84: =IF(AB84="",Z83,AB84) -> NOV-ACC | AB84: NOV-ACC | AC84: AC | AD84: 4 | AE84: 4 | AF84: 0
X85: =Y85&Z85 -> ADULTNOV-ACC 요약 | Y85: =IF(AA85="",Y84,AA85) -> ADULT | Z85: =IF(AB85="",Z84,AB85) -> NOV-ACC 요약 | AB85: NOV-ACC 요약 | AD85: 4 | AE85: 4 | AF85: 0
X86: =Y86&Z86 -> ADULTURB-의류 | Y86: =IF(AA86="",Y85,AA86) -> ADULT | Z86: =IF(AB86="",Z85,AB86) -> URB-의류 | AB86: URB-의류 | AC86: HP | AD86: 2 | AE86: 2 | AF86: 0
X87: =Y87&Z87 -> ADULTURB-의류 | Y87: =IF(AA87="",Y86,AA87) -> ADULT | Z87: =IF(AB87="",Z86,AB87) -> URB-의류 | AC87: JP | AD87: 2 | AE87: 2 | AF87: 0
X88: =Y88&Z88 -> ADULTURB-의류 | Y88: =IF(AA88="",Y87,AA88) -> ADULT | Z88: =IF(AB88="",Z87,AB88) -> URB-의류 | AC88: TH | AD88: 2 | AE88: 2 | AF88: 0
X89: =Y89&Z89 -> ADULTURB-의류 | Y89: =IF(AA89="",Y88,AA89) -> ADULT | Z89: =IF(AB89="",Z88,AB89) -> URB-의류 | AC89: TL | AD89: 2 | AE89: 2 | AF89: 0
X90: =Y90&Z90 -> ADULTURB-의류 요약 | Y90: =IF(AA90="",Y89,AA90) -> ADULT | Z90: =IF(AB90="",Z89,AB90) -> URB-의류 요약 | AB90: URB-의류 요약 | AD90: 8 | AE90: 8 | AF90: 0
X91: =Y91&Z91 -> ADULTDPS-의류 | Y91: =IF(AA91="",Y90,AA91) -> ADULT | Z91: =IF(AB91="",Z90,AB91) -> DPS-의류 | AB91: DPS-의류 | AC91: SP | AD91: 10 | AE91: 0 | AF91: 10
X92: =Y92&Z92 -> ADULTDPS-의류 요약 | Y92: =IF(AA92="",Y91,AA92) -> ADULT | Z92: =IF(AB92="",Z91,AB92) -> DPS-의류 요약 | AB92: DPS-의류 요약 | AD92: 10 | AE92: 0 | AF92: 10
X93: =Y93&Z93 -> ADULTDPS-가방 | Y93: =IF(AA93="",Y92,AA93) -> ADULT | Z93: =IF(AB93="",Z92,AB93) -> DPS-가방 | AB93: DPS-가방 | AC93: BP | AD93: 5 | AE93: 0 | AF93: 5
X94: =Y94&Z94 -> ADULTDPS-가방 요약 | Y94: =IF(AA94="",Y93,AA94) -> ADULT | Z94: =IF(AB94="",Z93,AB94) -> DPS-가방 요약 | AB94: DPS-가방 요약 | AD94: 5 | AE94: 0 | AF94: 5
X95: =Y95&Z95 -> ADULTURB-가방 | Y95: =IF(AA95="",Y94,AA95) -> ADULT | Z95: =IF(AB95="",Z94,AB95) -> URB-가방 | AB95: URB-가방 | AC95: BP | AD95: 4 | AE95: 0 | AF95: 4
X96: =Y96&Z96 -> ADULTURB-가방 요약 | Y96: =IF(AA96="",Y95,AA96) -> ADULT | Z96: =IF(AB96="",Z95,AB96) -> URB-가방 요약 | AB96: URB-가방 요약 | AD96: 4 | AE96: 0 | AF96: 4
X97: =Y97&Z97 -> ADULT 요약URB-가방 요약 | Y97: =IF(AA97="",Y96,AA97) -> ADULT 요약 | Z97: =IF(AB97="",Z96,AB97) -> URB-가방 요약 | AA97: ADULT 요약 | AD97: 506 | AE97: 435 | AF97: 71
X98: =Y98&Z98 -> CHILDELS-의류 | Y98: =IF(AA98="",Y97,AA98) -> CHILD | Z98: =IF(AB98="",Z97,AB98) -> ELS-의류 | AA98: CHILD | AB98: ELS-의류 | AC98: HP | AD98: 4 | AE98: 4 | AF98: 0
X99: =Y99&Z99 -> CHILDELS-의류 | Y99: =IF(AA99="",Y98,AA99) -> CHILD | Z99: =IF(AB99="",Z98,AB99) -> ELS-의류 | AC99: JP | AD99: 4 | AE99: 4 | AF99: 0
X100: =Y100&Z100 -> CHILDELS-의류 | Y100: =IF(AA100="",Y99,AA100) -> CHILD | Z100: =IF(AB100="",Z99,AB100) -> ELS-의류 | AC100: TH | AD100: 9 | AE100: 9 | AF100: 0
...

Sheet 발주입고월
A1: 14FW SAMPLE LIST (HATS ON) | S1: 14FW SAMPLE LIST (HATS ON) | AK1: 14FW SAMPLE LIST (HATS ON) | BO1: 14FW SAMPLE LIST (HATS ON KIDS) | CS1: 14FW SAMPLE LIST (HATS ON) | DP1: 14SS SAMPLE LIST (HATS ON KIDS)
AK2: *실발주샘플수=중복 발주 및 입고 스타일은 1ST로 계산 | BO2: *실발주샘플수=중복 발주 및 입고 스타일은 1ST로 계산 | CS2: *실발주샘플수=중복 발주 및 입고 스타일은 1ST로 계산 | DP2: *실발주샘플수=중복 발주 및 입고 스타일은 1ST로 계산
A3: *실발주샘플수=중복 발주 및 입고 스타일은 1ST로 계산 | S3: *실발주샘플수=중복 발주 및 입고 스타일은 1ST로 계산 | AK3: 러닝(R)/신규(N) | AL3: N | BO3: 러닝(R)/신규(N) | BP3: N | CS3: 러닝(R)/신규(N) | CT3: N | DP3: 러닝(R)/신규(N) | DQ3: N
A4: 샘플수 | D4: 입고월 | S4: 샘플수 | V4: 입고월 | AK4: 연령구분 | AL4: (다중 항목) | BO4: 연령구분 | BP4: (다중 항목) | CS4: 연령구분 | CT4: (다중 항목) | DP4: 연령구분 | DQ4: (다중 항목)
A5: 브랜드/품목2 | B5: 품목 | C5: 실발주월 | D5: 190001 | E5: #VALUE! | F5: 201402 | G5: 201401 | H5: 201403 | I5: 201404 | J5: 201405 | K5: 200405 | L5: 201406 | M5: 총합계 | S5: 업체 | T5: 브랜드/품목2 | U5: 실발주월 | V5: 190001 | W5: #VALUE! | X5: 201402 | Y5: 201401 | Z5: 201403 | AA5: 201404 | AB5: 201405 | AC5: 200405 | AD5: 201406 | AE5: 총합계
A6: ELS-의류 | B6: JP | C6: 201401 | F6: 5 | M6: 5 | S6: 동일모자 | T6: JIL | U6: 201401 | Y6: 1 | AE6: 1 | AK6: 실발주샘플수 | AN6: 입고주 | BO6: 실발주샘플수 | BR6: 입고주 | CS6: 실발주샘플수 | CT6: 입고주 | DP6: 실발주샘플수 | DQ6: 입고주
C7: 201402 | H7: 2 | M7: 2 | T7: JIL 요약 | Y7: 1 | AE7: 1 | AK7: 브랜드/품목 | AL7: 해외/국내 | AM7: 발주주 | AN7: 3월 2주 | AO7: 3월 1주 | AP7: 2월 4주 | AQ7: 2월 3주 | AR7: 2월 2주 | AS7: 1월 5주 | AT7: #N/A | AU7: 총합계 | BO7: 브랜드/품목 | BP7: 해외/국내 | BQ7: 발주주 | BR7: 3월 2주 | BS7: 3월 1주 | BT7: 2월 4주 | BU7: 2월 3주 | BV7: 2월 2주 | BW7: #N/A | BX7: 총합계 | CS7: 브랜드/품목 | CT7: 3월 2주 | CU7: 3월 1주 | CV7: 2월 4주 | CW7: 2월 3주 | CX7: 2월 2주 | CY7: 1월 5주 | CZ7: #N/A | DA7: 총합계 | DP7: 브랜드/품목 | DQ7: 3월 2주 | DR7: 3월 1주 | DS7: 2월 4주 | DT7: 2월 3주 | DU7: 2월 2주 | DV7: #N/A | DW7: 총합계
C8: 201403 | H8: 1 | M8: 1 | T8: JOI | U8: 201401 | Z8: 1 | AA8: 2 | AE8: 3 | AK8: NOV | AL8: 해외 | AM8: 1월 5주 | AN8: 6 | AU8: 6 | BO8: DPS | BP8: 국내 | BQ8: 3월 2주 | BR8: 2 | BX8: 2 | CS8: NOV | CT8: 11 | DA8: 11 | DP8: DPS | DQ8: 7 | DW8: 7
B9: JP 요약 | F9: 5 | H9: 3 | M9: 8 | U9: 201404 | AB9: 4 | AE9: 4 | AK9: NOV 요약 | AN9: 6 | AU9: 6 | BP9: 해외 | BQ9: 3월 2주 | BR9: 5 | BX9: 5 | CS9: BMD | CT9: 7 | CX9: 3 | DA9: 10 | DP9: DPS-가방 | DQ9: 4 | DW9: 4
B10: HP | C10: 201402 | H10: 5 | M10: 5 | T10: JOI 요약 | Z10: 1 | AA10: 2 | AB10: 4 | AE10: 7 | AK10: BMD | AL10: 해외 | AM10: 1월 3주 | AR10: 3 | AU10: 3 | BO10: DPS 요약 | BR10: 7 | BX10: 7 | CS10: BRO | CT10: 11 | DA10: 11 | DP10: DPS-의류 | DQ10: 4 | DW10: 4
C11: 201404 | I11: 2 | M11: 2 | T11: ELS | U11: 201401 | Z11: 10 | AE11: 10 | AK11: BMD 요약 | AR11: 3 | AU11: 3 | BO11: DPS-가방 | BP11: 해외 | BQ11: 3월 2주 | BR11: 4 | BX11: 4 | CS11: DPS | CT11: 12 | DA11: 12 | DP11: ELS | DQ11: 15 | DR11: 1 | DW11: 16
B12: HP 요약 | H12: 5 | I12: 2 | M12: 7 | U12: 201403 | AA12: 8 | AE12: 8 | AK12: BRO | AL12: 해외 | AM12: 1월 4주 | AN12: 8 | AU12: 8 | BO12: DPS-가방 요약 | BR12: 4 | BX12: 4 | CS12: DPS-가방 | CT12: 5 | DA12: 5 | DP12: ELS-ACC | DQ12: 2 | DW12: 2
B13: TH | C13: 201402 | H13: 8 | M13: 8 | U13: 201404 | AA13: 9 | AE13: 9 | AK13: BRO 요약 | AN13: 8 | AU13: 8 | BO13: DPS-의류 | BP13: 해외 | BQ13: 3월 2주 | BR13: 4 | BX13: 4 | CS13: DPS-의류 | CT13: 14 | DA13: 14 | DP13: ELS-가방 | DQ13: 4 | DW13: 4
C14: 201403 | H14: 6 | M14: 6 | T14: ELS 요약 | Z14: 10 | AA14: 17 | AE14: 27 | AK14: ELS | AL14: 해외 | AM14: 1월 4주 | AN14: 17 | AO14: 12 | AU14: 29 | BO14: DPS-의류 요약 | BR14: 4 | BX14: 4 | CS14: ELS | CT14: 53 | CU14: 11 | DA14: 64 | DP14: ELS-의류 | DQ14: 44 | DT14: 1 | DW14: 45
B15: TH 요약 | H15: 14 | M15: 14 | T15: SMB | U15: 201401 | Z15: 6 | AE15: 6 | AK15: ELS 요약 | AN15: 17 | AO15: 12 | AU15: 29 | BO15: ELS | BP15: 해외 | BQ15: 1월 4주 | BS15: 1 | BX15: 1 | CS15: ELS-ACC | CU15: 2 | DA15: 2 | DP15: JAY.PARK | DU15: 5 | DW15: 5
B16: TL | C16: 201402 | H16: 12 | M16: 12 | U16: 201403 | V16: 1 | AA16: 17.5 | AE16: 18.5 | AK16: ELS-ACC | AL16: 해외 | AM16: 1월 4주 | AN16: 2 | AO16: 2 | AU16: 4 | BQ16: 3월 1주 | BR16: 7 | BX16: 7 | CS16: ELS-가방 | CT16: 6 | DA16: 6 | DP16: JIL | DQ16: 13.5 | DW16: 13.5
C17: 201403 | H17: 14 | I17: 5 | M17: 19 | T17: SMB 요약 | V17: 1 | Z17: 6 | AA17: 17.5 | AE17: 24.5 | AK17: ELS-ACC 요약 | AN17: 2 | AO17: 2 | AU17: 4 | BQ17: 3월 2주 | BR17: 8 | BX17: 8 | CS17: ELS-의류 | CT17: 24 | CW17: 4 | DA17: 28 | DP17: JIL-ACC | DQ17: 1 | DW17: 1
B18: TL 요약 | H18: 26 | I18: 5 | M18: 31 | T18: BRO | U18: 201401 | Z18: 8 | AE18: 8 | AK18: ELS-의류 | AL18: 해외 | AM18: 1월 1주 | AQ18: 1 | AU18: 1 | BO18: ELS 요약 | BR18: 15 | BS18: 1 | BX18: 16 | CS18: HCU | CT18: 13 | DA18: 13 | DP18: JOI | DQ18: 18.333333 | DV18: 0.66666667 | DW18: 19
B19: PT | C19: 201403 | H19: 4 | I19: 2 | M19: 6 | U19: 201402 | Z19: 3 | AE19: 3 | AM19: 1월 3주 | AQ19: 4 | AU19: 4 | BO19: ELS-ACC | BP19: 해외 | BQ19: 1월 4주 | BR19: 2 | BX19: 2 | CS19: JAY.PARK | CX19: 5 | DA19: 5 | DP19: JOI-ACC | DQ19: 16 | DW19: 16
B20: PT 요약 | H20: 4 | I20: 2 | M20: 6 | T20: BRO 요약 | Z20: 11 | AE20: 11 | AK20: ELS-의류 요약 | AQ20: 5 | AU20: 5 | BO20: ELS-ACC 요약 | BR20: 2 | BX20: 2 | CS20: JIL | CT20: 170.5 | CU20: 2 | CY20: 1 | DA20: 173.5 | DP20: JOI-가방 | DQ20: 3 | DW20: 3
B21: OP | C21: 201403 | H21: 1 | M21: 1 | T21: BMD | U21: 201401 | X21: 3 | AE21: 3 | AK21: JIL | AL21: 해외 | AM21: 1월 3주 | AN21: 14 | AS21: 1 | AU21: 15 | BO21: ELS-가방 | BP21: 해외 | BQ21: 3월 2주 | BR21: 4 | BX21: 4 | CS21: JIL-ACC | CT21: 5 | DA21: 5 | DP21: KONGHYOJIN | DR21: 6 | DW21: 6
B22: OP 요약 | H22: 1 | M22: 1 | U22: 201402 | AB22: 1 | AE22: 1 | AK22: JIL 요약 | AN22: 14 | AS22: 1 | AU22: 15 | BO22: ELS-가방 요약 | BR22: 4 | BX22: 4 | CS22: JOI | CT22: 5 | DA22: 5 | DP22: POL | DQ22: 13.333333 | DV22: 2.6666667 | DW22: 16
B23: SP | C23: 201403 | I23: 5 | M23: 5 | U23: 201403 | AA23: 1.5 | AE23: 1.5 | AK23: JOI | AL23: 해외 | AM23: 1월 3주 | AN23: 3 | AU23: 3 | BO23: ELS-의류 | BP23: 국내 | BQ23: 2월 3주 | BR23: 3 | BX23: 3 | CS23: JOI-ACC | CT23: 3 | DA23: 3 | DP23: SMB | DQ23: 65 | DR23: 1 | DS23: 1 | DV23: 4 | DW23: 71
B24: SP 요약 | I24: 5 | M24: 5 | T24: BMD 요약 | X24: 3 | AA24: 1.5 | AB24: 1 | AE24: 5.5 | AM24: 1월 4주 | AN24: 10 | AU24: 10 | BQ24: 3월 2주 | BR24: 13 | BX24: 13 | CS24: KONGHYOJIN | CU24: 6 | DA24: 6 | DP24: WTR | DQ24: 12 | DW24: 12
B25: VE | C25: 201403 | I25: 1 | M25: 1 | T25: WTR | U25: 201402 | Z25: 6 | AE25: 6 | AK25: JOI 요약 | AN25: 13 | AU25: 13 | BP25: 해외 | BQ25: 1월 3주 | BU25: 1 | BX25: 1 | CS25: MR.REAL GOODMAN | CT25: 3.5 | CV25: 9.5 | CW25: 5 | DA25: 18 | DP25: (비어 있음) | DV25: 0.5 | DW25: 0.5
B26: VE 요약 | I26: 1 | M26: 1 | U26: 201403 | AA26: 3 | AE26: 3 | AK26: JOI-ACC | AL26: 해외 | AM26: 1월 4주 | AN26: 7 | AU26: 7 | BQ26: 2월 3주 | BR26: 4 | BX26: 4 | CS26: NAA | CT26: 15 | DA26: 15 | DP26: 총합계 | DQ26: 222.16667 | DR26: 8 | DS26: 1 | DT26: 1 | DU26: 5 | DV26: 7.8333333 | DW26: 245
A27: ELS-의류 요약 | F27: 5 | H27: 53 | I27: 15 | M27: 73 | T27: WTR 요약 | Z27: 6 | AA27: 3 | AE27: 9 | AK27: JOI-ACC 요약 | AN27: 7 | AU27: 7 | BQ27: 2월 4주 | BR27: 3 | BX27: 3 | CS27: NOV-ACC | CT27: 4 | DA27: 4
A28: ELS-가방 | B28: BP | C28: 201403 | H28: 1 | I28: 5 | M28: 6 | T28: HCU | U28: 201402 | Z28: 7 | AA28: 6 | AE28: 13 | AK28: MR.REAL GOODMAN | AL28: 국내 | AM28: 1월 3주 | AP28: 6.5 | AU28: 6.5 | BQ28: 3월 1주 | BR28: 1 | BX28: 1 | CS28: PLA | CT28: 12 | CU28: 4 | DA28: 16
C29: 201405 | J29: 2 | M29: 2 | T29: HCU 요약 | Z29: 7 | AA29: 6 | AE29: 13 | AK29: MR.REAL GOODMAN 요약 | AP29: 6.5 | AU29: 6.5 | BQ29: 3월 2주 | BR29: 20 | BX29: 20 | CS29: PLA-의류 | CT29: 25 | CU29: 1 | DA29: 26
B30: BP 요약 | H30: 1 | I30: 5 | J30: 2 | M30: 8 | T30: MR.REAL GOODMAN | U30: 201402 | X30: 5 | Z30: 2 | AE30: 7 | AK30: PLA | AL30: 해외 | AM30: 1월 3주 | AN30: 6 | AO30: 4 | AU30: 10 | BO30: ELS-의류 요약 | BR30: 44 | BU30: 1 | BX30: 45 | CS30: SMB | CT30: 65 | CU30: 1 | CV30: 1 | CZ30: 4 | DA30: 71
B31: SB | C31: 201403 | H31: 2 | M31: 2 | T31: MR.REAL GOODMAN 요약 | X31: 5 | Z31: 2 | AE31: 7 | AK31: PLA 요약 | AN31: 6 | AO31: 4 | AU31: 10 | BO31: JAY.PARK | BP31: 국내 | BQ31: 2월 1주 | BV31: 5 | BX31: 5 | CS31: URB | CT31: 42 | DA31: 42
B32: SB 요약 | H32: 2 | M32: 2 | T32: POL | U32: 201403 | AA32: 6 | AE32: 6 | AK32: SMB | AL32: 해외 | AM32: 1월 4주 | AN32: 19.5 | AO32: 1 | AP32: 1 | AT32: 1 | AU32: 22.5 | BO32: JAY.PARK 요약 | BV32: 5 | BX32: 5 | CS32: URB-가방 | CT32: 4 | DA32: 4
A33: ELS-가방 요약 | H33: 3 | I33: 5 | J33: 2 | M33: 10 | U33: 201404 | AA33: 2 | AE33: 2 | AK33: SMB 요약 | AN33: 19.5 | AO33: 1 | AP33: 1 | AT33: 1 | AU33: 22.5 | BO33: JIL | BP33: 해외 | BQ33: 2월 4주 | BR33: 3 | BX33: 3 | CS33: URB-의류 | CT33: 8 | DA33: 8
A34: ELS-ACC | B34: ED | C34: 201401 | H34: 2 | I34: 2 | M34: 4 | T34: POL 요약 | AA34: 8 | AE34: 8 | AK34: VBL | AL34: 해외 | AM34: 1월 4주 | AN34: 13 | AU34: 13 | BQ34: 3월 1주 | BR34: 2 | BX34: 2 | CS34: VBL | CT34: 13 | DA34: 13
B35: ED 요약 | H35: 2 | I35: 2 | M35: 4 | S35: 동일모자 요약 | V35: 1 | X35: 8 | Y35: 1 | Z35: 43 | AA35: 55 | AB35: 5 | AE35: 113 | AK35: VBL 요약 | AN35: 13 | AU35: 13 | BQ35: 3월 2주 | BR35: 8.5 | BX35: 8.5 | CS35: VBL-의류 | CT35: 1.5 | CU35: 2.5 | DA35: 4
A36: ELS-ACC 요약 | H36: 2 | I36: 2 | M36: 4 | S36: 성진 | T36: ELS | U36: 201401 | Z36: 9 | AE36: 9 | AK36: 총합계 | AN36: 105.5 | AO36: 19 | AP36: 7.5 | AQ36: 5 | AR36: 3 | AS36: 1 | AT36: 1 | AU36: 142 | BO36: JIL 요약 | BR36: 13.5 | BX36: 13.5 | CS36: WTR | CT36: 12 | DA36: 12
A37: PLA-의류 | B37: JP | C37: 201403 | H37: 2 | I37: 3 | M37: 5 | U37: 201403 | AA37: 3 | AE37: 3 | BO37: JIL-ACC | BP37: 해외 | BQ37: 3월 2주 | BR37: 1 | BX37: 1 | CS37: YGF | CT37: 19 | DA37: 19
B38: JP 요약 | H38: 2 | I38: 3 | M38: 5 | U38: 201404 | AB38: 3 | AE38: 3 | BO38: JIL-ACC 요약 | BR38: 1 | BX38: 1 | CS38: (비어 있음) | CZ38: 0.5 | DA38: 0.5
B39: HP | C39: 201403 | H39: 1 | I39: 2 | M39: 3 | T39: ELS 요약 | Z39: 9 | AA39: 3 | AB39: 3 | AE39: 15 | BO39: JOI | BP39: 해외 | BQ39: 1월 3주 | BR39: 3 | BX39: 3 | CS39: 총합계 | CT39: 563.5 | CU39: 29.5 | CV39: 10.5 | CW39: 9 | CX39: 8 | CY39: 1 | CZ39: 4.5 | DA39: 626
C40: 201404 | I40: 1 | M40: 1 | T40: SMB | U40: 190001 | V40: 1 | AE40: 1 | BQ40: 1월 4주 | BR40: 5 | BX40: 5
B41: HP 요약 | H41: 1 | I41: 3 | M41: 4 | U41: 201401 | X41: 1 | Z41: 4.5 | AE41: 5.5 | BQ41: 3월 2주 | BR41: 9.6666667 | BW41: 0.66666667 | BX41: 10.333333
B42: TH | C42: 201403 | H42: 3 | I42: 1 | M42: 4 | U42: 201403 | V42: 2 | AA42: 9 | AB42: 1 | AE42: 12 | BP42: #N/A | BQ42: 3월 2주 | BR42: 0.66666667 | BX42: 0.66666667
B43: TH 요약 | H43: 3 | I43: 1 | M43: 4 | T43: SMB 요약 | V43: 3 | X43: 1 | Z43: 4.5 | AA43: 9 | AB43: 1 | AE43: 18.5 | BO43: JOI 요약 | BR43: 18.333333 | BW43: 0.66666667 | BX43: 19
B44: TL | C44: 201403 | H44: 2 | I44: 4 | M44: 6 | T44: PLA | U44: 201401 | Z44: 10 | AE44: 10 | BO44: JOI-ACC | BP44: 해외 | BQ44: 1월 4주 | BR44: 5 | BX44: 5
C45: 201404 | I45: 1 | M45: 1 | U45: 201403 | AA45: 1 | AB45: 1 | AE45: 2 | BQ45: 3월 2주 | BR45: 11 | BX45: 11
B46: TL 요약 | H46: 2 | I46: 5 | M46: 7 | U46: 201405 | AD46: 4 | AE46: 4 | BO46: JOI-ACC 요약 | BR46: 16 | BX46: 16
B47: PT | C47: 201403 | H47: 2 | I47: 4 | M47: 6 | T47: PLA 요약 | Z47: 10 | AA47: 1 | AB47: 1 | AD47: 4 | AE47: 16 | BO47: JOI-가방 | BP47: 해외 | BQ47: 3월 2주 | BR47: 3 | BX47: 3
B48: PT 요약 | H48: 2 | I48: 4 | M48: 6 | T48: NAA | U48: 201403 | AA48: 9 | AB48: 1 | AE48: 10 | BO48: JOI-가방 요약 | BR48: 3 | BX48: 3
A49: PLA-의류 요약 | H49: 10 | I49: 16 | M49: 26 | T49: NAA 요약 | AA49: 9 | AB49: 1 | AE49: 10 | BO49: KONGHYOJIN | BP49: 국내 | BQ49: 2월 3주 | BS49: 6 | BX49: 6
A50: JIL-ACC | B50: ED | C50: 201403 | I50: 1 | M50: 1 | S50: 성진 요약 | V50: 3 | X50: 1 | Z50: 23.5 | AA50: 22 | AB50: 6 | AD50: 4 | AE50: 59.5 | BO50: KONGHYOJIN 요약 | BS50: 6 | BX50: 6
B51: ED 요약 | I51: 1 | M51: 1 | S51: FOREMOST | T51: ELS-ACC | U51: 201401 | Z51: 2 | AA51: 2 | AE51: 4 | BO51: POL | BP51: 해외 | BQ51: 2월 4주 | BR51: 4 | BX51: 4
B52: WA | C52: 201404 | J52: 4 | M52: 4 | T52: ELS-ACC 요약 | Z52: 2 | AA52: 2 | AE52: 4 | BQ52: 3월 1주 | BR52: 4 | BX52: 4
B53: WA 요약 | J53: 4 | M53: 4 | T53: JIL-ACC | U53: 201403 | AA53: 1 | AE53: 1 | BQ53: 3월 2주 | BR53: 5.3333333 | BW53: 2.6666667 | BX53: 8
A54: JIL-ACC 요약 | I54: 1 | J54: 4 | M54: 5 | U54: 201404 | AB54: 3 | AE54: 3 | BO54: POL 요약 | BR54: 13.333333 | BW54: 2.6666667 | BX54: 16
A55: JOI-ACC | B55: MU | C55: 201403 | J55: 1 | M55: 1 | T55: JIL-ACC 요약 | AA55: 1 | AB55: 3 | AE55: 4 | BO55: SMB | BP55: 해외 | BQ55: 1월 4주 | BR55: 19.5 | BS55: 1 | BT55: 1 | BW55: 1 | BX55: 22.5
B56: MU 요약 | J56: 1 | M56: 1 | T56: JOI-ACC | U56: 201401 | Z56: 3 | AA56: 1.5 | AE56: 4.5 | BQ56: 3월 1주 | BR56: 43.5 | BW56: 3 | BX56: 46.5
B57: AC | C57: 201401 | H57: 4 | I57: 1.5 | J57: 1.5 | M57: 7 | U57: 201403 | AA57: 1 | AB57: 0.5 | AE57: 1.5 | BQ57: 3월 2주 | BR57: 2 | BX57: 2
C58: 201403 | I58: 1 | J58: 10 | M58: 11 | T58: JOI-ACC 요약 | Z58: 3 | AA58: 2.5 | AB58: 0.5 | AE58: 6 | BO58: SMB 요약 | BR58: 65 | BS58: 1 | BT58: 1 | BW58: 4 | BX58: 71
B59: AC 요약 | H59: 4 | I59: 2.5 | J59: 11.5 | M59: 18 | T59: JIL | U59: 201401 | Z59: 12 | AA59: 2 | AE59: 14 | BO59: WTR | BP59: 해외 | BQ59: 2월 1주 | BR59: 12 | BX59: 12
A60: JOI-ACC 요약 | H60: 4 | I60: 2.5 | J60: 12.5 | M60: 19 | U60: 201402 | Z60: 22.5 | AA60: 48 | AB60: 2 | AE60: 72.5 | BO60: WTR 요약 | BR60: 12 | BX60: 12
A61: JIL | B61: BA | C61: 201401 | H61: 6 | M61: 6 | U61: 201403 | Z61: 2 | AA61: 19 | AE61: 21 | BO61: (비어 있음) | BP61: 해외 | BQ61: 3월 2주 | BW61: 0.5 | BX61: 0.5
C62: 201402 | H62: 3 | M62: 3 | U62: 201404 | V62: 0.5 | AA62: 2 | AB62: 14 | AE62: 16.5 | BO62: (비어 있음) 요약 | BW62: 0.5 | BX62: 0.5
C63: 201403 | H63: 1 | M63: 1 | T63: JIL 요약 | V63: 0.5 | Z63: 36.5 | AA63: 71 | AB63: 16 | AE63: 124 | BO63: 총합계 | BR63: 222.16667 | BS63: 8 | BT63: 1 | BU63: 1 | BV63: 5 | BW63: 7.8333333 | BX63: 245
C64: 201404 | I64: 2 | J64: 4 | M64: 6 | T64: JOI | U64: 201401 | Z64: 4.5 | AA64: 1.5 | AE64: 6
B65: BA 요약 | H65: 10 | I65: 2 | J65: 4 | M65: 16 | U65: 201404 | AB65: 4.1666667 | AE65: 4.1666667
B66: FA | C66: 201403 | I66: 5 | M66: 5 | T66: JOI 요약 | Z66: 4.5 | AA66: 1.5 | AB66: 4.1666667 | AE66: 10.166667
B67: FA 요약 | I67: 5 | M67: 5 | T67: ELS | U67: 201401 | Z67: 6 | AE67: 6
B68: MI | C68: 201401 | G68: 1 | H68: 4 | M68: 5 | U68: 201403 | AA68: 11 | AE68: 11
C69: 201402 | H69: 2 | M69: 2 | U69: 201404 | AB69: 2 | AE69: 2
C70: 201403 | I70: 2 | M70: 2 | U70: 201405 | AD70: 6 | AE70: 6
B71: MI 요약 | G71: 1 | H71: 6 | I71: 2 | M71: 9 | T71: ELS 요약 | Z71: 6 | AA71: 11 | AB71: 2 | AD71: 6 | AE71: 25
B72: ER | C72: 201401 | H72: 2 | I72: 1 | M72: 3 | T72: SMB | U72: 201403 | AA72: 7 | AE72: 7
C73: 201402 | H73: 9 | I73: 43 | J73: 3 | M73: 55 | T73: SMB 요약 | AA73: 7 | AE73: 7
C74: 201403 | H74: 1 | I74: 9 | M74: 10 | T74: VBL | U74: 201401 | Z74: 12 | AA74: 1 | AE74: 13
C75: 201404 | J75: 1 | M75: 1 | T75: VBL 요약 | Z75: 12 | AA75: 1 | AE75: 13
B76: ER 요약 | H76: 12 | I76: 53 | J76: 4 | M76: 69 | T76: BMD | U76: 201405 | AD76: 4.5 | AE76: 4.5
B77: FE | C77: 201403 | I77: 1 | M77: 1 | T77: BMD 요약 | AD77: 4.5 | AE77: 4.5
B78: FE 요약 | I78: 1 | M78: 1 | T78: WTR | U78: 201402 | Z78: 6 | AE78: 6
B79: HU | C79: 201401 | I79: 1 | M79: 1 | T79: WTR 요약 | Z79: 6 | AE79: 6
C80: 201402 | H80: 1 | M80: 1 | T80: NOV | U80: 201401 | AB80: 6 | AE80: 6
C81: 201404 | J81: 2 | M81: 2 | U81: 201402 | Z81: 2 | AB81: 3 | AE81: 5
B82: HU 요약 | H82: 1 | I82: 1 | J82: 2 | M82: 4 | T82: NOV 요약 | Z82: 2 | AB82: 9 | AE82: 11
B83: TP | C83: 201402 | H83: 5 | I83: 1 | M83: 6 | T83: POL | U83: 201402 | AA83: 4 | AE83: 4
C84: 201403 | I84: 4 | M84: 4 | U84: 201404 | AB84: 1.3333333 | AE84: 1.3333333
C85: 201404 | J85: 7 | M85: 7 | T85: POL 요약 | AA85: 4 | AB85: 1.3333333 | AE85: 5.3333333
B86: TP 요약 | H86: 5 | I86: 5 | J86: 7 | M86: 17 | T86: DPS | U86: 201403 | AA86: 1 | AB86: 3 | AE86: 4
B87: BE | C87: 201402 | H87: 15.5 | I87: 25.5 | J87: 7.5 | M87: 48.5 | T87: DPS 요약 | AA87: 1 | AB87: 3 | AE87: 4
C88: 201403 | I88: 2 | M88: 2 | S88: FOREMOST 요약 | V88: 0.5 | Z88: 72 | AA88: 102 | AB88: 39 | AD88: 10.5 | AE88: 224
C89: 201404 | D89: 0.5 | I89: 1.5 | J89: 0.5 | M89: 2.5 | S89: QF | T89: ELS | U89: 201401 | Z89: 4 | AE89: 4
B90: BE 요약 | D90: 0.5 | H90: 15.5 | I90: 29 | J90: 8 | M90: 53 | U90: 201404 | AB90: 4 | AE90: 4
A91: JIL 요약 | D91: 0.5 | G91: 1 | H91: 49.5 | I91: 98 | J91: 25 | M91: 174 | T91: ELS 요약 | Z91: 4 | AB91: 4 | AE91: 8
A92: JOI | B92: BA | C92: 201401 | H92: 1 | I92: 2 | M92: 3 | T92: SMB | U92: 201401 | Z92: 8 | AE92: 8
C93: 201404 | J93: 4 | M93: 4 | U93: 201403 | AA93: 14.5 | AB93: 6 | AE93: 20.5
B94: BA 요약 | H94: 1 | I94: 2 | J94: 4 | M94: 7 | T94: SMB 요약 | Z94: 8 | AA94: 14.5 | AB94: 6 | AE94: 28.5
B95: FA | C95: 201401 | H95: 2 | M95: 2 | T95: URB | U95: 201402 | Z95: 4 | AA95: 4 | AE95: 8
B96: FA 요약 | H96: 2 | M96: 2 | U96: 201404 | AB96: 15 | AE96: 15
B97: TP | C97: 201401 | H97: 2 | M97: 2 | T97: URB 요약 | Z97: 4 | AA97: 4 | AB97: 15 | AE97: 23
B98: TP 요약 | H98: 2 | M98: 2 | T98: YGF | U98: 201403 | AA98: 9.5 | AE98: 9.5
B99: BE | C99: 201401 | H99: 4 | I99: 1.5 | J99: 0.5 | M99: 6 | T99: YGF 요약 | AA99: 9.5 | AE99: 9.5
C100: 201404 | E100: 0.66666667 | J100: 6.3333333 | M100: 7 | T100: DPS | U100: 201403 | AA100: 6 | AE100: 6
...

Sheet 샘플별업체 아이템별
A1: 14FW SAMPLE LIST (HATS ON) | G1: 1/2월 | H1: 356 | I1: 310 | K1: 14FW SAMPLE LIST (HATS ON) 품목별 | W1: 14FW SAMPLE LIST (HATS ON) 업체별 | AE1: 14FW SAMPLE LIST (HATS ON) 중국원단 사용 | AL1: 1/2월 | AM1: 356 | AN1: 356
G2: 3월 | H2: 263 | I2: 91 | K2: 러닝(R)/신규(N) | L2: (모두) | P2: 41752 | W2: 러닝(R)/신규(N) | X2: (모두) | AE2: 러닝(R)/신규(N) | AF2: (모두) | AK2: 41780 | AL2: 3/4월 | AM2: 373 | AN2: 302
A3: *실발주샘플수=중복 발주 및 입고 스타일은 1ST로 계산 | G3: 4월 | H3: 11 | I3: 0 | K3: *실발주샘플수=중복 발주 및 입고 스타일은 1ST로 계산 | N3: HP:후드점퍼, JP:점퍼, TH:후드, TL: 맨투맨,롱슬리브, PT:바지 | W3: *실발주샘플수=중복 발주 및 입고 스타일은 1ST로 계산 | AE3: *실발주샘플수=중복 발주 및 입고 스타일은 1ST로 계산 | AK3: =GETPIVOTDATA(" 중국원단사용수",$AE$4)/GETPIVOTDATA(" 원단총수",$AE$4) -> 0.685623 | AL3: 5월 | AM3: 31 | AN3: 2
H4: 데이터 | N4: 데이터 | X4: 데이터 | AH4: 데이터
A5: 브랜드/품목2 | B5: 품목 | C5: 샘플번호 | D5: 업체 | E5: 발주일 | F5: 입고일 | G5: 총입고샘플건수 | H5: 실발주샘플수 | I5: 실입고샘플수 | K5: 품목 | L5: 브랜드 | M5: 업체 | N5: 실발주샘플수 | O5: 실입고샘플수 | P5: 총입고샘플건수 | Q5: 미입고샘플수 | R5: 총미입고샘플건수 | W5: 업체 | X5: 실발주샘플수 | Y5: 총발주샘플건수 | Z5: 실입고샘플수 | AA5: 총입고샘플건수 | AB5: 미입고샘플수 | AC5: 총미입고샘플건수 | AE5: 브랜드/품목 | AF5: 업체 | AG5: 품목 | AH5: 실발주샘플건수 | AI5: 총발주샘플건수 | AJ5: 원단총수 | AK5: 중국원단사용수 | AL5: 총입고샘플건수 | AM5: 미입고샘플수 | AN5: 총미입고샘플건수
A6: ELS-의류 | B6: HP | C6: 14FW - ELSTINKO - HZ04- WH -KIDS | D6: EVERGREEN | E6: 41730 | F6: 41739 | G6: 1 | H6: 1 | I6: 1 | J6: =K6&L6&M6 -> BANOVFOREMOST | K6: BA | L6: NOV | M6: FOREMOST | N6: 5 | O6: 5 | P6: 5 | Q6: 0 | R6: 0 | W6: 동일모자 | X6: 112.5 | Y6: 116 | Z6: 113 | AA6: 116 | AB6: -0.5 | AC6: 0 | AE6: NOV | AF6: FOREMOST | AG6: BA | AH6: 5 | AI6: 5 | AJ6: 19 | AK6: 14 | AL6: 5 | AM6: 0 | AN6: 0
C7: 14FW - ELSTINKO - HZ05- P4.N9 -KIDS | D7: EVERGREEN | E7: 41730 | F7: 41739 | G7: 0.5 | H7: 1 | I7: 1 | J7: =K7&L7&M7 -> BRO동일모자 | L7: BRO | M7: 동일모자 | N7: 1 | O7: 1 | P7: 1 | Q7: 0 | R7: 0 | W7: 성진 | X7: 58.5 | Y7: 60 | Z7: 50.5 | AA7: 52 | AB7: 8 | AC7: 8 | AG7: TP | AH7: 5 | AI7: 5 | AJ7: 18 | AK7: 11 | AL7: 5 | AM7: 0 | AN7: 0
B8: HP 요약 | H8: 2 | I8: 2 | J8: =K8&L8&M8 -> ELS동일모자 | L8: ELS | M8: 동일모자 | N8: 1 | O8: 1 | P8: 1 | Q8: 0 | R8: 0 | W8: FOREMOST | X8: 224 | Y8: 244 | Z8: 198.5 | AA8: 212 | AB8: 25.5 | AC8: 32 | AG8: FA | AH8: 1 | AI8: 1 | AJ8: 3 | AK8: 2 | AL8: 1 | AM8: 0 | AN8: 0
B9: JP | C9: 14FW_ELSTINKO_DOWN_JUMPER_05_RD_KIDS | D9: 대경 | E9: 41701 | F9: 41719 | G9: 1 | H9: 1 | I9: 1 | J9: =K9&L9&M9 -> JILFOREMOST | L9: JIL | M9: FOREMOST | N9: 16 | O9: 16 | P9: 16 | Q9: 0 | R9: 0 | W9: QF | X9: 89 | Y9: 98 | Z9: 61 | AA9: 70 | AB9: 28 | AC9: 28 | AF9: FOREMOST 요약 | AH9: 11 | AI9: 11 | AJ9: 40 | AK9: 27 | AL9: 11 | AM9: 0 | AN9: 0
B10: JP 요약 | H10: 1 | I10: 1 | J10: =K10&L10&M10 -> SMB동일모자 | L10: SMB | M10: 동일모자 | N10: 7 | O10: 7 | P10: 7 | Q10: 0 | R10: 0 | W10: (비어 있음) | AB10: 0 | AC10: 0 | AE10: BMD | AF10: 동일모자 | AG10: BA | AH10: 1.5 | AI10: 2 | AJ10: 6 | AK10: 6 | AL10: 2 | AM10: -0.5 | AN10: 0
B11: TH | C11: 14FW ELSTINKO_HOOD_15_PK_KIDS | D11: 아트인드림 | E11: 41709 | F11: 41722 | G11: 1 | H11: 1 | I11: 1 | J11: =K11&L11&M11 -> 성진 | M11: 성진 | N11: 8.5 | O11: 8.5 | P11: 9 | Q11: 0 | R11: 0 | W11: KIDS FIRST TOYS | X11: 25.833333 | Y11: 35 | Z11: 9.5 | AA11: 13 | AB11: 16.333333 | AC11: 22 | AG11: ER | AH11: 2 | AI11: 2 | AJ11: 6 | AK11: 6 | AL11: 2 | AM11: 0 | AN11: 0
C12: 14FW - ELSTINKO - HD16- MI - KIDS | D12: piafield | E12: 41715 | F12: 41722 | G12: 1 | H12: 1 | I12: 1 | J12: =K12&L12&M12 -> QF | M12: QF | N12: 5 | O12: 5 | P12: 5 | Q12: 0 | R12: 0 | W12: 캡보이2 | X12: 5 | Y12: 6 | Z12: 5 | AA12: 6 | AB12: 0 | AC12: 0 | AG12: FI | AH12: 2 | AI12: 2 | AJ12: 3 | AK12: 3 | AL12: 2 | AM12: 0 | AN12: 0
C13: 14FW - ELSTINKO - HD17- Y6 - KIDS | D13: piafield | E13: 41715 | F13: 41722 | G13: 1 | H13: 1 | I13: 1 | J13: =K13&L13&M13 -> 캡보이2 | M13: 캡보이2 | N13: 1.5 | O13: 1.5 | P13: 2 | Q13: 0 | R13: 0 | W13: 캡보이 | X13: 40.5 | Y13: 42 | Z13: 34.5 | AA13: 36 | AB13: 6 | AC13: 6 | AF13: 동일모자 요약 | AH13: 5.5 | AI13: 6 | AJ13: 15 | AK13: 15 | AL13: 6 | AM13: -0.5 | AN13: 0
C14: 14FW - ELSTINKO - HD18- GR - KIDS | D14: piafield | E14: 41715 | F14: 41722 | G14: 1 | H14: 1 | I14: 1 | J14: =K14&L14&M14 -> VBLFOREMOST | L14: VBL | M14: FOREMOST | N14: 6 | O14: 6 | P14: 6 | Q14: 0 | R14: 0 | W14: J&F | X14: 15 | Y14: 23 | Z14: 15 | AA14: 23 | AB14: 0 | AC14: 0 | AF14: FOREMOST | AG14: BA | AH14: 3 | AI14: 3 | AL14: 3 | AM14: 3 | AN14: 3
C15: 14FW - ELSTINKO - HD19- Pi - KIDS | D15: piafield | E15: 41715 | F15: 41723 | G15: 1 | H15: 1 | I15: 1 | J15: =K15&L15&M15 -> WTR동일모자 | L15: WTR | M15: 동일모자 | N15: 3 | O15: 3 | P15: 3 | Q15: 0 | R15: 0 | W15: 대경 | X15: 32 | Y15: 32 | Z15: 32 | AA15: 32 | AB15: 0 | AC15: 0 | AG15: MI | AH15: 1.5 | AI15: 2 | AL15: 2 | AM15: 1.5 | AN15: 2
C16: 14FW - ELSTINKO - HD20- CA - KIDS | D16: piafield | E16: 41715 | F16: 41722 | G16: 1 | H16: 1 | I16: 1 | J16: =K16&L16&M16 -> FOREMOST | M16: FOREMOST | N16: 2 | O16: 2 | P16: 2 | Q16: 0 | R16: 0 | W16: 아트인드림 | X16: 37 | Y16: 37 | Z16: 31 | AA16: 31 | AB16: 6 | AC16: 6 | AF16: FOREMOST 요약 | AH16: 4.5 | AI16: 5 | AL16: 5 | AM16: 4.5 | AN16: 5
B17: TH 요약 | H17: 6 | I17: 6 | J17: =K17&L17&M17 -> JOI동일모자 | L17: JOI | M17: 동일모자 | N17: 7 | O17: 7 | P17: 7 | Q17: 0 | R17: 0 | W17: Y&Y | X17: 60 | Y17: 65 | Z17: 49 | AA17: 52 | AB17: 11 | AC17: 13 | AE17: BRO | AF17: 동일모자 | AG17: BA | AH17: 1 | AI17: 1 | AJ17: 2 | AK17: 2 | AL17: 1 | AM17: 0 | AN17: 0
B18: TL | C18: 14FW ELSTINKO_MTM_12_PK_KIDS | D18: 대경 | E18: 41709 | F18: 41719 | G18: 1 | H18: 1 | I18: 1 | J18: =K18&L18&M18 -> BMD동일모자 | L18: BMD | M18: 동일모자 | N18: 1.5 | O18: 2 | P18: 2 | Q18: -0.5 | R18: 0 | W18: NT SENHONG | X18: 4 | Y18: 9 | Z18: 5 | AA18: 9 | AB18: -1 | AC18: 0 | AG18: ER | AH18: 9 | AI18: 9 | AJ18: 33 | AK18: 24 | AL18: 9 | AM18: 0 | AN18: 0
C19: 14FW ELSTINKO_MTM_13_RE_KIDS | D19: EVERGREEN | E19: 41709 | F19: 41719 | G19: 1 | H19: 1 | I19: 1 | J19: =K19&L19&M19 -> FOREMOST | M19: FOREMOST | N19: 3 | O19: 0 | P19: 0 | Q19: 3 | R19: 3 | W19: ORIENT | X19: 3 | Y19: 6 | Z19: 3 | AA19: 6 | AB19: 0 | AC19: 0 | AG19: MI | AH19: 1 | AI19: 1 | AJ19: 4 | AK19: 3 | AL19: 1 | AM19: 0 | AN19: 0
C20: 14FW ELSTINKO_MTM_14_NY_KIDS | D20: EVERGREEN | E20: 41709 | F20: 41725 | G20: 1 | H20: 1 | I20: 1 | J20: =K20&L20&M20 -> POL동일모자 | L20: POL | M20: 동일모자 | N20: 6 | O20: 6 | P20: 6 | Q20: 0 | R20: 0 | W20: EVERGREEN | X20: 18 | Y20: 18 | Z20: 18 | AA20: 18 | AB20: 0 | AC20: 0 | AF20: 동일모자 요약 | AH20: 11 | AI20: 11 | AJ20: 39 | AK20: 29 | AL20: 11 | AM20: 0 | AN20: 0
C21: 14FW - ELSTINKO - MTM15- BL - KIDS | D21: piafield | E21: 41715 | F21: 41722 | G21: 1 | H21: 1 | I21: 1 | J21: =K21&L21&M21 -> BA 요약 | K21: BA 요약 | N21: 73.5 | O21: 71 | P21: 72 | Q21: 2.5 | R21: 3 | W21: piafield | X21: 22 | Y21: 22 | Z21: 21 | AA21: 21 | AB21: 1 | AC21: 1 | AE21: ELS | AF21: 동일모자 | AG21: BA | AH21: 1 | AI21: 1 | AJ21: 4 | AK21: 0 | AL21: 1 | AM21: 0 | AN21: 0
C22: 14FW - ELSTINKO - MTM15- RE - KIDS | D22: piafield | E22: 41715 | F22: 41722 | G22: 1 | H22: 1 | I22: 1 | J22: =K22&L22&M22 -> BPELS바이칼 | K22: BP | L22: ELS | M22: 바이칼 | N22: 8 | O22: 8 | P22: 8 | Q22: 0 | R22: 0 | W22: FILL 21 | X22: 2 | Y22: 4 | Z22: 2 | AA22: 4 | AB22: 0 | AC22: 0 | AG22: ER | AH22: 11 | AI22: 11 | AJ22: 50 | AK22: 31 | AL22: 11 | AM22: 0 | AN22: 0
C23: 14FW - ELSTINKO - MTM16- GR - KIDS | D23: piafield | E23: 41715 | F23: 41722 | G23: 1 | H23: 1 | I23: 1 | J23: =K23&L23&M23 -> JOIKIDS FIRST TOYS | L23: JOI | M23: KIDS FIRST TOYS | N23: 3 | O23: 0 | P23: 0 | Q23: 3 | R23: 3 | W23: 바이칼 | X23: 23 | Y23: 23 | Z23: 10 | AA23: 10 | AB23: 13 | AC23: 13 | AG23: TP | AH23: 3 | AI23: 3 | AJ23: 15 | AK23: 9 | AL23: 3 | AM23: 0 | AN23: 0
C24: 14FW - ELSTINKO - MTM17- YO - KIDS | D24: piafield | E24: 41715 | F24: 41723 | G24: 1 | H24: 1 | I24: 1 | J24: =K24&L24&M24 -> URB바이칼 | L24: URB | M24: 바이칼 | N24: 4 | O24: 0 | P24: 0 | Q24: 4 | R24: 4 | W24: 유건 | X24: 2 | Y24: 2 | Z24: 2 | AA24: 2 | AB24: 0 | AC24: 0 | AG24: FI | AH24: 4 | AI24: 4 | AJ24: 10 | AK24: 6 | AL24: 4 | AM24: 0 | AN24: 0
C25: 14FW - ELSTINKO - MTM18- PI - KIDS | D25: piafield | E25: 41715 | F25: 41722 | G25: 1 | H25: 1 | I25: 1 | J25: =K25&L25&M25 -> DPS바이칼 | L25: DPS | M25: 바이칼 | N25: 9 | O25: 0 | P25: 0 | Q25: 9 | R25: 9 | W25: HADSOCK | X25: 2 | Y25: 4 | Z25: 2 | AA25: 4 | AB25: 0 | AC25: 0 | AG25: SN | AH25: 8 | AI25: 8 | AJ25: 16 | AK25: 12 | AL25: 8 | AM25: 0 | AN25: 0
C26: 14FW - ELSTINKO - MTM19- GR - KIDS | D26: piafield | E26: 41715 | F26: 41723 | G26: 1 | H26: 1 | I26: 1 | J26: =K26&L26&M26 -> BP 요약 | K26: BP 요약 | N26: 24 | O26: 8 | P26: 8 | Q26: 16 | R26: 16 | W26: EVERRICH TEXTILE | X26: 0.66666667 | Y26: 2 | Z26: 0 | AA26: 0 | AB26: 0.66666667 | AC26: 2 | AF26: 동일모자 요약 | AH26: 27 | AI26: 27 | AJ26: 95 | AK26: 58 | AL26: 27 | AM26: 0 | AN26: 0
C27: 14FW - ELSTINKO - MTM20- BK - KIDS | D27: piafield | E27: 41715 | F27: 41722 | G27: 1 | H27: 1 | I27: 1 | J27: =K27&L27&M27 -> ERBRO동일모자 | K27: ER | L27: BRO | M27: 동일모자 | N27: 9 | O27: 9 | P27: 9 | Q27: 0 | R27: 0 | W27: 총합계 | X27: 776 | Y27: 848 | Z27: 662 | AA27: 717 | AB27: 114 | AC27: 131 | AF27: 성진 | AG27: ER | AH27: 3 | AI27: 3 | AJ27: 9 | AK27: 6 | AL27: 3 | AM27: 0 | AN27: 0
C28: 14FW - ELSTINKO - MTM21- WH - KIDS | D28: 아트인드림 | E28: 41715 | F28: 41740 | G28: 0 | H28: 1 | I28: 0 | J28: =K28&L28&M28 -> ELS동일모자 | L28: ELS | M28: 동일모자 | N28: 11 | O28: 11 | P28: 11 | Q28: 0 | R28: 0 | AG28: FI | AH28: 9 | AI28: 9 | AJ28: 24 | AK28: 13 | AL28: 9 | AM28: 0 | AN28: 0
C29: 14FW - ELSTINKO - MTM21- OR - KIDS | D29: 아트인드림 | E29: 41715 | F29: 41723 | G29: 1 | H29: 1 | I29: 1 | J29: =K29&L29&M29 -> 성진 | M29: 성진 | N29: 3 | O29: 3 | P29: 3 | Q29: 0 | R29: 0 | AG29: SN | AH29: 3 | AI29: 3 | AJ29: 7 | AK29: 4 | AL29: 3 | AM29: 3 | AN29: 3
C30: 14FW - ELSTINKO - MTM21- BL - KIDS | D30: 아트인드림 | E30: 41715 | F30: 41740 | G30: 0 | H30: 1 | I30: 0 | J30: =K30&L30&M30 -> FOREMOST | M30: FOREMOST | N30: 1 | O30: 1 | P30: 1 | Q30: 0 | R30: 0 | AF30: 성진 요약 | AH30: 15 | AI30: 15 | AJ30: 40 | AK30: 23 | AL30: 15 | AM30: 3 | AN30: 3
C31: 14FW - ELSTINKO - MTM22-WH | D31: 아트인드림 | E31: 41715 | F31: 41726 | G31: 0 | H31: 1 | I31: 0 | J31: =K31&L31&M31 -> QF | M31: QF | N31: 2 | O31: 2 | P31: 2 | Q31: 0 | R31: 0 | AF31: FOREMOST | AG31: ER | AH31: 1 | AI31: 1 | AJ31: 3 | AK31: 1 | AL31: 1 | AM31: 0 | AN31: 0
C32: 14FW - ELSTINKO - MTM22-OR | D32: 아트인드림 | E32: 41715 | F32: 41740 | G32: 0 | H32: 1 | I32: 0 | J32: =K32&L32&M32 -> JILFOREMOST | L32: JIL | M32: FOREMOST | N32: 50.5 | O32: 49.5 | P32: 52 | Q32: 1 | R32: 1 | AG32: TP | AH32: 13 | AI32: 13 | AJ32: 38 | AK32: 33 | AL32: 13 | AM32: 6 | AN32: 6
C33: 14FW - ELSTINKO - MTM22-BL | D33: 아트인드림 | E33: 41715 | F33: 41740 | G33: 0 | H33: 1 | I33: 0 | J33: =K33&L33&M33 -> KIDS FIRST TOYS | M33: KIDS FIRST TOYS | N33: 1 | O33: 1 | P33: 1 | Q33: 0 | R33: 0 | AG33: BE | AH33: 9 | AI33: 9 | AJ33: 20 | AK33: 20 | AL33: 9 | AM33: 0 | AN33: 0
C34: 14FW - ELSTINKO -MTM23- BK - KIDS | D34: 아트인드림 | E34: 41715 | F34: 41723 | G34: 1 | H34: 1 | I34: 1 | J34: =K34&L34&M34 -> Y&Y | M34: Y&Y | N34: 15 | O34: 14 | P34: 14 | Q34: 1 | R34: 1 | AG34: FA | AH34: 2 | AI34: 2 | AJ34: 5 | AK34: 4 | AL34: 2 | AM34: 0 | AN34: 0
C35: 14FW - ELSTINKO -MTM23- BK | D35: 아트인드림 | E35: 41715 | F35: 41723 | G35: 1 | H35: 1 | I35: 1 | J35: =K35&L35&M35 -> ORIENT | M35: ORIENT | N35: 2.5 | O35: 2.5 | P35: 5 | Q35: 0 | R35: 0 | AF35: FOREMOST 요약 | AH35: 25 | AI35: 25 | AJ35: 66 | AK35: 58 | AL35: 25 | AM35: 6 | AN35: 6
C36: 14FW - ELSTINKO - MTM25- BK -KIDS | D36: 아트인드림 | E36: 41715 | F36: 41740 | G36: 0 | H36: 1 | I36: 0 | J36: =K36&L36&M36 -> SMB동일모자 | L36: SMB | M36: 동일모자 | N36: 12.5 | O36: 12.5 | P36: 13 | Q36: 0 | R36: 0 | AF36: QF | AG36: ER | AH36: 2 | AI36: 2 | AJ36: 9 | AK36: 7 | AL36: 2 | AM36: 0 | AN36: 0
B37: TL 요약 | H37: 19 | I37: 13 | J37: =K37&L37&M37 -> 성진 | M37: 성진 | N37: 5 | O37: 5 | P37: 5 | Q37: 0 | R37: 0 | AG37: FI | AH37: 5 | AI37: 5 | AJ37: 10 | AK37: 7 | AL37: 5 | AM37: 3 | AN37: 3
B38: PT | C38: 14FW ELSTINKO_PANTS_01_BK | D38: 아트인드림 | E38: 41709 | F38: 41722 | G38: 1 | H38: 1 | I38: 1 | J38: =K38&L38&M38 -> FOREMOST | M38: FOREMOST | N38: 2 | O38: 2 | P38: 2 | Q38: 0 | R38: 0 | AG38: SN | AH38: 1 | AI38: 1 | AJ38: 2 | AK38: 2 | AL38: 1 | AM38: 1 | AN38: 1
C39: 14FW ELSTINKO_PANTS_02_BK | D39: 아트인드림 | E39: 41709 | F39: 41722 | G39: 1 | H39: 1 | I39: 1 | J39: =K39&L39&M39 -> QF | M39: QF | N39: 9 | O39: 9 | P39: 9 | Q39: 0 | R39: 0 | AF39: QF 요약 | AH39: 8 | AI39: 8 | AJ39: 21 | AK39: 16 | AL39: 8 | AM39: 4 | AN39: 4
C40: 14FW ELSTINKO_PANTS_03_BK | D40: EVERGREEN | E40: 41709 | F40: 41725 | G40: 1 | H40: 1 | I40: 1 | J40: =K40&L40&M40 -> 캡보이2 | M40: 캡보이2 | N40: 2.5 | O40: 2.5 | P40: 3 | Q40: 0 | R40: 0 | AF40: Y&Y | AG40: BE | AH40: 5 | AI40: 5 | AJ40: 12 | AK40: 11 | AL40: 5 | AM40: 5 | AN40: 5
C41: 14FW ELSTINKO_LEGGINGS_01_RD | D41: 아트인드림 | E41: 41709 | F41: 41722 | G41: 1 | H41: 1 | I41: 1 | J41: =K41&L41&M41 -> WTR동일모자 | L41: WTR | M41: 동일모자 | N41: 6 | O41: 6 | P41: 7 | Q41: 0 | R41: 0 | AF41: Y&Y 요약 | AH41: 5 | AI41: 5 | AJ41: 12 | AK41: 11 | AL41: 5 | AM41: 5 | AN41: 5
C42: 14FW - ELSTINKO - LG02- BK -KIDS | D42: 아트인드림 | E42: 41722 | F42: 41736 | G42: 1 | H42: 1 | I42: 1 | J42: =K42&L42&M42 -> FOREMOST | M42: FOREMOST | N42: 2 | O42: 2 | P42: 3 | Q42: 0 | R42: 0 | AE42: ELS-가방 | AF42: 바이칼 | AG42: BP | AH42: 8 | AI42: 8 | AJ42: 35 | AK42: 12 | AL42: 8 | AM42: 0 | AN42: 0
C43: 14FW - ELSTINKO - LG03- MI -KIDS | D43: 아트인드림 | E43: 41722 | F43: 41736 | G43: 1 | H43: 1 | I43: 1 | J43: =K43&L43&M43 -> BMD동일모자 | L43: BMD | M43: 동일모자 | N43: 2 | O43: 2 | P43: 2 | Q43: 0 | R43: 0 | AG43: SB | AH43: 2 | AI43: 2 | AJ43: 4 | AL43: 2 | AM43: 0 | AN43: 0
B44: PT 요약 | H44: 6 | I44: 6 | J44: =K44&L44&M44 -> POL동일모자 | L44: POL | M44: 동일모자 | N44: 2 | O44: 2 | P44: 2 | Q44: 0 | R44: 0 | AF44: 바이칼 요약 | AH44: 10 | AI44: 10 | AJ44: 39 | AK44: 12 | AL44: 10 | AM44: 0 | AN44: 0
B45: OP | C45: 14FW - ELSTINKO -OP01- BK -KIDS | D45: 아트인드림 | E45: 41715 | F45: 41722 | G45: 1 | H45: 1 | I45: 1 | J45: =K45&L45&M45 -> DPSQF | L45: DPS | M45: QF | N45: 5 | O45: 4 | P45: 4 | Q45: 1 | R45: 1 | AE45: ELS-의류 | AF45: 대경 | AG45: HP | AH45: 3 | AI45: 3 | AL45: 3 | AM45: 0 | AN45: 0
B46: OP 요약 | H46: 1 | I46: 1 | J46: =K46&L46&M46 -> 캡보이 | M46: 캡보이 | N46: 2 | O46: 0 | P46: 0 | Q46: 2 | R46: 2 | AG46: JP | AH46: 8 | AI46: 8 | AL46: 8 | AM46: 0 | AN46: 0
B47: SP | C47: 14FW ELSTINKO_ ROMPER_01_GRAY_BABY | D47: 아트인드림 | E47: 41719 | F47: 41736 | G47: 1 | H47: 1 | I47: 1 | J47: =K47&L47&M47 -> ER 요약 | K47: ER 요약 | N47: 145 | O47: 140 | P47: 148 | Q47: 5 | R47: 5 | AG47: TH | AH47: 1 | AI47: 1 | AL47: 1 | AM47: 0 | AN47: 0
C48: 14FW_ELSTINKO_ ROMPER_02_STAR_BABY | D48: 아트인드림 | E48: 41719 | F48: 41736 | G48: 1 | H48: 1 | I48: 1 | J48: =K48&L48&M48 -> FEJILFOREMOST | K48: FE | L48: JIL | M48: FOREMOST | N48: 1 | O48: 1 | P48: 1 | Q48: 0 | R48: 0 | AG48: TL | AH48: 5 | AI48: 5 | AL48: 5 | AM48: 0 | AN48: 0
C49: 14FW_ELSTINKO_ ROMPER_03_DOT_BABY | D49: 아트인드림 | E49: 41719 | F49: 41736 | G49: 1 | H49: 1 | I49: 1 | J49: =K49&L49&M49 -> FE 요약 | K49: FE 요약 | N49: 1 | O49: 1 | P49: 1 | Q49: 0 | R49: 0 | AG49: SP | AH49: 1 | AI49: 1 | AL49: 1 | AM49: 0 | AN49: 0
C50: 14FW_ELSTINKO_ ROMPER_04_ZEBRA_BABY | D50: 아트인드림 | E50: 41719 | F50: 41736 | G50: 1 | H50: 1 | I50: 1 | J50: =K50&L50&M50 -> HPELS대경 | K50: HP | L50: ELS | M50: 대경 | N50: 3 | O50: 3 | P50: 3 | Q50: 0 | R50: 0 | AG50: VE | AH50: 1 | AI50: 1 | AL50: 1 | AM50: 0 | AN50: 0
C51: 14FW_ELSTINKO_ROMPER_05_EBONY_BABY | D51: 대경 | E51: 41719 | F51: 41743 | G51: 1 | H51: 1 | I51: 1 | J51: =K51&L51&M51 -> 아트인드림 | M51: 아트인드림 | N51: 1 | O51: 1 | P51: 1 | Q51: 0 | R51: 0 | AF51: 대경 요약 | AH51: 19 | AI51: 19 | AL51: 19 | AM51: 0 | AN51: 0
B52: SP 요약 | H52: 5 | I52: 5 | J52: =K52&L52&M52 -> EVERGREEN | M52: EVERGREEN | N52: 2 | O52: 2 | P52: 2 | Q52: 0 | R52: 0 | AF52: 아트인드림 | AG52: HP | AH52: 1 | AI52: 1 | AL52: 1 | AM52: 0 | AN52: 0
B53: VE | C53: 14FW_ELSTINKO_VEST_RED_01_KIDS | D53: 대경 | E53: 41718 | F53: 41737 | G53: 1 | H53: 1 | I53: 1 | J53: =K53&L53&M53 -> piafield | M53: piafield | N53: 1 | O53: 1 | P53: 1 | Q53: 0 | R53: 0 | AG53: TH | AH53: 4 | AI53: 4 | AL53: 4 | AM53: 0 | AN53: 0
B54: VE 요약 | H54: 1 | I54: 1 | J54: =K54&L54&M54 -> PLA대경 | L54: PLA | M54: 대경 | N54: 2 | O54: 2 | P54: 2 | Q54: 0 | R54: 0 | AG54: TL | AH54: 13 | AI54: 13 | AL54: 13 | AM54: 6 | AN54: 6
A55: ELS-의류 요약 | H55: 41 | I55: 35 | J55: =K55&L55&M55 -> EVERGREEN | M55: EVERGREEN | N55: 2 | O55: 2 | P55: 2 | Q55: 0 | R55: 0 | AG55: PT | AH55: 5 | AI55: 5 | AL55: 5 | AM55: 0 | AN55: 0
A56: ELS-가방 | B56: BP | C56: 14SS ELS BACKPACK_07_BK | D56: 바이칼 | E56: 41712 | F56: 41715 | G56: 1 | H56: 1 | I56: 1 | J56: =K56&L56&M56 -> URB대경 | L56: URB | M56: 대경 | N56: 1 | O56: 1 | P56: 1 | Q56: 0 | R56: 0 | AG56: OP | AH56: 1 | AI56: 1 | AL56: 1 | AM56: 0 | AN56: 0
C57: 14FW ELS BACKPACK_01_BK | D57: 바이칼 | E57: 41715 | F57: 41730 | G57: 1 | H57: 1 | I57: 1 | J57: =K57&L57&M57 -> 아트인드림 | M57: 아트인드림 | N57: 1 | O57: 1 | P57: 1 | Q57: 0 | R57: 0 | AG57: SP | AH57: 4 | AI57: 4 | AL57: 4 | AM57: 0 | AN57: 0
C58: 14FW ELS BACKPACK_02_BK | D58: 바이칼 | E58: 41715 | F58: 41730 | G58: 1 | H58: 1 | I58: 1 | J58: =K58&L58&M58 -> HP 요약 | K58: HP 요약 | N58: 13 | O58: 13 | P58: 13 | Q58: 0 | R58: 0 | AF58: 아트인드림 요약 | AH58: 28 | AI58: 28 | AL58: 28 | AM58: 6 | AN58: 6
C59: 14FW ELS BACKPACK_03_BK | D59: 바이칼 | E59: 41715 | F59: 41730 | G59: 1 | H59: 1 | I59: 1 | J59: =K59&L59&M59 -> HUJILFOREMOST | K59: HU | L59: JIL | M59: FOREMOST | N59: 4 | O59: 2 | P59: 2 | Q59: 2 | R59: 2 | AF59: EVERGREEN | AG59: HP | AH59: 2 | AI59: 2 | AL59: 3 | AM59: 0 | AN59: 0
C60: 14FW ELS BACKPACK_04_PP_KIDS | D60: 바이칼 | E60: 41715 | F60: 41740 | G60: 1 | H60: 1 | I60: 1 | J60: =K60&L60&M60 -> HU 요약 | K60: HU 요약 | N60: 4 | O60: 2 | P60: 2 | Q60: 2 | R60: 2 | AG60: TH | AH60: 3 | AI60: 3 | AL60: 3 | AM60: 0 | AN60: 0
C61: 14FW ELS BACKPACK_05_BL_TOD | D61: 바이칼 | E61: 41715 | F61: 41740 | G61: 1 | H61: 1 | I61: 1 | J61: =K61&L61&M61 -> JPELS대경 | K61: JP | L61: ELS | M61: 대경 | N61: 8 | O61: 8 | P61: 8 | Q61: 0 | R61: 0 | AG61: TL | AH61: 4 | AI61: 4 | AL61: 4 | AM61: 0 | AN61: 0
B62: BP 요약 | H62: 6 | I62: 6 | J62: =K62&L62&M62 -> PLA대경 | L62: PLA | M62: 대경 | N62: 3 | O62: 3 | P62: 3 | Q62: 0 | R62: 0 | AG62: PT | AH62: 1 | AI62: 1 | AL62: 1 | AM62: 0 | AN62: 0
B63: SB | C63: 14SS ELS SHOULDER BAG_01_BK | D63: 바이칼 | E63: 41708 | F63: 41712 | G63: 1 | H63: 1 | I63: 1 | J63: =K63&L63&M63 -> 유건 | M63: 유건 | N63: 2 | O63: 2 | P63: 2 | Q63: 0 | R63: 0 | AF63: EVERGREEN 요약 | AH63: 10 | AI63: 10 | AL63: 11 | AM63: 0 | AN63: 0
C64: 14SS ELS SHOULDER BAG_02_YE | D64: 바이칼 | E64: 41708 | F64: 41712 | G64: 1 | H64: 1 | I64: 1 | J64: =K64&L64&M64 -> VBL대경 | L64: VBL | M64: 대경 | N64: 1 | O64: 1 | P64: 1 | Q64: 0 | R64: 0 | AF64: piafield | AG64: HP | AH64: 1 | AI64: 1 | AL64: 1 | AM64: 0 | AN64: 0
B65: SB 요약 | H65: 2 | I65: 2 | J65: =K65&L65&M65 -> URB대경 | L65: URB | M65: 대경 | N65: 2 | O65: 2 | P65: 2 | Q65: 0 | R65: 0 | AG65: TH | AH65: 6 | AI65: 6 | AL65: 6 | AM65: 0 | AN65: 0
A66: ELS-가방 요약 | H66: 8 | I66: 8 | J66: =K66&L66&M66 -> JP 요약 | K66: JP 요약 | N66: 16 | O66: 16 | P66: 16 | Q66: 0 | R66: 0 | AG66: TL | AH66: 9 | AI66: 9 | AL66: 9 | AM66: 0 | AN66: 0
A67: PLA-의류 | B67: HP | C67: 14FW_PLAYBOY_HOODZIP _01_BK | D67: EVERGREEN | E67: 41712 | F67: 41725 | G67: 1 | H67: 1 | I67: 1 | J67: =K67&L67&M67 -> MIBRO동일모자 | K67: MI | L67: BRO | M67: 동일모자 | N67: 1 | O67: 1 | P67: 1 | Q67: 0 | R67: 0 | AF67: piafield 요약 | AH67: 16 | AI67: 16 | AL67: 16 | AM67: 0 | AN67: 0
C68: 14FW_PLAYBOY_HOODZIP _02_BK | D68: EVERGREEN | E68: 41717 | F68: 41733 | G68: 1 | H68: 1 | I68: 1 | J68: =K68&L68&M68 -> HCU동일모자 | L68: HCU | M68: 동일모자 | N68: 13 | O68: 13 | P68: 13 | Q68: 0 | R68: 0 | AE68: ELS-ACC | AF68: FOREMOST | AG68: ED | AH68: 4 | AI68: 4 | AJ68: 14 | AK68: 14 | AL68: 4 | AM68: 0 | AN68: 0
C69: 14FW_PLAYBOY_HOODZIP _03_BK | D69: 대경 | E69: 41716 | F69: 41737 | G69: 1 | H69: 1 | I69: 1 | J69: =K69&L69&M69 -> JIL동일모자 | L69: JIL | M69: 동일모자 | N69: 1 | O69: 1 | P69: 2 | Q69: 0 | R69: 0 | AF69: FOREMOST 요약 | AH69: 4 | AI69: 4 | AJ69: 14 | AK69: 14 | AL69: 4 | AM69: 0 | AN69: 0
C70: 14FW_PLAYBOY_ HOODZIP _04_BK | D70: 대경 | E70: 41736 | F70: 41743 | G70: 1 | H70: 1 | I70: 1 | J70: =K70&L70&M70 -> FOREMOST | M70: FOREMOST | N70: 8 | O70: 8 | P70: 9 | Q70: 0 | R70: 0 | AE70: HCU | AF70: 동일모자 | AG70: MI | AH70: 13 | AI70: 13 | AJ70: 41 | AK70: 24 | AL70: 13 | AM70: 0 | AN70: 0
B71: HP 요약 | H71: 4 | I71: 4 | J71: =K71&L71&M71 -> BMDFOREMOST | L71: BMD | M71: FOREMOST | N71: 1.5 | O71: 0 | P71: 0 | Q71: 1.5 | R71: 2 | AF71: 동일모자 요약 | AH71: 13 | AI71: 13 | AJ71: 41 | AK71: 24 | AL71: 13 | AM71: 0 | AN71: 0
B72: JP | C72: 14FW PLAYBOY_MUSTANG_01_BK | D72: 유건 | E72: 41715 | F72: 41719 | G72: 1 | H72: 1 | I72: 1 | J72: =K72&L72&M72 -> MI 요약 | K72: MI 요약 | N72: 24.5 | O72: 23 | P72: 25 | Q72: 1.5 | R72: 2 | AE72: JIL | AF72: 동일모자 | AG72: MI | AH72: 1 | AI72: 2 | AJ72: 6 | AK72: 1 | AL72: 2 | AM72: 0 | AN72: 0
C73: 14FW PLAYBOY_MUSTANG_02_BK | D73: 유건 | E73: 41715 | F73: 41719 | G73: 1 | H73: 1 | I73: 1 | J73: =K73&L73&M73 -> THELS대경 | K73: TH | L73: ELS | M73: 대경 | N73: 1 | O73: 1 | P73: 1 | Q73: 0 | R73: 0 | AF73: 동일모자 요약 | AH73: 1 | AI73: 2 | AJ73: 6 | AK73: 1 | AL73: 2 | AM73: 0 | AN73: 0
C74: 14FW_PLAYBOY_JUMPER _01_BK | D74: 대경 | E74: 41716 | F74: 41737 | G74: 1 | H74: 1 | I74: 1 | J74: =K74&L74&M74 -> 아트인드림 | M74: 아트인드림 | N74: 4 | O74: 4 | P74: 4 | Q74: 0 | R74: 0 | AF74: FOREMOST | AG74: BA | AH74: 16 | AI74: 16 | AJ74: 39 | AK74: 22 | AL74: 16 | AM74: 0 | AN74: 0
C75: 14FW_PLAYBOY_JUMPER _02_BK | D75: 대경 | E75: 41716 | F75: 41737 | G75: 1 | H75: 1 | I75: 1 | J75: =K75&L75&M75 -> EVERGREEN | M75: EVERGREEN | N75: 3 | O75: 3 | P75: 3 | Q75: 0 | R75: 0 | AG75: ER | AH75: 50.5 | AI75: 53 | AJ75: 98 | AK75: 74 | AL75: 53 | AM75: 1 | AN75: 1
C76: 14FW_PLAYBOY_JUMPER_03_BK | D76: 대경 | E76: 41716 | F76: 41737 | G76: 1 | H76: 1 | I76: 1 | J76: =K76&L76&M76 -> piafield | M76: piafield | N76: 6 | O76: 6 | P76: 6 | Q76: 0 | R76: 0 | AG76: FE | AH76: 1 | AI76: 1 | AJ76: 2 | AK76: 2 | AL76: 1 | AM76: 0 | AN76: 0
B77: JP 요약 | H77: 5 | I77: 5 | J77: =K77&L77&M77 -> PLA아트인드림 | L77: PLA | M77: 아트인드림 | N77: 1 | O77: 1 | P77: 1 | Q77: 0 | R77: 0 | AG77: HU | AH77: 4 | AI77: 4 | AJ77: 6 | AK77: 3 | AL77: 4 | AM77: 2 | AN77: 2
B78: TH | C78: 14FW_PLAYBOY_HOOD _01_BK | D78: EVERGREEN | E78: 41712 | F78: 41725 | G78: 1 | H78: 1 | I78: 1 | J78: =K78&L78&M78 -> EVERGREEN | M78: EVERGREEN | N78: 3 | O78: 3 | P78: 3 | Q78: 0 | R78: 0 | AG78: MI | AH78: 8 | AI78: 9 | AJ78: 31 | AK78: 9 | AL78: 9 | AM78: 0 | AN78: 0
C79: 14FW_PLAYBOY_HOOD _01_WH | D79: EVERGREEN | E79: 41712 | F79: 41700 | G79: 1 | H79: 1 | I79: 1 | J79: =K79&L79&M79 -> URB대경 | L79: URB | M79: 대경 | N79: 1 | O79: 1 | P79: 1 | Q79: 0 | R79: 0 | AG79: TP | AH79: 17 | AI79: 17 | AJ79: 33 | AK79: 17 | AL79: 17 | AM79: 8 | AN79: 8
C80: 14FW PLAYBOY_HOOD_02_BK | D80: 아트인드림 | E80: 41716 | F80: 41723 | G80: 1 | H80: 1 | I80: 1 | J80: =K80&L80&M80 -> 아트인드림 | M80: 아트인드림 | N80: 1 | O80: 1 | P80: 1 | Q80: 0 | R80: 0 | AG80: BE | AH80: 22 | AI80: 26 | AJ80: 33 | AK80: 33 | AL80: 26 | AM80: -0.5 | AN80: 1
C81: 14FW_PLAYBOY_HOOD _03_BK | D81: EVERGREEN | E81: 41717 | F81: 41733 | G81: 1 | H81: 1 | I81: 1 | J81: =K81&L81&M81 -> TH 요약 | K81: TH 요약 | N81: 20 | O81: 20 | P81: 20 | Q81: 0 | R81: 0 | AG81: FA | AH81: 5 | AI81: 5 | AJ81: 12 | AK81: 7 | AL81: 5 | AM81: 0 | AN81: 0
B82: TH 요약 | H82: 4 | I82: 4 | J82: =K82&L82&M82 -> TLELS대경 | K82: TL | L82: ELS | M82: 대경 | N82: 5 | O82: 5 | P82: 5 | Q82: 0 | R82: 0 | AF82: FOREMOST 요약 | AH82: 123.5 | AI82: 131 | AJ82: 254 | AK82: 167 | AL82: 131 | AM82: 10.5 | AN82: 12
B83: TL | C83: 14SS_PLAYBOY_MTM_01_BK | D83: EVERGREEN | E83: 41712 | F83: 41725 | G83: 1 | H83: 1 | I83: 1 | J83: =K83&L83&M83 -> 아트인드림 | M83: 아트인드림 | N83: 13 | O83: 7 | P83: 7 | Q83: 6 | R83: 6 | AF83: KIDS FIRST TOYS | AG83: ER | AH83: 1 | AI83: 1 | AJ83: 1 | AK83: 1 | AL83: 1 | AM83: 0 | AN83: 0
C84: 14SS_PLAYBOY_MTM_02_WH | D84: piafield | E84: 41712 | F84: 41722 | G84: 1 | H84: 1 | I84: 1 | J84: =K84&L84&M84 -> EVERGREEN | M84: EVERGREEN | N84: 4 | O84: 4 | P84: 4 | Q84: 0 | R84: 0 | AF84: KIDS FIRST TOYS 요약 | AH84: 1 | AI84: 1 | AJ84: 1 | AK84: 1 | AL84: 1 | AM84: 0 | AN84: 0
C85: 14FW_PLAYBOY_MTM_03_BK | D85: piafield | E85: 41717 | F85: 41743 | G85: 1 | H85: 1 | I85: 1 | J85: =K85&L85&M85 -> piafield | M85: piafield | N85: 9 | O85: 9 | P85: 9 | Q85: 0 | R85: 0 | AF85: Y&Y | AG85: ER | AH85: 15 | AI85: 15 | AJ85: 15 | AK85: 15 | AL85: 15 | AM85: 1 | AN85: 1
C86: 14FW_PLAYBOY_MTM_04_NY | D86: 대경 | E86: 41716 | F86: 41737 | G86: 1 | H86: 1 | I86: 1 | J86: =K86&L86&M86 -> PLA대경 | L86: PLA | M86: 대경 | N86: 2 | O86: 2 | P86: 2 | Q86: 0 | R86: 0 | AG86: BE | AH86: 28 | AI86: 33 | AJ86: 29 | AK86: 29 | AL86: 33 | AM86: 2 | AN86: 4
C87: 14FW_PLAYBOY_MTM_05_BK | D87: EVERGREEN | E87: 41717 | F87: 41733 | G87: 1 | H87: 1 | I87: 1 | J87: =K87&L87&M87 -> EVERGREEN | M87: EVERGREEN | N87: 3 | O87: 3 | P87: 3 | Q87: 0 | R87: 0 | AF87: Y&Y 요약 | AH87: 43 | AI87: 48 | AJ87: 44 | AK87: 44 | AL87: 48 | AM87: 3 | AN87: 5
C88: 14FW_PLAYBOY_MTM_05_GY | D88: EVERGREEN | E88: 41717 | F88: 41733 | G88: 1 | H88: 1 | I88: 1 | J88: =K88&L88&M88 -> piafield | M88: piafield | N88: 2 | O88: 2 | P88: 2 | Q88: 0 | R88: 0 | AF88: NT SENHONG | AG88: BE | AH88: 2 | AI88: 3 | AJ88: 3 | AK88: 3 | AL88: 3 | AM88: 0 | AN88: 0
C89: 14FW_PLAYBOY_ MTM_06_BK | D89: 대경 | E89: 41736 | F89: 41743 | G89: 1 | H89: 1 | I89: 1 | J89: =K89&L89&M89 -> VBL아트인드림 | L89: VBL | M89: 아트인드림 | N89: 3 | O89: 3 | P89: 3 | Q89: 0 | R89: 0 | AF89: NT SENHONG 요약 | AH89: 2 | AI89: 3 | AJ89: 3 | AK89: 3 | AL89: 3 | AM89: 0 | AN89: 0
B90: TL 요약 | H90: 7 | I90: 7 | J90: =K90&L90&M90 -> URB대경 | L90: URB | M90: 대경 | N90: 1 | O90: 1 | P90: 1 | Q90: 0 | R90: 0 | AF90: ORIENT | AG90: ER | AH90: 2.5 | AI90: 5 | AJ90: 5 | AK90: 5 | AL90: 5 | AM90: 0 | AN90: 0
B91: PT | C91: 14FW PLAYBOY_LEGGINGS_01_BK | D91: piafield | E91: 41717 | F91: 41743 | G91: 1 | H91: 1 | I91: 1 | J91: =K91&L91&M91 -> 아트인드림 | M91: 아트인드림 | N91: 1 | O91: 1 | P91: 1 | Q91: 0 | R91: 0 | AG91: BE | AH91: 0.5 | AI91: 1 | AJ91: 1 | AK91: 1 | AL91: 1 | AM91: 0 | AN91: 0
C92: 14FW PLAYBOY_LEGGINGS_02_BK | D92: piafield | E92: 41717 | F92: 41740 | G92: 0 | H92: 1 | I92: 0 | J92: =K92&L92&M92 -> TL 요약 | K92: TL 요약 | N92: 43 | O92: 37 | P92: 37 | Q92: 6 | R92: 6 | AF92: ORIENT 요약 | AH92: 3 | AI92: 6 | AJ92: 6 | AK92: 6 | AL92: 6 | AM92: 0 | AN92: 0
C93: 14FW PLAYBOY_LEGGINGS_03_BK | D93: piafield | E93: 41717 | F93: 41743 | G93: 1 | H93: 1 | I93: 1 | J93: =K93&L93&M93 -> TPNOVFOREMOST | K93: TP | L93: NOV | M93: FOREMOST | N93: 5 | O93: 5 | P93: 5 | Q93: 0 | R93: 0 | AE93: JOI | AF93: 동일모자 | AG93: BA | AH93: 7 | AI93: 7 | AJ93: 48 | AK93: 35 | AL93: 7 | AM93: 0 | AN93: 0
C94: 14FW PLAYBOY_LEGGINGS_04_BK | D94: piafield | E94: 41717 | F94: 41743 | G94: 1 | H94: 1 | I94: 1 | J94: =K94&L94&M94 -> ELS동일모자 | L94: ELS | M94: 동일모자 | N94: 3 | O94: 3 | P94: 3 | Q94: 0 | R94: 0 | AF94: 동일모자 요약 | AH94: 7 | AI94: 7 | AJ94: 48 | AK94: 35 | AL94: 7 | AM94: 0 | AN94: 0
C95: 14FW_PLAYBOY_PANTS _01_BK | D95: 아트인드림 | E95: 41716 | F95: 41723 | G95: 1 | H95: 1 | I95: 1 | J95: =K95&L95&M95 -> FOREMOST | M95: FOREMOST | N95: 13 | O95: 7 | P95: 7 | Q95: 6 | R95: 6 | AF95: FOREMOST | AG95: BE | AH95: 9.1666667 | AI95: 13 | AJ95: 49 | AK95: 41 | AL95: 13 | AM95: 3.1666667 | AN95: 5
C96: 14FW_PLAYBOY_PANTS _01_GR | D96: 아트인드림 | E96: 41716 | F96: 41723 | G96: 1 | H96: 1 | I96: 1 | J96: =K96&L96&M96 -> JILFOREMOST | L96: JIL | M96: FOREMOST | N96: 17 | O96: 9 | P96: 9 | Q96: 8 | R96: 8 | AG96: FA | AH96: 1 | AI96: 1 | AJ96: 3 | AK96: 3 | AL96: 1 | AM96: 0 | AN96: 0
B97: PT 요약 | H97: 6 | I97: 5 | J97: =K97&L97&M97 -> VBLFOREMOST | L97: VBL | M97: FOREMOST | N97: 7 | O97: 7 | P97: 7 | Q97: 0 | R97: 0 | AF97: FOREMOST 요약 | AH97: 10.166667 | AI97: 14 | AJ97: 52 | AK97: 44 | AL97: 14 | AM97: 3.1666667 | AN97: 5
A98: PLA-의류 요약 | H98: 26 | I98: 25 | J98: =K98&L98&M98 -> WTRFOREMOST | L98: WTR | M98: FOREMOST | N98: 2 | O98: 2 | P98: 2 | Q98: 0 | R98: 0 | AF98: KIDS FIRST TOYS | AG98: TP | AH98: 2 | AI98: 2 | AJ98: 9 | AK98: 9 | AL98: 2 | AM98: 0 | AN98: 0
A99: JIL-ACC | B99: ED | C99: 14FW-JILLBY-KNIT-33-RD | D99: FOREMOST | E99: 41701 | F99: 41757 | G99: 1 | H99: 1 | I99: 1 | J99: =K99&L99&M99 -> JOIKIDS FIRST TOYS | L99: JOI | M99: KIDS FIRST TOYS | N99: 2 | O99: 2 | P99: 2 | Q99: 0 | R99: 0 | AG99: BE | AH99: 2.5 | AI99: 5 | AJ99: 15 | AK99: 15 | AL99: 5 | AM99: 1.5 | AN99: 3
B100: ED 요약 | H100: 1 | I100: 1 | J100: =K100&L100&M100 -> URBQF | L100: URB | M100: QF | N100: 2 | O100: 2 | P100: 4 | Q100: 0 | R100: 0 | AG100: FA | AH100: 1 | AI100: 1 | AJ100: 2 | AK100: 2 | AL100: 1 | AM100: 0 | AN100: 0
...

Sheet 샘플현황취합
A1: 실발주샘플수 | B1: 실발주샘플번호 | C1: 총발주샘플건수 | D1: 총발주샘플업체/번호 | E1: 실발주월 | F1: 발주주 | G1: 실입고샘플수 | H1: 실입고샘플번호 | I1: 총입고샘플건수 | J1: 총입고샘플업체/번호 | K1: 입고일 | L1: 입고월 | M1: 입고주 | N1: 해외/국내 | O1: 브랜드/품목2 | P1: 브랜드/품목 | Q1: 공란 | R1: 순번 | S1: 이미지 | T1: 브랜드 | U1: 품목 | V1: 러닝(R)/신규(N) | W1: 샘플번호 | X1: 연령구분 | Y1: 샘플수 | Z1: 업체 | AA1: 발주일 | AB1: 목표입고일 | AC1: 입고예정일 | AD1: 실입고일 | AE1: 해외 (FOB, USD, JPY) | AF1: 국내 (-V, KRW) | AG1: 참조샘플 발송여부 | AH1: 원단총수 | AI1: 중국원단사용수 | AJ1: 기타
A2: =IF(B2="",0,1/COUNTIF(B:B,B2)) -> 1 | B2: =IF(AA2="","",W2) -> 14FW SMB_01_FLAT_GR_N | C2: =IF(D2="",0,1/COUNTIF(D:D,D2)) -> 1 | D2: =IF(AA2="","",Z2&W2) -> QF14FW SMB_01_FLAT_GR_N | E2: =IF(YEAR(AA2)<10,0&YEAR(AA2),YEAR(AA2))&IF(MONTH(AA2)<10,0&MONTH(AA2),MONTH(AA2)) -> 201401 | F2: =VLOOKUP($AA2,[3]주!$A:$F,6,FALSE) -> 1월 4주 | G2: =IF(H2="",0,1/COUNTIF(H:H,H2)) -> 1 | H2: =IF(AD2="","",W2) -> 14FW SMB_01_FLAT_GR_N | I2: =IF(J2="",0,1/COUNTIF(J:J,J2)) -> 1 | J2: =IF(AD2="","",Z2&W2) -> QF14FW SMB_01_FLAT_GR_N | K2: =IF(AD2="",AC2,AD2) -> 41711 | L2: =IF(YEAR(K2)<10,0&YEAR(K2),YEAR(K2))&IF(MONTH(K2)<10,0&MONTH(K2),MONTH(K2)) -> 201403 | M2: =VLOOKUP($K2,[3]주!$A:$F,6,FALSE) -> 3월 2주 | N2: =IF(VLOOKUP($Z2,생산업체!$A:$C,2,FALSE)=1,"해외","국내") -> 해외 | O2: =IF(VLOOKUP($U2,CODE!$K:$P,CODE!P$1,FALSE)="모자",T2,T2&"-"&VLOOKUP($U2,CODE!$K:$P,CODE!P$1,FALSE)) -> SMB | P2: SMB | R2: 1 | T2: SMB | U2: FI | V2: N | W2: 14FW SMB_01_FLAT_GR_N | X2: U | Y2: 1 | Z2: QF | AA2: 41662 | AB2: 41690 | AC2: 41719 | AD2: 41711 | AE2: 2.7 | AH2: 2 | AI2: 2 | AK2: 모든 자재 캡보이 공급 기준으로 받기
A3: =IF(B3="",0,1/COUNTIF(B:B,B3)) -> 1 | B3: =IF(AA3="","",W3) -> 14FW SMB_01_FLAT_NY_N | C3: =IF(D3="",0,1/COUNTIF(D:D,D3)) -> 1 | D3: =IF(AA3="","",Z3&W3) -> 동일모자14FW SMB_01_FLAT_NY_N | E3: =IF(YEAR(AA3)<10,0&YEAR(AA3),YEAR(AA3))&IF(MONTH(AA3)<10,0&MONTH(AA3),MONTH(AA3)) -> 201401 | F3: =VLOOKUP($AA3,[3]주!$A:$F,6,FALSE) -> 1월 4주 | G3: =IF(H3="",0,1/COUNTIF(H:H,H3)) -> 1 | H3: =IF(AD3="","",W3) -> 14FW SMB_01_FLAT_NY_N | I3: =IF(J3="",0,1/COUNTIF(J:J,J3)) -> 1 | J3: =IF(AD3="","",Z3&W3) -> 동일모자14FW SMB_01_FLAT_NY_N | K3: =IF(AD3="",AC3,AD3) -> 41716 | L3: =IF(YEAR(K3)<10,0&YEAR(K3),YEAR(K3))&IF(MONTH(K3)<10,0&MONTH(K3),MONTH(K3)) -> 201403 | M3: =VLOOKUP($K3,[3]주!$A:$F,6,FALSE) -> 3월 2주 | N3: =IF(VLOOKUP($Z3,생산업체!$A:$C,2,FALSE)=1,"해외","국내") -> 해외 | O3: =IF(VLOOKUP($U3,CODE!$K:$P,CODE!P$1,FALSE)="모자",T3,T3&"-"&VLOOKUP($U3,CODE!$K:$P,CODE!P$1,FALSE)) -> SMB | P3: SMB | R3: 2 | T3: SMB | U3: FI | V3: N | W3: 14FW SMB_01_FLAT_NY_N | X3: U | Y3: 1 | Z3: 동일모자 | AA3: 41663 | AB3: 41691 | AC3: 41716 | AD3: 41716 | AE3: 3.85 | AH3: 3 | AI3: 3 | AK3: 모든 자재 캡보이 공급 기준으로 받기
A4: =IF(B4="",0,1/COUNTIF(B:B,B4)) -> 1 | B4: =IF(AA4="","",W4) -> 14FW SMB_02_FLAT_BL_N | C4: =IF(D4="",0,1/COUNTIF(D:D,D4)) -> 1 | D4: =IF(AA4="","",Z4&W4) -> QF14FW SMB_02_FLAT_BL_N | E4: =IF(YEAR(AA4)<10,0&YEAR(AA4),YEAR(AA4))&IF(MONTH(AA4)<10,0&MONTH(AA4),MONTH(AA4)) -> 201401 | F4: =VLOOKUP($AA4,[3]주!$A:$F,6,FALSE) -> 1월 4주 | G4: =IF(H4="",0,1/COUNTIF(H:H,H4)) -> 1 | H4: =IF(AD4="","",W4) -> 14FW SMB_02_FLAT_BL_N | I4: =IF(J4="",0,1/COUNTIF(J:J,J4)) -> 1 | J4: =IF(AD4="","",Z4&W4) -> QF14FW SMB_02_FLAT_BL_N | K4: =IF(AD4="",AC4,AD4) -> 41717 | L4: =IF(YEAR(K4)<10,0&YEAR(K4),YEAR(K4))&IF(MONTH(K4)<10,0&MONTH(K4),MONTH(K4)) -> 201403 | M4: =VLOOKUP($K4,[3]주!$A:$F,6,FALSE) -> 3월 2주 | N4: =IF(VLOOKUP($Z4,생산업체!$A:$C,2,FALSE)=1,"해외","국내") -> 해외 | O4: =IF(VLOOKUP($U4,CODE!$K:$P,CODE!P$1,FALSE)="모자",T4,T4&"-"&VLOOKUP($U4,CODE!$K:$P,CODE!P$1,FALSE)) -> SMB | P4: SMB | R4: 3 | T4: SMB | U4: FI | V4: N | W4: 14FW SMB_02_FLAT_BL_N | X4: U | Y4: 1 | Z4: QF | AA4: 41662 | AB4: 41690 | AC4: 41719 | AD4: 41717 | AE4: 3.4 | AH4: 3 | AI4: 2 | AJ4: 크라운 및 챙 원단 국내제공시 가격 | AK4: 모든 자재 캡보이 공급 기준으로 받기
A5: =IF(B5="",0,1/COUNTIF(B:B,B5)) -> 1 | B5: =IF(AA5="","",W5) -> 14FW SMB_03_FLAT_BK_N | C5: =IF(D5="",0,1/COUNTIF(D:D,D5)) -> 1 | D5: =IF(AA5="","",Z5&W5) -> QF14FW SMB_03_FLAT_BK_N | E5: =IF(YEAR(AA5)<10,0&YEAR(AA5),YEAR(AA5))&IF(MONTH(AA5)<10,0&MONTH(AA5),MONTH(AA5)) -> 201401 | F5: =VLOOKUP($AA5,[3]주!$A:$F,6,FALSE) -> 1월 4주 | G5: =IF(H5="",0,1/COUNTIF(H:H,H5)) -> 1 | H5: =IF(AD5="","",W5) -> 14FW SMB_03_FLAT_BK_N | I5: =IF(J5="",0,1/COUNTIF(J:J,J5)) -> 1 | J5: =IF(AD5="","",Z5&W5) -> QF14FW SMB_03_FLAT_BK_N | K5: =IF(AD5="",AC5,AD5) -> 41717 | L5: =IF(YEAR(K5)<10,0&YEAR(K5),YEAR(K5))&IF(MONTH(K5)<10,0&MONTH(K5),MONTH(K5)) -> 201403 | M5: =VLOOKUP($K5,[3]주!$A:$F,6,FALSE) -> 3월 2주 | N5: =IF(VLOOKUP($Z5,생산업체!$A:$C,2,FALSE)=1,"해외","국내") -> 해외 | O5: =IF(VLOOKUP($U5,CODE!$K:$P,CODE!P$1,FALSE)="모자",T5,T5&"-"&VLOOKUP($U5,CODE!$K:$P,CODE!P$1,FALSE)) -> SMB | P5: SMB | R5: 4 | T5: SMB | U5: FI | V5: N | W5: 14FW SMB_03_FLAT_BK_N | X5: U | Y5: 1 | Z5: QF | AA5: 41662 | AB5: 41690 | AC5: 41719 | AD5: 41717 | AE5: 3.4 | AH5: 3 | AI5: 2 | AJ5: 크라운 및 챙 원단 국내제공시 가격 | AK5: 모든 자재 캡보이 공급 기준으로 받기
A6: =IF(B6="",0,1/COUNTIF(B:B,B6)) -> 1 | B6: =IF(AA6="","",W6) -> 14FW SMB_05_FLAT_KH_N | C6: =IF(D6="",0,1/COUNTIF(D:D,D6)) -> 1 | D6: =IF(AA6="","",Z6&W6) -> QF14FW SMB_05_FLAT_KH_N | E6: =IF(YEAR(AA6)<10,0&YEAR(AA6),YEAR(AA6))&IF(MONTH(AA6)<10,0&MONTH(AA6),MONTH(AA6)) -> 201401 | F6: =VLOOKUP($AA6,[3]주!$A:$F,6,FALSE) -> 1월 4주 | G6: =IF(H6="",0,1/COUNTIF(H:H,H6)) -> 1 | H6: =IF(AD6="","",W6) -> 14FW SMB_05_FLAT_KH_N | I6: =IF(J6="",0,1/COUNTIF(J:J,J6)) -> 1 | J6: =IF(AD6="","",Z6&W6) -> QF14FW SMB_05_FLAT_KH_N | K6: =IF(AD6="",AC6,AD6) -> 41709 | L6: =IF(YEAR(K6)<10,0&YEAR(K6),YEAR(K6))&IF(MONTH(K6)<10,0&MONTH(K6),MONTH(K6)) -> 201403 | M6: =VLOOKUP($K6,[3]주!$A:$F,6,FALSE) -> 3월 2주 | N6: =IF(VLOOKUP($Z6,생산업체!$A:$C,2,FALSE)=1,"해외","국내") -> 해외 | O6: =IF(VLOOKUP($U6,CODE!$K:$P,CODE!P$1,FALSE)="모자",T6,T6&"-"&VLOOKUP($U6,CODE!$K:$P,CODE!P$1,FALSE)) -> SMB | P6: SMB | R6: 5 | T6: SMB | U6: FI | V6: N | W6: 14FW SMB_05_FLAT_KH_N | X6: U | Y6: 1 | Z6: QF | AA6: 41662 | AB6: 41690 | AC6: 41719 | AD6: 41709 | AE6: 3.3 | AH6: 2 | AI6: 2 | AK6: 모든 자재 캡보이 공급 기준으로 받기
A7: =IF(B7="",0,1/COUNTIF(B:B,B7)) -> 1 | B7: =IF(AA7="","",W7) -> 14FW SMB_05_FLAT_PP_N | C7: =IF(D7="",0,1/COUNTIF(D:D,D7)) -> 1 | D7: =IF(AA7="","",Z7&W7) -> QF14FW SMB_05_FLAT_PP_N | E7: =IF(YEAR(AA7)<10,0&YEAR(AA7),YEAR(AA7))&IF(MONTH(AA7)<10,0&MONTH(AA7),MONTH(AA7)) -> 201401 | F7: =VLOOKUP($AA7,[3]주!$A:$F,6,FALSE) -> 1월 4주 | G7: =IF(H7="",0,1/COUNTIF(H:H,H7)) -> 1 | H7: =IF(AD7="","",W7) -> 14FW SMB_05_FLAT_PP_N | I7: =IF(J7="",0,1/COUNTIF(J:J,J7)) -> 1 | J7: =IF(AD7="","",Z7&W7) -> QF14FW SMB_05_FLAT_PP_N | K7: =IF(AD7="",AC7,AD7) -> 41711 | L7: =IF(YEAR(K7)<10,0&YEAR(K7),YEAR(K7))&IF(MONTH(K7)<10,0&MONTH(K7),MONTH(K7)) -> 201403 | M7: =VLOOKUP($K7,[3]주!$A:$F,6,FALSE) -> 3월 2주 | N7: =IF(VLOOKUP($Z7,생산업체!$A:$C,2,FALSE)=1,"해외","국내") -> 해외 | O7: =IF(VLOOKUP($U7,CODE!$K:$P,CODE!P$1,FALSE)="모자",T7,T7&"-"&VLOOKUP($U7,CODE!$K:$P,CODE!P$1,FALSE)) -> SMB | P7: SMB | R7: 6 | T7: SMB | U7: FI | V7: N | W7: 14FW SMB_05_FLAT_PP_N | X7: U | Y7: 1 | Z7: QF | AA7: 41662 | AB7: 41690 | AC7: 41719 | AD7: 41711 | AE7: 3.2 | AH7: 2 | AI7: 2 | AK7: 모든 자재 캡보이 공급 기준으로 받기
A8: =IF(B8="",0,1/COUNTIF(B:B,B8)) -> 1 | B8: =IF(AA8="","",W8) -> 14FW SMB_05_FLAT_RE_N | C8: =IF(D8="",0,1/COUNTIF(D:D,D8)) -> 1 | D8: =IF(AA8="","",Z8&W8) -> QF14FW SMB_05_FLAT_RE_N | E8: =IF(YEAR(AA8)<10,0&YEAR(AA8),YEAR(AA8))&IF(MONTH(AA8)<10,0&MONTH(AA8),MONTH(AA8)) -> 201401 | F8: =VLOOKUP($AA8,[3]주!$A:$F,6,FALSE) -> 1월 4주 | G8: =IF(H8="",0,1/COUNTIF(H:H,H8)) -> 1 | H8: =IF(AD8="","",W8) -> 14FW SMB_05_FLAT_RE_N | I8: =IF(J8="",0,1/COUNTIF(J:J,J8)) -> 1 | J8: =IF(AD8="","",Z8&W8) -> QF14FW SMB_05_FLAT_RE_N | K8: =IF(AD8="",AC8,AD8) -> 41709 | L8: =IF(YEAR(K8)<10,0&YEAR(K8),YEAR(K8))&IF(MONTH(K8)<10,0&MONTH(K8),MONTH(K8)) -> 201403 | M8: =VLOOKUP($K8,[3]주!$A:$F,6,FALSE) -> 3월 2주 | N8: =IF(VLOOKUP($Z8,생산업체!$A:$C,2,FALSE)=1,"해외","국내") -> 해외 | O8: =IF(VLOOKUP($U8,CODE!$K:$P,CODE!P$1,FALSE)="모자",T8,T8&"-"&VLOOKUP($U8,CODE!$K:$P,CODE!P$1,FALSE)) -> SMB | P8: SMB | R8: 7 | T8: SMB | U8: FI | V8: N | W8: 14FW SMB_05_FLAT_RE_N | X8: U | Y8: 1 | Z8: QF | AA8: 41662 | AB8: 41690 | AC8: 41719 | AD8: 41709 | AE8: 3.2 | AH8: 2 | AI8: 2 | AK8: 모든 자재 캡보이 공급 기준으로 받기
A9: =IF(B9="",0,1/COUNTIF(B:B,B9)) -> 1 | B9: =IF(AA9="","",W9) -> 14FW SMB_06_FLAT_BK_N | C9: =IF(D9="",0,1/COUNTIF(D:D,D9)) -> 1 | D9: =IF(AA9="","",Z9&W9) -> QF14FW SMB_06_FLAT_BK_N | E9: =IF(YEAR(AA9)<10,0&YEAR(AA9),YEAR(AA9))&IF(MONTH(AA9)<10,0&MONTH(AA9),MONTH(AA9)) -> 201401 | F9: =VLOOKUP($AA9,[3]주!$A:$F,6,FALSE) -> 1월 4주 | G9: =IF(H9="",0,1/COUNTIF(H:H,H9)) -> 1 | H9: =IF(AD9="","",W9) -> 14FW SMB_06_FLAT_BK_N | I9: =IF(J9="",0,1/COUNTIF(J:J,J9)) -> 1 | J9: =IF(AD9="","",Z9&W9) -> QF14FW SMB_06_FLAT_BK_N | K9: =IF(AD9="",AC9,AD9) -> 41709 | L9: =IF(YEAR(K9)<10,0&YEAR(K9),YEAR(K9))&IF(MONTH(K9)<10,0&MONTH(K9),MONTH(K9)) -> 201403 | M9: =VLOOKUP($K9,[3]주!$A:$F,6,FALSE) -> 3월 2주 | N9: =IF(VLOOKUP($Z9,생산업체!$A:$C,2,FALSE)=1,"해외","국내") -> 해외 | O9: =IF(VLOOKUP($U9,CODE!$K:$P,CODE!P$1,FALSE)="모자",T9,T9&"-"&VLOOKUP($U9,CODE!$K:$P,CODE!P$1,FALSE)) -> SMB | P9: SMB | R9: 8 | T9: SMB | U9: FI | V9: N | W9: 14FW SMB_06_FLAT_BK_N | X9: U | Y9: 1 | Z9: QF | AA9: 41663 | AB9: 41691 | AC9: 41719 | AD9: 41709 | AE9: 4.5 | AH9: 3 | AI9: 3 | AK9: 모든 자재 캡보이 공급 기준으로 받기
A10: =IF(B10="",0,1/COUNTIF(B:B,B10)) -> 1 | B10: =IF(AA10="","",W10) -> 14FW SMB_01_CURVED_BK_N | C10: =IF(D10="",0,1/COUNTIF(D:D,D10)) -> 1 | D10: =IF(AA10="","",Z10&W10) -> 캡보이214FW SMB_01_CURVED_BK_N | E10: =IF(YEAR(AA10)<10,0&YEAR(AA10),YEAR(AA10))&IF(MONTH(AA10)<10,0&MONTH(AA10),MONTH(AA10)) -> 201401 | F10: =VLOOKUP($AA10,[3]주!$A:$F,6,FALSE) -> 1월 4주 | G10: =IF(H10="",0,1/COUNTIF(H:H,H10)) -> 1 | H10: =IF(AD10="","",W10) -> 14FW SMB_01_CURVED_BK_N | I10: =IF(J10="",0,1/COUNTIF(J:J,J10)) -> 1 | J10: =IF(AD10="","",Z10&W10) -> 캡보이214FW SMB_01_CURVED_BK_N | K10: =IF(AD10="",AC10,AD10) -> 41726 | L10: =IF(YEAR(K10)<10,0&YEAR(K10),YEAR(K10))&IF(MONTH(K10)<10,0&MONTH(K10),MONTH(K10)) -> 201403 | M10: =VLOOKUP($K10,[3]주!$A:$F,6,FALSE) -> 3월 2주 | N10: =IF(VLOOKUP($Z10,생산업체!$A:$C,2,FALSE)=1,"해외","국내") -> 해외 | O10: =IF(VLOOKUP($U10,CODE!$K:$P,CODE!P$1,FALSE)="모자",T10,T10&"-"&VLOOKUP($U10,CODE!$K:$P,CODE!P$1,FALSE)) -> SMB | P10: SMB | R10: 9 | T10: SMB | U10: BA | V10: N | W10: 14FW SMB_01_CURVED_BK_N | X10: U | Y10: 1 | Z10: 캡보이2 | AA10: 41663 | AB10: 41691 | AC10: 41717 | AD10: 41726 | AH10: 3 | AI10: 3
A11: =IF(B11="",0,1/COUNTIF(B:B,B11)) -> 1 | B11: =IF(AA11="","",W11) -> 14FW SMB_02_CURVED_NV_N | C11: =IF(D11="",0,1/COUNTIF(D:D,D11)) -> 1 | D11: =IF(AA11="","",Z11&W11) -> 성진14FW SMB_02_CURVED_NV_N | E11: =IF(YEAR(AA11)<10,0&YEAR(AA11),YEAR(AA11))&IF(MONTH(AA11)<10,0&MONTH(AA11),MONTH(AA11)) -> 201401 | F11: =VLOOKUP($AA11,[3]주!$A:$F,6,FALSE) -> 1월 4주 | G11: =IF(H11="",0,1/COUNTIF(H:H,H11)) -> 1 | H11: =IF(AD11="","",W11) -> 14FW SMB_02_CURVED_NV_N | I11: =IF(J11="",0,1/COUNTIF(J:J,J11)) -> 1 | J11: =IF(AD11="","",Z11&W11) -> 성진14FW SMB_02_CURVED_NV_N | K11: =IF(AD11="",AC11,AD11) -> 41709 | L11: =IF(YEAR(K11)<10,0&YEAR(K11),YEAR(K11))&IF(MONTH(K11)<10,0&MONTH(K11),MONTH(K11)) -> 201403 | M11: =VLOOKUP($K11,[3]주!$A:$F,6,FALSE) -> 3월 2주 | N11: =IF(VLOOKUP($Z11,생산업체!$A:$C,2,FALSE)=1,"해외","국내") -> 해외 | O11: =IF(VLOOKUP($U11,CODE!$K:$P,CODE!P$1,FALSE)="모자",T11,T11&"-"&VLOOKUP($U11,CODE!$K:$P,CODE!P$1,FALSE)) -> SMB | P11: SMB | R11: 10 | T11: SMB | U11: BA | V11: N | W11: 14FW SMB_02_CURVED_NV_N | X11: U | Y11: 1 | Z11: 성진 | AA11: 41663 | AB11: 41691 | AC11: 41719 | AD11: 41709 | AE11: 5.4 | AH11: 2 | AI11: 2
A12: =IF(B12="",0,1/COUNTIF(B:B,B12)) -> 1 | B12: =IF(AA12="","",W12) -> 14FW SMB_03_CURVED_BK_N | C12: =IF(D12="",0,1/COUNTIF(D:D,D12)) -> 1 | D12: =IF(AA12="","",Z12&W12) -> 성진14FW SMB_03_CURVED_BK_N | E12: =IF(YEAR(AA12)<10,0&YEAR(AA12),YEAR(AA12))&IF(MONTH(AA12)<10,0&MONTH(AA12),MONTH(AA12)) -> 201401 | F12: =VLOOKUP($AA12,[3]주!$A:$F,6,FALSE) -> 1월 4주 | G12: =IF(H12="",0,1/COUNTIF(H:H,H12)) -> 1 | H12: =IF(AD12="","",W12) -> 14FW SMB_03_CURVED_BK_N | I12: =IF(J12="",0,1/COUNTIF(J:J,J12)) -> 1 | J12: =IF(AD12="","",Z12&W12) -> 성진14FW SMB_03_CURVED_BK_N | K12: =IF(AD12="",AC12,AD12) -> 41709 | L12: =IF(YEAR(K12)<10,0&YEAR(K12),YEAR(K12))&IF(MONTH(K12)<10,0&MONTH(K12),MONTH(K12)) -> 201403 | M12: =VLOOKUP($K12,[3]주!$A:$F,6,FALSE) -> 3월 2주 | N12: =IF(VLOOKUP($Z12,생산업체!$A:$C,2,FALSE)=1,"해외","국내") -> 해외 | O12: =IF(VLOOKUP($U12,CODE!$K:$P,CODE!P$1,FALSE)="모자",T12,T12&"-"&VLOOKUP($U12,CODE!$K:$P,CODE!P$1,FALSE)) -> SMB | P12: SMB | R12: 11 | T12: SMB | U12: BA | V12: N | W12: 14FW SMB_03_CURVED_BK_N | X12: U | Y12: 1 | Z12: 성진 | AA12: 41663 | AB12: 41691 | AC12: 41719 | AD12: 41709 | AE12: 5.4 | AH12: 2 | AI12: 2 | AK12: All 부자재, 동일 공급 기준으로 받기
A13: =IF(B13="",0,1/COUNTIF(B:B,B13)) -> 0.5 | B13: =IF(AA13="","",W13) -> 14FW SMB_03_CURVED_RD_N | C13: =IF(D13="",0,1/COUNTIF(D:D,D13)) -> 1 | D13: =IF(AA13="","",Z13&W13) -> 성진14FW SMB_03_CURVED_RD_N | E13: =IF(YEAR(AA13)<10,0&YEAR(AA13),YEAR(AA13))&IF(MONTH(AA13)<10,0&MONTH(AA13),MONTH(AA13)) -> 201401 | F13: =VLOOKUP($AA13,[3]주!$A:$F,6,FALSE) -> 1월 4주 | G13: =IF(H13="",0,1/COUNTIF(H:H,H13)) -> 0.5 | H13: =IF(AD13="","",W13) -> 14FW SMB_03_CURVED_RD_N | I13: =IF(J13="",0,1/COUNTIF(J:J,J13)) -> 1 | J13: =IF(AD13="","",Z13&W13) -> 성진14FW SMB_03_CURVED_RD_N | K13: =IF(AD13="",AC13,AD13) -> 41709 | L13: =IF(YEAR(K13)<10,0&YEAR(K13),YEAR(K13))&IF(MONTH(K13)<10,0&MONTH(K13),MONTH(K13)) -> 201403 | M13: =VLOOKUP($K13,[3]주!$A:$F,6,FALSE) -> 3월 2주 | N13: =IF(VLOOKUP($Z13,생산업체!$A:$C,2,FALSE)=1,"해외","국내") -> 해외 | O13: =IF(VLOOKUP($U13,CODE!$K:$P,CODE!P$1,FALSE)="모자",T13,T13&"-"&VLOOKUP($U13,CODE!$K:$P,CODE!P$1,FALSE)) -> SMB | P13: SMB | R13: 12 | T13: SMB | U13: BA | V13: N | W13: 14FW SMB_03_CURVED_RD_N | X13: U | Y13: 0.5 | Z13: 성진 | AA13: 41663 | AB13: 41691 | AC13: 41719 | AD13: 41709 | AE13: 5.95 | AH13: 3 | AI13: 3 | AK13: All 부자재, 동일 공급 기준으로 받기
A14: =IF(B14="",0,1/COUNTIF(B:B,B14)) -> 1 | B14: =IF(AA14="","",W14) -> 14FW SMB_04_CURVED_YL_N | C14: =IF(D14="",0,1/COUNTIF(D:D,D14)) -> 1 | D14: =IF(AA14="","",Z14&W14) -> 성진14FW SMB_04_CURVED_YL_N | E14: =IF(YEAR(AA14)<10,0&YEAR(AA14),YEAR(AA14))&IF(MONTH(AA14)<10,0&MONTH(AA14),MONTH(AA14)) -> 201401 | F14: =VLOOKUP($AA14,[3]주!$A:$F,6,FALSE) -> 1월 4주 | G14: =IF(H14="",0,1/COUNTIF(H:H,H14)) -> 1 | H14: =IF(AD14="","",W14) -> 14FW SMB_04_CURVED_YL_N | I14: =IF(J14="",0,1/COUNTIF(J:J,J14)) -> 1 | J14: =IF(AD14="","",Z14&W14) -> 성진14FW SMB_04_CURVED_YL_N | K14: =IF(AD14="",AC14,AD14) -> 41719 | L14: =IF(YEAR(K14)<10,0&YEAR(K14),YEAR(K14))&IF(MONTH(K14)<10,0&MONTH(K14),MONTH(K14)) -> 201403 | M14: =VLOOKUP($K14,[3]주!$A:$F,6,FALSE) -> 3월 2주 | N14: =IF(VLOOKUP($Z14,생산업체!$A:$C,2,FALSE)=1,"해외","국내") -> 해외 | O14: =IF(VLOOKUP($U14,CODE!$K:$P,CODE!P$1,FALSE)="모자",T14,T14&"-"&VLOOKUP($U14,CODE!$K:$P,CODE!P$1,FALSE)) -> SMB | P14: SMB | R14: 13 | T14: SMB | U14: BA | V14: N | W14: 14FW SMB_04_CURVED_YL_N | X14: U | Y14: 1 | Z14: 성진 | AA14: 41663 | AB14: 41691 | AC14: 41719 | AD14: 41719 | AE14: 5.4 | AH14: 2 | AI14: 2 | AK14: All 부자재, 동일 공급 기준으로 받기 | AL14: 발송함
A15: =IF(B15="",0,1/COUNTIF(B:B,B15)) -> 1 | B15: =IF(AA15="","",W15) -> 14FW SMB_05_CURVED_BD_N | C15: =IF(D15="",0,1/COUNTIF(D:D,D15)) -> 1 | D15: =IF(AA15="","",Z15&W15) -> 동일모자14FW SMB_05_CURVED_BD_N | E15: =IF(YEAR(AA15)<10,0&YEAR(AA15),YEAR(AA15))&IF(MONTH(AA15)<10,0&MONTH(AA15),MONTH(AA15)) -> 201401 | F15: =VLOOKUP($AA15,[3]주!$A:$F,6,FALSE) -> 1월 4주 | G15: =IF(H15="",0,1/COUNTIF(H:H,H15)) -> 1 | H15: =IF(AD15="","",W15) -> 14FW SMB_05_CURVED_BD_N | I15: =IF(J15="",0,1/COUNTIF(J:J,J15)) -> 1 | J15: =IF(AD15="","",Z15&W15) -> 동일모자14FW SMB_05_CURVED_BD_N | K15: =IF(AD15="",AC15,AD15) -> 41716 | L15: =IF(YEAR(K15)<10,0&YEAR(K15),YEAR(K15))&IF(MONTH(K15)<10,0&MONTH(K15),MONTH(K15)) -> 201403 | M15: =VLOOKUP($K15,[3]주!$A:$F,6,FALSE) -> 3월 2주 | N15: =IF(VLOOKUP($Z15,생산업체!$A:$C,2,FALSE)=1,"해외","국내") -> 해외 | O15: =IF(VLOOKUP($U15,CODE!$K:$P,CODE!P$1,FALSE)="모자",T15,T15&"-"&VLOOKUP($U15,CODE!$K:$P,CODE!P$1,FALSE)) -> SMB | P15: SMB | R15: 14 | T15: SMB | U15: BA | V15: N | W15: 14FW SMB_05_CURVED_BD_N | X15: U | Y15: 1 | Z15: 동일모자 | AA15: 41663 | AB15: 41691 | AC15: 41719 | AD15: 41716 | AE15: 4.2 | AH15: 3 | AI15: 3 | AK15: All 부자재, 동일 공급 기준으로 받기 | AL15: 발송함
A16: =IF(B16="",0,1/COUNTIF(B:B,B16)) -> 1 | B16: =IF(AA16="","",W16) -> 14FW SMB_05_CURVED_BL_N | C16: =IF(D16="",0,1/COUNTIF(D:D,D16)) -> 1 | D16: =IF(AA16="","",Z16&W16) -> 동일모자14FW SMB_05_CURVED_BL_N | E16: =IF(YEAR(AA16)<10,0&YEAR(AA16),YEAR(AA16))&IF(MONTH(AA16)<10,0&MONTH(AA16),MONTH(AA16)) -> 201401 | F16: =VLOOKUP($AA16,[3]주!$A:$F,6,FALSE) -> 1월 4주 | G16: =IF(H16="",0,1/COUNTIF(H:H,H16)) -> 1 | H16: =IF(AD16="","",W16) -> 14FW SMB_05_CURVED_BL_N | I16: =IF(J16="",0,1/COUNTIF(J:J,J16)) -> 1 | J16: =IF(AD16="","",Z16&W16) -> 동일모자14FW SMB_05_CURVED_BL_N | K16: =IF(AD16="",AC16,AD16) -> 41719 | L16: =IF(YEAR(K16)<10,0&YEAR(K16),YEAR(K16))&IF(MONTH(K16)<10,0&MONTH(K16),MONTH(K16)) -> 201403 | M16: =VLOOKUP($K16,[3]주!$A:$F,6,FALSE) -> 3월 2주 | N16: =IF(VLOOKUP($Z16,생산업체!$A:$C,2,FALSE)=1,"해외","국내") -> 해외 | O16: =IF(VLOOKUP($U16,CODE!$K:$P,CODE!P$1,FALSE)="모자",T16,T16&"-"&VLOOKUP($U16,CODE!$K:$P,CODE!P$1,FALSE)) -> SMB | P16: SMB | R16: 15 | T16: SMB | U16: BA | V16: N | W16: 14FW SMB_05_CURVED_BL_N | X16: U | Y16: 1 | Z16: 동일모자 | AA16: 41663 | AB16: 41691 | AC16: 41719 | AD16: 41719 | AE16: 4.2 | AH16: 3 | AI16: 3 | AJ16: 앞 노말자수 네이비컬러 (그라만 뺀 컬러로 진행) | AK16: All 부자재, 동일 공급 기준으로 받기 | AL16: 발송함
A17: =IF(B17="",0,1/COUNTIF(B:B,B17)) -> 1 | B17: =IF(AA17="","",W17) -> 14FW SMB_06_CURVED_BK_N | C17: =IF(D17="",0,1/COUNTIF(D:D,D17)) -> 1 | D17: =IF(AA17="","",Z17&W17) -> 성진14FW SMB_06_CURVED_BK_N | E17: =IF(YEAR(AA17)<10,0&YEAR(AA17),YEAR(AA17))&IF(MONTH(AA17)<10,0&MONTH(AA17),MONTH(AA17)) -> 201401 | F17: =VLOOKUP($AA17,[3]주!$A:$F,6,FALSE) -> 1월 4주 | G17: =IF(H17="",0,1/COUNTIF(H:H,H17)) -> 1 | H17: =IF(AD17="","",W17) -> 14FW SMB_06_CURVED_BK_N | I17: =IF(J17="",0,1/COUNTIF(J:J,J17)) -> 1 | J17: =IF(AD17="","",Z17&W17) -> 성진14FW SMB_06_CURVED_BK_N | K17: =IF(AD17="",AC17,AD17) -> 41702 | L17: =IF(YEAR(K17)<10,0&YEAR(K17),YEAR(K17))&IF(MONTH(K17)<10,0&MONTH(K17),MONTH(K17)) -> 201403 | M17: =VLOOKUP($K17,[3]주!$A:$F,6,FALSE) -> 3월 1주 | N17: =IF(VLOOKUP($Z17,생산업체!$A:$C,2,FALSE)=1,"해외","국내") -> 해외 | O17: =IF(VLOOKUP($U17,CODE!$K:$P,CODE!P$1,FALSE)="모자",T17,T17&"-"&VLOOKUP($U17,CODE!$K:$P,CODE!P$1,FALSE)) -> SMB | P17: SMB | R17: 16 | T17: SMB | U17: BA | V17: N | W17: 14FW SMB_06_CURVED_BK_N | X17: U | Y17: 1 | Z17: 성진 | AA17: 41663 | AB17: 41691 | AC17: 41719 | AD17: 41702 | AE17: 5.15 | AH17: 2 | AI17: 2 | AK17: All 부자재, J&F 공급 기준으로 받기 ( 메탈패치 개발 힘들시, 동일에서 사용하는 업체 확인해서 알려주기) | AL17: 발송함 | AM17: Point Label, Leather patch, Matal Patch 발송함
A18: =IF(B18="",0,1/COUNTIF(B:B,B18)) -> 1 | B18: =IF(AA18="","",W18) -> 14FW SMB_06_CURVED_NY_N | C18: =IF(D18="",0,1/COUNTIF(D:D,D18)) -> 1 | D18: =IF(AA18="","",Z18&W18) -> 성진14FW SMB_06_CURVED_NY_N | E18: =IF(YEAR(AA18)<10,0&YEAR(AA18),YEAR(AA18))&IF(MONTH(AA18)<10,0&MONTH(AA18),MONTH(AA18)) -> 201401 | F18: =VLOOKUP($AA18,[3]주!$A:$F,6,FALSE) -> 1월 4주 | G18: =IF(H18="",0,1/COUNTIF(H:H,H18)) -> 1 | H18: =IF(AD18="","",W18) -> 14FW SMB_06_CURVED_NY_N | I18: =IF(J18="",0,1/COUNTIF(J:J,J18)) -> 1 | J18: =IF(AD18="","",Z18&W18) -> 성진14FW SMB_06_CURVED_NY_N | K18: =IF(AD18="",AC18,AD18) -> 41698 | L18: =IF(YEAR(K18)<10,0&YEAR(K18),YEAR(K18))&IF(MONTH(K18)<10,0&MONTH(K18),MONTH(K18)) -> 201402 | M18: =VLOOKUP($K18,[3]주!$A:$F,6,FALSE) -> 2월 4주 | N18: =IF(VLOOKUP($Z18,생산업체!$A:$C,2,FALSE)=1,"해외","국내") -> 해외 | O18: =IF(VLOOKUP($U18,CODE!$K:$P,CODE!P$1,FALSE)="모자",T18,T18&"-"&VLOOKUP($U18,CODE!$K:$P,CODE!P$1,FALSE)) -> SMB | P18: SMB | R18: 17 | T18: SMB | U18: BA | V18: N | W18: 14FW SMB_06_CURVED_NY_N | X18: U | Y18: 1 | Z18: 성진 | AA18: 41663 | AB18: 41691 | AC18: 41698 | AD18: 41698 | AE18: 5.1 | AH18: 2 | AI18: 2 | AK18: All 부자재, J&F 공급 기준으로 받기 ( 메탈패치 개발 힘들시, 동일에서 사용하는 업체 확인해서 알려주기) | AL18: 발송함 | AM18: Point Label, Leather patch, Matal Patch 발송함
A19: =IF(B19="",0,1/COUNTIF(B:B,B19)) -> 1 | B19: =IF(AA19="","",W19) -> 14FW SMB_07_CURVED_BK_N | C19: =IF(D19="",0,1/COUNTIF(D:D,D19)) -> 1 | D19: =IF(AA19="","",Z19&W19) -> 동일모자14FW SMB_07_CURVED_BK_N | E19: =IF(YEAR(AA19)<10,0&YEAR(AA19),YEAR(AA19))&IF(MONTH(AA19)<10,0&MONTH(AA19),MONTH(AA19)) -> 201401 | F19: =VLOOKUP($AA19,[3]주!$A:$F,6,FALSE) -> 1월 4주 | G19: =IF(H19="",0,1/COUNTIF(H:H,H19)) -> 1 | H19: =IF(AD19="","",W19) -> 14FW SMB_07_CURVED_BK_N | I19: =IF(J19="",0,1/COUNTIF(J:J,J19)) -> 1 | J19: =IF(AD19="","",Z19&W19) -> 동일모자14FW SMB_07_CURVED_BK_N | K19: =IF(AD19="",AC19,AD19) -> 41716 | L19: =IF(YEAR(K19)<10,0&YEAR(K19),YEAR(K19))&IF(MONTH(K19)<10,0&MONTH(K19),MONTH(K19)) -> 201403 | M19: =VLOOKUP($K19,[3]주!$A:$F,6,FALSE) -> 3월 2주 | N19: =IF(VLOOKUP($Z19,생산업체!$A:$C,2,FALSE)=1,"해외","국내") -> 해외 | O19: =IF(VLOOKUP($U19,CODE!$K:$P,CODE!P$1,FALSE)="모자",T19,T19&"-"&VLOOKUP($U19,CODE!$K:$P,CODE!P$1,FALSE)) -> SMB | P19: SMB | R19: 18 | T19: SMB | U19: BA | V19: N | W19: 14FW SMB_07_CURVED_BK_N | X19: U | Y19: 1 | Z19: 동일모자 | AA19: 41663 | AB19: 41691 | AC19: 41719 | AD19: 41716 | AE19: 4.45 | AH19: 3 | AI19: 3 | AK19: All 부자재, J&F 공급 기준으로 받기 ( 메탈패치 개발 힘들시, 동일에서 사용하는 업체 확인해서 알려주기) | AL19: 발송함 | AM19: Point Label발송함
A20: =IF(B20="",0,1/COUNTIF(B:B,B20)) -> 1 | B20: =IF(AA20="","",W20) -> 14FW SMB_07_CURVED_GR_N | C20: =IF(D20="",0,1/COUNTIF(D:D,D20)) -> 1 | D20: =IF(AA20="","",Z20&W20) -> 동일모자14FW SMB_07_CURVED_GR_N | E20: =IF(YEAR(AA20)<10,0&YEAR(AA20),YEAR(AA20))&IF(MONTH(AA20)<10,0&MONTH(AA20),MONTH(AA20)) -> 201401 | F20: =VLOOKUP($AA20,[3]주!$A:$F,6,FALSE) -> 1월 4주 | G20: =IF(H20="",0,1/COUNTIF(H:H,H20)) -> 1 | H20: =IF(AD20="","",W20) -> 14FW SMB_07_CURVED_GR_N | I20: =IF(J20="",0,1/COUNTIF(J:J,J20)) -> 1 | J20: =IF(AD20="","",Z20&W20) -> 동일모자14FW SMB_07_CURVED_GR_N | K20: =IF(AD20="",AC20,AD20) -> 41716 | L20: =IF(YEAR(K20)<10,0&YEAR(K20),YEAR(K20))&IF(MONTH(K20)<10,0&MONTH(K20),MONTH(K20)) -> 201403 | M20: =VLOOKUP($K20,[3]주!$A:$F,6,FALSE) -> 3월 2주 | N20: =IF(VLOOKUP($Z20,생산업체!$A:$C,2,FALSE)=1,"해외","국내") -> 해외 | O20: =IF(VLOOKUP($U20,CODE!$K:$P,CODE!P$1,FALSE)="모자",T20,T20&"-"&VLOOKUP($U20,CODE!$K:$P,CODE!P$1,FALSE)) -> SMB | P20: SMB | R20: 19 | T20: SMB | U20: BA | V20: N | W20: 14FW SMB_07_CURVED_GR_N | X20: U | Y20: 1 | Z20: 동일모자 | AA20: 41663 | AB20: 41691 | AC20: 41719 | AD20: 41716 | AE20: 4.2 | AH20: 3 | AI20: 3
A21: =IF(B21="",0,1/COUNTIF(B:B,B21)) -> 1 | B21: =IF(AA21="","",W21) -> 14FW SMB_07_CURVED_OR | C21: =IF(D21="",0,1/COUNTIF(D:D,D21)) -> 1 | D21: =IF(AA21="","",Z21&W21) -> 동일모자14FW SMB_07_CURVED_OR | E21: =IF(YEAR(AA21)<10,0&YEAR(AA21),YEAR(AA21))&IF(MONTH(AA21)<10,0&MONTH(AA21),MONTH(AA21)) -> 201401 | F21: =VLOOKUP($AA21,[3]주!$A:$F,6,FALSE) -> 1월 4주 | G21: =IF(H21="",0,1/COUNTIF(H:H,H21)) -> 1 | H21: =IF(AD21="","",W21) -> 14FW SMB_07_CURVED_OR | I21: =IF(J21="",0,1/COUNTIF(J:J,J21)) -> 1 | J21: =IF(AD21="","",Z21&W21) -> 동일모자14FW SMB_07_CURVED_OR | K21: =IF(AD21="",AC21,AD21) -> 41716 | L21: =IF(YEAR(K21)<10,0&YEAR(K21),YEAR(K21))&IF(MONTH(K21)<10,0&MONTH(K21),MONTH(K21)) -> 201403 | M21: =VLOOKUP($K21,[3]주!$A:$F,6,FALSE) -> 3월 2주 | N21: =IF(VLOOKUP($Z21,생산업체!$A:$C,2,FALSE)=1,"해외","국내") -> 해외 | O21: =IF(VLOOKUP($U21,CODE!$K:$P,CODE!P$1,FALSE)="모자",T21,T21&"-"&VLOOKUP($U21,CODE!$K:$P,CODE!P$1,FALSE)) -> SMB | P21: SMB | R21: 20 | T21: SMB | U21: BA | V21: N | W21: 14FW SMB_07_CURVED_OR | X21: U | Y21: 1 | Z21: 동일모자 | AA21: 41663 | AB21: 41691 | AC21: 41719 | AD21: 41716 | AE21: 4.45 | AH21: 3 | AI21: 3
A22: =IF(B22="",0,1/COUNTIF(B:B,B22)) -> 0.5 | B22: =IF(AA22="","",W22) -> 14FW SMB_08_CURVED_NY_N | C22: =IF(D22="",0,1/COUNTIF(D:D,D22)) -> 1 | D22: =IF(AA22="","",Z22&W22) -> 캡보이214FW SMB_08_CURVED_NY_N | E22: =IF(YEAR(AA22)<10,0&YEAR(AA22),YEAR(AA22))&IF(MONTH(AA22)<10,0&MONTH(AA22),MONTH(AA22)) -> 201401 | F22: =VLOOKUP($AA22,[3]주!$A:$F,6,FALSE) -> 1월 4주 | G22: =IF(H22="",0,1/COUNTIF(H:H,H22)) -> 0.5 | H22: =IF(AD22="","",W22) -> 14FW SMB_08_CURVED_NY_N | I22: =IF(J22="",0,1/COUNTIF(J:J,J22)) -> 1 | J22: =IF(AD22="","",Z22&W22) -> 캡보이214FW SMB_08_CURVED_NY_N | K22: =IF(AD22="",AC22,AD22) -> 캔슬 | L22: =IF(YEAR(K22)<10,0&YEAR(K22),YEAR(K22))&IF(MONTH(K22)<10,0&MONTH(K22),MONTH(K22)) -> #VALUE! | M22: =VLOOKUP($K22,[3]주!$A:$F,6,FALSE) -> #N/A | N22: =IF(VLOOKUP($Z22,생산업체!$A:$C,2,FALSE)=1,"해외","국내") -> 해외 | O22: =IF(VLOOKUP($U22,CODE!$K:$P,CODE!P$1,FALSE)="모자",T22,T22&"-"&VLOOKUP($U22,CODE!$K:$P,CODE!P$1,FALSE)) -> SMB | P22: SMB | R22: 21 | T22: SMB | U22: ER | V22: N | W22: 14FW SMB_08_CURVED_NY_N | X22: U | Y22: 0.5 | Z22: 캡보이2 | AA22: 41663 | AB22: 41691 | AC22: 캔슬 | AD22: 캔슬 | AH22: 3 | AI22: 3
A23: =IF(B23="",0,1/COUNTIF(B:B,B23)) -> 1 | B23: =IF(AA23="","",W23) -> 14FW SMB_09_CURVED_PK_N | C23: =IF(D23="",0,1/COUNTIF(D:D,D23)) -> 1 | D23: =IF(AA23="","",Z23&W23) -> 캡보이214FW SMB_09_CURVED_PK_N | E23: =IF(YEAR(AA23)<10,0&YEAR(AA23),YEAR(AA23))&IF(MONTH(AA23)<10,0&MONTH(AA23),MONTH(AA23)) -> 201401 | F23: =VLOOKUP($AA23,[3]주!$A:$F,6,FALSE) -> 1월 4주 | G23: =IF(H23="",0,1/COUNTIF(H:H,H23)) -> 1 | H23: =IF(AD23="","",W23) -> 14FW SMB_09_CURVED_PK_N | I23: =IF(J23="",0,1/COUNTIF(J:J,J23)) -> 1 | J23: =IF(AD23="","",Z23&W23) -> 캡보이214FW SMB_09_CURVED_PK_N | K23: =IF(AD23="",AC23,AD23) -> 41726 | L23: =IF(YEAR(K23)<10,0&YEAR(K23),YEAR(K23))&IF(MONTH(K23)<10,0&MONTH(K23),MONTH(K23)) -> 201403 | M23: =VLOOKUP($K23,[3]주!$A:$F,6,FALSE) -> 3월 2주 | N23: =IF(VLOOKUP($Z23,생산업체!$A:$C,2,FALSE)=1,"해외","국내") -> 해외 | O23: =IF(VLOOKUP($U23,CODE!$K:$P,CODE!P$1,FALSE)="모자",T23,T23&"-"&VLOOKUP($U23,CODE!$K:$P,CODE!P$1,FALSE)) -> SMB | P23: SMB | R23: 22 | T23: SMB | U23: ER | V23: N | W23: 14FW SMB_09_CURVED_PK_N | X23: U | Y23: 1 | Z23: 캡보이2 | AA23: 41663 | AB23: 41691 | AC23: 41717 | AD23: 41726 | AH23: 3 | AI23: 3
A24: =IF(B24="",0,1/COUNTIF(B:B,B24)) -> 1 | B24: =IF(AA24="","",W24) -> 14FW SMB_01_CURVED_NY_N | C24: =IF(D24="",0,1/COUNTIF(D:D,D24)) -> 1 | D24: =IF(AA24="","",Z24&W24) -> 캡보이214FW SMB_01_CURVED_NY_N | E24: =IF(YEAR(AA24)<10,0&YEAR(AA24),YEAR(AA24))&IF(MONTH(AA24)<10,0&MONTH(AA24),MONTH(AA24)) -> 201401 | F24: =VLOOKUP($AA24,[3]주!$A:$F,6,FALSE) -> 1월 4주 | G24: =IF(H24="",0,1/COUNTIF(H:H,H24)) -> 1 | H24: =IF(AD24="","",W24) -> 14FW SMB_01_CURVED_NY_N | I24: =IF(J24="",0,1/COUNTIF(J:J,J24)) -> 1 | J24: =IF(AD24="","",Z24&W24) -> 캡보이214FW SMB_01_CURVED_NY_N | K24: =IF(AD24="",AC24,AD24) -> 41722 | L24: =IF(YEAR(K24)<10,0&YEAR(K24),YEAR(K24))&IF(MONTH(K24)<10,0&MONTH(K24),MONTH(K24)) -> 201403 | M24: =VLOOKUP($K24,[3]주!$A:$F,6,FALSE) -> 3월 2주 | N24: =IF(VLOOKUP($Z24,생산업체!$A:$C,2,FALSE)=1,"해외","국내") -> 해외 | O24: =IF(VLOOKUP($U24,CODE!$K:$P,CODE!P$1,FALSE)="모자",T24,T24&"-"&VLOOKUP($U24,CODE!$K:$P,CODE!P$1,FALSE)) -> SMB | P24: SMB | R24: 23 | T24: SMB | U24: ER | V24: N | W24: 14FW SMB_01_CURVED_NY_N | X24: U | Y24: 1 | Z24: 캡보이2 | AA24: 41663 | AB24: 41691 | AC24: 41717 | AD24: 41722 | AH24: 3 | AI24: 3
A25: =IF(B25="",0,1/COUNTIF(B:B,B25)) -> 0.5 | B25: =IF(AA25="","",W25) -> 14FW SMB_03_CURVED_RD_N | C25: =IF(D25="",0,1/COUNTIF(D:D,D25)) -> 1 | D25: =IF(AA25="","",Z25&W25) -> 캡보이214FW SMB_03_CURVED_RD_N | E25: =IF(YEAR(AA25)<10,0&YEAR(AA25),YEAR(AA25))&IF(MONTH(AA25)<10,0&MONTH(AA25),MONTH(AA25)) -> 201401 | F25: =VLOOKUP($AA25,[3]주!$A:$F,6,FALSE) -> 1월 4주 | G25: =IF(H25="",0,1/COUNTIF(H:H,H25)) -> 0.5 | H25: =IF(AD25="","",W25) -> 14FW SMB_03_CURVED_RD_N | I25: =IF(J25="",0,1/COUNTIF(J:J,J25)) -> 1 | J25: =IF(AD25="","",Z25&W25) -> 캡보이214FW SMB_03_CURVED_RD_N | K25: =IF(AD25="",AC25,AD25) -> 캔슬 | L25: =IF(YEAR(K25)<10,0&YEAR(K25),YEAR(K25))&IF(MONTH(K25)<10,0&MONTH(K25),MONTH(K25)) -> #VALUE! | M25: =VLOOKUP($K25,[3]주!$A:$F,6,FALSE) -> #N/A | N25: =IF(VLOOKUP($Z25,생산업체!$A:$C,2,FALSE)=1,"해외","국내") -> 해외 | O25: =IF(VLOOKUP($U25,CODE!$K:$P,CODE!P$1,FALSE)="모자",T25,T25&"-"&VLOOKUP($U25,CODE!$K:$P,CODE!P$1,FALSE)) -> SMB | P25: SMB | R25: 24 | T25: SMB | U25: BA | V25: N | W25: 14FW SMB_03_CURVED_RD_N | X25: U | Y25: 0.5 | Z25: 캡보이2 | AA25: 41663 | AB25: 41691 | AC25: 캔슬 | AD25: 캔슬 | AH25: 2 | AI25: 2 | AJ25: 캔슬
A26: =IF(B26="",0,1/COUNTIF(B:B,B26)) -> 1 | B26: =IF(AA26="","",W26) -> 14FW WITAILOR CAP-01-WN | C26: =IF(D26="",0,1/COUNTIF(D:D,D26)) -> 1 | D26: =IF(AA26="","",Z26&W26) -> FOREMOST14FW WITAILOR CAP-01-WN | E26: =IF(YEAR(AA26)<10,0&YEAR(AA26),YEAR(AA26))&IF(MONTH(AA26)<10,0&MONTH(AA26),MONTH(AA26)) -> 201402 | F26: =VLOOKUP($AA26,[3]주!$A:$F,6,FALSE) -> 2월 1주 | G26: =IF(H26="",0,1/COUNTIF(H:H,H26)) -> 1 | H26: =IF(AD26="","",W26) -> 14FW WITAILOR CAP-01-WN | I26: =IF(J26="",0,1/COUNTIF(J:J,J26)) -> 1 | J26: =IF(AD26="","",Z26&W26) -> FOREMOST14FW WITAILOR CAP-01-WN | K26: =IF(AD26="",AC26,AD26) -> 41719 | L26: =IF(YEAR(K26)<10,0&YEAR(K26),YEAR(K26))&IF(MONTH(K26)<10,0&MONTH(K26),MONTH(K26)) -> 201403 | M26: =VLOOKUP($K26,[3]주!$A:$F,6,FALSE) -> 3월 2주 | N26: =IF(VLOOKUP($Z26,생산업체!$A:$C,2,FALSE)=1,"해외","국내") -> 해외 | O26: =IF(VLOOKUP($U26,CODE!$K:$P,CODE!P$1,FALSE)="모자",T26,T26&"-"&VLOOKUP($U26,CODE!$K:$P,CODE!P$1,FALSE)) -> WTR | P26: WTR | R26: 25 | T26: WTR | U26: TP | V26: N | W26: 14FW WITAILOR CAP-01-WN | X26: U | Y26: 1 | Z26: FOREMOST | AA26: 41675 | AB26: 41703 | AC26: 41719 | AD26: 41719 | AH26: 7 | AI26: 5 | AJ26: 13FW BROWN SQURE 1 샘플배송 (20140210) -> 받음 20140228
A27: =IF(B27="",0,1/COUNTIF(B:B,B27)) -> 1 | B27: =IF(AA27="","",W27) -> 14FW WITAILOR CAP-02-BK | C27: =IF(D27="",0,1/COUNTIF(D:D,D27)) -> 1 | D27: =IF(AA27="","",Z27&W27) -> FOREMOST14FW WITAILOR CAP-02-BK | E27: =IF(YEAR(AA27)<10,0&YEAR(AA27),YEAR(AA27))&IF(MONTH(AA27)<10,0&MONTH(AA27),MONTH(AA27)) -> 201402 | F27: =VLOOKUP($AA27,[3]주!$A:$F,6,FALSE) -> 2월 1주 | G27: =IF(H27="",0,1/COUNTIF(H:H,H27)) -> 1 | H27: =IF(AD27="","",W27) -> 14FW WITAILOR CAP-02-BK | I27: =IF(J27="",0,1/COUNTIF(J:J,J27)) -> 1 | J27: =IF(AD27="","",Z27&W27) -> FOREMOST14FW WITAILOR CAP-02-BK | K27: =IF(AD27="",AC27,AD27) -> 41725 | L27: =IF(YEAR(K27)<10,0&YEAR(K27),YEAR(K27))&IF(MONTH(K27)<10,0&MONTH(K27),MONTH(K27)) -> 201403 | M27: =VLOOKUP($K27,[3]주!$A:$F,6,FALSE) -> 3월 2주 | N27: =IF(VLOOKUP($Z27,생산업체!$A:$C,2,FALSE)=1,"해외","국내") -> 해외 | O27: =IF(VLOOKUP($U27,CODE!$K:$P,CODE!P$1,FALSE)="모자",T27,T27&"-"&VLOOKUP($U27,CODE!$K:$P,CODE!P$1,FALSE)) -> WTR | P27: WTR | R27: 26 | T27: WTR | U27: TP | V27: N | W27: 14FW WITAILOR CAP-02-BK | X27: U | Y27: 1 | Z27: FOREMOST | AA27: 41675 | AB27: 41703 | AC27: 41729 | AD27: 41725 | AH27: 5 | AI27: 4
A28: =IF(B28="",0,1/COUNTIF(B:B,B28)) -> 1 | B28: =IF(AA28="","",W28) -> 14FW WITAILOR CAP-03-NY | C28: =IF(D28="",0,1/COUNTIF(D:D,D28)) -> 1 | D28: =IF(AA28="","",Z28&W28) -> 동일모자14FW WITAILOR CAP-03-NY | E28: =IF(YEAR(AA28)<10,0&YEAR(AA28),YEAR(AA28))&IF(MONTH(AA28)<10,0&MONTH(AA28),MONTH(AA28)) -> 201402 | F28: =VLOOKUP($AA28,[3]주!$A:$F,6,FALSE) -> 2월 1주 | G28: =IF(H28="",0,1/COUNTIF(H:H,H28)) -> 1 | H28: =IF(AD28="","",W28) -> 14FW WITAILOR CAP-03-NY | I28: =IF(J28="",0,1/COUNTIF(J:J,J28)) -> 1 | J28: =IF(AD28="","",Z28&W28) -> 동일모자14FW WITAILOR CAP-03-NY | K28: =IF(AD28="",AC28,AD28) -> 41709 | L28: =IF(YEAR(K28)<10,0&YEAR(K28),YEAR(K28))&IF(MONTH(K28)<10,0&MONTH(K28),MONTH(K28)) -> 201403 | M28: =VLOOKUP($K28,[3]주!$A:$F,6,FALSE) -> 3월 2주 | N28: =IF(VLOOKUP($Z28,생산업체!$A:$C,2,FALSE)=1,"해외","국내") -> 해외 | O28: =IF(VLOOKUP($U28,CODE!$K:$P,CODE!P$1,FALSE)="모자",T28,T28&"-"&VLOOKUP($U28,CODE!$K:$P,CODE!P$1,FALSE)) -> WTR | P28: WTR | R28: 27 | T28: WTR | U28: BA | V28: N | W28: 14FW WITAILOR CAP-03-NY | X28: U | Y28: 1 | Z28: 동일모자 | AA28: 41675 | AB28: 41703 | AC28: 41719 | AD28: 41709 | AE28: 4.85 | AH28: 5 | AI28: 3
A29: =IF(B29="",0,1/COUNTIF(B:B,B29)) -> 1 | B29: =IF(AA29="","",W29) -> 14FW WITAILOR CAP-04-GY | C29: =IF(D29="",0,1/COUNTIF(D:D,D29)) -> 1 | D29: =IF(AA29="","",Z29&W29) -> 동일모자14FW WITAILOR CAP-04-GY | E29: =IF(YEAR(AA29)<10,0&YEAR(AA29),YEAR(AA29))&IF(MONTH(AA29)<10,0&MONTH(AA29),MONTH(AA29)) -> 201402 | F29: =VLOOKUP($AA29,[3]주!$A:$F,6,FALSE) -> 2월 1주 | G29: =IF(H29="",0,1/COUNTIF(H:H,H29)) -> 1 | H29: =IF(AD29="","",W29) -> 14FW WITAILOR CAP-04-GY | I29: =IF(J29="",0,1/COUNTIF(J:J,J29)) -> 1 | J29: =IF(AD29="","",Z29&W29) -> 동일모자14FW WITAILOR CAP-04-GY | K29: =IF(AD29="",AC29,AD29) -> 41719 | L29: =IF(YEAR(K29)<10,0&YEAR(K29),YEAR(K29))&IF(MONTH(K29)<10,0&MONTH(K29),MONTH(K29)) -> 201403 | M29: =VLOOKUP($K29,[3]주!$A:$F,6,FALSE) -> 3월 2주 | N29: =IF(VLOOKUP($Z29,생산업체!$A:$C,2,FALSE)=1,"해외","국내") -> 해외 | O29: =IF(VLOOKUP($U29,CODE!$K:$P,CODE!P$1,FALSE)="모자",T29,T29&"-"&VLOOKUP($U29,CODE!$K:$P,CODE!P$1,FALSE)) -> WTR | P29: WTR | R29: 28 | T29: WTR | U29: BA | V29: N | W29: 14FW WITAILOR CAP-04-GY | X29: U | Y29: 1 | Z29: 동일모자 | AA29: 41675 | AB29: 41703 | AC29: 41719 | AD29: 41719 | AE29: 4.85 | AH29: 5 | AI29: 3
A30: =IF(B30="",0,1/COUNTIF(B:B,B30)) -> 1 | B30: =IF(AA30="","",W30) -> 14FW WITAILOR CAP-05-RE | C30: =IF(D30="",0,1/COUNTIF(D:D,D30)) -> 1 | D30: =IF(AA30="","",Z30&W30) -> FOREMOST14FW WITAILOR CAP-05-RE | E30: =IF(YEAR(AA30)<10,0&YEAR(AA30),YEAR(AA30))&IF(MONTH(AA30)<10,0&MONTH(AA30),MONTH(AA30)) -> 201402 | F30: =VLOOKUP($AA30,[3]주!$A:$F,6,FALSE) -> 2월 1주 | G30: =IF(H30="",0,1/COUNTIF(H:H,H30)) -> 1 | H30: =IF(AD30="","",W30) -> 14FW WITAILOR CAP-05-RE | I30: =IF(J30="",0,1/COUNTIF(J:J,J30)) -> 1 | J30: =IF(AD30="","",Z30&W30) -> FOREMOST14FW WITAILOR CAP-05-RE | K30: =IF(AD30="",AC30,AD30) -> 41722 | L30: =IF(YEAR(K30)<10,0&YEAR(K30),YEAR(K30))&IF(MONTH(K30)<10,0&MONTH(K30),MONTH(K30)) -> 201403 | M30: =VLOOKUP($K30,[3]주!$A:$F,6,FALSE) -> 3월 2주 | N30: =IF(VLOOKUP($Z30,생산업체!$A:$C,2,FALSE)=1,"해외","국내") -> 해외 | O30: =IF(VLOOKUP($U30,CODE!$K:$P,CODE!P$1,FALSE)="모자",T30,T30&"-"&VLOOKUP($U30,CODE!$K:$P,CODE!P$1,FALSE)) -> WTR | P30: WTR | R30: 29 | T30: WTR | U30: BA | V30: N | W30: 14FW WITAILOR CAP-05-RE | X30: U | Y30: 1 | Z30: FOREMOST | AA30: 41675 | AB30: 41703 | AC30: 41729 | AD30: 41722 | AH30: 5 | AI30: 3
A31: =IF(B31="",0,1/COUNTIF(B:B,B31)) -> 1 | B31: =IF(AA31="","",W31) -> 14FW WITAILOR CAP-06-BR | C31: =IF(D31="",0,1/COUNTIF(D:D,D31)) -> 1 | D31: =IF(AA31="","",Z31&W31) -> FOREMOST14FW WITAILOR CAP-06-BR | E31: =IF(YEAR(AA31)<10,0&YEAR(AA31),YEAR(AA31))&IF(MONTH(AA31)<10,0&MONTH(AA31),MONTH(AA31)) -> 201402 | F31: =VLOOKUP($AA31,[3]주!$A:$F,6,FALSE) -> 2월 1주 | G31: =IF(H31="",0,1/COUNTIF(H:H,H31)) -> 1 | H31: =IF(AD31="","",W31) -> 14FW WITAILOR CAP-06-BR | I31: =IF(J31="",0,1/COUNTIF(J:J,J31)) -> 1 | J31: =IF(AD31="","",Z31&W31) -> FOREMOST14FW WITAILOR CAP-06-BR | K31: =IF(AD31="",AC31,AD31) -> 41722 | L31: =IF(YEAR(K31)<10,0&YEAR(K31),YEAR(K31))&IF(MONTH(K31)<10,0&MONTH(K31),MONTH(K31)) -> 201403 | M31: =VLOOKUP($K31,[3]주!$A:$F,6,FALSE) -> 3월 2주 | N31: =IF(VLOOKUP($Z31,생산업체!$A:$C,2,FALSE)=1,"해외","국내") -> 해외 | O31: =IF(VLOOKUP($U31,CODE!$K:$P,CODE!P$1,FALSE)="모자",T31,T31&"-"&VLOOKUP($U31,CODE!$K:$P,CODE!P$1,FALSE)) -> WTR | P31: WTR | R31: 30 | T31: WTR | U31: BA | V31: N | W31: 14FW WITAILOR CAP-06-BR | X31: U | Y31: 1 | Z31: FOREMOST | AA31: 41675 | AB31: 41703 | AC31: 41729 | AD31: 41722 | AH31: 5 | AI31: 2
A32: =IF(B32="",0,1/COUNTIF(B:B,B32)) -> 1 | B32: =IF(AA32="","",W32) -> 14FW WITAILOR CAP-07-KH | C32: =IF(D32="",0,1/COUNTIF(D:D,D32)) -> 1 | D32: =IF(AA32="","",Z32&W32) -> 동일모자14FW WITAILOR CAP-07-KH | E32: =IF(YEAR(AA32)<10,0&YEAR(AA32),YEAR(AA32))&IF(MONTH(AA32)<10,0&MONTH(AA32),MONTH(AA32)) -> 201402 | F32: =VLOOKUP($AA32,[3]주!$A:$F,6,FALSE) -> 2월 1주 | G32: =IF(H32="",0,1/COUNTIF(H:H,H32)) -> 1 | H32: =IF(AD32="","",W32) -> 14FW WITAILOR CAP-07-KH | I32: =IF(J32="",0,1/COUNTIF(J:J,J32)) -> 1 | J32: =IF(AD32="","",Z32&W32) -> 동일모자14FW WITAILOR CAP-07-KH | K32: =IF(AD32="",AC32,AD32) -> 41709 | L32: =IF(YEAR(K32)<10,0&YEAR(K32),YEAR(K32))&IF(MONTH(K32)<10,0&MONTH(K32),MONTH(K32)) -> 201403 | M32: =VLOOKUP($K32,[3]주!$A:$F,6,FALSE) -> 3월 2주 | N32: =IF(VLOOKUP($Z32,생산업체!$A:$C,2,FALSE)=1,"해외","국내") -> 해외 | O32: =IF(VLOOKUP($U32,CODE!$K:$P,CODE!P$1,FALSE)="모자",T32,T32&"-"&VLOOKUP($U32,CODE!$K:$P,CODE!P$1,FALSE)) -> WTR | P32: WTR | R32: 31 | T32: WTR | U32: ER | V32: N | W32: 14FW WITAILOR CAP-07-KH | X32: U | Y32: 1 | Z32: 동일모자 | AA32: 41675 | AB32: 41703 | AC32: 41719 | AD32: 41709 | AE32: 6.5 | AH32: 5 | AI32: 3
A33: =IF(B33="",0,1/COUNTIF(B:B,B33)) -> 1 | B33: =IF(AA33="","",W33) -> 14FW WITAILOR CAP-08-BL | C33: =IF(D33="",0,1/COUNTIF(D:D,D33)) -> 1 | D33: =IF(AA33="","",Z33&W33) -> 동일모자14FW WITAILOR CAP-08-BL | E33: =IF(YEAR(AA33)<10,0&YEAR(AA33),YEAR(AA33))&IF(MONTH(AA33)<10,0&MONTH(AA33),MONTH(AA33)) -> 201402 | F33: =VLOOKUP($AA33,[3]주!$A:$F,6,FALSE) -> 2월 1주 | G33: =IF(H33="",0,1/COUNTIF(H:H,H33)) -> 1 | H33: =IF(AD33="","",W33) -> 14FW WITAILOR CAP-08-BL | I33: =IF(J33="",0,1/COUNTIF(J:J,J33)) -> 1 | J33: =IF(AD33="","",Z33&W33) -> 동일모자14FW WITAILOR CAP-08-BL | K33: =IF(AD33="",AC33,AD33) -> 41709 | L33: =IF(YEAR(K33)<10,0&YEAR(K33),YEAR(K33))&IF(MONTH(K33)<10,0&MONTH(K33),MONTH(K33)) -> 201403 | M33: =VLOOKUP($K33,[3]주!$A:$F,6,FALSE) -> 3월 2주 | N33: =IF(VLOOKUP($Z33,생산업체!$A:$C,2,FALSE)=1,"해외","국내") -> 해외 | O33: =IF(VLOOKUP($U33,CODE!$K:$P,CODE!P$1,FALSE)="모자",T33,T33&"-"&VLOOKUP($U33,CODE!$K:$P,CODE!P$1,FALSE)) -> WTR | P33: WTR | R33: 32 | T33: WTR | U33: ER | V33: N | W33: 14FW WITAILOR CAP-08-BL | X33: U | Y33: 1 | Z33: 동일모자 | AA33: 41675 | AB33: 41703 | AC33: 41719 | AD33: 41709 | AE33: 6.35 | AH33: 5 | AI33: 2
A34: =IF(B34="",0,1/COUNTIF(B:B,B34)) -> 0.5 | B34: =IF(AA34="","",W34) -> 14FW WITAILOR CAP-09-BK | C34: =IF(D34="",0,1/COUNTIF(D:D,D34)) -> 1 | D34: =IF(AA34="","",Z34&W34) -> 동일모자14FW WITAILOR CAP-09-BK | E34: =IF(YEAR(AA34)<10,0&YEAR(AA34),YEAR(AA34))&IF(MONTH(AA34)<10,0&MONTH(AA34),MONTH(AA34)) -> 201402 | F34: =VLOOKUP($AA34,[3]주!$A:$F,6,FALSE) -> 2월 1주 | G34: =IF(H34="",0,1/COUNTIF(H:H,H34)) -> 0.5 | H34: =IF(AD34="","",W34) -> 14FW WITAILOR CAP-09-BK | I34: =IF(J34="",0,1/COUNTIF(J:J,J34)) -> 1 | J34: =IF(AD34="","",Z34&W34) -> 동일모자14FW WITAILOR CAP-09-BK | K34: =IF(AD34="",AC34,AD34) -> 41709 | L34: =IF(YEAR(K34)<10,0&YEAR(K34),YEAR(K34))&IF(MONTH(K34)<10,0&MONTH(K34),MONTH(K34)) -> 201403 | M34: =VLOOKUP($K34,[3]주!$A:$F,6,FALSE) -> 3월 2주 | N34: =IF(VLOOKUP($Z34,생산업체!$A:$C,2,FALSE)=1,"해외","국내") -> 해외 | O34: =IF(VLOOKUP($U34,CODE!$K:$P,CODE!P$1,FALSE)="모자",T34,T34&"-"&VLOOKUP($U34,CODE!$K:$P,CODE!P$1,FALSE)) -> WTR | P34: WTR | R34: 33 | T34: WTR | U34: ER | V34: N | W34: 14FW WITAILOR CAP-09-BK | X34: U | Y34: 0.5 | Z34: 동일모자 | AA34: 41675 | AB34: 41703 | AC34: 41719 | AD34: 41709 | AE34: 5.95 | AH34: 5 | AI34: 3
A35: =IF(B35="",0,1/COUNTIF(B:B,B35)) -> 0.5 | B35: =IF(AA35="","",W35) -> 14FW WITAILOR CAP-10-KH | C35: =IF(D35="",0,1/COUNTIF(D:D,D35)) -> 1 | D35: =IF(AA35="","",Z35&W35) -> 동일모자14FW WITAILOR CAP-10-KH | E35: =IF(YEAR(AA35)<10,0&YEAR(AA35),YEAR(AA35))&IF(MONTH(AA35)<10,0&MONTH(AA35),MONTH(AA35)) -> 201402 | F35: =VLOOKUP($AA35,[3]주!$A:$F,6,FALSE) -> 2월 1주 | G35: =IF(H35="",0,1/COUNTIF(H:H,H35)) -> 0.5 | H35: =IF(AD35="","",W35) -> 14FW WITAILOR CAP-10-KH | I35: =IF(J35="",0,1/COUNTIF(J:J,J35)) -> 1 | J35: =IF(AD35="","",Z35&W35) -> 동일모자14FW WITAILOR CAP-10-KH | K35: =IF(AD35="",AC35,AD35) -> 41709 | L35: =IF(YEAR(K35)<10,0&YEAR(K35),YEAR(K35))&IF(MONTH(K35)<10,0&MONTH(K35),MONTH(K35)) -> 201403 | M35: =VLOOKUP($K35,[3]주!$A:$F,6,FALSE) -> 3월 2주 | N35: =IF(VLOOKUP($Z35,생산업체!$A:$C,2,FALSE)=1,"해외","국내") -> 해외 | O35: =IF(VLOOKUP($U35,CODE!$K:$P,CODE!P$1,FALSE)="모자",T35,T35&"-"&VLOOKUP($U35,CODE!$K:$P,CODE!P$1,FALSE)) -> WTR | P35: WTR | R35: 34 | T35: WTR | U35: ER | V35: N | W35: 14FW WITAILOR CAP-10-KH | X35: U | Y35: 0.5 | Z35: 동일모자 | AA35: 41675 | AB35: 41703 | AC35: 41719 | AD35: 41709 | AE35: 5.7 | AH35: 6 | AI35: 4
A36: =IF(B36="",0,1/COUNTIF(B:B,B36)) -> 0.5 | B36: =IF(AA36="","",W36) -> 14FW WITAILOR CAP-09-BK | C36: =IF(D36="",0,1/COUNTIF(D:D,D36)) -> 1 | D36: =IF(AA36="","",Z36&W36) -> FOREMOST14FW WITAILOR CAP-09-BK | E36: =IF(YEAR(AA36)<10,0&YEAR(AA36),YEAR(AA36))&IF(MONTH(AA36)<10,0&MONTH(AA36),MONTH(AA36)) -> 201402 | F36: =VLOOKUP($AA36,[3]주!$A:$F,6,FALSE) -> 2월 1주 | G36: =IF(H36="",0,1/COUNTIF(H:H,H36)) -> 0.5 | H36: =IF(AD36="","",W36) -> 14FW WITAILOR CAP-09-BK | I36: =IF(J36="",0,1/COUNTIF(J:J,J36)) -> 1 | J36: =IF(AD36="","",Z36&W36) -> FOREMOST14FW WITAILOR CAP-09-BK | K36: =IF(AD36="",AC36,AD36) -> 41719 | L36: =IF(YEAR(K36)<10,0&YEAR(K36),YEAR(K36))&IF(MONTH(K36)<10,0&MONTH(K36),MONTH(K36)) -> 201403 | M36: =VLOOKUP($K36,[3]주!$A:$F,6,FALSE) -> 3월 2주 | N36: =IF(VLOOKUP($Z36,생산업체!$A:$C,2,FALSE)=1,"해외","국내") -> 해외 | O36: =IF(VLOOKUP($U36,CODE!$K:$P,CODE!P$1,FALSE)="모자",T36,T36&"-"&VLOOKUP($U36,CODE!$K:$P,CODE!P$1,FALSE)) -> WTR | P36: WTR | R36: 35 | T36: WTR | U36: ER | V36: N | W36: 14FW WITAILOR CAP-09-BK | X36: U | Y36: 0.5 | Z36: FOREMOST | AA36: 41675 | AB36: 41703 | AC36: 41729 | AD36: 41719 | AH36: 5 | AI36: 3
A37: =IF(B37="",0,1/COUNTIF(B:B,B37)) -> 0.5 | B37: =IF(AA37="","",W37) -> 14FW WITAILOR CAP-10-KH | C37: =IF(D37="",0,1/COUNTIF(D:D,D37)) -> 1 | D37: =IF(AA37="","",Z37&W37) -> FOREMOST14FW WITAILOR CAP-10-KH | E37: =IF(YEAR(AA37)<10,0&YEAR(AA37),YEAR(AA37))&IF(MONTH(AA37)<10,0&MONTH(AA37),MONTH(AA37)) -> 201402 | F37: =VLOOKUP($AA37,[3]주!$A:$F,6,FALSE) -> 2월 1주 | G37: =IF(H37="",0,1/COUNTIF(H:H,H37)) -> 0.5 | H37: =IF(AD37="","",W37) -> 14FW WITAILOR CAP-10-KH | I37: =IF(J37="",0,1/COUNTIF(J:J,J37)) -> 1 | J37: =IF(AD37="","",Z37&W37) -> FOREMOST14FW WITAILOR CAP-10-KH | K37: =IF(AD37="",AC37,AD37) -> 41722 | L37: =IF(YEAR(K37)<10,0&YEAR(K37),YEAR(K37))&IF(MONTH(K37)<10,0&MONTH(K37),MONTH(K37)) -> 201403 | M37: =VLOOKUP($K37,[3]주!$A:$F,6,FALSE) -> 3월 2주 | N37: =IF(VLOOKUP($Z37,생산업체!$A:$C,2,FALSE)=1,"해외","국내") -> 해외 | O37: =IF(VLOOKUP($U37,CODE!$K:$P,CODE!P$1,FALSE)="모자",T37,T37&"-"&VLOOKUP($U37,CODE!$K:$P,CODE!P$1,FALSE)) -> WTR | P37: WTR | R37: 36 | T37: WTR | U37: ER | V37: N | W37: 14FW WITAILOR CAP-10-KH | X37: U | Y37: 0.5 | Z37: FOREMOST | AA37: 41675 | AB37: 41703 | AC37: 41729 | AD37: 41722 | AH37: 6 | AI37: 4
A38: =IF(B38="",0,1/COUNTIF(B:B,B38)) -> 1 | B38: =IF(AA38="","",W38) -> 14FW WITAILOR CAP-11-GY | C38: =IF(D38="",0,1/COUNTIF(D:D,D38)) -> 1 | D38: =IF(AA38="","",Z38&W38) -> 동일모자14FW WITAILOR CAP-11-GY | E38: =IF(YEAR(AA38)<10,0&YEAR(AA38),YEAR(AA38))&IF(MONTH(AA38)<10,0&MONTH(AA38),MONTH(AA38)) -> 201402 | F38: =VLOOKUP($AA38,[3]주!$A:$F,6,FALSE) -> 2월 1주 | G38: =IF(H38="",0,1/COUNTIF(H:H,H38)) -> 1 | H38: =IF(AD38="","",W38) -> 14FW WITAILOR CAP-11-GY | I38: =IF(J38="",0,1/COUNTIF(J:J,J38)) -> 1 | J38: =IF(AD38="","",Z38&W38) -> 동일모자14FW WITAILOR CAP-11-GY | K38: =IF(AD38="",AC38,AD38) -> 41709 | L38: =IF(YEAR(K38)<10,0&YEAR(K38),YEAR(K38))&IF(MONTH(K38)<10,0&MONTH(K38),MONTH(K38)) -> 201403 | M38: =VLOOKUP($K38,[3]주!$A:$F,6,FALSE) -> 3월 2주 | N38: =IF(VLOOKUP($Z38,생산업체!$A:$C,2,FALSE)=1,"해외","국내") -> 해외 | O38: =IF(VLOOKUP($U38,CODE!$K:$P,CODE!P$1,FALSE)="모자",T38,T38&"-"&VLOOKUP($U38,CODE!$K:$P,CODE!P$1,FALSE)) -> WTR | P38: WTR | R38: 37 | T38: WTR | U38: ER | V38: N | W38: 14FW WITAILOR CAP-11-GY | X38: U | Y38: 1 | Z38: 동일모자 | AA38: 41675 | AB38: 41703 | AC38: 41719 | AD38: 41709 | AE38: 6.55 | AH38: 5 | AI38: 3
A39: =IF(B39="",0,1/COUNTIF(B:B,B39)) -> 1 | B39: =IF(AA39="","",W39) -> 14SS JAYPARK_01_BK | C39: =IF(D39="",0,1/COUNTIF(D:D,D39)) -> 1 | D39: =IF(AA39="","",Z39&W39) -> 캡보이14SS JAYPARK_01_BK | E39: =IF(YEAR(AA39)<10,0&YEAR(AA39),YEAR(AA39))&IF(MONTH(AA39)<10,0&MONTH(AA39),MONTH(AA39)) -> 201402 | F39: =VLOOKUP($AA39,[3]주!$A:$F,6,FALSE) -> 2월 1주 | G39: =IF(H39="",0,1/COUNTIF(H:H,H39)) -> 1 | H39: =IF(AD39="","",W39) -> 14SS JAYPARK_01_BK | I39: =IF(J39="",0,1/COUNTIF(J:J,J39)) -> 1 | J39: =IF(AD39="","",Z39&W39) -> 캡보이14SS JAYPARK_01_BK | K39: =IF(AD39="",AC39,AD39) -> 41680 | L39: =IF(YEAR(K39)<10,0&YEAR(K39),YEAR(K39))&IF(MONTH(K39)<10,0&MONTH(K39),MONTH(K39)) -> 201402 | M39: =VLOOKUP($K39,[3]주!$A:$F,6,FALSE) -> 2월 2주 | N39: =IF(VLOOKUP($Z39,생산업체!$A:$C,2,FALSE)=1,"해외","국내") -> 국내 | O39: =IF(VLOOKUP($U39,CODE!$K:$P,CODE!P$1,FALSE)="모자",T39,T39&"-"&VLOOKUP($U39,CODE!$K:$P,CODE!P$1,FALSE)) -> JAY.PARK | P39: JAY.PARK | R39: 38 | T39: JAY.PARK | U39: FI | V39: N | W39: 14SS JAYPARK_01_BK | X39: U | Y39: 1 | Z39: 캡보이 | AA39: 41673 | AB39: 41694 | AC39: 41680 | AD39: 41680 | AH39: 2
A40: =IF(B40="",0,1/COUNTIF(B:B,B40)) -> 1 | B40: =IF(AA40="","",W40) -> 14SS JAYPARK_02_WH | C40: =IF(D40="",0,1/COUNTIF(D:D,D40)) -> 1 | D40: =IF(AA40="","",Z40&W40) -> 캡보이14SS JAYPARK_02_WH | E40: =IF(YEAR(AA40)<10,0&YEAR(AA40),YEAR(AA40))&IF(MONTH(AA40)<10,0&MONTH(AA40),MONTH(AA40)) -> 201402 | F40: =VLOOKUP($AA40,[3]주!$A:$F,6,FALSE) -> 2월 1주 | G40: =IF(H40="",0,1/COUNTIF(H:H,H40)) -> 1 | H40: =IF(AD40="","",W40) -> 14SS JAYPARK_02_WH | I40: =IF(J40="",0,1/COUNTIF(J:J,J40)) -> 1 | J40: =IF(AD40="","",Z40&W40) -> 캡보이14SS JAYPARK_02_WH | K40: =IF(AD40="",AC40,AD40) -> 41680 | L40: =IF(YEAR(K40)<10,0&YEAR(K40),YEAR(K40))&IF(MONTH(K40)<10,0&MONTH(K40),MONTH(K40)) -> 201402 | M40: =VLOOKUP($K40,[3]주!$A:$F,6,FALSE) -> 2월 2주 | N40: =IF(VLOOKUP($Z40,생산업체!$A:$C,2,FALSE)=1,"해외","국내") -> 국내 | O40: =IF(VLOOKUP($U40,CODE!$K:$P,CODE!P$1,FALSE)="모자",T40,T40&"-"&VLOOKUP($U40,CODE!$K:$P,CODE!P$1,FALSE)) -> JAY.PARK | P40: JAY.PARK | R40: 39 | T40: JAY.PARK | U40: FI | V40: N | W40: 14SS JAYPARK_02_WH | X40: U | Y40: 1 | Z40: 캡보이 | AA40: 41673 | AB40: 41694 | AC40: 41680 | AD40: 41680 | AH40: 2
A41: =IF(B41="",0,1/COUNTIF(B:B,B41)) -> 1 | B41: =IF(AA41="","",W41) -> 14SS JAYPARK_03_GY | C41: =IF(D41="",0,1/COUNTIF(D:D,D41)) -> 1 | D41: =IF(AA41="","",Z41&W41) -> 캡보이14SS JAYPARK_03_GY | E41: =IF(YEAR(AA41)<10,0&YEAR(AA41),YEAR(AA41))&IF(MONTH(AA41)<10,0&MONTH(AA41),MONTH(AA41)) -> 201402 | F41: =VLOOKUP($AA41,[3]주!$A:$F,6,FALSE) -> 2월 1주 | G41: =IF(H41="",0,1/COUNTIF(H:H,H41)) -> 1 | H41: =IF(AD41="","",W41) -> 14SS JAYPARK_03_GY | I41: =IF(J41="",0,1/COUNTIF(J:J,J41)) -> 1 | J41: =IF(AD41="","",Z41&W41) -> 캡보이14SS JAYPARK_03_GY | K41: =IF(AD41="",AC41,AD41) -> 41680 | L41: =IF(YEAR(K41)<10,0&YEAR(K41),YEAR(K41))&IF(MONTH(K41)<10,0&MONTH(K41),MONTH(K41)) -> 201402 | M41: =VLOOKUP($K41,[3]주!$A:$F,6,FALSE) -> 2월 2주 | N41: =IF(VLOOKUP($Z41,생산업체!$A:$C,2,FALSE)=1,"해외","국내") -> 국내 | O41: =IF(VLOOKUP($U41,CODE!$K:$P,CODE!P$1,FALSE)="모자",T41,T41&"-"&VLOOKUP($U41,CODE!$K:$P,CODE!P$1,FALSE)) -> JAY.PARK | P41: JAY.PARK | R41: 40 | T41: JAY.PARK | U41: FI | V41: N | W41: 14SS JAYPARK_03_GY | X41: U | Y41: 1 | Z41: 캡보이 | AA41: 41673 | AB41: 41694 | AC41: 41680 | AD41: 41680 | AH41: 2
A42: =IF(B42="",0,1/COUNTIF(B:B,B42)) -> 1 | B42: =IF(AA42="","",W42) -> 14SS JAYPARK_04_BK | C42: =IF(D42="",0,1/COUNTIF(D:D,D42)) -> 1 | D42: =IF(AA42="","",Z42&W42) -> 캡보이14SS JAYPARK_04_BK | E42: =IF(YEAR(AA42)<10,0&YEAR(AA42),YEAR(AA42))&IF(MONTH(AA42)<10,0&MONTH(AA42),MONTH(AA42)) -> 201402 | F42: =VLOOKUP($AA42,[3]주!$A:$F,6,FALSE) -> 2월 1주 | G42: =IF(H42="",0,1/COUNTIF(H:H,H42)) -> 1 | H42: =IF(AD42="","",W42) -> 14SS JAYPARK_04_BK | I42: =IF(J42="",0,1/COUNTIF(J:J,J42)) -> 1 | J42: =IF(AD42="","",Z42&W42) -> 캡보이14SS JAYPARK_04_BK | K42: =IF(AD42="",AC42,AD42) -> 41680 | L42: =IF(YEAR(K42)<10,0&YEAR(K42),YEAR(K42))&IF(MONTH(K42)<10,0&MONTH(K42),MONTH(K42)) -> 201402 | M42: =VLOOKUP($K42,[3]주!$A:$F,6,FALSE) -> 2월 2주 | N42: =IF(VLOOKUP($Z42,생산업체!$A:$C,2,FALSE)=1,"해외","국내") -> 국내 | O42: =IF(VLOOKUP($U42,CODE!$K:$P,CODE!P$1,FALSE)="모자",T42,T42&"-"&VLOOKUP($U42,CODE!$K:$P,CODE!P$1,FALSE)) -> JAY.PARK | P42: JAY.PARK | R42: 41 | T42: JAY.PARK | U42: FI | V42: N | W42: 14SS JAYPARK_04_BK | X42: U | Y42: 1 | Z42: 캡보이 | AA42: 41673 | AB42: 41694 | AC42: 41680 | AD42: 41680 | AH42: 2
A43: =IF(B43="",0,1/COUNTIF(B:B,B43)) -> 1 | B43: =IF(AA43="","",W43) -> 14SS JAYPARK_05_RD | C43: =IF(D43="",0,1/COUNTIF(D:D,D43)) -> 1 | D43: =IF(AA43="","",Z43&W43) -> 캡보이14SS JAYPARK_05_RD | E43: =IF(YEAR(AA43)<10,0&YEAR(AA43),YEAR(AA43))&IF(MONTH(AA43)<10,0&MONTH(AA43),MONTH(AA43)) -> 201402 | F43: =VLOOKUP($AA43,[3]주!$A:$F,6,FALSE) -> 2월 1주 | G43: =IF(H43="",0,1/COUNTIF(H:H,H43)) -> 1 | H43: =IF(AD43="","",W43) -> 14SS JAYPARK_05_RD | I43: =IF(J43="",0,1/COUNTIF(J:J,J43)) -> 1 | J43: =IF(AD43="","",Z43&W43) -> 캡보이14SS JAYPARK_05_RD | K43: =IF(AD43="",AC43,AD43) -> 41680 | L43: =IF(YEAR(K43)<10,0&YEAR(K43),YEAR(K43))&IF(MONTH(K43)<10,0&MONTH(K43),MONTH(K43)) -> 201402 | M43: =VLOOKUP($K43,[3]주!$A:$F,6,FALSE) -> 2월 2주 | N43: =IF(VLOOKUP($Z43,생산업체!$A:$C,2,FALSE)=1,"해외","국내") -> 국내 | O43: =IF(VLOOKUP($U43,CODE!$K:$P,CODE!P$1,FALSE)="모자",T43,T43&"-"&VLOOKUP($U43,CODE!$K:$P,CODE!P$1,FALSE)) -> JAY.PARK | P43: JAY.PARK | R43: 42 | T43: JAY.PARK | U43: FI | V43: N | W43: 14SS JAYPARK_05_RD | X43: U | Y43: 1 | Z43: 캡보이 | AA43: 41673 | AB43: 41694 | AC43: 41680 | AD43: 41680 | AH43: 2
A44: =IF(B44="",0,1/COUNTIF(B:B,B44)) -> 1 | B44: =IF(AA44="","",W44) -> 14SS KONGHYOJIN_01_RD | C44: =IF(D44="",0,1/COUNTIF(D:D,D44)) -> 1 | D44: =IF(AA44="","",Z44&W44) -> 캡보이14SS KONGHYOJIN_01_RD | E44: =IF(YEAR(AA44)<10,0&YEAR(AA44),YEAR(AA44))&IF(MONTH(AA44)<10,0&MONTH(AA44),MONTH(AA44)) -> 201402 | F44: =VLOOKUP($AA44,[3]주!$A:$F,6,FALSE) -> 2월 3주 | G44: =IF(H44="",0,1/COUNTIF(H:H,H44)) -> 1 | H44: =IF(AD44="","",W44) -> 14SS KONGHYOJIN_01_RD | I44: =IF(J44="",0,1/COUNTIF(J:J,J44)) -> 1 | J44: =IF(AD44="","",Z44&W44) -> 캡보이14SS KONGHYOJIN_01_RD | K44: =IF(AD44="",AC44,AD44) -> 41703 | L44: =IF(YEAR(K44)<10,0&YEAR(K44),YEAR(K44))&IF(MONTH(K44)<10,0&MONTH(K44),MONTH(K44)) -> 201403 | M44: =VLOOKUP($K44,[3]주!$A:$F,6,FALSE) -> 3월 1주 | N44: =IF(VLOOKUP($Z44,생산업체!$A:$C,2,FALSE)=1,"해외","국내") -> 국내 | O44: =IF(VLOOKUP($U44,CODE!$K:$P,CODE!P$1,FALSE)="모자",T44,T44&"-"&VLOOKUP($U44,CODE!$K:$P,CODE!P$1,FALSE)) -> KONGHYOJIN | P44: KONGHYOJIN | R44: 43 | T44: KONGHYOJIN | U44: FI | V44: N | W44: 14SS KONGHYOJIN_01_RD | X44: U | Y44: 1 | Z44: 캡보이 | AA44: 41688 | AB44: 41709 | AC44: 41709 | AD44: 41703 | AH44: 2
A45: =IF(B45="",0,1/COUNTIF(B:B,B45)) -> 1 | B45: =IF(AA45="","",W45) -> 14SS KONGHYOJIN_02_BL | C45: =IF(D45="",0,1/COUNTIF(D:D,D45)) -> 1 | D45: =IF(AA45="","",Z45&W45) -> 캡보이14SS KONGHYOJIN_02_BL | E45: =IF(YEAR(AA45)<10,0&YEAR(AA45),YEAR(AA45))&IF(MONTH(AA45)<10,0&MONTH(AA45),MONTH(AA45)) -> 201402 | F45: =VLOOKUP($AA45,[3]주!$A:$F,6,FALSE) -> 2월 3주 | G45: =IF(H45="",0,1/COUNTIF(H:H,H45)) -> 1 | H45: =IF(AD45="","",W45) -> 14SS KONGHYOJIN_02_BL | I45: =IF(J45="",0,1/COUNTIF(J:J,J45)) -> 1 | J45: =IF(AD45="","",Z45&W45) -> 캡보이14SS KONGHYOJIN_02_BL | K45: =IF(AD45="",AC45,AD45) -> 41703 | L45: =IF(YEAR(K45)<10,0&YEAR(K45),YEAR(K45))&IF(MONTH(K45)<10,0&MONTH(K45),MONTH(K45)) -> 201403 | M45: =VLOOKUP($K45,[3]주!$A:$F,6,FALSE) -> 3월 1주 | N45: =IF(VLOOKUP($Z45,생산업체!$A:$C,2,FALSE)=1,"해외","국내") -> 국내 | O45: =IF(VLOOKUP($U45,CODE!$K:$P,CODE!P$1,FALSE)="모자",T45,T45&"-"&VLOOKUP($U45,CODE!$K:$P,CODE!P$1,FALSE)) -> KONGHYOJIN | P45: KONGHYOJIN | R45: 44 | T45: KONGHYOJIN | U45: FI | V45: N | W45: 14SS KONGHYOJIN_02_BL | X45: U | Y45: 1 | Z45: 캡보이 | AA45: 41688 | AB45: 41709 | AC45: 41709 | AD45: 41703 | AH45: 1
A46: =IF(B46="",0,1/COUNTIF(B:B,B46)) -> 1 | B46: =IF(AA46="","",W46) -> 14SS KONGHYOJIN_03_BK | C46: =IF(D46="",0,1/COUNTIF(D:D,D46)) -> 1 | D46: =IF(AA46="","",Z46&W46) -> 캡보이14SS KONGHYOJIN_03_BK | E46: =IF(YEAR(AA46)<10,0&YEAR(AA46),YEAR(AA46))&IF(MONTH(AA46)<10,0&MONTH(AA46),MONTH(AA46)) -> 201402 | F46: =VLOOKUP($AA46,[3]주!$A:$F,6,FALSE) -> 2월 3주 | G46: =IF(H46="",0,1/COUNTIF(H:H,H46)) -> 1 | H46: =IF(AD46="","",W46) -> 14SS KONGHYOJIN_03_BK | I46: =IF(J46="",0,1/COUNTIF(J:J,J46)) -> 1 | J46: =IF(AD46="","",Z46&W46) -> 캡보이14SS KONGHYOJIN_03_BK | K46: =IF(AD46="",AC46,AD46) -> 41705 | L46: =IF(YEAR(K46)<10,0&YEAR(K46),YEAR(K46))&IF(MONTH(K46)<10,0&MONTH(K46),MONTH(K46)) -> 201403 | M46: =VLOOKUP($K46,[3]주!$A:$F,6,FALSE) -> 3월 1주 | N46: =IF(VLOOKUP($Z46,생산업체!$A:$C,2,FALSE)=1,"해외","국내") -> 국내 | O46: =IF(VLOOKUP($U46,CODE!$K:$P,CODE!P$1,FALSE)="모자",T46,T46&"-"&VLOOKUP($U46,CODE!$K:$P,CODE!P$1,FALSE)) -> KONGHYOJIN | P46: KONGHYOJIN | R46: 45 | T46: KONGHYOJIN | U46: FI | V46: N | W46: 14SS KONGHYOJIN_03_BK | X46: U | Y46: 1 | Z46: 캡보이 | AA46: 41688 | AB46: 41709 | AC46: 41709 | AD46: 41705 | AH46: 2
A47: =IF(B47="",0,1/COUNTIF(B:B,B47)) -> 1 | B47: =IF(AA47="","",W47) -> 14SS KONGHYOJIN_04_BK | C47: =IF(D47="",0,1/COUNTIF(D:D,D47)) -> 1 | D47: =IF(AA47="","",Z47&W47) -> 캡보이14SS KONGHYOJIN_04_BK | E47: =IF(YEAR(AA47)<10,0&YEAR(AA47),YEAR(AA47))&IF(MONTH(AA47)<10,0&MONTH(AA47),MONTH(AA47)) -> 201402 | F47: =VLOOKUP($AA47,[3]주!$A:$F,6,FALSE) -> 2월 3주 | G47: =IF(H47="",0,1/COUNTIF(H:H,H47)) -> 1 | H47: =IF(AD47="","",W47) -> 14SS KONGHYOJIN_04_BK | I47: =IF(J47="",0,1/COUNTIF(J:J,J47)) -> 1 | J47: =IF(AD47="","",Z47&W47) -> 캡보이14SS KONGHYOJIN_04_BK | K47: =IF(AD47="",AC47,AD47) -> 41705 | L47: =IF(YEAR(K47)<10,0&YEAR(K47),YEAR(K47))&IF(MONTH(K47)<10,0&MONTH(K47),MONTH(K47)) -> 201403 | M47: =VLOOKUP($K47,[3]주!$A:$F,6,FALSE) -> 3월 1주 | N47: =IF(VLOOKUP($Z47,생산업체!$A:$C,2,FALSE)=1,"해외","국내") -> 국내 | O47: =IF(VLOOKUP($U47,CODE!$K:$P,CODE!P$1,FALSE)="모자",T47,T47&"-"&VLOOKUP($U47,CODE!$K:$P,CODE!P$1,FALSE)) -> KONGHYOJIN | P47: KONGHYOJIN | R47: 46 | T47: KONGHYOJIN | U47: FI | V47: N | W47: 14SS KONGHYOJIN_04_BK | X47: U | Y47: 1 | Z47: 캡보이 | AA47: 41688 | AB47: 41709 | AC47: 41709 | AD47: 41705 | AH47: 2
A48: =IF(B48="",0,1/COUNTIF(B:B,B48)) -> 1 | B48: =IF(AA48="","",W48) -> 14SS KONGHYOJIN_05_BK | C48: =IF(D48="",0,1/COUNTIF(D:D,D48)) -> 1 | D48: =IF(AA48="","",Z48&W48) -> 캡보이14SS KONGHYOJIN_05_BK | E48: =IF(YEAR(AA48)<10,0&YEAR(AA48),YEAR(AA48))&IF(MONTH(AA48)<10,0&MONTH(AA48),MONTH(AA48)) -> 201402 | F48: =VLOOKUP($AA48,[3]주!$A:$F,6,FALSE) -> 2월 3주 | G48: =IF(H48="",0,1/COUNTIF(H:H,H48)) -> 1 | H48: =IF(AD48="","",W48) -> 14SS KONGHYOJIN_05_BK | I48: =IF(J48="",0,1/COUNTIF(J:J,J48)) -> 1 | J48: =IF(AD48="","",Z48&W48) -> 캡보이14SS KONGHYOJIN_05_BK | K48: =IF(AD48="",AC48,AD48) -> 41705 | L48: =IF(YEAR(K48)<10,0&YEAR(K48),YEAR(K48))&IF(MONTH(K48)<10,0&MONTH(K48),MONTH(K48)) -> 201403 | M48: =VLOOKUP($K48,[3]주!$A:$F,6,FALSE) -> 3월 1주 | N48: =IF(VLOOKUP($Z48,생산업체!$A:$C,2,FALSE)=1,"해외","국내") -> 국내 | O48: =IF(VLOOKUP($U48,CODE!$K:$P,CODE!P$1,FALSE)="모자",T48,T48&"-"&VLOOKUP($U48,CODE!$K:$P,CODE!P$1,FALSE)) -> KONGHYOJIN | P48: KONGHYOJIN | R48: 47 | T48: KONGHYOJIN | U48: FI | V48: N | W48: 14SS KONGHYOJIN_05_BK | X48: U | Y48: 1 | Z48: 캡보이 | AA48: 41688 | AB48: 41709 | AC48: 41709 | AD48: 41705 | AH48: 1
A49: =IF(B49="",0,1/COUNTIF(B:B,B49)) -> 1 | B49: =IF(AA49="","",W49) -> 14SS KONGHYOJIN_06_WH | C49: =IF(D49="",0,1/COUNTIF(D:D,D49)) -> 1 | D49: =IF(AA49="","",Z49&W49) -> 캡보이14SS KONGHYOJIN_06_WH | E49: =IF(YEAR(AA49)<10,0&YEAR(AA49),YEAR(AA49))&IF(MONTH(AA49)<10,0&MONTH(AA49),MONTH(AA49)) -> 201402 | F49: =VLOOKUP($AA49,[3]주!$A:$F,6,FALSE) -> 2월 3주 | G49: =IF(H49="",0,1/COUNTIF(H:H,H49)) -> 1 | H49: =IF(AD49="","",W49) -> 14SS KONGHYOJIN_06_WH | I49: =IF(J49="",0,1/COUNTIF(J:J,J49)) -> 1 | J49: =IF(AD49="","",Z49&W49) -> 캡보이14SS KONGHYOJIN_06_WH | K49: =IF(AD49="",AC49,AD49) -> 41705 | L49: =IF(YEAR(K49)<10,0&YEAR(K49),YEAR(K49))&IF(MONTH(K49)<10,0&MONTH(K49),MONTH(K49)) -> 201403 | M49: =VLOOKUP($K49,[3]주!$A:$F,6,FALSE) -> 3월 1주 | N49: =IF(VLOOKUP($Z49,생산업체!$A:$C,2,FALSE)=1,"해외","국내") -> 국내 | O49: =IF(VLOOKUP($U49,CODE!$K:$P,CODE!P$1,FALSE)="모자",T49,T49&"-"&VLOOKUP($U49,CODE!$K:$P,CODE!P$1,FALSE)) -> KONGHYOJIN | P49: KONGHYOJIN | R49: 48 | T49: KONGHYOJIN | U49: FI | V49: N | W49: 14SS KONGHYOJIN_06_WH | X49: U | Y49: 1 | Z49: 캡보이 | AA49: 41688 | AB49: 41709 | AC49: 41709 | AD49: 41705 | AH49: 2
A50: =IF(B50="",0,1/COUNTIF(B:B,B50)) -> 1 | B50: =IF(AA50="","",W50) -> 14FW SMB_10_CURVED_OR_N | C50: =IF(D50="",0,1/COUNTIF(D:D,D50)) -> 1 | D50: =IF(AA50="","",Z50&W50) -> 동일모자14FW SMB_10_CURVED_OR_N | E50: =IF(YEAR(AA50)<10,0&YEAR(AA50),YEAR(AA50))&IF(MONTH(AA50)<10,0&MONTH(AA50),MONTH(AA50)) -> 201403 | F50: =VLOOKUP($AA50,[3]주!$A:$F,6,FALSE) -> 3월 1주 | G50: =IF(H50="",0,1/COUNTIF(H:H,H50)) -> 1 | H50: =IF(AD50="","",W50) -> 14FW SMB_10_CURVED_OR_N | I50: =IF(J50="",0,1/COUNTIF(J:J,J50)) -> 1 | J50: =IF(AD50="","",Z50&W50) -> 동일모자14FW SMB_10_CURVED_OR_N | K50: =IF(AD50="",AC50,AD50) -> 41733 | L50: =IF(YEAR(K50)<10,0&YEAR(K50),YEAR(K50))&IF(MONTH(K50)<10,0&MONTH(K50),MONTH(K50)) -> 201404 | M50: =VLOOKUP($K50,[3]주!$A:$F,6,FALSE) -> 3월 2주 | N50: =IF(VLOOKUP($Z50,생산업체!$A:$C,2,FALSE)=1,"해외","국내") -> 해외 | O50: =IF(VLOOKUP($U50,CODE!$K:$P,CODE!P$1,FALSE)="모자",T50,T50&"-"&VLOOKUP($U50,CODE!$K:$P,CODE!P$1,FALSE)) -> SMB | P50: SMB | R50: 49 | T50: SMB | U50: ER | V50: N | W50: 14FW SMB_10_CURVED_OR_N | X50: U | Y50: 1 | Z50: 동일모자 | AA50: 41703 | AB50: 41731 | AC50: 41739 | AD50: 41733
A51: =IF(B51="",0,1/COUNTIF(B:B,B51)) -> 1 | B51: =IF(AA51="","",W51) -> 14FW SMB_11_CURVED_PK_F | C51: =IF(D51="",0,1/COUNTIF(D:D,D51)) -> 1 | D51: =IF(AA51="","",Z51&W51) -> 동일모자14FW SMB_11_CURVED_PK_F | E51: =IF(YEAR(AA51)<10,0&YEAR(AA51),YEAR(AA51))&IF(MONTH(AA51)<10,0&MONTH(AA51),MONTH(AA51)) -> 201403 | F51: =VLOOKUP($AA51,[3]주!$A:$F,6,FALSE) -> 3월 1주 | G51: =IF(H51="",0,1/COUNTIF(H:H,H51)) -> 1 | H51: =IF(AD51="","",W51) -> 14FW SMB_11_CURVED_PK_F | I51: =IF(J51="",0,1/COUNTIF(J:J,J51)) -> 1 | J51: =IF(AD51="","",Z51&W51) -> 동일모자14FW SMB_11_CURVED_PK_F | K51: =IF(AD51="",AC51,AD51) -> 41733 | L51: =IF(YEAR(K51)<10,0&YEAR(K51),YEAR(K51))&IF(MONTH(K51)<10,0&MONTH(K51),MONTH(K51)) -> 201404 | M51: =VLOOKUP($K51,[3]주!$A:$F,6,FALSE) -> 3월 2주 | N51: =IF(VLOOKUP($Z51,생산업체!$A:$C,2,FALSE)=1,"해외","국내") -> 해외 | O51: =IF(VLOOKUP($U51,CODE!$K:$P,CODE!P$1,FALSE)="모자",T51,T51&"-"&VLOOKUP($U51,CODE!$K:$P,CODE!P$1,FALSE)) -> SMB | P51: SMB | R51: 50 | T51: SMB | U51: ER | V51: N | W51: 14FW SMB_11_CURVED_PK_F | X51: U | Y51: 1 | Z51: 동일모자 | AA51: 41703 | AB51: 41731 | AC51: 41739 | AD51: 41733
A52: =IF(B52="",0,1/COUNTIF(B:B,B52)) -> 1 | B52: =IF(AA52="","",W52) -> 14FW SMB_12_CURVED_NV_N | C52: =IF(D52="",0,1/COUNTIF(D:D,D52)) -> 1 | D52: =IF(AA52="","",Z52&W52) -> 동일모자14FW SMB_12_CURVED_NV_N | E52: =IF(YEAR(AA52)<10,0&YEAR(AA52),YEAR(AA52))&IF(MONTH(AA52)<10,0&MONTH(AA52),MONTH(AA52)) -> 201403 | F52: =VLOOKUP($AA52,[3]주!$A:$F,6,FALSE) -> 3월 1주 | G52: =IF(H52="",0,1/COUNTIF(H:H,H52)) -> 1 | H52: =IF(AD52="","",W52) -> 14FW SMB_12_CURVED_NV_N | I52: =IF(J52="",0,1/COUNTIF(J:J,J52)) -> 1 | J52: =IF(AD52="","",Z52&W52) -> 동일모자14FW SMB_12_CURVED_NV_N | K52: =IF(AD52="",AC52,AD52) -> 41733 | L52: =IF(YEAR(K52)<10,0&YEAR(K52),YEAR(K52))&IF(MONTH(K52)<10,0&MONTH(K52),MONTH(K52)) -> 201404 | M52: =VLOOKUP($K52,[3]주!$A:$F,6,FALSE) -> 3월 2주 | N52: =IF(VLOOKUP($Z52,생산업체!$A:$C,2,FALSE)=1,"해외","국내") -> 해외 | O52: =IF(VLOOKUP($U52,CODE!$K:$P,CODE!P$1,FALSE)="모자",T52,T52&"-"&VLOOKUP($U52,CODE!$K:$P,CODE!P$1,FALSE)) -> SMB | P52: SMB | R52: 51 | T52: SMB | U52: ER | V52: N | W52: 14FW SMB_12_CURVED_NV_N | X52: U | Y52: 1 | Z52: 동일모자 | AA52: 41703 | AB52: 41731 | AC52: 41739 | AD52: 41733
A53: =IF(B53="",0,1/COUNTIF(B:B,B53)) -> 1 | B53: =IF(AA53="","",W53) -> 14FW SMB_13_CURVED_BK_F | C53: =IF(D53="",0,1/COUNTIF(D:D,D53)) -> 1 | D53: =IF(AA53="","",Z53&W53) -> 동일모자14FW SMB_13_CURVED_BK_F | E53: =IF(YEAR(AA53)<10,0&YEAR(AA53),YEAR(AA53))&IF(MONTH(AA53)<10,0&MONTH(AA53),MONTH(AA53)) -> 201403 | F53: =VLOOKUP($AA53,[3]주!$A:$F,6,FALSE) -> 3월 1주 | G53: =IF(H53="",0,1/COUNTIF(H:H,H53)) -> 1 | H53: =IF(AD53="","",W53) -> 14FW SMB_13_CURVED_BK_F | I53: =IF(J53="",0,1/COUNTIF(J:J,J53)) -> 1 | J53: =IF(AD53="","",Z53&W53) -> 동일모자14FW SMB_13_CURVED_BK_F | K53: =IF(AD53="",AC53,AD53) -> 41736 | L53: =IF(YEAR(K53)<10,0&YEAR(K53),YEAR(K53))&IF(MONTH(K53)<10,0&MONTH(K53),MONTH(K53)) -> 201404 | M53: =VLOOKUP($K53,[3]주!$A:$F,6,FALSE) -> 3월 2주 | N53: =IF(VLOOKUP($Z53,생산업체!$A:$C,2,FALSE)=1,"해외","국내") -> 해외 | O53: =IF(VLOOKUP($U53,CODE!$K:$P,CODE!P$1,FALSE)="모자",T53,T53&"-"&VLOOKUP($U53,CODE!$K:$P,CODE!P$1,FALSE)) -> SMB | P53: SMB | R53: 52 | T53: SMB | U53: ER | V53: N | W53: 14FW SMB_13_CURVED_BK_F | X53: U | Y53: 1 | Z53: 동일모자 | AA53: 41703 | AB53: 41731 | AC53: 41736 | AD53: 41736
A54: =IF(B54="",0,1/COUNTIF(B:B,B54)) -> 1 | B54: =IF(AA54="","",W54) -> 14FW SMB_10_FLAT_OR_F | C54: =IF(D54="",0,1/COUNTIF(D:D,D54)) -> 1 | D54: =IF(AA54="","",Z54&W54) -> 성진14FW SMB_10_FLAT_OR_F | E54: =IF(YEAR(AA54)<10,0&YEAR(AA54),YEAR(AA54))&IF(MONTH(AA54)<10,0&MONTH(AA54),MONTH(AA54)) -> 201403 | F54: =VLOOKUP($AA54,[3]주!$A:$F,6,FALSE) -> 3월 1주 | G54: =IF(H54="",0,1/COUNTIF(H:H,H54)) -> 1 | H54: =IF(AD54="","",W54) -> 14FW SMB_10_FLAT_OR_F | I54: =IF(J54="",0,1/COUNTIF(J:J,J54)) -> 1 | J54: =IF(AD54="","",Z54&W54) -> 성진14FW SMB_10_FLAT_OR_F | K54: =IF(AD54="",AC54,AD54) -> 0.57142857 | L54: =IF(YEAR(K54)<10,0&YEAR(K54),YEAR(K54))&IF(MONTH(K54)<10,0&MONTH(K54),MONTH(K54)) -> 190001 | M54: =VLOOKUP($K54,[3]주!$A:$F,6,FALSE) -> #N/A | N54: =IF(VLOOKUP($Z54,생산업체!$A:$C,2,FALSE)=1,"해외","국내") -> 해외 | O54: =IF(VLOOKUP($U54,CODE!$K:$P,CODE!P$1,FALSE)="모자",T54,T54&"-"&VLOOKUP($U54,CODE!$K:$P,CODE!P$1,FALSE)) -> SMB | P54: SMB | R54: 53 | T54: SMB | U54: FI | V54: N | W54: 14FW SMB_10_FLAT_OR_F | X54: U | Y54: 1 | Z54: 성진 | AA54: 41703 | AB54: 41731 | AC54: 41739 | AD54: 0.57142857 | AE54: 5.95
A55: =IF(B55="",0,1/COUNTIF(B:B,B55)) -> 1 | B55: =IF(AA55="","",W55) -> 14FW SMB_11_FLAT_BK_F | C55: =IF(D55="",0,1/COUNTIF(D:D,D55)) -> 1 | D55: =IF(AA55="","",Z55&W55) -> 성진14FW SMB_11_FLAT_BK_F | E55: =IF(YEAR(AA55)<10,0&YEAR(AA55),YEAR(AA55))&IF(MONTH(AA55)<10,0&MONTH(AA55),MONTH(AA55)) -> 201403 | F55: =VLOOKUP($AA55,[3]주!$A:$F,6,FALSE) -> 3월 1주 | G55: =IF(H55="",0,1/COUNTIF(H:H,H55)) -> 1 | H55: =IF(AD55="","",W55) -> 14FW SMB_11_FLAT_BK_F | I55: =IF(J55="",0,1/COUNTIF(J:J,J55)) -> 1 | J55: =IF(AD55="","",Z55&W55) -> 성진14FW SMB_11_FLAT_BK_F | K55: =IF(AD55="",AC55,AD55) -> 0.57142857 | L55: =IF(YEAR(K55)<10,0&YEAR(K55),YEAR(K55))&IF(MONTH(K55)<10,0&MONTH(K55),MONTH(K55)) -> 190001 | M55: =VLOOKUP($K55,[3]주!$A:$F,6,FALSE) -> #N/A | N55: =IF(VLOOKUP($Z55,생산업체!$A:$C,2,FALSE)=1,"해외","국내") -> 해외 | O55: =IF(VLOOKUP($U55,CODE!$K:$P,CODE!P$1,FALSE)="모자",T55,T55&"-"&VLOOKUP($U55,CODE!$K:$P,CODE!P$1,FALSE)) -> SMB | P55: SMB | R55: 54 | T55: SMB | U55: FI | V55: N | W55: 14FW SMB_11_FLAT_BK_F | X55: U | Y55: 1 | Z55: 성진 | AA55: 41703 | AB55: 41731 | AC55: 41739 | AD55: 0.57142857 | AE55: 5.45
A56: =IF(B56="",0,1/COUNTIF(B:B,B56)) -> 1 | B56: =IF(AA56="","",W56) -> 14FW SMB_12_FLAT_PP_N | C56: =IF(D56="",0,1/COUNTIF(D:D,D56)) -> 1 | D56: =IF(AA56="","",Z56&W56) -> 성진14FW SMB_12_FLAT_PP_N | E56: =IF(YEAR(AA56)<10,0&YEAR(AA56),YEAR(AA56))&IF(MONTH(AA56)<10,0&MONTH(AA56),MONTH(AA56)) -> 201403 | F56: =VLOOKUP($AA56,[3]주!$A:$F,6,FALSE) -> 3월 1주 | G56: =IF(H56="",0,1/COUNTIF(H:H,H56)) -> 1 | H56: =IF(AD56="","",W56) -> 14FW SMB_12_FLAT_PP_N | I56: =IF(J56="",0,1/COUNTIF(J:J,J56)) -> 1 | J56: =IF(AD56="","",Z56&W56) -> 성진14FW SMB_12_FLAT_PP_N | K56: =IF(AD56="",AC56,AD56) -> 41745 | L56: =IF(YEAR(K56)<10,0&YEAR(K56),YEAR(K56))&IF(MONTH(K56)<10,0&MONTH(K56),MONTH(K56)) -> 201404 | M56: =VLOOKUP($K56,[3]주!$A:$F,6,FALSE) -> 3월 2주 | N56: =IF(VLOOKUP($Z56,생산업체!$A:$C,2,FALSE)=1,"해외","국내") -> 해외 | O56: =IF(VLOOKUP($U56,CODE!$K:$P,CODE!P$1,FALSE)="모자",T56,T56&"-"&VLOOKUP($U56,CODE!$K:$P,CODE!P$1,FALSE)) -> SMB | P56: SMB | R56: 55 | T56: SMB | U56: ER | V56: N | W56: 14FW SMB_12_FLAT_PP_N | X56: U | Y56: 1 | Z56: 성진 | AA56: 41703 | AB56: 41731 | AC56: 41739 | AD56: 41745 | AE56: 7
A57: =IF(B57="",0,1/COUNTIF(B:B,B57)) -> 1 | B57: =IF(AA57="","",W57) -> 14FW SMB_16_FLAT_GR_N_KIDS | C57: =IF(D57="",0,1/COUNTIF(D:D,D57)) -> 1 | D57: =IF(AA57="","",Z57&W57) -> 성진14FW SMB_16_FLAT_GR_N_KIDS | E57: =IF(YEAR(AA57)<10,0&YEAR(AA57),YEAR(AA57))&IF(MONTH(AA57)<10,0&MONTH(AA57),MONTH(AA57)) -> 201403 | F57: =VLOOKUP($AA57,[3]주!$A:$F,6,FALSE) -> 3월 1주 | G57: =IF(H57="",0,1/COUNTIF(H:H,H57)) -> 1 | H57: =IF(AD57="","",W57) -> 14FW SMB_16_FLAT_GR_N_KIDS | I57: =IF(J57="",0,1/COUNTIF(J:J,J57)) -> 1 | J57: =IF(AD57="","",Z57&W57) -> 성진14FW SMB_16_FLAT_GR_N_KIDS | K57: =IF(AD57="",AC57,AD57) -> 41766 | L57: =IF(YEAR(K57)<10,0&YEAR(K57),YEAR(K57))&IF(MONTH(K57)<10,0&MONTH(K57),MONTH(K57)) -> 201405 | M57: =VLOOKUP($K57,[3]주!$A:$F,6,FALSE) -> 3월 2주 | N57: =IF(VLOOKUP($Z57,생산업체!$A:$C,2,FALSE)=1,"해외","국내") -> 해외 | O57: =IF(VLOOKUP($U57,CODE!$K:$P,CODE!P$1,FALSE)="모자",T57,T57&"-"&VLOOKUP($U57,CODE!$K:$P,CODE!P$1,FALSE)) -> SMB | P57: SMB | R57: 56 | T57: SMB | U57: ER | V57: N | W57: 14FW SMB_16_FLAT_GR_N_KIDS | X57: K | Y57: 1 | Z57: 성진 | AA57: 41703 | AB57: 41731 | AC57: 41766 | AD57: 41766 | AE57: 7.3
A58: =IF(B58="",0,1/COUNTIF(B:B,B58)) -> 1 | B58: =IF(AA58="","",W58) -> 14FW SMB_17_FLAT_PK_F_KIDS | C58: =IF(D58="",0,1/COUNTIF(D:D,D58)) -> 1 | D58: =IF(AA58="","",Z58&W58) -> 성진14FW SMB_17_FLAT_PK_F_KIDS | E58: =IF(YEAR(AA58)<10,0&YEAR(AA58),YEAR(AA58))&IF(MONTH(AA58)<10,0&MONTH(AA58),MONTH(AA58)) -> 201403 | F58: =VLOOKUP($AA58,[3]주!$A:$F,6,FALSE) -> 3월 1주 | G58: =IF(H58="",0,1/COUNTIF(H:H,H58)) -> 1 | H58: =IF(AD58="","",W58) -> 14FW SMB_17_FLAT_PK_F_KIDS | I58: =IF(J58="",0,1/COUNTIF(J:J,J58)) -> 1 | J58: =IF(AD58="","",Z58&W58) -> 성진14FW SMB_17_FLAT_PK_F_KIDS | K58: =IF(AD58="",AC58,AD58) -> 41745 | L58: =IF(YEAR(K58)<10,0&YEAR(K58),YEAR(K58))&IF(MONTH(K58)<10,0&MONTH(K58),MONTH(K58)) -> 201404 | M58: =VLOOKUP($K58,[3]주!$A:$F,6,FALSE) -> 3월 2주 | N58: =IF(VLOOKUP($Z58,생산업체!$A:$C,2,FALSE)=1,"해외","국내") -> 해외 | O58: =IF(VLOOKUP($U58,CODE!$K:$P,CODE!P$1,FALSE)="모자",T58,T58&"-"&VLOOKUP($U58,CODE!$K:$P,CODE!P$1,FALSE)) -> SMB | P58: SMB | R58: 57 | T58: SMB | U58: ER | V58: N | W58: 14FW SMB_17_FLAT_PK_F_KIDS | X58: K | Y58: 1 | Z58: 성진 | AA58: 41703 | AB58: 41731 | AC58: 41739 | AD58: 41745 | AE58: 7.8
A59: =IF(B59="",0,1/COUNTIF(B:B,B59)) -> 1 | B59: =IF(AA59="","",W59) -> 14FW SMB_18_FLAT_NY_F_KIDS | C59: =IF(D59="",0,1/COUNTIF(D:D,D59)) -> 1 | D59: =IF(AA59="","",Z59&W59) -> 성진14FW SMB_18_FLAT_NY_F_KIDS | E59: =IF(YEAR(AA59)<10,0&YEAR(AA59),YEAR(AA59))&IF(MONTH(AA59)<10,0&MONTH(AA59),MONTH(AA59)) -> 201403 | F59: =VLOOKUP($AA59,[3]주!$A:$F,6,FALSE) -> 3월 1주 | G59: =IF(H59="",0,1/COUNTIF(H:H,H59)) -> 1 | H59: =IF(AD59="","",W59) -> 14FW SMB_18_FLAT_NY_F_KIDS | I59: =IF(J59="",0,1/COUNTIF(J:J,J59)) -> 1 | J59: =IF(AD59="","",Z59&W59) -> 성진14FW SMB_18_FLAT_NY_F_KIDS | K59: =IF(AD59="",AC59,AD59) -> 41736 | L59: =IF(YEAR(K59)<10,0&YEAR(K59),YEAR(K59))&IF(MONTH(K59)<10,0&MONTH(K59),MONTH(K59)) -> 201404 | M59: =VLOOKUP($K59,[3]주!$A:$F,6,FALSE) -> 3월 2주 | N59: =IF(VLOOKUP($Z59,생산업체!$A:$C,2,FALSE)=1,"해외","국내") -> 해외 | O59: =IF(VLOOKUP($U59,CODE!$K:$P,CODE!P$1,FALSE)="모자",T59,T59&"-"&VLOOKUP($U59,CODE!$K:$P,CODE!P$1,FALSE)) -> SMB | P59: SMB | R59: 58 | T59: SMB | U59: FI | V59: N | W59: 14FW SMB_18_FLAT_NY_F_KIDS | X59: K | Y59: 1 | Z59: 성진 | AA59: 41703 | AB59: 41731 | AC59: 41739 | AD59: 41736 | AE59: 6.3
A60: =IF(B60="",0,1/COUNTIF(B:B,B60)) -> 1 | B60: =IF(AA60="","",W60) -> 14FW SMB_29_FLAT_GY_N | C60: =IF(D60="",0,1/COUNTIF(D:D,D60)) -> 1 | D60: =IF(AA60="","",Z60&W60) -> 성진14FW SMB_29_FLAT_GY_N | E60: =IF(YEAR(AA60)<10,0&YEAR(AA60),YEAR(AA60))&IF(MONTH(AA60)<10,0&MONTH(AA60),MONTH(AA60)) -> 201403 | F60: =VLOOKUP($AA60,[3]주!$A:$F,6,FALSE) -> 3월 1주 | G60: =IF(H60="",0,1/COUNTIF(H:H,H60)) -> 1 | H60: =IF(AD60="","",W60) -> 14FW SMB_29_FLAT_GY_N | I60: =IF(J60="",0,1/COUNTIF(J:J,J60)) -> 1 | J60: =IF(AD60="","",Z60&W60) -> 성진14FW SMB_29_FLAT_GY_N | K60: =IF(AD60="",AC60,AD60) -> 41745 | L60: =IF(YEAR(K60)<10,0&YEAR(K60),YEAR(K60))&IF(MONTH(K60)<10,0&MONTH(K60),MONTH(K60)) -> 201404 | M60: =VLOOKUP($K60,[3]주!$A:$F,6,FALSE) -> 3월 2주 | N60: =IF(VLOOKUP($Z60,생산업체!$A:$C,2,FALSE)=1,"해외","국내") -> 해외 | O60: =IF(VLOOKUP($U60,CODE!$K:$P,CODE!P$1,FALSE)="모자",T60,T60&"-"&VLOOKUP($U60,CODE!$K:$P,CODE!P$1,FALSE)) -> SMB | P60: SMB | R60: 59 | T60: SMB | U60: ER | V60: N | W60: 14FW SMB_29_FLAT_GY_N | X60: U | Y60: 1 | Z60: 성진 | AA60: 41703 | AB60: 41731 | AC60: 41739 | AD60: 41745 | AE60: 6.7
A61: =IF(B61="",0,1/COUNTIF(B:B,B61)) -> 1 | B61: =IF(AA61="","",W61) -> 14FW SMB_30_FLAT_D.GY_N | C61: =IF(D61="",0,1/COUNTIF(D:D,D61)) -> 1 | D61: =IF(AA61="","",Z61&W61) -> 성진14FW SMB_30_FLAT_D.GY_N | E61: =IF(YEAR(AA61)<10,0&YEAR(AA61),YEAR(AA61))&IF(MONTH(AA61)<10,0&MONTH(AA61),MONTH(AA61)) -> 201403 | F61: =VLOOKUP($AA61,[3]주!$A:$F,6,FALSE) -> 3월 1주 | G61: =IF(H61="",0,1/COUNTIF(H:H,H61)) -> 1 | H61: =IF(AD61="","",W61) -> 14FW SMB_30_FLAT_D.GY_N | I61: =IF(J61="",0,1/COUNTIF(J:J,J61)) -> 1 | J61: =IF(AD61="","",Z61&W61) -> 성진14FW SMB_30_FLAT_D.GY_N | K61: =IF(AD61="",AC61,AD61) -> 41745 | L61: =IF(YEAR(K61)<10,0&YEAR(K61),YEAR(K61))&IF(MONTH(K61)<10,0&MONTH(K61),MONTH(K61)) -> 201404 | M61: =VLOOKUP($K61,[3]주!$A:$F,6,FALSE) -> 3월 2주 | N61: =IF(VLOOKUP($Z61,생산업체!$A:$C,2,FALSE)=1,"해외","국내") -> 해외 | O61: =IF(VLOOKUP($U61,CODE!$K:$P,CODE!P$1,FALSE)="모자",T61,T61&"-"&VLOOKUP($U61,CODE!$K:$P,CODE!P$1,FALSE)) -> SMB | P61: SMB | R61: 60 | T61: SMB | U61: ER | V61: N | W61: 14FW SMB_30_FLAT_D.GY_N | X61: U | Y61: 1 | Z61: 성진 | AA61: 41703 | AB61: 41731 | AC61: 41739 | AD61: 41745 | AE61: 7.8
A62: =IF(B62="",0,1/COUNTIF(B:B,B62)) -> 1 | B62: =IF(AA62="","",W62) -> 14FW SMB_31_FLAT_NY_F_KIDS | C62: =IF(D62="",0,1/COUNTIF(D:D,D62)) -> 1 | D62: =IF(AA62="","",Z62&W62) -> 성진14FW SMB_31_FLAT_NY_F_KIDS | E62: =IF(YEAR(AA62)<10,0&YEAR(AA62),YEAR(AA62))&IF(MONTH(AA62)<10,0&MONTH(AA62),MONTH(AA62)) -> 201403 | F62: =VLOOKUP($AA62,[3]주!$A:$F,6,FALSE) -> 3월 1주 | G62: =IF(H62="",0,1/COUNTIF(H:H,H62)) -> 1 | H62: =IF(AD62="","",W62) -> 14FW SMB_31_FLAT_NY_F_KIDS | I62: =IF(J62="",0,1/COUNTIF(J:J,J62)) -> 1 | J62: =IF(AD62="","",Z62&W62) -> 성진14FW SMB_31_FLAT_NY_F_KIDS | K62: =IF(AD62="",AC62,AD62) -> 41736 | L62: =IF(YEAR(K62)<10,0&YEAR(K62),YEAR(K62))&IF(MONTH(K62)<10,0&MONTH(K62),MONTH(K62)) -> 201404 | M62: =VLOOKUP($K62,[3]주!$A:$F,6,FALSE) -> 3월 2주 | N62: =IF(VLOOKUP($Z62,생산업체!$A:$C,2,FALSE)=1,"해외","국내") -> 해외 | O62: =IF(VLOOKUP($U62,CODE!$K:$P,CODE!P$1,FALSE)="모자",T62,T62&"-"&VLOOKUP($U62,CODE!$K:$P,CODE!P$1,FALSE)) -> SMB | P62: SMB | R62: 61 | T62: SMB | U62: FI | V62: N | W62: 14FW SMB_31_FLAT_NY_F_KIDS | X62: K | Y62: 1 | Z62: 성진 | AA62: 41703 | AB62: 41731 | AC62: 41739 | AD62: 41736 | AE62: 6.6
A63: =IF(B63="",0,1/COUNTIF(B:B,B63)) -> 1 | B63: =IF(AA63="","",W63) -> 14FW SMB_07_FLAT_BK_N | C63: =IF(D63="",0,1/COUNTIF(D:D,D63)) -> 1 | D63: =IF(AA63="","",Z63&W63) -> QF14FW SMB_07_FLAT_BK_N | E63: =IF(YEAR(AA63)<10,0&YEAR(AA63),YEAR(AA63))&IF(MONTH(AA63)<10,0&MONTH(AA63),MONTH(AA63)) -> 201403 | F63: =VLOOKUP($AA63,[3]주!$A:$F,6,FALSE) -> 3월 1주 | G63: =IF(H63="",0,1/COUNTIF(H:H,H63)) -> 1 | H63: =IF(AD63="","",W63) -> 14FW SMB_07_FLAT_BK_N | I63: =IF(J63="",0,1/COUNTIF(J:J,J63)) -> 1 | J63: =IF(AD63="","",Z63&W63) -> QF14FW SMB_07_FLAT_BK_N | K63: =IF(AD63="",AC63,AD63) -> 41738 | L63: =IF(YEAR(K63)<10,0&YEAR(K63),YEAR(K63))&IF(MONTH(K63)<10,0&MONTH(K63),MONTH(K63)) -> 201404 | M63: =VLOOKUP($K63,[3]주!$A:$F,6,FALSE) -> 3월 2주 | N63: =IF(VLOOKUP($Z63,생산업체!$A:$C,2,FALSE)=1,"해외","국내") -> 해외 | O63: =IF(VLOOKUP($U63,CODE!$K:$P,CODE!P$1,FALSE)="모자",T63,T63&"-"&VLOOKUP($U63,CODE!$K:$P,CODE!P$1,FALSE)) -> SMB | P63: SMB | R63: 62 | T63: SMB | U63: FI | V63: N | W63: 14FW SMB_07_FLAT_BK_N | X63: U | Y63: 1 | Z63: QF | AA63: 41703 | AB63: 41731 | AC63: 41734 | AD63: 41738 | AE63: 2.9
A64: =IF(B64="",0,1/COUNTIF(B:B,B64)) -> 1 | B64: =IF(AA64="","",W64) -> 14FW SMB_08_FLAT_BK_N | C64: =IF(D64="",0,1/COUNTIF(D:D,D64)) -> 1 | D64: =IF(AA64="","",Z64&W64) -> QF14FW SMB_08_FLAT_BK_N | E64: =IF(YEAR(AA64)<10,0&YEAR(AA64),YEAR(AA64))&IF(MONTH(AA64)<10,0&MONTH(AA64),MONTH(AA64)) -> 201403 | F64: =VLOOKUP($AA64,[3]주!$A:$F,6,FALSE) -> 3월 1주 | G64: =IF(H64="",0,1/COUNTIF(H:H,H64)) -> 1 | H64: =IF(AD64="","",W64) -> 14FW SMB_08_FLAT_BK_N | I64: =IF(J64="",0,1/COUNTIF(J:J,J64)) -> 1 | J64: =IF(AD64="","",Z64&W64) -> QF14FW SMB_08_FLAT_BK_N | K64: =IF(AD64="",AC64,AD64) -> 41738 | L64: =IF(YEAR(K64)<10,0&YEAR(K64),YEAR(K64))&IF(MONTH(K64)<10,0&MONTH(K64),MONTH(K64)) -> 201404 | M64: =VLOOKUP($K64,[3]주!$A:$F,6,FALSE) -> 3월 2주 | N64: =IF(VLOOKUP($Z64,생산업체!$A:$C,2,FALSE)=1,"해외","국내") -> 해외 | O64: =IF(VLOOKUP($U64,CODE!$K:$P,CODE!P$1,FALSE)="모자",T64,T64&"-"&VLOOKUP($U64,CODE!$K:$P,CODE!P$1,FALSE)) -> SMB | P64: SMB | R64: 63 | T64: SMB | U64: FI | V64: N | W64: 14FW SMB_08_FLAT_BK_N | X64: U | Y64: 1 | Z64: QF | AA64: 41703 | AB64: 41731 | AC64: 41734 | AD64: 41738 | AE64: 2.7 | AJ64: 客供主料
A65: =IF(B65="",0,1/COUNTIF(B:B,B65)) -> 1 | B65: =IF(AA65="","",W65) -> 14FW SMB_09_FLAT_RE_N | C65: =IF(D65="",0,1/COUNTIF(D:D,D65)) -> 1 | D65: =IF(AA65="","",Z65&W65) -> QF14FW SMB_09_FLAT_RE_N | E65: =IF(YEAR(AA65)<10,0&YEAR(AA65),YEAR(AA65))&IF(MONTH(AA65)<10,0&MONTH(AA65),MONTH(AA65)) -> 201403 | F65: =VLOOKUP($AA65,[3]주!$A:$F,6,FALSE) -> 3월 1주 | G65: =IF(H65="",0,1/COUNTIF(H:H,H65)) -> 1 | H65: =IF(AD65="","",W65) -> 14FW SMB_09_FLAT_RE_N | I65: =IF(J65="",0,1/COUNTIF(J:J,J65)) -> 1 | J65: =IF(AD65="","",Z65&W65) -> QF14FW SMB_09_FLAT_RE_N | K65: =IF(AD65="",AC65,AD65) -> 41743 | L65: =IF(YEAR(K65)<10,0&YEAR(K65),YEAR(K65))&IF(MONTH(K65)<10,0&MONTH(K65),MONTH(K65)) -> 201404 | M65: =VLOOKUP($K65,[3]주!$A:$F,6,FALSE) -> 3월 2주 | N65: =IF(VLOOKUP($Z65,생산업체!$A:$C,2,FALSE)=1,"해외","국내") -> 해외 | O65: =IF(VLOOKUP($U65,CODE!$K:$P,CODE!P$1,FALSE)="모자",T65,T65&"-"&VLOOKUP($U65,CODE!$K:$P,CODE!P$1,FALSE)) -> SMB | P65: SMB | R65: 64 | T65: SMB | U65: FI | V65: N | W65: 14FW SMB_09_FLAT_RE_N | X65: U | Y65: 1 | Z65: QF | AA65: 41703 | AB65: 41731 | AC65: 41734 | AD65: 41743 | AE65: 3.7
A66: =IF(B66="",0,1/COUNTIF(B:B,B66)) -> 1 | B66: =IF(AA66="","",W66) -> 14FW SMB_14_FLAT_BK_N | C66: =IF(D66="",0,1/COUNTIF(D:D,D66)) -> 1 | D66: =IF(AA66="","",Z66&W66) -> QF14FW SMB_14_FLAT_BK_N | E66: =IF(YEAR(AA66)<10,0&YEAR(AA66),YEAR(AA66))&IF(MONTH(AA66)<10,0&MONTH(AA66),MONTH(AA66)) -> 201403 | F66: =VLOOKUP($AA66,[3]주!$A:$F,6,FALSE) -> 3월 1주 | G66: =IF(H66="",0,1/COUNTIF(H:H,H66)) -> 1 | H66: =IF(AD66="","",W66) -> 14FW SMB_14_FLAT_BK_N | I66: =IF(J66="",0,1/COUNTIF(J:J,J66)) -> 1 | J66: =IF(AD66="","",Z66&W66) -> QF14FW SMB_14_FLAT_BK_N | K66: =IF(AD66="",AC66,AD66) -> 41738 | L66: =IF(YEAR(K66)<10,0&YEAR(K66),YEAR(K66))&IF(MONTH(K66)<10,0&MONTH(K66),MONTH(K66)) -> 201404 | M66: =VLOOKUP($K66,[3]주!$A:$F,6,FALSE) -> 3월 2주 | N66: =IF(VLOOKUP($Z66,생산업체!$A:$C,2,FALSE)=1,"해외","국내") -> 해외 | O66: =IF(VLOOKUP($U66,CODE!$K:$P,CODE!P$1,FALSE)="모자",T66,T66&"-"&VLOOKUP($U66,CODE!$K:$P,CODE!P$1,FALSE)) -> SMB | P66: SMB | R66: 65 | T66: SMB | U66: ER | V66: N | W66: 14FW SMB_14_FLAT_BK_N | X66: U | Y66: 1 | Z66: QF | AA66: 41703 | AB66: 41731 | AC66: 41734 | AD66: 41738 | AE66: 3.7 | AJ66: 客供主料
A67: =IF(B67="",0,1/COUNTIF(B:B,B67)) -> 0.5 | B67: =IF(AA67="","",W67) -> 14FW SMB_19_FLAT_BK_N | C67: =IF(D67="",0,1/COUNTIF(D:D,D67)) -> 1 | D67: =IF(AA67="","",Z67&W67) -> QF14FW SMB_19_FLAT_BK_N | E67: =IF(YEAR(AA67)<10,0&YEAR(AA67),YEAR(AA67))&IF(MONTH(AA67)<10,0&MONTH(AA67),MONTH(AA67)) -> 201403 | F67: =VLOOKUP($AA67,[3]주!$A:$F,6,FALSE) -> 3월 1주 | G67: =IF(H67="",0,1/COUNTIF(H:H,H67)) -> 0.5 | H67: =IF(AD67="","",W67) -> 14FW SMB_19_FLAT_BK_N | I67: =IF(J67="",0,1/COUNTIF(J:J,J67)) -> 1 | J67: =IF(AD67="","",Z67&W67) -> QF14FW SMB_19_FLAT_BK_N | K67: =IF(AD67="",AC67,AD67) -> 41738 | L67: =IF(YEAR(K67)<10,0&YEAR(K67),YEAR(K67))&IF(MONTH(K67)<10,0&MONTH(K67),MONTH(K67)) -> 201404 | M67: =VLOOKUP($K67,[3]주!$A:$F,6,FALSE) -> 3월 2주 | N67: =IF(VLOOKUP($Z67,생산업체!$A:$C,2,FALSE)=1,"해외","국내") -> 해외 | O67: =IF(VLOOKUP($U67,CODE!$K:$P,CODE!P$1,FALSE)="모자",T67,T67&"-"&VLOOKUP($U67,CODE!$K:$P,CODE!P$1,FALSE)) -> SMB | P67: SMB | R67: 66 | T67: SMB | U67: FI | V67: N | W67: 14FW SMB_19_FLAT_BK_N | X67: U | Y67: 0.5 | Z67: QF | AA67: 41703 | AB67: 41731 | AC67: 41734 | AD67: 41738 | AE67: 3 | AJ67: 帽眉料客供
A68: =IF(B68="",0,1/COUNTIF(B:B,B68)) -> 1 | B68: =IF(AA68="","",W68) -> 14FW SMB_21_FLAT_NV_N | C68: =IF(D68="",0,1/COUNTIF(D:D,D68)) -> 1 | D68: =IF(AA68="","",Z68&W68) -> QF14FW SMB_21_FLAT_NV_N | E68: =IF(YEAR(AA68)<10,0&YEAR(AA68),YEAR(AA68))&IF(MONTH(AA68)<10,0&MONTH(AA68),MONTH(AA68)) -> 201403 | F68: =VLOOKUP($AA68,[3]주!$A:$F,6,FALSE) -> 3월 1주 | G68: =IF(H68="",0,1/COUNTIF(H:H,H68)) -> 1 | H68: =IF(AD68="","",W68) -> 14FW SMB_21_FLAT_NV_N | I68: =IF(J68="",0,1/COUNTIF(J:J,J68)) -> 1 | J68: =IF(AD68="","",Z68&W68) -> QF14FW SMB_21_FLAT_NV_N | K68: =IF(AD68="",AC68,AD68) -> 41738 | L68: =IF(YEAR(K68)<10,0&YEAR(K68),YEAR(K68))&IF(MONTH(K68)<10,0&MONTH(K68),MONTH(K68)) -> 201404 | M68: =VLOOKUP($K68,[3]주!$A:$F,6,FALSE) -> 3월 2주 | N68: =IF(VLOOKUP($Z68,생산업체!$A:$C,2,FALSE)=1,"해외","국내") -> 해외 | O68: =IF(VLOOKUP($U68,CODE!$K:$P,CODE!P$1,FALSE)="모자",T68,T68&"-"&VLOOKUP($U68,CODE!$K:$P,CODE!P$1,FALSE)) -> SMB | P68: SMB | R68: 67 | T68: SMB | U68: FI | V68: N | W68: 14FW SMB_21_FLAT_NV_N | X68: U | Y68: 1 | Z68: QF | AA68: 41703 | AB68: 41731 | AC68: 41734 | AD68: 41738 | AE68: 3.5
A69: =IF(B69="",0,1/COUNTIF(B:B,B69)) -> 1 | B69: =IF(AA69="","",W69) -> 14FW SMB_22_FLAT_RD_N | C69: =IF(D69="",0,1/COUNTIF(D:D,D69)) -> 1 | D69: =IF(AA69="","",Z69&W69) -> QF14FW SMB_22_FLAT_RD_N | E69: =IF(YEAR(AA69)<10,0&YEAR(AA69),YEAR(AA69))&IF(MONTH(AA69)<10,0&MONTH(AA69),MONTH(AA69)) -> 201403 | F69: =VLOOKUP($AA69,[3]주!$A:$F,6,FALSE) -> 3월 1주 | G69: =IF(H69="",0,1/COUNTIF(H:H,H69)) -> 1 | H69: =IF(AD69="","",W69) -> 14FW SMB_22_FLAT_RD_N | I69: =IF(J69="",0,1/COUNTIF(J:J,J69)) -> 1 | J69: =IF(AD69="","",Z69&W69) -> QF14FW SMB_22_FLAT_RD_N | K69: =IF(AD69="",AC69,AD69) -> 41738 | L69: =IF(YEAR(K69)<10,0&YEAR(K69),YEAR(K69))&IF(MONTH(K69)<10,0&MONTH(K69),MONTH(K69)) -> 201404 | M69: =VLOOKUP($K69,[3]주!$A:$F,6,FALSE) -> 3월 2주 | N69: =IF(VLOOKUP($Z69,생산업체!$A:$C,2,FALSE)=1,"해외","국내") -> 해외 | O69: =IF(VLOOKUP($U69,CODE!$K:$P,CODE!P$1,FALSE)="모자",T69,T69&"-"&VLOOKUP($U69,CODE!$K:$P,CODE!P$1,FALSE)) -> SMB | P69: SMB | R69: 68 | T69: SMB | U69: FI | V69: N | W69: 14FW SMB_22_FLAT_RD_N | X69: U | Y69: 1 | Z69: QF | AA69: 41703 | AB69: 41731 | AC69: 41734 | AD69: 41738 | AE69: 3.5
A70: =IF(B70="",0,1/COUNTIF(B:B,B70)) -> 1 | B70: =IF(AA70="","",W70) -> 14FW SMB_23_FLAT_NV_N | C70: =IF(D70="",0,1/COUNTIF(D:D,D70)) -> 1 | D70: =IF(AA70="","",Z70&W70) -> QF14FW SMB_23_FLAT_NV_N | E70: =IF(YEAR(AA70)<10,0&YEAR(AA70),YEAR(AA70))&IF(MONTH(AA70)<10,0&MONTH(AA70),MONTH(AA70)) -> 201403 | F70: =VLOOKUP($AA70,[3]주!$A:$F,6,FALSE) -> 3월 1주 | G70: =IF(H70="",0,1/COUNTIF(H:H,H70)) -> 1 | H70: =IF(AD70="","",W70) -> 14FW SMB_23_FLAT_NV_N | I70: =IF(J70="",0,1/COUNTIF(J:J,J70)) -> 1 | J70: =IF(AD70="","",Z70&W70) -> QF14FW SMB_23_FLAT_NV_N | K70: =IF(AD70="",AC70,AD70) -> 41743 | L70: =IF(YEAR(K70)<10,0&YEAR(K70),YEAR(K70))&IF(MONTH(K70)<10,0&MONTH(K70),MONTH(K70)) -> 201404 | M70: =VLOOKUP($K70,[3]주!$A:$F,6,FALSE) -> 3월 2주 | N70: =IF(VLOOKUP($Z70,생산업체!$A:$C,2,FALSE)=1,"해외","국내") -> 해외 | O70: =IF(VLOOKUP($U70,CODE!$K:$P,CODE!P$1,FALSE)="모자",T70,T70&"-"&VLOOKUP($U70,CODE!$K:$P,CODE!P$1,FALSE)) -> SMB | P70: SMB | R70: 69 | T70: SMB | U70: FI | V70: N | W70: 14FW SMB_23_FLAT_NV_N | X70: U | Y70: 1 | Z70: QF | AA70: 41703 | AB70: 41731 | AC70: 41734 | AD70: 41743 | AE70: 3.3 | AJ70: 前页+帽眉料客供
A71: =IF(B71="",0,1/COUNTIF(B:B,B71)) -> 1 | B71: =IF(AA71="","",W71) -> 14FW SMB_24_FLAT_BK_N | C71: =IF(D71="",0,1/COUNTIF(D:D,D71)) -> 1 | D71: =IF(AA71="","",Z71&W71) -> QF14FW SMB_24_FLAT_BK_N | E71: =IF(YEAR(AA71)<10,0&YEAR(AA71),YEAR(AA71))&IF(MONTH(AA71)<10,0&MONTH(AA71),MONTH(AA71)) -> 201403 | F71: =VLOOKUP($AA71,[3]주!$A:$F,6,FALSE) -> 3월 1주 | G71: =IF(H71="",0,1/COUNTIF(H:H,H71)) -> 1 | H71: =IF(AD71="","",W71) -> 14FW SMB_24_FLAT_BK_N | I71: =IF(J71="",0,1/COUNTIF(J:J,J71)) -> 1 | J71: =IF(AD71="","",Z71&W71) -> QF14FW SMB_24_FLAT_BK_N | K71: =IF(AD71="",AC71,AD71) -> 41738 | L71: =IF(YEAR(K71)<10,0&YEAR(K71),YEAR(K71))&IF(MONTH(K71)<10,0&MONTH(K71),MONTH(K71)) -> 201404 | M71: =VLOOKUP($K71,[3]주!$A:$F,6,FALSE) -> 3월 2주 | N71: =IF(VLOOKUP($Z71,생산업체!$A:$C,2,FALSE)=1,"해외","국내") -> 해외 | O71: =IF(VLOOKUP($U71,CODE!$K:$P,CODE!P$1,FALSE)="모자",T71,T71&"-"&VLOOKUP($U71,CODE!$K:$P,CODE!P$1,FALSE)) -> SMB | P71: SMB | R71: 70 | T71: SMB | U71: FI | V71: N | W71: 14FW SMB_24_FLAT_BK_N | X71: U | Y71: 1 | Z71: QF | AA71: 41703 | AB71: 41731 | AC71: 41734 | AD71: 41738 | AE71: 3.4 | AJ71: 帽眉料客供
A72: =IF(B72="",0,1/COUNTIF(B:B,B72)) -> 1 | B72: =IF(AA72="","",W72) -> 14FW SMB_26_FLAT_RD_N | C72: =IF(D72="",0,1/COUNTIF(D:D,D72)) -> 1 | D72: =IF(AA72="","",Z72&W72) -> QF14FW SMB_26_FLAT_RD_N | E72: =IF(YEAR(AA72)<10,0&YEAR(AA72),YEAR(AA72))&IF(MONTH(AA72)<10,0&MONTH(AA72),MONTH(AA72)) -> 201403 | F72: =VLOOKUP($AA72,[3]주!$A:$F,6,FALSE) -> 3월 1주 | G72: =IF(H72="",0,1/COUNTIF(H:H,H72)) -> 1 | H72: =IF(AD72="","",W72) -> 14FW SMB_26_FLAT_RD_N | I72: =IF(J72="",0,1/COUNTIF(J:J,J72)) -> 1 | J72: =IF(AD72="","",Z72&W72) -> QF14FW SMB_26_FLAT_RD_N | K72: =IF(AD72="",AC72,AD72) -> 41738 | L72: =IF(YEAR(K72)<10,0&YEAR(K72),YEAR(K72))&IF(MONTH(K72)<10,0&MONTH(K72),MONTH(K72)) -> 201404 | M72: =VLOOKUP($K72,[3]주!$A:$F,6,FALSE) -> 3월 2주 | N72: =IF(VLOOKUP($Z72,생산업체!$A:$C,2,FALSE)=1,"해외","국내") -> 해외 | O72: =IF(VLOOKUP($U72,CODE!$K:$P,CODE!P$1,FALSE)="모자",T72,T72&"-"&VLOOKUP($U72,CODE!$K:$P,CODE!P$1,FALSE)) -> SMB | P72: SMB | R72: 71 | T72: SMB | U72: ER | V72: N | W72: 14FW SMB_26_FLAT_RD_N | X72: U | Y72: 1 | Z72: QF | AA72: 41703 | AB72: 41731 | AC72: 41734 | AD72: 41738 | AE72: 5
A73: =IF(B73="",0,1/COUNTIF(B:B,B73)) -> 1 | B73: =IF(AA73="","",W73) -> 14FW SMB_27_FLAT_BL_N | C73: =IF(D73="",0,1/COUNTIF(D:D,D73)) -> 1 | D73: =IF(AA73="","",Z73&W73) -> QF14FW SMB_27_FLAT_BL_N | E73: =IF(YEAR(AA73)<10,0&YEAR(AA73),YEAR(AA73))&IF(MONTH(AA73)<10,0&MONTH(AA73),MONTH(AA73)) -> 201403 | F73: =VLOOKUP($AA73,[3]주!$A:$F,6,FALSE) -> 3월 1주 | G73: =IF(H73="",0,1/COUNTIF(H:H,H73)) -> 1 | H73: =IF(AD73="","",W73) -> 14FW SMB_27_FLAT_BL_N | I73: =IF(J73="",0,1/COUNTIF(J:J,J73)) -> 1 | J73: =IF(AD73="","",Z73&W73) -> QF14FW SMB_27_FLAT_BL_N | K73: =IF(AD73="",AC73,AD73) -> 41738 | L73: =IF(YEAR(K73)<10,0&YEAR(K73),YEAR(K73))&IF(MONTH(K73)<10,0&MONTH(K73),MONTH(K73)) -> 201404 | M73: =VLOOKUP($K73,[3]주!$A:$F,6,FALSE) -> 3월 2주 | N73: =IF(VLOOKUP($Z73,생산업체!$A:$C,2,FALSE)=1,"해외","국내") -> 해외 | O73: =IF(VLOOKUP($U73,CODE!$K:$P,CODE!P$1,FALSE)="모자",T73,T73&"-"&VLOOKUP($U73,CODE!$K:$P,CODE!P$1,FALSE)) -> SMB | P73: SMB | R73: 72 | T73: SMB | U73: ER | V73: N | W73: 14FW SMB_27_FLAT_BL_N | X73: U | Y73: 1 | Z73: QF | AA73: 41703 | AB73: 41731 | AC73: 41734 | AD73: 41738 | AE73: 3.5 | AJ73: 客供主料毛呢
A74: =IF(B74="",0,1/COUNTIF(B:B,B74)) -> 1 | B74: =IF(AA74="","",W74) -> 14FW SMB_28_FLAT_BG_N | C74: =IF(D74="",0,1/COUNTIF(D:D,D74)) -> 1 | D74: =IF(AA74="","",Z74&W74) -> QF14FW SMB_28_FLAT_BG_N | E74: =IF(YEAR(AA74)<10,0&YEAR(AA74),YEAR(AA74))&IF(MONTH(AA74)<10,0&MONTH(AA74),MONTH(AA74)) -> 201403 | F74: =VLOOKUP($AA74,[3]주!$A:$F,6,FALSE) -> 3월 1주 | G74: =IF(H74="",0,1/COUNTIF(H:H,H74)) -> 1 | H74: =IF(AD74="","",W74) -> 14FW SMB_28_FLAT_BG_N | I74: =IF(J74="",0,1/COUNTIF(J:J,J74)) -> 1 | J74: =IF(AD74="","",Z74&W74) -> QF14FW SMB_28_FLAT_BG_N | K74: =IF(AD74="",AC74,AD74) -> 41743 | L74: =IF(YEAR(K74)<10,0&YEAR(K74),YEAR(K74))&IF(MONTH(K74)<10,0&MONTH(K74),MONTH(K74)) -> 201404 | M74: =VLOOKUP($K74,[3]주!$A:$F,6,FALSE) -> 3월 2주 | N74: =IF(VLOOKUP($Z74,생산업체!$A:$C,2,FALSE)=1,"해외","국내") -> 해외 | O74: =IF(VLOOKUP($U74,CODE!$K:$P,CODE!P$1,FALSE)="모자",T74,T74&"-"&VLOOKUP($U74,CODE!$K:$P,CODE!P$1,FALSE)) -> SMB | P74: SMB | R74: 73 | T74: SMB | U74: ER | V74: N | W74: 14FW SMB_28_FLAT_BG_N | X74: U | Y74: 1 | Z74: QF | AA74: 41703 | AB74: 41731 | AC74: 41734 | AD74: 41743 | AE74: 3.8 | AJ74: 客供主料毛呢
A75: =IF(B75="",0,1/COUNTIF(B:B,B75)) -> 1 | B75: =IF(AA75="","",W75) -> 14FW SMB_09_FLAT_BK_N | C75: =IF(D75="",0,1/COUNTIF(D:D,D75)) -> 1 | D75: =IF(AA75="","",Z75&W75) -> 캡보이214FW SMB_09_FLAT_BK_N | E75: =IF(YEAR(AA75)<10,0&YEAR(AA75),YEAR(AA75))&IF(MONTH(AA75)<10,0&MONTH(AA75),MONTH(AA75)) -> 201403 | F75: =VLOOKUP($AA75,[3]주!$A:$F,6,FALSE) -> 3월 1주 | G75: =IF(H75="",0,1/COUNTIF(H:H,H75)) -> 1 | H75: =IF(AD75="","",W75) -> 14FW SMB_09_FLAT_BK_N | I75: =IF(J75="",0,1/COUNTIF(J:J,J75)) -> 1 | J75: =IF(AD75="","",Z75&W75) -> 캡보이214FW SMB_09_FLAT_BK_N | K75: =IF(AD75="",AC75,AD75) -> 41743 | L75: =IF(YEAR(K75)<10,0&YEAR(K75),YEAR(K75))&IF(MONTH(K75)<10,0&MONTH(K75),MONTH(K75)) -> 201404 | M75: =VLOOKUP($K75,[3]주!$A:$F,6,FALSE) -> 3월 2주 | N75: =IF(VLOOKUP($Z75,생산업체!$A:$C,2,FALSE)=1,"해외","국내") -> 해외 | O75: =IF(VLOOKUP($U75,CODE!$K:$P,CODE!P$1,FALSE)="모자",T75,T75&"-"&VLOOKUP($U75,CODE!$K:$P,CODE!P$1,FALSE)) -> SMB | P75: SMB | R75: 74 | T75: SMB | U75: FI | V75: N | W75: 14FW SMB_09_FLAT_BK_N | X75: U | Y75: 1 | Z75: 캡보이2 | AA75: 41703 | AB75: 41731 | AC75: 41717 | AD75: 41743
A76: =IF(B76="",0,1/COUNTIF(B:B,B76)) -> 1 | B76: =IF(AA76="","",W76) -> 14FW SMB_13_FLAT_GR_N | C76: =IF(D76="",0,1/COUNTIF(D:D,D76)) -> 1 | D76: =IF(AA76="","",Z76&W76) -> 동일모자14FW SMB_13_FLAT_GR_N | E76: =IF(YEAR(AA76)<10,0&YEAR(AA76),YEAR(AA76))&IF(MONTH(AA76)<10,0&MONTH(AA76),MONTH(AA76)) -> 201403 | F76: =VLOOKUP($AA76,[3]주!$A:$F,6,FALSE) -> 3월 1주 | G76: =IF(H76="",0,1/COUNTIF(H:H,H76)) -> 1 | H76: =IF(AD76="","",W76) -> 14FW SMB_13_FLAT_GR_N | I76: =IF(J76="",0,1/COUNTIF(J:J,J76)) -> 1 | J76: =IF(AD76="","",Z76&W76) -> 동일모자14FW SMB_13_FLAT_GR_N | K76: =IF(AD76="",AC76,AD76) -> 41730 | L76: =IF(YEAR(K76)<10,0&YEAR(K76),YEAR(K76))&IF(MONTH(K76)<10,0&MONTH(K76),MONTH(K76)) -> 201404 | M76: =VLOOKUP($K76,[3]주!$A:$F,6,FALSE) -> 3월 2주 | N76: =IF(VLOOKUP($Z76,생산업체!$A:$C,2,FALSE)=1,"해외","국내") -> 해외 | O76: =IF(VLOOKUP($U76,CODE!$K:$P,CODE!P$1,FALSE)="모자",T76,T76&"-"&VLOOKUP($U76,CODE!$K:$P,CODE!P$1,FALSE)) -> SMB | P76: SMB | R76: 75 | T76: SMB | U76: FI | V76: N | W76: 14FW SMB_13_FLAT_GR_N | X76: U | Y76: 1 | Z76: 동일모자 | AA76: 41703 | AB76: 41731 | AC76: 41731 | AD76: 41730
A77: =IF(B77="",0,1/COUNTIF(B:B,B77)) -> 1 | B77: =IF(AA77="","",W77) -> 14FW SMB_15_FLAT_BK_N | C77: =IF(D77="",0,1/COUNTIF(D:D,D77)) -> 1 | D77: =IF(AA77="","",Z77&W77) -> 동일모자14FW SMB_15_FLAT_BK_N | E77: =IF(YEAR(AA77)<10,0&YEAR(AA77),YEAR(AA77))&IF(MONTH(AA77)<10,0&MONTH(AA77),MONTH(AA77)) -> 201403 | F77: =VLOOKUP($AA77,[3]주!$A:$F,6,FALSE) -> 3월 1주 | G77: =IF(H77="",0,1/COUNTIF(H:H,H77)) -> 1 | H77: =IF(AD77="","",W77) -> 14FW SMB_15_FLAT_BK_N | I77: =IF(J77="",0,1/COUNTIF(J:J,J77)) -> 1 | J77: =IF(AD77="","",Z77&W77) -> 동일모자14FW SMB_15_FLAT_BK_N | K77: =IF(AD77="",AC77,AD77) -> 41733 | L77: =IF(YEAR(K77)<10,0&YEAR(K77),YEAR(K77))&IF(MONTH(K77)<10,0&MONTH(K77),MONTH(K77)) -> 201404 | M77: =VLOOKUP($K77,[3]주!$A:$F,6,FALSE) -> 3월 2주 | N77: =IF(VLOOKUP($Z77,생산업체!$A:$C,2,FALSE)=1,"해외","국내") -> 해외 | O77: =IF(VLOOKUP($U77,CODE!$K:$P,CODE!P$1,FALSE)="모자",T77,T77&"-"&VLOOKUP($U77,CODE!$K:$P,CODE!P$1,FALSE)) -> SMB | P77: SMB | R77: 76 | T77: SMB | U77: FI | V77: N | W77: 14FW SMB_15_FLAT_BK_N | X77: U | Y77: 1 | Z77: 동일모자 | AA77: 41703 | AB77: 41731 | AC77: 41739 | AD77: 41733
A78: =IF(B78="",0,1/COUNTIF(B:B,B78)) -> 0.5 | B78: =IF(AA78="","",W78) -> 14FW SMB_19_FLAT_BK_N | C78: =IF(D78="",0,1/COUNTIF(D:D,D78)) -> 1 | D78: =IF(AA78="","",Z78&W78) -> 동일모자14FW SMB_19_FLAT_BK_N | E78: =IF(YEAR(AA78)<10,0&YEAR(AA78),YEAR(AA78))&IF(MONTH(AA78)<10,0&MONTH(AA78),MONTH(AA78)) -> 201403 | F78: =VLOOKUP($AA78,[3]주!$A:$F,6,FALSE) -> 3월 1주 | G78: =IF(H78="",0,1/COUNTIF(H:H,H78)) -> 0.5 | H78: =IF(AD78="","",W78) -> 14FW SMB_19_FLAT_BK_N | I78: =IF(J78="",0,1/COUNTIF(J:J,J78)) -> 1 | J78: =IF(AD78="","",Z78&W78) -> 동일모자14FW SMB_19_FLAT_BK_N | K78: =IF(AD78="",AC78,AD78) -> 41730 | L78: =IF(YEAR(K78)<10,0&YEAR(K78),YEAR(K78))&IF(MONTH(K78)<10,0&MONTH(K78),MONTH(K78)) -> 201404 | M78: =VLOOKUP($K78,[3]주!$A:$F,6,FALSE) -> 3월 2주 | N78: =IF(VLOOKUP($Z78,생산업체!$A:$C,2,FALSE)=1,"해외","국내") -> 해외 | O78: =IF(VLOOKUP($U78,CODE!$K:$P,CODE!P$1,FALSE)="모자",T78,T78&"-"&VLOOKUP($U78,CODE!$K:$P,CODE!P$1,FALSE)) -> SMB | P78: SMB | R78: 77 | T78: SMB | U78: FI | V78: N | W78: 14FW SMB_19_FLAT_BK_N | X78: U | Y78: 0.5 | Z78: 동일모자 | AA78: 41703 | AB78: 41731 | AC78: 41731 | AD78: 41730
A79: =IF(B79="",0,1/COUNTIF(B:B,B79)) -> 1 | B79: =IF(AA79="","",W79) -> 14FW SMB_20_FLAT_BW_F | C79: =IF(D79="",0,1/COUNTIF(D:D,D79)) -> 1 | D79: =IF(AA79="","",Z79&W79) -> 동일모자14FW SMB_20_FLAT_BW_F | E79: =IF(YEAR(AA79)<10,0&YEAR(AA79),YEAR(AA79))&IF(MONTH(AA79)<10,0&MONTH(AA79),MONTH(AA79)) -> 201403 | F79: =VLOOKUP($AA79,[3]주!$A:$F,6,FALSE) -> 3월 1주 | G79: =IF(H79="",0,1/COUNTIF(H:H,H79)) -> 1 | H79: =IF(AD79="","",W79) -> 14FW SMB_20_FLAT_BW_F | I79: =IF(J79="",0,1/COUNTIF(J:J,J79)) -> 1 | J79: =IF(AD79="","",Z79&W79) -> 동일모자14FW SMB_20_FLAT_BW_F | K79: =IF(AD79="",AC79,AD79) -> 41733 | L79: =IF(YEAR(K79)<10,0&YEAR(K79),YEAR(K79))&IF(MONTH(K79)<10,0&MONTH(K79),MONTH(K79)) -> 201404 | M79: =VLOOKUP($K79,[3]주!$A:$F,6,FALSE) -> 3월 2주 | N79: =IF(VLOOKUP($Z79,생산업체!$A:$C,2,FALSE)=1,"해외","국내") -> 해외 | O79: =IF(VLOOKUP($U79,CODE!$K:$P,CODE!P$1,FALSE)="모자",T79,T79&"-"&VLOOKUP($U79,CODE!$K:$P,CODE!P$1,FALSE)) -> SMB | P79: SMB | R79: 78 | T79: SMB | U79: FI | V79: N | W79: 14FW SMB_20_FLAT_BW_F | X79: U | Y79: 1 | Z79: 동일모자 | AA79: 41703 | AB79: 41731 | AC79: 41739 | AD79: 41733
A80: =IF(B80="",0,1/COUNTIF(B:B,B80)) -> 1 | B80: =IF(AA80="","",W80) -> 14FW SMB_25_FLAT_NV_N | C80: =IF(D80="",0,1/COUNTIF(D:D,D80)) -> 1 | D80: =IF(AA80="","",Z80&W80) -> 동일모자14FW SMB_25_FLAT_NV_N | E80: =IF(YEAR(AA80)<10,0&YEAR(AA80),YEAR(AA80))&IF(MONTH(AA80)<10,0&MONTH(AA80),MONTH(AA80)) -> 201403 | F80: =VLOOKUP($AA80,[3]주!$A:$F,6,FALSE) -> 3월 1주 | G80: =IF(H80="",0,1/COUNTIF(H:H,H80)) -> 1 | H80: =IF(AD80="","",W80) -> 14FW SMB_25_FLAT_NV_N | I80: =IF(J80="",0,1/COUNTIF(J:J,J80)) -> 1 | J80: =IF(AD80="","",Z80&W80) -> 동일모자14FW SMB_25_FLAT_NV_N | K80: =IF(AD80="",AC80,AD80) -> 0.57142857 | L80: =IF(YEAR(K80)<10,0&YEAR(K80),YEAR(K80))&IF(MONTH(K80)<10,0&MONTH(K80),MONTH(K80)) -> 190001 | M80: =VLOOKUP($K80,[3]주!$A:$F,6,FALSE) -> #N/A | N80: =IF(VLOOKUP($Z80,생산업체!$A:$C,2,FALSE)=1,"해외","국내") -> 해외 | O80: =IF(VLOOKUP($U80,CODE!$K:$P,CODE!P$1,FALSE)="모자",T80,T80&"-"&VLOOKUP($U80,CODE!$K:$P,CODE!P$1,FALSE)) -> SMB | P80: SMB | R80: 79 | T80: SMB | U80: ER | V80: N | W80: 14FW SMB_25_FLAT_NV_N | X80: U | Y80: 1 | Z80: 동일모자 | AA80: 41703 | AB80: 41731 | AC80: 41736 | AD80: 0.57142857
A81: =IF(B81="",0,1/COUNTIF(B:B,B81)) -> 1 | B81: =IF(AA81="","",W81) -> 14FW SMB_05_KNIT_BR_F_KIDS(FKT) | C81: =IF(D81="",0,1/COUNTIF(D:D,D81)) -> 1 | D81: =IF(AA81="","",Z81&W81) -> KIDS FIRST TOYS14FW SMB_05_KNIT_BR_F_KIDS(FKT) | E81: =IF(YEAR(AA81)<10,0&YEAR(AA81),YEAR(AA81))&IF(MONTH(AA81)<10,0&MONTH(AA81),MONTH(AA81)) -> 201403 | F81: =VLOOKUP($AA81,[3]주!$A:$F,6,FALSE) -> 3월 1주 | G81: =IF(H81="",0,1/COUNTIF(H:H,H81)) -> 1 | H81: =IF(AD81="","",W81) -> 14FW SMB_05_KNIT_BR_F_KIDS(FKT) | I81: =IF(J81="",0,1/COUNTIF(J:J,J81)) -> 1 | J81: =IF(AD81="","",Z81&W81) -> KIDS FIRST TOYS14FW SMB_05_KNIT_BR_F_KIDS(FKT) | K81: =IF(AD81="",AC81,AD81) -> 41731 | L81: =IF(YEAR(K81)<10,0&YEAR(K81),YEAR(K81))&IF(MONTH(K81)<10,0&MONTH(K81),MONTH(K81)) -> 201404 | M81: =VLOOKUP($K81,[3]주!$A:$F,6,FALSE) -> 3월 2주 | N81: =IF(VLOOKUP($Z81,생산업체!$A:$C,2,FALSE)=1,"해외","국내") -> 해외 | O81: =IF(VLOOKUP($U81,CODE!$K:$P,CODE!P$1,FALSE)="모자",T81,T81&"-"&VLOOKUP($U81,CODE!$K:$P,CODE!P$1,FALSE)) -> SMB | P81: SMB | R81: 80 | T81: SMB | U81: BE | V81: N | W81: 14FW SMB_05_KNIT_BR_F_KIDS(FKT) | X81: K | Y81: 1 | Z81: KIDS FIRST TOYS | AA81: 41703 | AB81: 41731 | AC81: 41731 | AD81: 41731
A82: =IF(B82="",0,1/COUNTIF(B:B,B82)) -> 1 | B82: =IF(AA82="","",W82) -> 14FW SMB_06_KNIT_OR_F_KIDS | C82: =IF(D82="",0,1/COUNTIF(D:D,D82)) -> 1 | D82: =IF(AA82="","",Z82&W82) -> KIDS FIRST TOYS14FW SMB_06_KNIT_OR_F_KIDS | E82: =IF(YEAR(AA82)<10,0&YEAR(AA82),YEAR(AA82))&IF(MONTH(AA82)<10,0&MONTH(AA82),MONTH(AA82)) -> 201403 | F82: =VLOOKUP($AA82,[3]주!$A:$F,6,FALSE) -> 3월 1주 | G82: =IF(H82="",0,1/COUNTIF(H:H,H82)) -> 1 | H82: =IF(AD82="","",W82) -> 14FW SMB_06_KNIT_OR_F_KIDS | I82: =IF(J82="",0,1/COUNTIF(J:J,J82)) -> 1 | J82: =IF(AD82="","",Z82&W82) -> KIDS FIRST TOYS14FW SMB_06_KNIT_OR_F_KIDS | K82: =IF(AD82="",AC82,AD82) -> 41731 | L82: =IF(YEAR(K82)<10,0&YEAR(K82),YEAR(K82))&IF(MONTH(K82)<10,0&MONTH(K82),MONTH(K82)) -> 201404 | M82: =VLOOKUP($K82,[3]주!$A:$F,6,FALSE) -> 3월 2주 | N82: =IF(VLOOKUP($Z82,생산업체!$A:$C,2,FALSE)=1,"해외","국내") -> 해외 | O82: =IF(VLOOKUP($U82,CODE!$K:$P,CODE!P$1,FALSE)="모자",T82,T82&"-"&VLOOKUP($U82,CODE!$K:$P,CODE!P$1,FALSE)) -> SMB | P82: SMB | R82: 81 | T82: SMB | U82: BE | V82: N | W82: 14FW SMB_06_KNIT_OR_F_KIDS | X82: K | Y82: 1 | Z82: KIDS FIRST TOYS | AA82: 41703 | AB82: 41731 | AC82: 41731 | AD82: 41731
A83: =IF(B83="",0,1/COUNTIF(B:B,B83)) -> 1 | B83: =IF(AA83="","",W83) -> 14FW SMB_01_KNIT_PK_F | C83: =IF(D83="",0,1/COUNTIF(D:D,D83)) -> 1 | D83: =IF(AA83="","",Z83&W83) -> FOREMOST14FW SMB_01_KNIT_PK_F | E83: =IF(YEAR(AA83)<10,0&YEAR(AA83),YEAR(AA83))&IF(MONTH(AA83)<10,0&MONTH(AA83),MONTH(AA83)) -> 201403 | F83: =VLOOKUP($AA83,[3]주!$A:$F,6,FALSE) -> 3월 1주 | G83: =IF(H83="",0,1/COUNTIF(H:H,H83)) -> 1 | H83: =IF(AD83="","",W83) -> 14FW SMB_01_KNIT_PK_F | I83: =IF(J83="",0,1/COUNTIF(J:J,J83)) -> 1 | J83: =IF(AD83="","",Z83&W83) -> FOREMOST14FW SMB_01_KNIT_PK_F | K83: =IF(AD83="",AC83,AD83) -> 41736 | L83: =IF(YEAR(K83)<10,0&YEAR(K83),YEAR(K83))&IF(MONTH(K83)<10,0&MONTH(K83),MONTH(K83)) -> 201404 | M83: =VLOOKUP($K83,[3]주!$A:$F,6,FALSE) -> 3월 2주 | N83: =IF(VLOOKUP($Z83,생산업체!$A:$C,2,FALSE)=1,"해외","국내") -> 해외 | O83: =IF(VLOOKUP($U83,CODE!$K:$P,CODE!P$1,FALSE)="모자",T83,T83&"-"&VLOOKUP($U83,CODE!$K:$P,CODE!P$1,FALSE)) -> SMB | P83: SMB | R83: 82 | T83: SMB | U83: BE | V83: N | W83: 14FW SMB_01_KNIT_PK_F | X83: U | Y83: 1 | Z83: FOREMOST | AA83: 41703 | AB83: 41731 | AC83: 41739 | AD83: 41736
A84: =IF(B84="",0,1/COUNTIF(B:B,B84)) -> 1 | B84: =IF(AA84="","",W84) -> 14FW SMB_02_KNIT_BK_N | C84: =IF(D84="",0,1/COUNTIF(D:D,D84)) -> 1 | D84: =IF(AA84="","",Z84&W84) -> FOREMOST14FW SMB_02_KNIT_BK_N | E84: =IF(YEAR(AA84)<10,0&YEAR(AA84),YEAR(AA84))&IF(MONTH(AA84)<10,0&MONTH(AA84),MONTH(AA84)) -> 201403 | F84: =VLOOKUP($AA84,[3]주!$A:$F,6,FALSE) -> 3월 1주 | G84: =IF(H84="",0,1/COUNTIF(H:H,H84)) -> 1 | H84: =IF(AD84="","",W84) -> 14FW SMB_02_KNIT_BK_N | I84: =IF(J84="",0,1/COUNTIF(J:J,J84)) -> 1 | J84: =IF(AD84="","",Z84&W84) -> FOREMOST14FW SMB_02_KNIT_BK_N | K84: =IF(AD84="",AC84,AD84) -> 41736 | L84: =IF(YEAR(K84)<10,0&YEAR(K84),YEAR(K84))&IF(MONTH(K84)<10,0&MONTH(K84),MONTH(K84)) -> 201404 | M84: =VLOOKUP($K84,[3]주!$A:$F,6,FALSE) -> 3월 2주 | N84: =IF(VLOOKUP($Z84,생산업체!$A:$C,2,FALSE)=1,"해외","국내") -> 해외 | O84: =IF(VLOOKUP($U84,CODE!$K:$P,CODE!P$1,FALSE)="모자",T84,T84&"-"&VLOOKUP($U84,CODE!$K:$P,CODE!P$1,FALSE)) -> SMB | P84: SMB | R84: 83 | T84: SMB | U84: BE | V84: N | W84: 14FW SMB_02_KNIT_BK_N | X84: U | Y84: 1 | Z84: FOREMOST | AA84: 41703 | AB84: 41731 | AC84: 41739 | AD84: 41736
A85: =IF(B85="",0,1/COUNTIF(B:B,B85)) -> 1 | B85: =IF(AA85="","",W85) -> 14FW SMB_03_KNIT_PK_N_KIDS | C85: =IF(D85="",0,1/COUNTIF(D:D,D85)) -> 1 | D85: =IF(AA85="","",Z85&W85) -> FOREMOST14FW SMB_03_KNIT_PK_N_KIDS | E85: =IF(YEAR(AA85)<10,0&YEAR(AA85),YEAR(AA85))&IF(MONTH(AA85)<10,0&MONTH(AA85),MONTH(AA85)) -> 201403 | F85: =VLOOKUP($AA85,[3]주!$A:$F,6,FALSE) -> 3월 1주 | G85: =IF(H85="",0,1/COUNTIF(H:H,H85)) -> 1 | H85: =IF(AD85="","",W85) -> 14FW SMB_03_KNIT_PK_N_KIDS | I85: =IF(J85="",0,1/COUNTIF(J:J,J85)) -> 1 | J85: =IF(AD85="","",Z85&W85) -> FOREMOST14FW SMB_03_KNIT_PK_N_KIDS | K85: =IF(AD85="",AC85,AD85) -> 41731 | L85: =IF(YEAR(K85)<10,0&YEAR(K85),YEAR(K85))&IF(MONTH(K85)<10,0&MONTH(K85),MONTH(K85)) -> 201404 | M85: =VLOOKUP($K85,[3]주!$A:$F,6,FALSE) -> 3월 2주 | N85: =IF(VLOOKUP($Z85,생산업체!$A:$C,2,FALSE)=1,"해외","국내") -> 해외 | O85: =IF(VLOOKUP($U85,CODE!$K:$P,CODE!P$1,FALSE)="모자",T85,T85&"-"&VLOOKUP($U85,CODE!$K:$P,CODE!P$1,FALSE)) -> SMB | P85: SMB | R85: 84 | T85: SMB | U85: BE | V85: N | W85: 14FW SMB_03_KNIT_PK_N_KIDS | X85: K | Y85: 1 | Z85: FOREMOST | AA85: 41703 | AB85: 41731 | AC85: 41731 | AD85: 41731
A86: =IF(B86="",0,1/COUNTIF(B:B,B86)) -> 1 | B86: =IF(AA86="","",W86) -> 14FW SMB_04_KNIT_PP_N_KIDS | C86: =IF(D86="",0,1/COUNTIF(D:D,D86)) -> 1 | D86: =IF(AA86="","",Z86&W86) -> FOREMOST14FW SMB_04_KNIT_PP_N_KIDS | E86: =IF(YEAR(AA86)<10,0&YEAR(AA86),YEAR(AA86))&IF(MONTH(AA86)<10,0&MONTH(AA86),MONTH(AA86)) -> 201403 | F86: =VLOOKUP($AA86,[3]주!$A:$F,6,FALSE) -> 3월 1주 | G86: =IF(H86="",0,1/COUNTIF(H:H,H86)) -> 1 | H86: =IF(AD86="","",W86) -> 14FW SMB_04_KNIT_PP_N_KIDS | I86: =IF(J86="",0,1/COUNTIF(J:J,J86)) -> 1 | J86: =IF(AD86="","",Z86&W86) -> FOREMOST14FW SMB_04_KNIT_PP_N_KIDS | K86: =IF(AD86="",AC86,AD86) -> 41731 | L86: =IF(YEAR(K86)<10,0&YEAR(K86),YEAR(K86))&IF(MONTH(K86)<10,0&MONTH(K86),MONTH(K86)) -> 201404 | M86: =VLOOKUP($K86,[3]주!$A:$F,6,FALSE) -> 3월 2주 | N86: =IF(VLOOKUP($Z86,생산업체!$A:$C,2,FALSE)=1,"해외","국내") -> 해외 | O86: =IF(VLOOKUP($U86,CODE!$K:$P,CODE!P$1,FALSE)="모자",T86,T86&"-"&VLOOKUP($U86,CODE!$K:$P,CODE!P$1,FALSE)) -> SMB | P86: SMB | R86: 85 | T86: SMB | U86: BE | V86: N | W86: 14FW SMB_04_KNIT_PP_N_KIDS | X86: K | Y86: 1 | Z86: FOREMOST | AA86: 41703 | AB86: 41731 | AC86: 41731 | AD86: 41731
... A92: =IF(B92="",0,1/COUNTIF(B:B,B92)) -> 1 | B92: =IF(AA92="","",W92) -> 14FW SMB_11_KNIT_PK_F_KIDS | C92: =IF(D92="",0,1/COUNTIF(D:D,D92)) -> 1 | D92: =IF(AA92="","",Z92&W92) -> Y&Y14FW SMB_11_KNIT_PK_F_KIDS | E92: =IF(YEAR(AA92)<10,0&YEAR(AA92),YEAR(AA92))&IF(MONTH(AA92)<10,0&MONTH(AA92),MONTH(AA92)) -> 201403 | F92: =VLOOKUP($AA92,[3]주!$A:$F,6,FALSE) -> 3월 1주 | G92: =IF(H92="",0,1/COUNTIF(H:H,H92)) -> 1 | H92: =IF(AD92="","",W92) -> 14FW SMB_11_KNIT_PK_F_KIDS | I92: =IF(J92="",0,1/COUNTIF(J:J,J92)) -> 1 | J92: =IF(AD92="","",Z92&W92) -> Y&Y14FW SMB_11_KNIT_PK_F_KIDS | K92: =IF(AD92="",AC92,AD92) -> 41758 | L92: =IF(YEAR(K92)<10,0&YEAR(K92),YEAR(K92))&IF(MONTH(K92)<10,0&MONTH(K92),MONTH(K92)) -> 201404 | M92: =VLOOKUP($K92,[3]주!$A:$F,6,FALSE) -> 3월 2주 | N92: =IF(VLOOKUP($Z92,생산업체!$A:$C,2,FALSE)=1,"해외","국내") -> 해외 | O92: =IF(VLOOKUP($U92,CODE!$K:$P,CODE!P$1,FALSE)="모자",T92,T92&"-"&VLOOKUP($U92,CODE!$K:$P,CODE!P$1,FALSE)) -> SMB | P92: SMB | R92: 91 | T92: SMB | U92: BE | V92: N | W92: 14FW SMB_11_KNIT_PK_F_KIDS | X92: K | Y92: 1 | Z92: Y&Y | AA92: 41703 | AB92: 41731 | AC92: 41754 | AD92: 41758
A93: =IF(B93="",0,1/COUNTIF(B:B,B93)) -> 1 | B93: =IF(AA93="","",W93) -> 14FW SMB_12_KNIT_D.GY_N | C93: =IF(D93="",0,1/COUNTIF(D:D,D93)) -> 1 | D93: =IF(AA93="","",Z93&W93) -> Y&Y14FW SMB_12_KNIT_D.GY_N | E93: =IF(YEAR(AA93)<10,0&YEAR(AA93),YEAR(AA93))&IF(MONTH(AA93)<10,0&MONTH(AA93),MONTH(AA93)) -> 201403 | F93: =VLOOKUP($AA93,[3]주!$A:$F,6,FALSE) -> 3월 1주 | G93: =IF(H93="",0,1/COUNTIF(H:H,H93)) -> 1 | H93: =IF(AD93="","",W93) -> 14FW SMB_12_KNIT_D.GY_N | I93: =IF(J93="",0,1/COUNTIF(J:J,J93)) -> 1 | J93: =IF(AD93="","",Z93&W93) -> Y&Y14FW SMB_12_KNIT_D.GY_N | K93: =IF(AD93="",AC93,AD93) -> 41745 | L93: =IF(YEAR(K93)<10,0&YEAR(K93),YEAR(K93))&IF(MONTH(K93)<10,0&MONTH(K93),MONTH(K93)) -> 201404 | M93: =VLOOKUP($K93,[3]주!$A:$F,6,FALSE) -> 3월 2주 | N93: =IF(VLOOKUP($Z93,생산업체!$A:$C,2,FALSE)=1,"해외","국내") -> 해외 | O93: =IF(VLOOKUP($U93,CODE!$K:$P,CODE!P$1,FALSE)="모자",T93,T93&"-"&VLOOKUP($U93,CODE!$K:$P,CODE!P$1,FALSE)) -> SMB | P93: SMB | R93: 92 | T93: SMB | U93: BE | V93: N | W93: 14FW SMB_12_KNIT_D.GY_N | X93: U | Y93: 1 | Z93: Y&Y | AA93: 41703 | AB93: 41731 | AC93: 41745 | AD93: 41745 | AE93: 2.63 | AJ93: 참고샘플 돌려받음 (140416)
A94: =IF(B94="",0,1/COUNTIF(B:B,B94)) -> 1 | B94: =IF(AA94="","",W94) -> 14FW SMB_12_KNIT_PK_N | C94: =IF(D94="",0,1/COUNTIF(D:D,D94)) -> 1 | D94: =IF(AA94="","",Z94&W94) -> Y&Y14FW SMB_12_KNIT_PK_N | E94: =IF(YEAR(AA94)<10,0&YEAR(AA94),YEAR(AA94))&IF(MONTH(AA94)<10,0&MONTH(AA94),MONTH(AA94)) -> 201403 | F94: =VLOOKUP($AA94,[3]주!$A:$F,6,FALSE) -> 3월 1주 | G94: =IF(H94="",0,1/COUNTIF(H:H,H94)) -> 1 | H94: =IF(AD94="","",W94) -> 14FW SMB_12_KNIT_PK_N | I94: =IF(J94="",0,1/COUNTIF(J:J,J94)) -> 1 | J94: =IF(AD94="","",Z94&W94) -> Y&Y14FW SMB_12_KNIT_PK_N | K94: =IF(AD94="",AC94,AD94) -> 41745 | L94: =IF(YEAR(K94)<10,0&YEAR(K94),YEAR(K94))&IF(MONTH(K94)<10,0&MONTH(K94),MONTH(K94)) -> 201404 | M94: =VLOOKUP($K94,[3]주!$A:$F,6,FALSE) -> 3월 2주 | N94: =IF(VLOOKUP($Z94,생산업체!$A:$C,2,FALSE)=1,"해외","국내") -> 해외 | O94: =IF(VLOOKUP($U94,CODE!$K:$P,CODE!P$1,FALSE)="모자",T94,T94&"-"&VLOOKUP($U94,CODE!$K:$P,CODE!P$1,FALSE)) -> SMB | P94: SMB | R94: 93 | T94: SMB | U94: BE | V94: N | W94: 14FW SMB_12_KNIT_PK_N | X94: U | Y94: 1 | Z94: Y&Y | AA94: 41703 | AB94: 41731 | AC94: 41747 | AD94: 41745 | AE94: 2.63
A95: =IF(B95="",0,1/COUNTIF(B:B,B95)) -> 1 | B95: =IF(AA95="","",W95) -> 14FW SMB_12_KNIT_PP_N | C95: =IF(D95="",0,1/COUNTIF(D:D,D95)) -> 1 | D95: =IF(AA95="","",Z95&W95) -> Y&Y14FW SMB_12_KNIT_PP_N | E95: =IF(YEAR(AA95)<10,0&YEAR(AA95),YEAR(AA95))&IF(MONTH(AA95)<10,0&MONTH(AA95),MONTH(AA95)) -> 201403 | F95: =VLOOKUP($AA95,[3]주!$A:$F,6,FALSE) -> 3월 1주 | G95: =IF(H95="",0,1/COUNTIF(H:H,H95)) -> 1 | H95: =IF(AD95="","",W95) -> 14FW SMB_12_KNIT_PP_N | I95: =IF(J95="",0,1/COUNTIF(J:J,J95)) -> 1 | J95: =IF(AD95="","",Z95&W95) -> Y&Y14FW SMB_12_KNIT_PP_N | K95: =IF(AD95="",AC95,AD95) -> 41745 | L95: =IF(YEAR(K95)<10,0&YEAR(K95),YEAR(K95))&IF(MONTH(K95)<10,0&MONTH(K95),MONTH(K95)) -> 201404 | M95: =VLOOKUP($K95,[3]주!$A:$F,6,FALSE) -> 3월 2주 | N95: =IF(VLOOKUP($Z95,생산업체!$A:$C,2,FALSE)=1,"해외","국내") -> 해외 | O95: =IF(VLOOKUP($U95,CODE!$K:$P,CODE!P$1,FALSE)="모자",T95,T95&"-"&VLOOKUP($U95,CODE!$K:$P,CODE!P$1,FALSE)) -> SMB | P95: SMB | R95: 94 | T95: SMB | U95: BE | V95: N | W95: 14FW SMB_12_KNIT_PP_N | X95: U | Y95: 1 | Z95: Y&Y | AA95: 41703 | AB95: 41731 | AC95: 41747 | AD95: 41745 | AE95: 2.63
A96: =IF(B96="",0,1/COUNTIF(B:B,B96)) -> 1 | B96: =IF(AA96="","",W96) -> 14FW SMB_13_KNIT_PP_F_KIDS | C96: =IF(D96="",0,1/COUNTIF(D:D,D96)) -> 1 | D96: =IF(AA96="","",Z96&W96) -> Y&Y14FW SMB_13_KNIT_PP_F_KIDS | E96: =IF(YEAR(AA96)<10,0&YEAR(AA96),YEAR(AA96))&IF(MONTH(AA96)<10,0&MONTH(AA96),MONTH(AA96)) -> 201403 | F96: =VLOOKUP($AA96,[3]주!$A:$F,6,FALSE) -> 3월 1주 | G96: =IF(H96="",0,1/COUNTIF(H:H,H96)) -> 1 | H96: =IF(AD96="","",W96) -> 14FW SMB_13_KNIT_PP_F_KIDS | I96: =IF(J96="",0,1/COUNTIF(J:J,J96)) -> 1 | J96: =IF(AD96="","",Z96&W96) -> Y&Y14FW SMB_13_KNIT_PP_F_KIDS | K96: =IF(AD96="",AC96,AD96) -> 41751 | L96: =IF(YEAR(K96)<10,0&YEAR(K96),YEAR(K96))&IF(MONTH(K96)<10,0&MONTH(K96),MONTH(K96)) -> 201404 | M96: =VLOOKUP($K96,[3]주!$A:$F,6,FALSE) -> 3월 2주 | N96: =IF(VLOOKUP($Z96,생산업체!$A:$C,2,FALSE)=1,"해외","국내") -> 해외 | O96: =IF(VLOOKUP($U96,CODE!$K:$P,CODE!P$1,FALSE)="모자",T96,T96&"-"&VLOOKUP($U96,CODE!$K:$P,CODE!P$1,FALSE)) -> SMB | P96: SMB | R96: 95 | T96: SMB | U96: BE | V96: N | W96: 14FW SMB_13_KNIT_PP_F_KIDS | X96: U | Y96: 1 | Z96: Y&Y | AA96: 41703 | AB96: 41731 | AC96: 41751 | AD96: 41751 | AE96: 3.08
A97: =IF(B97="",0,1/COUNTIF(B:B,B97)) -> 1 | B97: =IF(AA97="","",W97) -> 14FW WITAILOR CAP-13-BK | C97: =IF(D97="",0,1/COUNTIF(D:D,D97)) -> 1 | D97: =IF(AA97="","",Z97&W97) -> 동일모자14FW WITAILOR CAP-13-BK | E97: =IF(YEAR(AA97)<10,0&YEAR(AA97),YEAR(AA97))&IF(MONTH(AA97)<10,0&MONTH(AA97),MONTH(AA97)) -> 201403 | F97: =VLOOKUP($AA97,[3]주!$A:$F,6,FALSE) -> 3월 2주 | G97: =IF(H97="",0,1/COUNTIF(H:H,H97)) -> 1 | H97: =IF(AD97="","",W97) -> 14FW WITAILOR CAP-13-BK | I97: =IF(J97="",0,1/COUNTIF(J:J,J97)) -> 1 | J97: =IF(AD97="","",Z97&W97) -> 동일모자14FW WITAILOR CAP-13-BK | K97: =IF(AD97="",AC97,AD97) -> 41746 | L97: =IF(YEAR(K97)<10,0&YEAR(K97),YEAR(K97))&IF(MONTH(K97)<10,0&MONTH(K97),MONTH(K97)) -> 201404 | M97: =VLOOKUP($K97,[3]주!$A:$F,6,FALSE) -> 3월 2주 | N97: =IF(VLOOKUP($Z97,생산업체!$A:$C,2,FALSE)=1,"해외","국내") -> 해외 | O97: =IF(VLOOKUP($U97,CODE!$K:$P,CODE!P$1,FALSE)="모자",T97,T97&"-"&VLOOKUP($U97,CODE!$K:$P,CODE!P$1,FALSE)) -> WTR | P97: WTR | R97: 96 | T97: WTR | U97: BA | V97: N | W97: 14FW WITAILOR CAP-13-BK | Y97: 1 | Z97: 동일모자 | AA97: 41718 | AB97: 41746 | AC97: 41746 | AD97: 41746
A98: =IF(B98="",0,1/COUNTIF(B:B,B98)) -> 1 | B98: =IF(AA98="","",W98) -> 14FW WITAILOR CAP-14-BG | C98: =IF(D98="",0,1/COUNTIF(D:D,D98)) -> 1 | D98: =IF(AA98="","",Z98&W98) -> 동일모자14FW WITAILOR CAP-14-BG | E98: =IF(YEAR(AA98)<10,0&YEAR(AA98),YEAR(AA98))&IF(MONTH(AA98)<10,0&MONTH(AA98),MONTH(AA98)) -> 201403 | F98: =VLOOKUP($AA98,[3]주!$A:$F,6,FALSE) -> 3월 2주 | G98: =IF(H98="",0,1/COUNTIF(H:H,H98)) -> 1 | H98: =IF(AD98="","",W98) -> 14FW WITAILOR CAP-14-BG | I98: =IF(J98="",0,1/COUNTIF(J:J,J98)) -> 1 | J98: =IF(AD98="","",Z98&W98) -> 동일모자14FW WITAILOR CAP-14-BG | K98: =IF(AD98="",AC98,AD98) -> 41746 | L98: =IF(YEAR(K98)<10,0&YEAR(K98),YEAR(K98))&IF(MONTH(K98)<10,0&MONTH(K98),MONTH(K98)) -> 201404 | M98: =VLOOKUP($K98,[3]주!$A:$F,6,FALSE) -> 3월 2주 | N98: =IF(VLOOKUP($Z98,생산업체!$A:$C,2,FALSE)=1,"해외","국내") -> 해외 | O98: =IF(VLOOKUP($U98,CODE!$K:$P,CODE!P$1,FALSE)="모자",T98,T98&"-"&VLOOKUP($U98,CODE!$K:$P,CODE!P$1,FALSE)) -> WTR | P98: WTR | R98: 97 | T98: WTR | U98: ER | V98: N | W98: 14FW WITAILOR CAP-14-BG | Y98: 1 | Z98: 동일모자 | AA98: 41718 | AB98: 41746 | AC98: 41746 | AD98: 41746
A99: =IF(B99="",0,1/COUNTIF(B:B,B99)) -> 1 | B99: =IF(AA99="","",W99) -> 14FW WITAILOR CAP-15-PK | C99: =IF(D99="",0,1/COUNTIF(D:D,D99)) -> 1 | D99: =IF(AA99="","",Z99&W99) -> 동일모자14FW WITAILOR CAP-15-PK | E99: =IF(YEAR(AA99)<10,0&YEAR(AA99),YEAR(AA99))&IF(MONTH(AA99)<10,0&MONTH(AA99),MONTH(AA99)) -> 201403 | F99: =VLOOKUP($AA99,[3]주!$A:$F,6,FALSE) -> 3월 2주 | G99: =IF(H99="",0,1/COUNTIF(H:H,H99)) -> 1 | H99: =IF(AD99="","",W99) -> 14FW WITAILOR CAP-15-PK | I99: =IF(J99="",0,1/COUNTIF(J:J,J99)) -> 1 | J99: =IF(AD99="","",Z99&W99) -> 동일모자14FW WITAILOR CAP-15-PK | K99: =IF(AD99="",AC99,AD99) -> 41746 | L99: =IF(YEAR(K99)<10,0&YEAR(K99),YEAR(K99))&IF(MONTH(K99)<10,0&MONTH(K99),MONTH(K99)) -> 201404 | M99: =VLOOKUP($K99,[3]주!$A:$F,6,FALSE) -> 3월 2주 | N99: =IF(VLOOKUP($Z99,생산업체!$A:$C,2,FALSE)=1,"해외","국내") -> 해외 | O99: =IF(VLOOKUP($U99,CODE!$K:$P,CODE!P$1,FALSE)="모자",T99,T99&"-"&VLOOKUP($U99,CODE!$K:$P,CODE!P$1,FALSE)) -> WTR | P99: WTR | R99: 98 | T99: WTR | U99: ER | V99: N | W99: 14FW WITAILOR CAP-15-PK | Y99: 1 | Z99: 동일모자 | AA99: 41718 | AB99: 41746 | AC99: 41746 | AD99: 41746
A100: =IF(B100="",0,1/COUNTIF(B:B,B100)) -> 1 | B100: =IF(AA100="","",W100) -> 14FW WITAILER CAP-12-BW | C100: =IF(D100="",0,1/COUNTIF(D:D,D100)) -> 1 | D100: =IF(AA100="","",Z100&W100) -> FOREMOST14FW WITAILER CAP-12-BW | E100: =IF(YEAR(AA100)<10,0&YEAR(AA100),YEAR(AA100))&IF(MONTH(AA100)<10,0&MONTH(AA100),MONTH(AA100)) -> 201402 | F100: =VLOOKUP($AA100,[3]주!$A:$F,6,FALSE) -> 2월 1주 | G100: =IF(H100="",0,1/COUNTIF(H:H,H100)) -> 1 | H100: =IF(AD100="","",W100) -> 14FW WITAILER CAP-12-BW | I100: =IF(J100="",0,1/COUNTIF(J:J,J100)) -> 1 | J100: =IF(AD100="","",Z100&W100) -> FOREMOST14FW WITAILER CAP-12-BW | K100: =IF(AD100="",AC100,AD100) -> 41722 | L100: =IF(YEAR(K100)<10,0&YEAR(K100),YEAR(K100))&IF(MONTH(K100)<10,0&MONTH(K100),MONTH(K100)) -> 201403 | M100: =VLOOKUP($K100,[3]주!$A:$F,6,FALSE) -> 3월 2주 | N100: =IF(VLOOKUP($Z100,생산업체!$A:$C,2,FALSE)=1,"해외","국내") -> 해외 | O100: =IF(VLOOKUP($U100,CODE!$K:$P,CODE!P$1,FALSE)="모자",T100,T100&"-"&VLOOKUP($U100,CODE!$K:$P,CODE!P$1,FALSE)) -> WTR | P100: WTR | R100: 99 | T100: WTR | U100: ER | V100: N | W100: 14FW WITAILER CAP-12-BW | X100: U | Y100: 1 | Z100: FOREMOST | AA100: 41675 | AB100: 41703 | AC100: 41729 | AD100: 41722 | AJ100: 재샘플요청 3/24-> 재샘플 입고 4/21
A101: =IF(B101="",0,1/COUNTIF(B:B,B101)) -> 1 | B101: =IF(AA101="","",W101) -> 14FW SMB_35_FLAT_PK_F_KIDS | C101: =IF(D101="",0,1/COUNTIF(D:D,D101)) -> 1 | D101: =IF(AA101="","",Z101&W101) -> QF14FW SMB_35_FLAT_PK_F_KIDS | E101: =IF(YEAR(AA101)<10,0&YEAR(AA101),YEAR(AA101))&IF(MONTH(AA101)<10,0&MONTH(AA101),MONTH(AA101)) -> 201403 | F101: =VLOOKUP($AA101,[3]주!$A:$F,6,FALSE) -> 3월 2주 | G101: =IF(H101="",0,1/COUNTIF(H:H,H101)) -> 1 | H101: =IF(AD101="","",W101) -> 14FW SMB_35_FLAT_PK_F_KIDS | I101: =IF(J101="",0,1/COUNTIF(J:J,J101)) -> 1 | J101: =IF(AD101="","",Z101&W101) -> QF14FW SMB_35_FLAT_PK_F_KIDS | K101: =IF(AD101="",AC101,AD101) -> 41766 | L101: =IF(YEAR(K101)<10,0&YEAR(K101),YEAR(K101))&IF(MONTH(K101)<10,0&MONTH(K101),MONTH(K101)) -> 201405 | M101: =VLOOKUP($K101,[3]주!$A:$F,6,FALSE) -> 3월 2주 | N101: =IF(VLOOKUP($Z101,생산업체!$A:$C,2,FALSE)=1,"해외","국내") -> 해외 | O101: =IF(VLOOKUP($U101,CODE!$K:$P,CODE!P$1,FALSE)="모자",T101,T101&"-"&VLOOKUP($U101,CODE!$K:$P,CODE!P$1,FALSE)) -> SMB | P101: SMB | R101: 100 | T101: SMB | U101: ER | V101: N | W101: 14FW SMB_35_FLAT_PK_F_KIDS | Y101: 1 | Z101: QF | AA101: 41725 | AB101: 41753 | AC101: 41766 | AD101: 41766 | AH101: 4 | AI101: 4
A102: =IF(B102="",0,1/COUNTIF(B:B,B102)) -> 1 | B102: =IF(AA102="","",W102) -> 14FW SMB_34_FLAT_OG_F_KIDS | C102: =IF(D102="",0,1/COUNTIF(D:D,D102)) -> 1 | D102: =IF(AA102="","",Z102&W102) -> QF14FW SMB_34_FLAT_OG_F_KIDS | E102: =IF(YEAR(AA102)<10,0&YEAR(AA102),YEAR(AA102))&IF(MONTH(AA102)<10,0&MONTH(AA102),MONTH(AA102)) -> 201403 | F102: =VLOOKUP($AA102,[3]주!$A:$F,6,FALSE) -> 3월 2주 | G102: =IF(H102="",0,1/COUNTIF(H:H,H102)) -> 1 | H102: =IF(AD102="","",W102) -> 14FW SMB_34_FLAT_OG_F_KIDS | I102: =IF(J102="",0,1/COUNTIF(J:J,J102)) -> 1 | J102: =IF(AD102="","",Z102&W102) -> QF14FW SMB_34_FLAT_OG_F_KIDS | K102: =IF(AD102="",AC102,AD102) -> 41766 | L102: =IF(YEAR(K102)<10,0&YEAR(K102),YEAR(K102))&IF(MONTH(K102)<10,0&MONTH(K102),MONTH(K102)) -> 201405 | M102: =VLOOKUP($K102,[3]주!$A:$F,6,FALSE) -> 3월 2주 | N102: =IF(VLOOKUP($Z102,생산업체!$A:$C,2,FALSE)=1,"해외","국내") -> 해외 | O102: =IF(VLOOKUP($U102,CODE!$K:$P,CODE!P$1,FALSE)="모자",T102,T102&"-"&VLOOKUP($U102,CODE!$K:$P,CODE!P$1,FALSE)) -> SMB | P102: SMB | R102: 101 | T102: SMB | U102: ER | V102: N | W102: 14FW SMB_34_FLAT_OG_F_KIDS | Y102: 1 | Z102: QF | AA102: 41725 | AB102: 41753 | AC102: 41766 | AD102: 41766 | AH102: 5 | AI102: 5
A103: =IF(B103="",0,1/COUNTIF(B:B,B103)) -> 1 | B103: =IF(AA103="","",W103) -> 14FW SMB_32_FLAT_BK_N.pdf-JPG | C103: =IF(D103="",0,1/COUNTIF(D:D,D103)) -> 1 | D103: =IF(AA103="","",Z103&W103) -> QF14FW SMB_32_FLAT_BK_N.pdf-JPG | E103: =IF(YEAR(AA103)<10,0&YEAR(AA103),YEAR(AA103))&IF(MONTH(AA103)<10,0&MONTH(AA103),MONTH(AA103)) -> 201403 | F103: =VLOOKUP($AA103,[3]주!$A:$F,6,FALSE) -> 3월 2주 | G103: =IF(H103="",0,1/COUNTIF(H:H,H103)) -> 1 | H103: =IF(AD103="","",W103) -> 14FW SMB_32_FLAT_BK_N.pdf-JPG | I103: =IF(J103="",0,1/COUNTIF(J:J,J103)) -> 1 | J103: =IF(AD103="","",Z103&W103) -> QF14FW SMB_32_FLAT_BK_N.pdf-JPG | K103: =IF(AD103="",AC103,AD103) -> 41766 | L103: =IF(YEAR(K103)<10,0&YEAR(K103),YEAR(K103))&IF(MONTH(K103)<10,0&MONTH(K103),MONTH(K103)) -> 201405 | M103: =VLOOKUP($K103,[3]주!$A:$F,6,FALSE) -> 3월 2주 | N103: =IF(VLOOKUP($Z103,생산업체!$A:$C,2,FALSE)=1,"해외","국내") -> 해외 | O103: =IF(VLOOKUP($U103,CODE!$K:$P,CODE!P$1,FALSE)="모자",T103,T103&"-"&VLOOKUP($U103,CODE!$K:$P,CODE!P$1,FALSE)) -> SMB | P103: SMB | R103: 102 | T103: SMB | U103: ER | V103: N | W103: 14FW SMB_32_FLAT_BK_N.pdf-JPG | Y103: 1 | Z103: QF | AA103: 41725 | AB103: 41753 | AC103: 41766 | AD103: 41766 | AH103: 3 | AI103: 3
A104: =IF(B104="",0,1/COUNTIF(B:B,B104)) -> 1 | B104: =IF(AA104="","",W104) -> 14FW SMB_33_FLAT_BK_N.pdf-JPG | C104: =IF(D104="",0,1/COUNTIF(D:D,D104)) -> 1 | D104: =IF(AA104="","",Z104&W104) -> QF14FW SMB_33_FLAT_BK_N.pdf-JPG | E104: =IF(YEAR(AA104)<10,0&YEAR(AA104),YEAR(AA104))&IF(MONTH(AA104)<10,0&MONTH(AA104),MONTH(AA104)) -> 201403 | F104: =VLOOKUP($AA104,[3]주!$A:$F,6,FALSE) -> 3월 2주 | G104: =IF(H104="",0,1/COUNTIF(H:H,H104)) -> 1 | H104: =IF(AD104="","",W104) -> 14FW SMB_33_FLAT_BK_N.pdf-JPG | I104: =IF(J104="",0,1/COUNTIF(J:J,J104)) -> 1 | J104: =IF(AD104="","",Z104&W104) -> QF14FW SMB_33_FLAT_BK_N.pdf-JPG | K104: =IF(AD104="",AC104,AD104) -> 41753 | L104: =IF(YEAR(K104)<10,0&YEAR(K104),YEAR(K104))&IF(MONTH(K104)<10,0&MONTH(K104),MONTH(K104)) -> 201404 | M104: =VLOOKUP($K104,[3]주!$A:$F,6,FALSE) -> 3월 2주 | N104: =IF(VLOOKUP($Z104,생산업체!$A:$C,2,FALSE)=1,"해외","국내") -> 해외 | O104: =IF(VLOOKUP($U104,CODE!$K:$P,CODE!P$1,FALSE)="모자",T104,T104&"-"&VLOOKUP($U104,CODE!$K:$P,CODE!P$1,FALSE)) -> SMB | P104: SMB | R104: 103 | T104: SMB | U104: ER | V104: N | W104: 14FW SMB_33_FLAT_BK_N.pdf-JPG | Y104: 1 | Z104: QF | AA104: 41725 | AB104: 41753 | AC104: 41753 | AD104: 41753 | AH104: 3 | AI104: 3
A105: =IF(B105="",0,1/COUNTIF(B:B,B105)) -> 1 | B105: =IF(AA105="","",W105) -> 14FW SMB_39_FLAT_BK_F.pdf-JPG | C105: =IF(D105="",0,1/COUNTIF(D:D,D105)) -> 1 | D105: =IF(AA105="","",Z105&W105) -> QF14FW SMB_39_FLAT_BK_F.pdf-JPG | E105: =IF(YEAR(AA105)<10,0&YEAR(AA105),YEAR(AA105))&IF(MONTH(AA105)<10,0&MONTH(AA105),MONTH(AA105)) -> 201403 | F105: =VLOOKUP($AA105,[3]주!$A:$F,6,FALSE) -> 3월 2주 | G105: =IF(H105="",0,1/COUNTIF(H:H,H105)) -> 1 | H105: =IF(AD105="","",W105) -> 14FW SMB_39_FLAT_BK_F.pdf-JPG | I105: =IF(J105="",0,1/COUNTIF(J:J,J105)) -> 1 | J105: =IF(AD105="","",Z105&W105) -> QF14FW SMB_39_FLAT_BK_F.pdf-JPG | K105: =IF(AD105="",AC105,AD105) -> 41751 | L105: =IF(YEAR(K105)<10,0&YEAR(K105),YEAR(K105))&IF(MONTH(K105)<10,0&MONTH(K105),MONTH(K105)) -> 201404 | M105: =VLOOKUP($K105,[3]주!$A:$F,6,FALSE) -> 3월 2주 | N105: =IF(VLOOKUP($Z105,생산업체!$A:$C,2,FALSE)=1,"해외","국내") -> 해외 | O105: =IF(VLOOKUP($U105,CODE!$K:$P,CODE!P$1,FALSE)="모자",T105,T105&"-"&VLOOKUP($U105,CODE!$K:$P,CODE!P$1,FALSE)) -> SMB | P105: SMB | R105: 104 | T105: SMB | U105: BA | V105: N | W105: 14FW SMB_39_FLAT_BK_F.pdf-JPG | Y105: 1 | Z105: QF | AA105: 41725 | AB105: 41753 | AC105: 41751 | AD105: 41751 | AH105: 2 | AI105: 2
...

Sheet CODE
C1: 2 | D1: 3 | E1: 4 | F1: 5 | G1: 6 | L1: 2 | M1: 3 | N1: 4 | O1: 5 | P1: 6 | S1: 2 | T1: 3 | X1: 2 | Y1: 3 | AE1: 2 | AF1: 3 | AJ1: 2 | AK1: 3 | AL1: 4 | AO1: 2 | AP1: 3 | AS1: 2 | AT1: 3 | AW1: 2 | AX1: 3
A2: BRAND (3자리) | I2: ITEM (2자리) | R2: YEAR (2자리) | V2: SEASON (1자리) | AA2: STNO (3자리) | AC2: COLOR (2자리) | AH2: SIZE (3자리) | AN2: 분류 | AR2: 성별 | AV2: 원산지
A3: 구코드 | B3: 코드 | C3: 코드명 | D3: 그룹 | E3: 코드 | F3: 구분 | G3: B/M/C | I3: 구코드 | J3: 구코드명 | K3: 코드 | L3: 코드명 | M3: 코드 | N3: 구분 | O3: 구분 | P3: 구분 | R3: 코드 | S3: 코드명 | T3: 코드 | V3: 구코드 | W3: 코드 | X3: 코드명 | Y3: 코드 | AA3: 코드 | AC3: 구코드 | AD3: 코드 | AE3: 코드명 | AF3: 코드 | AH3: 구코드 | AI3: 코드 | AJ3: 코드명 | AK3: TYPE | AL3: 코드 | AN3: 코드 | AO3: 코드명 | AP3: 코드 | AR3: 코드 | AS3: 코드명 | AT3: 코드 | AV3: 코드 | AW3: 코드명 | AX3: 코드
A4: BZ | C4: COP CARDINALS | D4: =B4 -> 0 | E4: =B4 -> 0 | F4: SPORTS | G4: B | I4: CA | J4: BASIC CAP (핀치히터) | K4: BA | L4: BASIC CAP | M4: =K4 -> BA | N4: 의류외 | P4: 모자 | R4: A | S4: 2009 | T4: =R4 -> A | V4: 0 | W4: 0 | X4: SS | Y4: =W4 -> 0 | AA4: 001 | AC4: B0 | AD4: BK | AE4: Black | AF4: =AD4 -> BK | AH4: A | AI4: FRE | AJ4: OSFA(ADJUST CAP) | AK4: 1 | AL4: =AI4 -> FRE | AN4: B | AO4: 사입 | AP4: =AN4 -> B | AR4: M | AS4: 남자 | AT4: =AR4 -> M | AV4: CN | AW4: 중국 | AX4: =AV4 -> CN
A5: BH | C5: COP INDIANS | D5: =B5 -> 0 | E5: =B5 -> 0 | F5: SPORTS | G5: B | I5: CS | J5: VISOR CAP | K5: BA | L5: BASIC CAP | M5: =K5 -> BA | N5: 의류외 | P5: 모자 | R5: B | S5: 2010 | T5: =R5 -> B | V5: 1 | W5: 0 | X5: SS | Y5: =W5 -> 0 | AA5: 002 | AC5: B1 | AE5: Black Camo | AF5: =AD5 -> 0 | AH5: N | AI5: OXS | AJ5: XS | AK5: 1 | AL5: =AI5 -> OXS | AN5: C | AO5: 위탁 | AP5: =AN5 -> C | AR5: W | AS5: 여자 | AT5: =AR5 -> W | AV5: JP | AW5: 일본 | AX5: =AV5 -> JP
A6: BR | C6: COP METS | D6: =B6 -> 0 | E6: =B6 -> 0 | F6: SPORTS | G6: B | I6: CC | J6: FLEX CAP (3930) | K6: FL | L6: FLEX CAP | M6: =K6 -> FL | N6: 의류외 | P6: 모자 | R6: C | S6: 2011 | T6: =R6 -> C | V6: 2 | W6: 0 | X6: SS | Y6: =W6 -> 0 | AA6: 003 | AC6: B2 | AE6: Black Leopard | AF6: =AD6 -> 0 | AI6: OSS | AJ6: S | AK6: 1 | AL6: =AI6 -> OSS | AN6: M | AO6: 제조 | AP6: =AN6 -> M | AR6: U | AS6: UNISEX | AT6: =AR6 -> U | AV6: KR | AW6: 한국 | AX6: =AV6 -> KR
A7: BC | C7: COP ORIOLES | D7: =B7 -> 0 | E7: =B7 -> 0 | F7: SPORTS | G7: B | I7: CD | J7: NORMAL FITTED CAP (커브) | K7: FL | L7: FLEX CAP | M7: =K7 -> FL | N7: 의류외 | P7: 모자 | R7: D | S7: 2012 | T7: =R7 -> D | V7: 3 | W7: 0 | X7: SS | Y7: =W7 -> 0 | AA7: 004 | AC7: B3 | AE7: Black/White | AF7: =AD7 -> 0 | AI7: OMM | AJ7: M | AK7: 1 | AL7: =AI7 -> OMM | AR7: K | AS7: KIDS | AT7: =AR7 -> K | AV7: US | AW7: 미국 | AX7: =AV7 -> US
A8: BJ | C8: COP TIGERS | D8: =B8 -> 0 | E8: =B8 -> 0 | F8: SPORTS | G8: B | I8: CE | J8: FLAT BILL FITTED CAP(5950) | K8: FI | L8: FITTED CAP | M8: =K8 -> FI | N8: 의류외 | P8: 모자 | R8: E | S8: 2013 | T8: =R8 -> E | V8: 4 | W8: 0 | X8: SS | Y8: =W8 -> 0 | AA8: 005 | AC8: B4 | AE8: Black/Flann | AF8: =AD8 -> 0 | AI8: OLL | AJ8: L | AK8: 1 | AL8: =AI8 -> OLL | AR8: N | AS8: NEWERA | AT8: =AR8 -> N | AV8: IN | AW8: 인도네시아 | AX8: =AV8 -> IN
A9: KC | B9: KDO | C9: DOOSAN BEARS | D9: KBO | E9: =B9 -> KDO | F9: SPORTS | G9: B | I9: CU | J9: FLAT BILL FLEX CAP(일자) | K9: FI | L9: FITTED CAP | M9: =K9 -> FI | N9: 의류외 | P9: 모자 | R9: F | S9: 2014 | T9: =R9 -> F | V9: 5 | W9: 3 | X9: FW | Y9: =W9 -> 3 | AA9: 006 | AC9: B5 | AE9: Dark Flann | AF9: =AD9 -> 0 | AI9: OXL | AJ9: XL | AK9: 1 | AL9: =AI9 -> OXL | AR9: A | AS9: AUTHENTIC | AT9: =AR9 -> A | AV9: BG | AW9: 방글라데시 | AX9: =AV9 -> BG
