Workbook

Sheet 브랜드품목별
A1: 14FW SAMPLE LIST (LUI MARCHE)
A3: *실발주샘플수=중복 발주 및 입고 스타일은 1ST로 계산 | E3: 41572
C4: 데이터
A5: 브랜드/품목2 | B5: 품목 | C5: 실발주샘플수 | D5: 실입고샘플수 | E5: 미입고샘플수
A6: (비어 있음) | B6: (비어 있음) | E6: 0
A7: (비어 있음) 요약 | E7: 0
A8: JST | B8: FA | C8: 58 | D8: 40 | E8: 18
A9: JST 요약 | C9: 58 | D9: 40 | E9: 18
A10: 총합계 | C10: 58 | D10: 40 | E10: 18

Sheet 발주입고월
A1: 14FW SAMPLE LIST (LUI MARCHE)
A3: *중복 발주 및 입고 스타일은 1ST로 계산
A4: 샘플수 | D4: 입고월
A5: 브랜드/품목2 | B5: 품목 | C5: 실발주월 | D5: 201401 | E5: 201402 | F5: 201403 | G5: 201404 | H5: 총합계
A6: JST | B6: FA | C6: 201312 | D6: 11.333333 | E6: 2.5 | H6: 13.833333
C7: 201401 | E7: 6.5 | F7: 3.3333333 | G7: 1 | H7: 10.833333
C8: 201402 | F8: 26.833333 | G8: 2 | H8: 28.833333
C9: 201403 | F9: 1 | G9: 3.5 | H9: 4.5
B10: FA 요약 | D10: 11.333333 | E10: 9 | F10: 31.166667 | G10: 6.5 | H10: 58
A11: JST 요약 | D11: 11.333333 | E11: 9 | F11: 31.166667 | G11: 6.5 | H11: 58
A12: 총합계 | D12: 11.333333 | E12: 9 | F12: 31.166667 | G12: 6.5 | H12: 58

Sheet 샘플별업체별
A1: 14FW SAMPLE LIST (LUI MARCHE) | H1: 14FW SAMPLE LIST (HATS ON)
E2: 41722 | H2: 러닝(R)/신규(N) | I2: (모두) | N2: 41736
A3: *중복 발주 및 입고 스타일은 1ST로 계산 | H3: *실발주샘플수=중복 발주 및 입고 스타일은 1ST로 계산
E4: 데이터 | K4: 데이터
A5: 생산업체 | B5: 브랜드/품목2 | C5: 품목 | D5: 발주일 | E5: 실발주샘플수 | F5: 실입고샘플수 | H5: 브랜드 | I5: 생산업체 | J5: 품목 | K5: 실발주샘플수 | L5: 총발주샘플건수 | M5: 원단사용총수 | N5: 중국원단사용수 | O5: 총입고샘플건수 | P5: 미입고샘플수 | Q5: 총미입고샘플건수
A6: 우진모자 | B6: JST | C6: FA | D6: 41635 | E6: 2.8333333 | F6: 2.8333333 | H6: (비어 있음) | I6: (비어 있음) | J6: (비어 있음) | P6: 0 | Q6: 0
D7: 41653 | E7: 1 | F7: 0 | H7: JST | I7: 우진모자 | J7: FA | K7: 3.8333333 | L7: 6 | M7: 6 | N7: 6 | O7: 5 | P7: 1 | Q7: 1
A8: 우진모자 요약 | E8: 3.8333333 | F8: 2.8333333 | I8: BS | J8: FA | K8: 8.8333333 | L8: 15 | M8: 14 | N8: 14 | O8: 15 | P8: -1 | Q8: 0
A9: BS | B9: JST | C9: FA | D9: 41635 | E9: 2.5 | F9: 2.5 | I9: FOREMOST | J9: FA | K9: 39.333333 | L9: 48 | M9: 45 | N9: 45 | O9: 34 | P9: 14 | Q9: 14
D10: 41653 | E10: 3 | F10: 3 | I10: TS | J10: FA | K10: 3.5 | L10: 4 | M10: 4 | N10: 4 | O10: 0 | P10: 3.5 | Q10: 4
D11: 41682 | E11: 2.3333333 | F11: 3.3333333 | I11: 5 works room | J11: FA | K11: 2.5 | L11: 5 | M11: 4 | N11: 4 | O11: 4 | P11: 0.5 | Q11: 1
D12: 41698 | E12: 1 | F12: 1 | H12: 총합계 | K12: 58 | L12: 78 | M12: 73 | N12: 73 | O12: 58 | P12: 18 | Q12: 20
A13: BS 요약 | E13: 8.8333333 | F13: 9.8333333
A14: FOREMOST | B14: JST | C14: FA | D14: 41635 | E14: 6.5 | F14: 6.5
D15: 41653 | E15: 3 | F15: 3
D16: 41661 | E16: 2.3333333 | F16: 1.3333333
D17: 41676 | E17: 2 | F17: 1
D18: 41680 | E18: 3 | F18: 2
D19: 41682 | E19: 0.5 | F19: 0.5
D20: 41684 | E20: 2 | F20: 2
D21: 41689 | E21: 8 | F21: 4
D22: 41698 | E22: 8 | F22: 4
D23: 41701 | E23: 1 | F23: 1
D24: 41717 | E24: 3 | F24: 0
A25: FOREMOST 요약 | E25: 39.333333 | F25: 25.333333
A26: TS | B26: JST | C26: FA | D26: 41635 | E26: 2 | F26: 0
D27: 41653 | E27: 1.5 | F27: 0
A28: TS 요약 | E28: 3.5 | F28: 0
A29: 5 works room | B29: JST | C29: FA | D29: 41691 | E29: 2 | F29: 2
D30: 41724 | E30: 0.5 | F30: 0
A31: 5 works room 요약 | E31: 2.5 | F31: 2
A32: 총합계 | E32: 58 | F32: 40

Sheet 샘플현황취합
A1: 실발주샘플수 | B1: 실발주샘플번호 | C1: 총발주샘플건수 | D1: 총발주샘플업체/번호 | E1: 실발주월 | F1: 발주주 | G1: 실입고샘플수 | H1: 실입고샘플번호 | I1: 총입고샘플건수 | J1: 총입고샘플업체/번호 | K1: 입고일 | L1: 입고월 | M1: 입고주 | N1: 해외/국내 | O1: 브랜드/품목2 | P1: 브랜드 품목 | Q1: 공란 | R1: 순번 | S1: 이미지 | T1: 브랜드 | U1: 품목 | V1: 러닝(R)/신규(N) | W1: SAMPLE NO. | X1: 연령구분 | Y1: 샘플수 | Z1: 생산업체 | AA1: 발주일 | AB1: 목표입고일 | AC1: 입고예정일 | AD1: 실입고일 | AE1: 해외원가 | AF1: 국내원가 | AG1: 참조샘플 발송여부 | AH1: 중국원단사용총수 | AI1: 중국원단사용수 | AJ1: 기타
A2: =IF(B2="",0,1/COUNTIF(B:B,B2)) -> 0.5 | B2: =IF(AA2="","",W2) -> 14-FW-SP-06 | C2: =IF(D2="",0,1/COUNTIF(D:D,D2)) -> 1 | D2: =IF(AA2="","",Z2&W2) -> FOREMOST14-FW-SP-06 | E2: =IF(YEAR(AA2)<10,0&YEAR(AA2),YEAR(AA2))&IF(MONTH(AA2)<10,0&MONTH(AA2),MONTH(AA2)) -> 201312 | F2: =VLOOKUP($AA2,주!$A:$F,6,FALSE) -> 12월 4주 | G2: =IF(H2="",0,1/COUNTIF(H:H,H2)) -> 0.5 | H2: =IF(AD2="","",W2) -> 14-FW-SP-06 | I2: =IF(J2="",0,1/COUNTIF(J:J,J2)) -> 1 | J2: =IF(AD2="","",Z2&W2) -> FOREMOST14-FW-SP-06 | K2: =IF(AD2="",AC2,AD2) -> 41656 | L2: =IF(YEAR(K2)<10,0&YEAR(K2),YEAR(K2))&IF(MONTH(K2)<10,0&MONTH(K2),MONTH(K2)) -> 201401 | M2: =VLOOKUP($K2,주!$A:$F,6,FALSE) -> 1월 3주 | N2: =IF(VLOOKUP($Z2,[1]생산업체!$A:$C,2,FALSE)=1,"해외","국내") -> 해외 | O2: =IF(VLOOKUP($U2,[1]CODE!$K:$P,[1]CODE!P$1,FALSE)="모자",T2,T2&"-"&VLOOKUP($U2,[1]CODE!$K:$P,[1]CODE!P$1,FALSE)) -> JST | P2: JST | R2: 1 | T2: JST | U2: FA | V2: N | W2: 14-FW-SP-06 | X2: ADULT | Y2: 0.5 | Z2: FOREMOST | AA2: 41635 | AB2: 41663 | AC2: 41663 | AD2: 41656 | AE2: 6.5 | AG2: ORIGINAL SAMPLE | AH2: 4 | AI2: 1
A3: =IF(B3="",0,1/COUNTIF(B:B,B3)) -> 0.5 | B3: =IF(AA3="","",W3) -> 14-FW-SP-06 | C3: =IF(D3="",0,1/COUNTIF(D:D,D3)) -> 1 | D3: =IF(AA3="","",Z3&W3) -> BS14-FW-SP-06 | E3: =IF(YEAR(AA3)<10,0&YEAR(AA3),YEAR(AA3))&IF(MONTH(AA3)<10,0&MONTH(AA3),MONTH(AA3)) -> 201312 | F3: =VLOOKUP($AA3,주!$A:$F,6,FALSE) -> 12월 4주 | G3: =IF(H3="",0,1/COUNTIF(H:H,H3)) -> 0.5 | H3: =IF(AD3="","",W3) -> 14-FW-SP-06 | I3: =IF(J3="",0,1/COUNTIF(J:J,J3)) -> 1 | J3: =IF(AD3="","",Z3&W3) -> BS14-FW-SP-06 | K3: =IF(AD3="",AC3,AD3) -> 41694 | L3: =IF(YEAR(K3)<10,0&YEAR(K3),YEAR(K3))&IF(MONTH(K3)<10,0&MONTH(K3),MONTH(K3)) -> 201402 | M3: =VLOOKUP($K3,주!$A:$F,6,FALSE) -> 2월 4주 | N3: =IF(VLOOKUP($Z3,[1]생산업체!$A:$C,2,FALSE)=1,"해외","국내") -> 해외 | O3: =IF(VLOOKUP($U3,[1]CODE!$K:$P,[1]CODE!P$1,FALSE)="모자",T3,T3&"-"&VLOOKUP($U3,[1]CODE!$K:$P,[1]CODE!P$1,FALSE)) -> JST | P3: JST | R3: 2 | T3: JST | U3: FA | V3: N | W3: 14-FW-SP-06 | X3: ADULT | Y3: 0.5 | Z3: BS | AA3: 41635 | AB3: 41663 | AC3: 41663 | AD3: 41694 | AE3: 3.8 | AH3: 4 | AI3: 1
A4: =IF(B4="",0,1/COUNTIF(B:B,B4)) -> 0.5 | B4: =IF(AA4="","",W4) -> 14-FW-SP-07 | C4: =IF(D4="",0,1/COUNTIF(D:D,D4)) -> 1 | D4: =IF(AA4="","",Z4&W4) -> FOREMOST14-FW-SP-07 | E4: =IF(YEAR(AA4)<10,0&YEAR(AA4),YEAR(AA4))&IF(MONTH(AA4)<10,0&MONTH(AA4),MONTH(AA4)) -> 201312 | F4: =VLOOKUP($AA4,주!$A:$F,6,FALSE) -> 12월 4주 | G4: =IF(H4="",0,1/COUNTIF(H:H,H4)) -> 0.5 | H4: =IF(AD4="","",W4) -> 14-FW-SP-07 | I4: =IF(J4="",0,1/COUNTIF(J:J,J4)) -> 1 | J4: =IF(AD4="","",Z4&W4) -> FOREMOST14-FW-SP-07 | K4: =IF(AD4="",AC4,AD4) -> 41652 | L4: =IF(YEAR(K4)<10,0&YEAR(K4),YEAR(K4))&IF(MONTH(K4)<10,0&MONTH(K4),MONTH(K4)) -> 201401 | M4: =VLOOKUP($K4,주!$A:$F,6,FALSE) -> 1월 3주 | N4: =IF(VLOOKUP($Z4,[1]생산업체!$A:$C,2,FALSE)=1,"해외","국내") -> 해외 | O4: =IF(VLOOKUP($U4,[1]CODE!$K:$P,[1]CODE!P$1,FALSE)="모자",T4,T4&"-"&VLOOKUP($U4,[1]CODE!$K:$P,[1]CODE!P$1,FALSE)) -> JST | P4: JST | R4: 3 | T4: JST | U4: FA | V4: N | W4: 14-FW-SP-07 | X4: ADULT | Y4: 0.5 | Z4: FOREMOST | AA4: 41635 | AB4: 41663 | AC4: 41663 | AD4: 41652 | AE4: 5.7 | AH4: 4 | AI4: 1
A5: =IF(B5="",0,1/COUNTIF(B:B,B5)) -> 0.5 | B5: =IF(AA5="","",W5) -> 14-FW-SP-07 | C5: =IF(D5="",0,1/COUNTIF(D:D,D5)) -> 1 | D5: =IF(AA5="","",Z5&W5) -> BS14-FW-SP-07 | E5: =IF(YEAR(AA5)<10,0&YEAR(AA5),YEAR(AA5))&IF(MONTH(AA5)<10,0&MONTH(AA5),MONTH(AA5)) -> 201312 | F5: =VLOOKUP($AA5,주!$A:$F,6,FALSE) -> 12월 4주 | G5: =IF(H5="",0,1/COUNTIF(H:H,H5)) -> 0.5 | H5: =IF(AD5="","",W5) -> 14-FW-SP-07 | I5: =IF(J5="",0,1/COUNTIF(J:J,J5)) -> 1 | J5: =IF(AD5="","",Z5&W5) -> BS14-FW-SP-07 | K5: =IF(AD5="",AC5,AD5) -> 41694 | L5: =IF(YEAR(K5)<10,0&YEAR(K5),YEAR(K5))&IF(MONTH(K5)<10,0&MONTH(K5),MONTH(K5)) -> 201402 | M5: =VLOOKUP($K5,주!$A:$F,6,FALSE) -> 2월 4주 | N5: =IF(VLOOKUP($Z5,[1]생산업체!$A:$C,2,FALSE)=1,"해외","국내") -> 해외 | O5: =IF(VLOOKUP($U5,[1]CODE!$K:$P,[1]CODE!P$1,FALSE)="모자",T5,T5&"-"&VLOOKUP($U5,[1]CODE!$K:$P,[1]CODE!P$1,FALSE)) -> JST | P5: JST | R5: 4 | T5: JST | U5: FA | V5: N | W5: 14-FW-SP-07 | X5: ADULT | Y5: 0.5 | Z5: BS | AA5: 41635 | AB5: 41663 | AC5: 41663 | AD5: 41694 | AE5: 3.2 | AG5: ORIGINAL SAMPLE | AH5: 4 | AI5: 1 | AJ5: 오리지널샘플받아야함
A6: =IF(B6="",0,1/COUNTIF(B:B,B6)) -> 1 | B6: =IF(AA6="","",W6) -> 14-FW-SP-08 | C6: =IF(D6="",0,1/COUNTIF(D:D,D6)) -> 1 | D6: =IF(AA6="","",Z6&W6) -> FOREMOST14-FW-SP-08 | E6: =IF(YEAR(AA6)<10,0&YEAR(AA6),YEAR(AA6))&IF(MONTH(AA6)<10,0&MONTH(AA6),MONTH(AA6)) -> 201312 | F6: =VLOOKUP($AA6,주!$A:$F,6,FALSE) -> 12월 4주 | G6: =IF(H6="",0,1/COUNTIF(H:H,H6)) -> 1 | H6: =IF(AD6="","",W6) -> 14-FW-SP-08 | I6: =IF(J6="",0,1/COUNTIF(J:J,J6)) -> 1 | J6: =IF(AD6="","",Z6&W6) -> FOREMOST14-FW-SP-08 | K6: =IF(AD6="",AC6,AD6) -> 41656 | L6: =IF(YEAR(K6)<10,0&YEAR(K6),YEAR(K6))&IF(MONTH(K6)<10,0&MONTH(K6),MONTH(K6)) -> 201401 | M6: =VLOOKUP($K6,주!$A:$F,6,FALSE) -> 1월 3주 | N6: =IF(VLOOKUP($Z6,[1]생산업체!$A:$C,2,FALSE)=1,"해외","국내") -> 해외 | O6: =IF(VLOOKUP($U6,[1]CODE!$K:$P,[1]CODE!P$1,FALSE)="모자",T6,T6&"-"&VLOOKUP($U6,[1]CODE!$K:$P,[1]CODE!P$1,FALSE)) -> JST | P6: JST | R6: 5 | T6: JST | U6: FA | V6: N | W6: 14-FW-SP-08 | X6: ADULT | Y6: 1 | Z6: FOREMOST | AA6: 41635 | AB6: 41663 | AC6: 41663 | AD6: 41656 | AE6: 6.7 | AH6: 4 | AI6: 1
A7: =IF(B7="",0,1/COUNTIF(B:B,B7)) -> 0.5 | B7: =IF(AA7="","",W7) -> 14-FW-SP-09 | C7: =IF(D7="",0,1/COUNTIF(D:D,D7)) -> 1 | D7: =IF(AA7="","",Z7&W7) -> FOREMOST14-FW-SP-09 | E7: =IF(YEAR(AA7)<10,0&YEAR(AA7),YEAR(AA7))&IF(MONTH(AA7)<10,0&MONTH(AA7),MONTH(AA7)) -> 201312 | F7: =VLOOKUP($AA7,주!$A:$F,6,FALSE) -> 12월 4주 | G7: =IF(H7="",0,1/COUNTIF(H:H,H7)) -> 0.5 | H7: =IF(AD7="","",W7) -> 14-FW-SP-09 | I7: =IF(J7="",0,1/COUNTIF(J:J,J7)) -> 1 | J7: =IF(AD7="","",Z7&W7) -> FOREMOST14-FW-SP-09 | K7: =IF(AD7="",AC7,AD7) -> 41661 | L7: =IF(YEAR(K7)<10,0&YEAR(K7),YEAR(K7))&IF(MONTH(K7)<10,0&MONTH(K7),MONTH(K7)) -> 201401 | M7: =VLOOKUP($K7,주!$A:$F,6,FALSE) -> 1월 4주 | N7: =IF(VLOOKUP($Z7,[1]생산업체!$A:$C,2,FALSE)=1,"해외","국내") -> 해외 | O7: =IF(VLOOKUP($U7,[1]CODE!$K:$P,[1]CODE!P$1,FALSE)="모자",T7,T7&"-"&VLOOKUP($U7,[1]CODE!$K:$P,[1]CODE!P$1,FALSE)) -> JST | P7: JST | R7: 6 | T7: JST | U7: FA | V7: N | W7: 14-FW-SP-09 | X7: ADULT | Y7: 0.5 | Z7: FOREMOST | AA7: 41635 | AB7: 41663 | AC7: 41663 | AD7: 41661 | AE7: 7 | AH7: 5 | AI7: 1
A8: =IF(B8="",0,1/COUNTIF(B:B,B8)) -> 0.5 | B8: =IF(AA8="","",W8) -> 14-FW-SP-09 | C8: =IF(D8="",0,1/COUNTIF(D:D,D8)) -> 1 | D8: =IF(AA8="","",Z8&W8) -> BS14-FW-SP-09 | E8: =IF(YEAR(AA8)<10,0&YEAR(AA8),YEAR(AA8))&IF(MONTH(AA8)<10,0&MONTH(AA8),MONTH(AA8)) -> 201312 | F8: =VLOOKUP($AA8,주!$A:$F,6,FALSE) -> 12월 4주 | G8: =IF(H8="",0,1/COUNTIF(H:H,H8)) -> 0.5 | H8: =IF(AD8="","",W8) -> 14-FW-SP-09 | I8: =IF(J8="",0,1/COUNTIF(J:J,J8)) -> 1 | J8: =IF(AD8="","",Z8&W8) -> BS14-FW-SP-09 | K8: =IF(AD8="",AC8,AD8) -> 41694 | L8: =IF(YEAR(K8)<10,0&YEAR(K8),YEAR(K8))&IF(MONTH(K8)<10,0&MONTH(K8),MONTH(K8)) -> 201402 | M8: =VLOOKUP($K8,주!$A:$F,6,FALSE) -> 2월 4주 | N8: =IF(VLOOKUP($Z8,[1]생산업체!$A:$C,2,FALSE)=1,"해외","국내") -> 해외 | O8: =IF(VLOOKUP($U8,[1]CODE!$K:$P,[1]CODE!P$1,FALSE)="모자",T8,T8&"-"&VLOOKUP($U8,[1]CODE!$K:$P,[1]CODE!P$1,FALSE)) -> JST | P8: JST | R8: 7 | T8: JST | U8: FA | V8: N | W8: 14-FW-SP-09 | X8: ADULT | Y8: 0.5 | Z8: BS | AA8: 41635 | AB8: 41663 | AC8: 41663 | AD8: 41694 | AE8: 3.8 | AG8: ORIGINAL SAMPLE | AH8: 5 | AI8: 1
A9: =IF(B9="",0,1/COUNTIF(B:B,B9)) -> 0.5 | B9: =IF(AA9="","",W9) -> 14-FW-SP-10 | C9: =IF(D9="",0,1/COUNTIF(D:D,D9)) -> 1 | D9: =IF(AA9="","",Z9&W9) -> FOREMOST14-FW-SP-10 | E9: =IF(YEAR(AA9)<10,0&YEAR(AA9),YEAR(AA9))&IF(MONTH(AA9)<10,0&MONTH(AA9),MONTH(AA9)) -> 201312 | F9: =VLOOKUP($AA9,주!$A:$F,6,FALSE) -> 12월 4주 | G9: =IF(H9="",0,1/COUNTIF(H:H,H9)) -> 0.5 | H9: =IF(AD9="","",W9) -> 14-FW-SP-10 | I9: =IF(J9="",0,1/COUNTIF(J:J,J9)) -> 1 | J9: =IF(AD9="","",Z9&W9) -> FOREMOST14-FW-SP-10 | K9: =IF(AD9="",AC9,AD9) -> 41652 | L9: =IF(YEAR(K9)<10,0&YEAR(K9),YEAR(K9))&IF(MONTH(K9)<10,0&MONTH(K9),MONTH(K9)) -> 201401 | M9: =VLOOKUP($K9,주!$A:$F,6,FALSE) -> 1월 3주 | N9: =IF(VLOOKUP($Z9,[1]생산업체!$A:$C,2,FALSE)=1,"해외","국내") -> 해외 | O9: =IF(VLOOKUP($U9,[1]CODE!$K:$P,[1]CODE!P$1,FALSE)="모자",T9,T9&"-"&VLOOKUP($U9,[1]CODE!$K:$P,[1]CODE!P$1,FALSE)) -> JST | P9: JST | R9: 8 | T9: JST | U9: FA | V9: N | W9: 14-FW-SP-10 | X9: ADULT | Y9: 0.5 | Z9: FOREMOST | AA9: 41635 | AB9: 41663 | AC9: 41663 | AD9: 41652 | AE9: 5.4 | AH9: 3 | AI9: 1
A10: =IF(B10="",0,1/COUNTIF(B:B,B10)) -> 0.5 | B10: =IF(AA10="","",W10) -> 14-FW-SP-10 | C10: =IF(D10="",0,1/COUNTIF(D:D,D10)) -> 1 | D10: =IF(AA10="","",Z10&W10) -> BS14-FW-SP-10 | E10: =IF(YEAR(AA10)<10,0&YEAR(AA10),YEAR(AA10))&IF(MONTH(AA10)<10,0&MONTH(AA10),MONTH(AA10)) -> 201312 | F10: =VLOOKUP($AA10,주!$A:$F,6,FALSE) -> 12월 4주 | G10: =IF(H10="",0,1/COUNTIF(H:H,H10)) -> 0.5 | H10: =IF(AD10="","",W10) -> 14-FW-SP-10 | I10: =IF(J10="",0,1/COUNTIF(J:J,J10)) -> 1 | J10: =IF(AD10="","",Z10&W10) -> BS14-FW-SP-10 | K10: =IF(AD10="",AC10,AD10) -> 41694 | L10: =IF(YEAR(K10)<10,0&YEAR(K10),YEAR(K10))&IF(MONTH(K10)<10,0&MONTH(K10),MONTH(K10)) -> 201402 | M10: =VLOOKUP($K10,주!$A:$F,6,FALSE) -> 2월 4주 | N10: =IF(VLOOKUP($Z10,[1]생산업체!$A:$C,2,FALSE)=1,"해외","국내") -> 해외 | O10: =IF(VLOOKUP($U10,[1]CODE!$K:$P,[1]CODE!P$1,FALSE)="모자",T10,T10&"-"&VLOOKUP($U10,[1]CODE!$K:$P,[1]CODE!P$1,FALSE)) -> JST | P10: JST | R10: 9 | T10: JST | U10: FA | V10: N | W10: 14-FW-SP-10 | X10: ADULT | Y10: 0.5 | Z10: BS | AA10: 41635 | AB10: 41663 | AC10: 41663 | AD10: 41694 | AE10: 3.2 | AH10: 3 | AI10: 1
A11: =IF(B11="",0,1/COUNTIF(B:B,B11)) -> 0.5 | B11: =IF(AA11="","",W11) -> 14-FW-SP-11 | C11: =IF(D11="",0,1/COUNTIF(D:D,D11)) -> 1 | D11: =IF(AA11="","",Z11&W11) -> FOREMOST14-FW-SP-11 | E11: =IF(YEAR(AA11)<10,0&YEAR(AA11),YEAR(AA11))&IF(MONTH(AA11)<10,0&MONTH(AA11),MONTH(AA11)) -> 201312 | F11: =VLOOKUP($AA11,주!$A:$F,6,FALSE) -> 12월 4주 | G11: =IF(H11="",0,1/COUNTIF(H:H,H11)) -> 0.5 | H11: =IF(AD11="","",W11) -> 14-FW-SP-11 | I11: =IF(J11="",0,1/COUNTIF(J:J,J11)) -> 1 | J11: =IF(AD11="","",Z11&W11) -> FOREMOST14-FW-SP-11 | K11: =IF(AD11="",AC11,AD11) -> 41656 | L11: =IF(YEAR(K11)<10,0&YEAR(K11),YEAR(K11))&IF(MONTH(K11)<10,0&MONTH(K11),MONTH(K11)) -> 201401 | M11: =VLOOKUP($K11,주!$A:$F,6,FALSE) -> 1월 3주 | N11: =IF(VLOOKUP($Z11,[1]생산업체!$A:$C,2,FALSE)=1,"해외","국내") -> 해외 | O11: =IF(VLOOKUP($U11,[1]CODE!$K:$P,[1]CODE!P$1,FALSE)="모자",T11,T11&"-"&VLOOKUP($U11,[1]CODE!$K:$P,[1]CODE!P$1,FALSE)) -> JST | P11: JST | R11: 10 | T11: JST | U11: FA | V11: N | W11: 14-FW-SP-11 | X11: ADULT | Y11: 0.5 | Z11: FOREMOST | AA11: 41635 | AB11: 41663 | AC11: 41663 | AD11: 41656 | AE11: 4.2 | AH11: 4 | AI11: 1
A12: =IF(B12="",0,1/COUNTIF(B:B,B12)) -> 0.5 | B12: =IF(AA12="","",W12) -> 14-FW-SP-11 | C12: =IF(D12="",0,1/COUNTIF(D:D,D12)) -> 1 | D12: =IF(AA12="","",Z12&W12) -> 5 works room14-FW-SP-11 | E12: =IF(YEAR(AA12)<10,0&YEAR(AA12),YEAR(AA12))&IF(MONTH(AA12)<10,0&MONTH(AA12),MONTH(AA12)) -> 201402 | F12: =VLOOKUP($AA12,주!$A:$F,6,FALSE) -> 2월 3주 | G12: =IF(H12="",0,1/COUNTIF(H:H,H12)) -> 0.5 | H12: =IF(AD12="","",W12) -> 14-FW-SP-11 | I12: =IF(J12="",0,1/COUNTIF(J:J,J12)) -> 1 | J12: =IF(AD12="","",Z12&W12) -> 5 works room14-FW-SP-11 | K12: =IF(AD12="",AC12,AD12) -> 41715 | L12: =IF(YEAR(K12)<10,0&YEAR(K12),YEAR(K12))&IF(MONTH(K12)<10,0&MONTH(K12),MONTH(K12)) -> 201403 | M12: =VLOOKUP($K12,주!$A:$F,6,FALSE) -> 3월 4주 | N12: =IF(VLOOKUP($Z12,[1]생산업체!$A:$C,2,FALSE)=1,"해외","국내") -> #N/A | O12: =IF(VLOOKUP($U12,[1]CODE!$K:$P,[1]CODE!P$1,FALSE)="모자",T12,T12&"-"&VLOOKUP($U12,[1]CODE!$K:$P,[1]CODE!P$1,FALSE)) -> JST | P12: JST | R12: 11 | T12: JST | U12: FA | V12: N | W12: 14-FW-SP-11 | X12: ADULT | Y12: 0.5 | Z12: 5 works room | AA12: 41691 | AB12: 41719 | AC12: 41719 | AD12: 41715 | AE12: 4 | AH12: 4 | AI12: 1
A13: =IF(B13="",0,1/COUNTIF(B:B,B13)) -> 0.5 | B13: =IF(AA13="","",W13) -> 14-FW-SP-12 | C13: =IF(D13="",0,1/COUNTIF(D:D,D13)) -> 1 | D13: =IF(AA13="","",Z13&W13) -> 우진모자14-FW-SP-12 | E13: =IF(YEAR(AA13)<10,0&YEAR(AA13),YEAR(AA13))&IF(MONTH(AA13)<10,0&MONTH(AA13),MONTH(AA13)) -> 201312 | F13: =VLOOKUP($AA13,주!$A:$F,6,FALSE) -> 12월 4주 | G13: =IF(H13="",0,1/COUNTIF(H:H,H13)) -> 0.5 | H13: =IF(AD13="","",W13) -> 14-FW-SP-12 | I13: =IF(J13="",0,1/COUNTIF(J:J,J13)) -> 1 | J13: =IF(AD13="","",Z13&W13) -> 우진모자14-FW-SP-12 | K13: =IF(AD13="",AC13,AD13) -> 41656 | L13: =IF(YEAR(K13)<10,0&YEAR(K13),YEAR(K13))&IF(MONTH(K13)<10,0&MONTH(K13),MONTH(K13)) -> 201401 | M13: =VLOOKUP($K13,주!$A:$F,6,FALSE) -> 1월 3주 | N13: =IF(VLOOKUP($Z13,[1]생산업체!$A:$C,2,FALSE)=1,"해외","국내") -> 국내 | O13: =IF(VLOOKUP($U13,[1]CODE!$K:$P,[1]CODE!P$1,FALSE)="모자",T13,T13&"-"&VLOOKUP($U13,[1]CODE!$K:$P,[1]CODE!P$1,FALSE)) -> JST | P13: JST | R13: 12 | T13: JST | U13: FA | V13: N | W13: 14-FW-SP-12 | X13: ADULT | Y13: 0.5 | Z13: 우진모자 | AA13: 41635 | AB13: 41656 | AC13: 41656 | AD13: 41656 | AH13: 3 | AI13: 1
A14: =IF(B14="",0,1/COUNTIF(B:B,B14)) -> 0.5 | B14: =IF(AA14="","",W14) -> 14-FW-SP-12 | C14: =IF(D14="",0,1/COUNTIF(D:D,D14)) -> 1 | D14: =IF(AA14="","",Z14&W14) -> FOREMOST14-FW-SP-12 | E14: =IF(YEAR(AA14)<10,0&YEAR(AA14),YEAR(AA14))&IF(MONTH(AA14)<10,0&MONTH(AA14),MONTH(AA14)) -> 201312 | F14: =VLOOKUP($AA14,주!$A:$F,6,FALSE) -> 12월 4주 | G14: =IF(H14="",0,1/COUNTIF(H:H,H14)) -> 0.5 | H14: =IF(AD14="","",W14) -> 14-FW-SP-12 | I14: =IF(J14="",0,1/COUNTIF(J:J,J14)) -> 1 | J14: =IF(AD14="","",Z14&W14) -> FOREMOST14-FW-SP-12 | K14: =IF(AD14="",AC14,AD14) -> 41652 | L14: =IF(YEAR(K14)<10,0&YEAR(K14),YEAR(K14))&IF(MONTH(K14)<10,0&MONTH(K14),MONTH(K14)) -> 201401 | M14: =VLOOKUP($K14,주!$A:$F,6,FALSE) -> 1월 3주 | N14: =IF(VLOOKUP($Z14,[1]생산업체!$A:$C,2,FALSE)=1,"해외","국내") -> 해외 | O14: =IF(VLOOKUP($U14,[1]CODE!$K:$P,[1]CODE!P$1,FALSE)="모자",T14,T14&"-"&VLOOKUP($U14,[1]CODE!$K:$P,[1]CODE!P$1,FALSE)) -> JST | P14: JST | R14: 13 | T14: JST | U14: FA | V14: N | W14: 14-FW-SP-12 | X14: ADULT | Y14: 0.5 | Z14: FOREMOST | AA14: 41635 | AB14: 41663 | AC14: 41663 | AD14: 41652 | AE14: 6.7 | AH14: 3 | AI14: 1
A15: =IF(B15="",0,1/COUNTIF(B:B,B15)) -> 0.5 | B15: =IF(AA15="","",W15) -> 14-FW-SP-13 | C15: =IF(D15="",0,1/COUNTIF(D:D,D15)) -> 1 | D15: =IF(AA15="","",Z15&W15) -> 우진모자14-FW-SP-13 | E15: =IF(YEAR(AA15)<10,0&YEAR(AA15),YEAR(AA15))&IF(MONTH(AA15)<10,0&MONTH(AA15),MONTH(AA15)) -> 201312 | F15: =VLOOKUP($AA15,주!$A:$F,6,FALSE) -> 12월 4주 | G15: =IF(H15="",0,1/COUNTIF(H:H,H15)) -> 0.5 | H15: =IF(AD15="","",W15) -> 14-FW-SP-13 | I15: =IF(J15="",0,1/COUNTIF(J:J,J15)) -> 1 | J15: =IF(AD15="","",Z15&W15) -> 우진모자14-FW-SP-13 | K15: =IF(AD15="",AC15,AD15) -> 41656 | L15: =IF(YEAR(K15)<10,0&YEAR(K15),YEAR(K15))&IF(MONTH(K15)<10,0&MONTH(K15),MONTH(K15)) -> 201401 | M15: =VLOOKUP($K15,주!$A:$F,6,FALSE) -> 1월 3주 | N15: =IF(VLOOKUP($Z15,[1]생산업체!$A:$C,2,FALSE)=1,"해외","국내") -> 국내 | O15: =IF(VLOOKUP($U15,[1]CODE!$K:$P,[1]CODE!P$1,FALSE)="모자",T15,T15&"-"&VLOOKUP($U15,[1]CODE!$K:$P,[1]CODE!P$1,FALSE)) -> JST | P15: JST | R15: 14 | T15: JST | U15: FA | V15: N | W15: 14-FW-SP-13 | X15: ADULT | Y15: 0.5 | Z15: 우진모자 | AA15: 41635 | AB15: 41656 | AC15: 41656 | AD15: 41656 | AH15: 3 | AI15: 1
A16: =IF(B16="",0,1/COUNTIF(B:B,B16)) -> 0.5 | B16: =IF(AA16="","",W16) -> 14-FW-SP-13 | C16: =IF(D16="",0,1/COUNTIF(D:D,D16)) -> 1 | D16: =IF(AA16="","",Z16&W16) -> FOREMOST14-FW-SP-13 | E16: =IF(YEAR(AA16)<10,0&YEAR(AA16),YEAR(AA16))&IF(MONTH(AA16)<10,0&MONTH(AA16),MONTH(AA16)) -> 201312 | F16: =VLOOKUP($AA16,주!$A:$F,6,FALSE) -> 12월 4주 | G16: =IF(H16="",0,1/COUNTIF(H:H,H16)) -> 0.5 | H16: =IF(AD16="","",W16) -> 14-FW-SP-13 | I16: =IF(J16="",0,1/COUNTIF(J:J,J16)) -> 1 | J16: =IF(AD16="","",Z16&W16) -> FOREMOST14-FW-SP-13 | K16: =IF(AD16="",AC16,AD16) -> 41652 | L16: =IF(YEAR(K16)<10,0&YEAR(K16),YEAR(K16))&IF(MONTH(K16)<10,0&MONTH(K16),MONTH(K16)) -> 201401 | M16: =VLOOKUP($K16,주!$A:$F,6,FALSE) -> 1월 3주 | N16: =IF(VLOOKUP($Z16,[1]생산업체!$A:$C,2,FALSE)=1,"해외","국내") -> 해외 | O16: =IF(VLOOKUP($U16,[1]CODE!$K:$P,[1]CODE!P$1,FALSE)="모자",T16,T16&"-"&VLOOKUP($U16,[1]CODE!$K:$P,[1]CODE!P$1,FALSE)) -> JST | P16: JST | R16: 15 | T16: JST | U16: FA | V16: N | W16: 14-FW-SP-13 | X16: ADULT | Y16: 0.5 | Z16: FOREMOST | AA16: 41635 | AB16: 41663 | AC16: 41663 | AD16: 41652 | AE16: 6.5 | AH16: 3 | AI16: 1
A17: =IF(B17="",0,1/COUNTIF(B:B,B17)) -> 1 | B17: =IF(AA17="","",W17) -> 14-FW-SP-14 | C17: =IF(D17="",0,1/COUNTIF(D:D,D17)) -> 1 | D17: =IF(AA17="","",Z17&W17) -> 우진모자14-FW-SP-14 | E17: =IF(YEAR(AA17)<10,0&YEAR(AA17),YEAR(AA17))&IF(MONTH(AA17)<10,0&MONTH(AA17),MONTH(AA17)) -> 201312 | F17: =VLOOKUP($AA17,주!$A:$F,6,FALSE) -> 12월 4주 | G17: =IF(H17="",0,1/COUNTIF(H:H,H17)) -> 1 | H17: =IF(AD17="","",W17) -> 14-FW-SP-14 | I17: =IF(J17="",0,1/COUNTIF(J:J,J17)) -> 1 | J17: =IF(AD17="","",Z17&W17) -> 우진모자14-FW-SP-14 | K17: =IF(AD17="",AC17,AD17) -> 41656 | L17: =IF(YEAR(K17)<10,0&YEAR(K17),YEAR(K17))&IF(MONTH(K17)<10,0&MONTH(K17),MONTH(K17)) -> 201401 | M17: =VLOOKUP($K17,주!$A:$F,6,FALSE) -> 1월 3주 | N17: =IF(VLOOKUP($Z17,[1]생산업체!$A:$C,2,FALSE)=1,"해외","국내") -> 국내 | O17: =IF(VLOOKUP($U17,[1]CODE!$K:$P,[1]CODE!P$1,FALSE)="모자",T17,T17&"-"&VLOOKUP($U17,[1]CODE!$K:$P,[1]CODE!P$1,FALSE)) -> JST | P17: JST | R17: 16 | T17: JST | U17: FA | V17: N | W17: 14-FW-SP-14 | X17: ADULT | Y17: 1 | Z17: 우진모자 | AA17: 41635 | AB17: 41656 | AC17: 41656 | AD17: 41656 | AH17: 3 | AI17: 1
A18: =IF(B18="",0,1/COUNTIF(B:B,B18)) -> 0.5 | B18: =IF(AA18="","",W18) -> 14-FW-SP-15 | C18: =IF(D18="",0,1/COUNTIF(D:D,D18)) -> 1 | D18: =IF(AA18="","",Z18&W18) -> 우진모자14-FW-SP-15 | E18: =IF(YEAR(AA18)<10,0&YEAR(AA18),YEAR(AA18))&IF(MONTH(AA18)<10,0&MONTH(AA18),MONTH(AA18)) -> 201312 | F18: =VLOOKUP($AA18,주!$A:$F,6,FALSE) -> 12월 4주 | G18: =IF(H18="",0,1/COUNTIF(H:H,H18)) -> 0.5 | H18: =IF(AD18="","",W18) -> 14-FW-SP-15 | I18: =IF(J18="",0,1/COUNTIF(J:J,J18)) -> 1 | J18: =IF(AD18="","",Z18&W18) -> 우진모자14-FW-SP-15 | K18: =IF(AD18="",AC18,AD18) -> 41656 | L18: =IF(YEAR(K18)<10,0&YEAR(K18),YEAR(K18))&IF(MONTH(K18)<10,0&MONTH(K18),MONTH(K18)) -> 201401 | M18: =VLOOKUP($K18,주!$A:$F,6,FALSE) -> 1월 3주 | N18: =IF(VLOOKUP($Z18,[1]생산업체!$A:$C,2,FALSE)=1,"해외","국내") -> 국내 | O18: =IF(VLOOKUP($U18,[1]CODE!$K:$P,[1]CODE!P$1,FALSE)="모자",T18,T18&"-"&VLOOKUP($U18,[1]CODE!$K:$P,[1]CODE!P$1,FALSE)) -> JST | P18: JST | R18: 17 | T18: JST | U18: FA | V18: N | W18: 14-FW-SP-15 | X18: ADULT | Y18: 0.5 | Z18: 우진모자 | AA18: 41635 | AB18: 41656 | AC18: 41656 | AD18: 41656 | AH18: 4 | AI18: 1
A19: =IF(B19="",0,1/COUNTIF(B:B,B19)) -> 0.5 | B19: =IF(AA19="","",W19) -> 14-FW-SP-15 | C19: =IF(D19="",0,1/COUNTIF(D:D,D19)) -> 1 | D19: =IF(AA19="","",Z19&W19) -> FOREMOST14-FW-SP-15 | E19: =IF(YEAR(AA19)<10,0&YEAR(AA19),YEAR(AA19))&IF(MONTH(AA19)<10,0&MONTH(AA19),MONTH(AA19)) -> 201312 | F19: =VLOOKUP($AA19,주!$A:$F,6,FALSE) -> 12월 4주 | G19: =IF(H19="",0,1/COUNTIF(H:H,H19)) -> 0.5 | H19: =IF(AD19="","",W19) -> 14-FW-SP-15 | I19: =IF(J19="",0,1/COUNTIF(J:J,J19)) -> 1 | J19: =IF(AD19="","",Z19&W19) -> FOREMOST14-FW-SP-15 | K19: =IF(AD19="",AC19,AD19) -> 41656 | L19: =IF(YEAR(K19)<10,0&YEAR(K19),YEAR(K19))&IF(MONTH(K19)<10,0&MONTH(K19),MONTH(K19)) -> 201401 | M19: =VLOOKUP($K19,주!$A:$F,6,FALSE) -> 1월 3주 | N19: =IF(VLOOKUP($Z19,[1]생산업체!$A:$C,2,FALSE)=1,"해외","국내") -> 해외 | O19: =IF(VLOOKUP($U19,[1]CODE!$K:$P,[1]CODE!P$1,FALSE)="모자",T19,T19&"-"&VLOOKUP($U19,[1]CODE!$K:$P,[1]CODE!P$1,FALSE)) -> JST | P19: JST | R19: 18 | T19: JST | U19: FA | V19: N | W19: 14-FW-SP-15 | X19: ADULT | Y19: 0.5 | Z19: FOREMOST | AA19: 41635 | AB19: 41663 | AC19: 41663 | AD19: 41656 | AE19: 6.7 | AH19: 4 | AI19: 1
A20: =IF(B20="",0,1/COUNTIF(B:B,B20)) -> 1 | B20: =IF(AA20="","",W20) -> 14-FW-SP-16 | C20: =IF(D20="",0,1/COUNTIF(D:D,D20)) -> 1 | D20: =IF(AA20="","",Z20&W20) -> TS14-FW-SP-16 | E20: =IF(YEAR(AA20)<10,0&YEAR(AA20),YEAR(AA20))&IF(MONTH(AA20)<10,0&MONTH(AA20),MONTH(AA20)) -> 201312 | F20: =VLOOKUP($AA20,주!$A:$F,6,FALSE) -> 12월 4주 | G20: =IF(H20="",0,1/COUNTIF(H:H,H20)) -> 0 | H20: =IF(AD20="","",W20) | I20: =IF(J20="",0,1/COUNTIF(J:J,J20)) -> 0 | J20: =IF(AD20="","",Z20&W20) | K20: =IF(AD20="",AC20,AD20) -> 41656 | L20: =IF(YEAR(K20)<10,0&YEAR(K20),YEAR(K20))&IF(MONTH(K20)<10,0&MONTH(K20),MONTH(K20)) -> 201401 | M20: =VLOOKUP($K20,주!$A:$F,6,FALSE) -> 1월 3주 | N20: =IF(VLOOKUP($Z20,[1]생산업체!$A:$C,2,FALSE)=1,"해외","국내") -> 국내 | O20: =IF(VLOOKUP($U20,[1]CODE!$K:$P,[1]CODE!P$1,FALSE)="모자",T20,T20&"-"&VLOOKUP($U20,[1]CODE!$K:$P,[1]CODE!P$1,FALSE)) -> JST | P20: JST | R20: 19 | T20: JST | U20: FA | V20: N | W20: 14-FW-SP-16 | X20: ADULT | Y20: 1 | Z20: TS | AA20: 41635 | AB20: 41656 | AC20: 41656 | AH20: 5 | AI20: 1 | AJ20: 안한다함(2/10)
A21: =IF(B21="",0,1/COUNTIF(B:B,B21)) -> 1 | B21: =IF(AA21="","",W21) -> 14-FW-SP-17 | C21: =IF(D21="",0,1/COUNTIF(D:D,D21)) -> 1 | D21: =IF(AA21="","",Z21&W21) -> TS14-FW-SP-17 | E21: =IF(YEAR(AA21)<10,0&YEAR(AA21),YEAR(AA21))&IF(MONTH(AA21)<10,0&MONTH(AA21),MONTH(AA21)) -> 201312 | F21: =VLOOKUP($AA21,주!$A:$F,6,FALSE) -> 12월 4주 | G21: =IF(H21="",0,1/COUNTIF(H:H,H21)) -> 0 | H21: =IF(AD21="","",W21) | I21: =IF(J21="",0,1/COUNTIF(J:J,J21)) -> 0 | J21: =IF(AD21="","",Z21&W21) | K21: =IF(AD21="",AC21,AD21) -> 41656 | L21: =IF(YEAR(K21)<10,0&YEAR(K21),YEAR(K21))&IF(MONTH(K21)<10,0&MONTH(K21),MONTH(K21)) -> 201401 | M21: =VLOOKUP($K21,주!$A:$F,6,FALSE) -> 1월 3주 | N21: =IF(VLOOKUP($Z21,[1]생산업체!$A:$C,2,FALSE)=1,"해외","국내") -> 국내 | O21: =IF(VLOOKUP($U21,[1]CODE!$K:$P,[1]CODE!P$1,FALSE)="모자",T21,T21&"-"&VLOOKUP($U21,[1]CODE!$K:$P,[1]CODE!P$1,FALSE)) -> JST | P21: JST | R21: 20 | T21: JST | U21: FA | V21: N | W21: 14-FW-SP-17 | X21: ADULT | Y21: 1 | Z21: TS | AA21: 41635 | AB21: 41656 | AC21: 41656 | AH21: 5 | AI21: 1 | AJ21: 안한다함(2/10)
A22: =IF(B22="",0,1/COUNTIF(B:B,B22)) -> 0.5 | B22: =IF(AA22="","",W22) -> 14-FW-SP-18 | C22: =IF(D22="",0,1/COUNTIF(D:D,D22)) -> 1 | D22: =IF(AA22="","",Z22&W22) -> FOREMOST14-FW-SP-18 | E22: =IF(YEAR(AA22)<10,0&YEAR(AA22),YEAR(AA22))&IF(MONTH(AA22)<10,0&MONTH(AA22),MONTH(AA22)) -> 201312 | F22: =VLOOKUP($AA22,주!$A:$F,6,FALSE) -> 12월 4주 | G22: =IF(H22="",0,1/COUNTIF(H:H,H22)) -> 0.5 | H22: =IF(AD22="","",W22) -> 14-FW-SP-18 | I22: =IF(J22="",0,1/COUNTIF(J:J,J22)) -> 1 | J22: =IF(AD22="","",Z22&W22) -> FOREMOST14-FW-SP-18 | K22: =IF(AD22="",AC22,AD22) -> 41652 | L22: =IF(YEAR(K22)<10,0&YEAR(K22),YEAR(K22))&IF(MONTH(K22)<10,0&MONTH(K22),MONTH(K22)) -> 201401 | M22: =VLOOKUP($K22,주!$A:$F,6,FALSE) -> 1월 3주 | N22: =IF(VLOOKUP($Z22,[1]생산업체!$A:$C,2,FALSE)=1,"해외","국내") -> 해외 | O22: =IF(VLOOKUP($U22,[1]CODE!$K:$P,[1]CODE!P$1,FALSE)="모자",T22,T22&"-"&VLOOKUP($U22,[1]CODE!$K:$P,[1]CODE!P$1,FALSE)) -> JST | P22: JST | R22: 21 | T22: JST | U22: FA | V22: N | W22: 14-FW-SP-18 | X22: ADULT | Y22: 0.5 | Z22: FOREMOST | AA22: 41635 | AB22: 41663 | AC22: 41663 | AD22: 41652 | AE22: 6.15 | AH22: 4 | AI22: 1
A23: =IF(B23="",0,1/COUNTIF(B:B,B23)) -> 0.5 | B23: =IF(AA23="","",W23) -> 14-FW-SP-18 | C23: =IF(D23="",0,1/COUNTIF(D:D,D23)) -> 1 | D23: =IF(AA23="","",Z23&W23) -> 5 works room14-FW-SP-18 | E23: =IF(YEAR(AA23)<10,0&YEAR(AA23),YEAR(AA23))&IF(MONTH(AA23)<10,0&MONTH(AA23),MONTH(AA23)) -> 201402 | F23: =VLOOKUP($AA23,주!$A:$F,6,FALSE) -> 2월 3주 | G23: =IF(H23="",0,1/COUNTIF(H:H,H23)) -> 0.5 | H23: =IF(AD23="","",W23) -> 14-FW-SP-18 | I23: =IF(J23="",0,1/COUNTIF(J:J,J23)) -> 1 | J23: =IF(AD23="","",Z23&W23) -> 5 works room14-FW-SP-18 | K23: =IF(AD23="",AC23,AD23) -> 41715 | L23: =IF(YEAR(K23)<10,0&YEAR(K23),YEAR(K23))&IF(MONTH(K23)<10,0&MONTH(K23),MONTH(K23)) -> 201403 | M23: =VLOOKUP($K23,주!$A:$F,6,FALSE) -> 3월 4주 | N23: =IF(VLOOKUP($Z23,[1]생산업체!$A:$C,2,FALSE)=1,"해외","국내") -> #N/A | O23: =IF(VLOOKUP($U23,[1]CODE!$K:$P,[1]CODE!P$1,FALSE)="모자",T23,T23&"-"&VLOOKUP($U23,[1]CODE!$K:$P,[1]CODE!P$1,FALSE)) -> JST | P23: JST | R23: 22 | T23: JST | U23: FA | V23: N | W23: 14-FW-SP-18 | X23: ADULT | Y23: 0.5 | Z23: 5 works room | AA23: 41691 | AB23: 41719 | AC23: 41719 | AD23: 41715 | AE23: 4.8 | AH23: 4 | AI23: 1
A24: =IF(B24="",0,1/COUNTIF(B:B,B24)) -> 0.5 | B24: =IF(AA24="","",W24) -> 14-FW-SP-19 | C24: =IF(D24="",0,1/COUNTIF(D:D,D24)) -> 1 | D24: =IF(AA24="","",Z24&W24) -> FOREMOST14-FW-SP-19 | E24: =IF(YEAR(AA24)<10,0&YEAR(AA24),YEAR(AA24))&IF(MONTH(AA24)<10,0&MONTH(AA24),MONTH(AA24)) -> 201312 | F24: =VLOOKUP($AA24,주!$A:$F,6,FALSE) -> 12월 4주 | G24: =IF(H24="",0,1/COUNTIF(H:H,H24)) -> 0.5 | H24: =IF(AD24="","",W24) -> 14-FW-SP-19 | I24: =IF(J24="",0,1/COUNTIF(J:J,J24)) -> 1 | J24: =IF(AD24="","",Z24&W24) -> FOREMOST14-FW-SP-19 | K24: =IF(AD24="",AC24,AD24) -> 41661 | L24: =IF(YEAR(K24)<10,0&YEAR(K24),YEAR(K24))&IF(MONTH(K24)<10,0&MONTH(K24),MONTH(K24)) -> 201401 | M24: =VLOOKUP($K24,주!$A:$F,6,FALSE) -> 1월 4주 | N24: =IF(VLOOKUP($Z24,[1]생산업체!$A:$C,2,FALSE)=1,"해외","국내") -> 해외 | O24: =IF(VLOOKUP($U24,[1]CODE!$K:$P,[1]CODE!P$1,FALSE)="모자",T24,T24&"-"&VLOOKUP($U24,[1]CODE!$K:$P,[1]CODE!P$1,FALSE)) -> JST | P24: JST | R24: 23 | T24: JST | U24: FA | V24: N | W24: 14-FW-SP-19 | X24: ADULT | Y24: 0.5 | Z24: FOREMOST | AA24: 41635 | AB24: 41663 | AC24: 41663 | AD24: 41661 | AE24: 5 | AH24: 3 | AI24: 1
A25: =IF(B25="",0,1/COUNTIF(B:B,B25)) -> 0.5 | B25: =IF(AA25="","",W25) -> 14-FW-SP-19 | C25: =IF(D25="",0,1/COUNTIF(D:D,D25)) -> 1 | D25: =IF(AA25="","",Z25&W25) -> 5 works room14-FW-SP-19 | E25: =IF(YEAR(AA25)<10,0&YEAR(AA25),YEAR(AA25))&IF(MONTH(AA25)<10,0&MONTH(AA25),MONTH(AA25)) -> 201402 | F25: =VLOOKUP($AA25,주!$A:$F,6,FALSE) -> 2월 3주 | G25: =IF(H25="",0,1/COUNTIF(H:H,H25)) -> 0.5 | H25: =IF(AD25="","",W25) -> 14-FW-SP-19 | I25: =IF(J25="",0,1/COUNTIF(J:J,J25)) -> 1 | J25: =IF(AD25="","",Z25&W25) -> 5 works room14-FW-SP-19 | K25: =IF(AD25="",AC25,AD25) -> 41715 | L25: =IF(YEAR(K25)<10,0&YEAR(K25),YEAR(K25))&IF(MONTH(K25)<10,0&MONTH(K25),MONTH(K25)) -> 201403 | M25: =VLOOKUP($K25,주!$A:$F,6,FALSE) -> 3월 4주 | N25: =IF(VLOOKUP($Z25,[1]생산업체!$A:$C,2,FALSE)=1,"해외","국내") -> #N/A | O25: =IF(VLOOKUP($U25,[1]CODE!$K:$P,[1]CODE!P$1,FALSE)="모자",T25,T25&"-"&VLOOKUP($U25,[1]CODE!$K:$P,[1]CODE!P$1,FALSE)) -> JST | P25: JST | R25: 24 | T25: JST | U25: FA | V25: N | W25: 14-FW-SP-19 | X25: ADULT | Y25: 0.5 | Z25: 5 works room | AA25: 41691 | AB25: 41719 | AC25: 41719 | AD25: 41715 | AE25: 4.2 | AH25: 3 | AI25: 1
A26: =IF(B26="",0,1/COUNTIF(B:B,B26)) -> 0.5 | B26: =IF(AA26="","",W26) -> 14-FW-SP-20 | C26: =IF(D26="",0,1/COUNTIF(D:D,D26)) -> 1 | D26: =IF(AA26="","",Z26&W26) -> FOREMOST14-FW-SP-20 | E26: =IF(YEAR(AA26)<10,0&YEAR(AA26),YEAR(AA26))&IF(MONTH(AA26)<10,0&MONTH(AA26),MONTH(AA26)) -> 201312 | F26: =VLOOKUP($AA26,주!$A:$F,6,FALSE) -> 12월 4주 | G26: =IF(H26="",0,1/COUNTIF(H:H,H26)) -> 0.5 | H26: =IF(AD26="","",W26) -> 14-FW-SP-20 | I26: =IF(J26="",0,1/COUNTIF(J:J,J26)) -> 1 | J26: =IF(AD26="","",Z26&W26) -> FOREMOST14-FW-SP-20 | K26: =IF(AD26="",AC26,AD26) -> 41667 | L26: =IF(YEAR(K26)<10,0&YEAR(K26),YEAR(K26))&IF(MONTH(K26)<10,0&MONTH(K26),MONTH(K26)) -> 201401 | M26: =VLOOKUP($K26,주!$A:$F,6,FALSE) -> 1월 5주 | N26: =IF(VLOOKUP($Z26,[1]생산업체!$A:$C,2,FALSE)=1,"해외","국내") -> 해외 | O26: =IF(VLOOKUP($U26,[1]CODE!$K:$P,[1]CODE!P$1,FALSE)="모자",T26,T26&"-"&VLOOKUP($U26,[1]CODE!$K:$P,[1]CODE!P$1,FALSE)) -> JST | P26: JST | R26: 25 | T26: JST | U26: FA | V26: N | W26: 14-FW-SP-20 | X26: ADULT | Y26: 0.5 | Z26: FOREMOST | AA26: 41635 | AB26: 41663 | AC26: 41663 | AD26: 41667 | AE26: 6.7 | AH26: 4 | AI26: 2
A27: =IF(B27="",0,1/COUNTIF(B:B,B27)) -> 0.5 | B27: =IF(AA27="","",W27) -> 14-FW-SP-20 | C27: =IF(D27="",0,1/COUNTIF(D:D,D27)) -> 1 | D27: =IF(AA27="","",Z27&W27) -> BS14-FW-SP-20 | E27: =IF(YEAR(AA27)<10,0&YEAR(AA27),YEAR(AA27))&IF(MONTH(AA27)<10,0&MONTH(AA27),MONTH(AA27)) -> 201312 | F27: =VLOOKUP($AA27,주!$A:$F,6,FALSE) -> 12월 4주 | G27: =IF(H27="",0,1/COUNTIF(H:H,H27)) -> 0.5 | H27: =IF(AD27="","",W27) -> 14-FW-SP-20 | I27: =IF(J27="",0,1/COUNTIF(J:J,J27)) -> 1 | J27: =IF(AD27="","",Z27&W27) -> BS14-FW-SP-20 | K27: =IF(AD27="",AC27,AD27) -> 41694 | L27: =IF(YEAR(K27)<10,0&YEAR(K27),YEAR(K27))&IF(MONTH(K27)<10,0&MONTH(K27),MONTH(K27)) -> 201402 | M27: =VLOOKUP($K27,주!$A:$F,6,FALSE) -> 2월 4주 | N27: =IF(VLOOKUP($Z27,[1]생산업체!$A:$C,2,FALSE)=1,"해외","국내") -> 해외 | O27: =IF(VLOOKUP($U27,[1]CODE!$K:$P,[1]CODE!P$1,FALSE)="모자",T27,T27&"-"&VLOOKUP($U27,[1]CODE!$K:$P,[1]CODE!P$1,FALSE)) -> JST | P27: JST | R27: 26 | T27: JST | U27: FA | V27: N | W27: 14-FW-SP-20 | X27: ADULT | Y27: 0.5 | Z27: BS | AA27: 41635 | AB27: 41663 | AC27: 41663 | AD27: 41694 | AE27: 3.6 | AH27: 4 | AI27: 2
A28: =IF(B28="",0,1/COUNTIF(B:B,B28)) -> 0.33333333 | B28: =IF(AA28="","",W28) -> 14-FW-SP-21 | C28: =IF(D28="",0,1/COUNTIF(D:D,D28)) -> 1 | D28: =IF(AA28="","",Z28&W28) -> 우진모자14-FW-SP-21 | E28: =IF(YEAR(AA28)<10,0&YEAR(AA28),YEAR(AA28))&IF(MONTH(AA28)<10,0&MONTH(AA28),MONTH(AA28)) -> 201312 | F28: =VLOOKUP($AA28,주!$A:$F,6,FALSE) -> 12월 4주 | G28: =IF(H28="",0,1/COUNTIF(H:H,H28)) -> 0.33333333 | H28: =IF(AD28="","",W28) -> 14-FW-SP-21 | I28: =IF(J28="",0,1/COUNTIF(J:J,J28)) -> 1 | J28: =IF(AD28="","",Z28&W28) -> 우진모자14-FW-SP-21 | K28: =IF(AD28="",AC28,AD28) -> 41656 | L28: =IF(YEAR(K28)<10,0&YEAR(K28),YEAR(K28))&IF(MONTH(K28)<10,0&MONTH(K28),MONTH(K28)) -> 201401 | M28: =VLOOKUP($K28,주!$A:$F,6,FALSE) -> 1월 3주 | N28: =IF(VLOOKUP($Z28,[1]생산업체!$A:$C,2,FALSE)=1,"해외","국내") -> 국내 | O28: =IF(VLOOKUP($U28,[1]CODE!$K:$P,[1]CODE!P$1,FALSE)="모자",T28,T28&"-"&VLOOKUP($U28,[1]CODE!$K:$P,[1]CODE!P$1,FALSE)) -> JST | P28: JST | R28: 27 | T28: JST | U28: FA | V28: N | W28: 14-FW-SP-21 | X28: ADULT | Y28: 0.33333333 | Z28: 우진모자 | AA28: 41635 | AB28: 41656 | AC28: 41656 | AD28: 41656 | AH28: 3 | AI28: 1
A29: =IF(B29="",0,1/COUNTIF(B:B,B29)) -> 0.5 | B29: =IF(AA29="","",W29) -> 14-FW-SP-22 | C29: =IF(D29="",0,1/COUNTIF(D:D,D29)) -> 1 | D29: =IF(AA29="","",Z29&W29) -> FOREMOST14-FW-SP-22 | E29: =IF(YEAR(AA29)<10,0&YEAR(AA29),YEAR(AA29))&IF(MONTH(AA29)<10,0&MONTH(AA29),MONTH(AA29)) -> 201401 | F29: =VLOOKUP($AA29,주!$A:$F,6,FALSE) -> 1월 3주 | G29: =IF(H29="",0,1/COUNTIF(H:H,H29)) -> 0.5 | H29: =IF(AD29="","",W29) -> 14-FW-SP-22 | I29: =IF(J29="",0,1/COUNTIF(J:J,J29)) -> 1 | J29: =IF(AD29="","",Z29&W29) -> FOREMOST14-FW-SP-22 | K29: =IF(AD29="",AC29,AD29) -> 41673 | L29: =IF(YEAR(K29)<10,0&YEAR(K29),YEAR(K29))&IF(MONTH(K29)<10,0&MONTH(K29),MONTH(K29)) -> 201402 | M29: =VLOOKUP($K29,주!$A:$F,6,FALSE) -> 2월 1주 | N29: =IF(VLOOKUP($Z29,[1]생산업체!$A:$C,2,FALSE)=1,"해외","국내") -> 해외 | O29: =IF(VLOOKUP($U29,[1]CODE!$K:$P,[1]CODE!P$1,FALSE)="모자",T29,T29&"-"&VLOOKUP($U29,[1]CODE!$K:$P,[1]CODE!P$1,FALSE)) -> JST | P29: JST | R29: 28 | T29: JST | U29: FA | V29: N | W29: 14-FW-SP-22 | X29: ADULT | Y29: 0.5 | Z29: FOREMOST | AA29: 41653 | AB29: 41681 | AC29: 41681 | AD29: 41673 | AE29: 5.7 | AH29: 3 | AI29: 1
A30: =IF(B30="",0,1/COUNTIF(B:B,B30)) -> 0.5 | B30: =IF(AA30="","",W30) -> 14-FW-SP-22 | C30: =IF(D30="",0,1/COUNTIF(D:D,D30)) -> 1 | D30: =IF(AA30="","",Z30&W30) -> BS14-FW-SP-22 | E30: =IF(YEAR(AA30)<10,0&YEAR(AA30),YEAR(AA30))&IF(MONTH(AA30)<10,0&MONTH(AA30),MONTH(AA30)) -> 201401 | F30: =VLOOKUP($AA30,주!$A:$F,6,FALSE) -> 1월 3주 | G30: =IF(H30="",0,1/COUNTIF(H:H,H30)) -> 0.5 | H30: =IF(AD30="","",W30) -> 14-FW-SP-22 | I30: =IF(J30="",0,1/COUNTIF(J:J,J30)) -> 1 | J30: =IF(AD30="","",Z30&W30) -> BS14-FW-SP-22 | K30: =IF(AD30="",AC30,AD30) -> 41705 | L30: =IF(YEAR(K30)<10,0&YEAR(K30),YEAR(K30))&IF(MONTH(K30)<10,0&MONTH(K30),MONTH(K30)) -> 201403 | M30: =VLOOKUP($K30,주!$A:$F,6,FALSE) -> 3월 2주 | N30: =IF(VLOOKUP($Z30,[1]생산업체!$A:$C,2,FALSE)=1,"해외","국내") -> 해외 | O30: =IF(VLOOKUP($U30,[1]CODE!$K:$P,[1]CODE!P$1,FALSE)="모자",T30,T30&"-"&VLOOKUP($U30,[1]CODE!$K:$P,[1]CODE!P$1,FALSE)) -> JST | P30: JST | R30: 29 | T30: JST | U30: FA | V30: N | W30: 14-FW-SP-22 | X30: ADULT | Y30: 0.5 | Z30: BS | AA30: 41653 | AB30: 41681 | AC30: 41681 | AD30: 41705 | AE30: 3.5 | AG30: ORIGINAL SAMPLE | AH30: 3 | AI30: 1
A31: =IF(B31="",0,1/COUNTIF(B:B,B31)) -> 0.5 | B31: =IF(AA31="","",W31) -> 14-FW-SP-25 | C31: =IF(D31="",0,1/COUNTIF(D:D,D31)) -> 1 | D31: =IF(AA31="","",Z31&W31) -> FOREMOST14-FW-SP-25 | E31: =IF(YEAR(AA31)<10,0&YEAR(AA31),YEAR(AA31))&IF(MONTH(AA31)<10,0&MONTH(AA31),MONTH(AA31)) -> 201401 | F31: =VLOOKUP($AA31,주!$A:$F,6,FALSE) -> 1월 3주 | G31: =IF(H31="",0,1/COUNTIF(H:H,H31)) -> 0.5 | H31: =IF(AD31="","",W31) -> 14-FW-SP-25 | I31: =IF(J31="",0,1/COUNTIF(J:J,J31)) -> 1 | J31: =IF(AD31="","",Z31&W31) -> FOREMOST14-FW-SP-25 | K31: =IF(AD31="",AC31,AD31) -> 41687 | L31: =IF(YEAR(K31)<10,0&YEAR(K31),YEAR(K31))&IF(MONTH(K31)<10,0&MONTH(K31),MONTH(K31)) -> 201402 | M31: =VLOOKUP($K31,주!$A:$F,6,FALSE) -> 2월 3주 | N31: =IF(VLOOKUP($Z31,[1]생산업체!$A:$C,2,FALSE)=1,"해외","국내") -> 해외 | O31: =IF(VLOOKUP($U31,[1]CODE!$K:$P,[1]CODE!P$1,FALSE)="모자",T31,T31&"-"&VLOOKUP($U31,[1]CODE!$K:$P,[1]CODE!P$1,FALSE)) -> JST | P31: JST | R31: 30 | T31: JST | U31: FA | V31: N | W31: 14-FW-SP-25 | X31: ADULT | Y31: 0.5 | Z31: FOREMOST | AA31: 41653 | AB31: 41681 | AC31: 41681 | AD31: 41687 | AE31: 6.7 | AG31: ORIGINAL SAMPLE | AH31: 4 | AI31: 1
A32: =IF(B32="",0,1/COUNTIF(B:B,B32)) -> 0.5 | B32: =IF(AA32="","",W32) -> 14-FW-SP-25 | C32: =IF(D32="",0,1/COUNTIF(D:D,D32)) -> 1 | D32: =IF(AA32="","",Z32&W32) -> BS14-FW-SP-25 | E32: =IF(YEAR(AA32)<10,0&YEAR(AA32),YEAR(AA32))&IF(MONTH(AA32)<10,0&MONTH(AA32),MONTH(AA32)) -> 201401 | F32: =VLOOKUP($AA32,주!$A:$F,6,FALSE) -> 1월 3주 | G32: =IF(H32="",0,1/COUNTIF(H:H,H32)) -> 0.5 | H32: =IF(AD32="","",W32) -> 14-FW-SP-25 | I32: =IF(J32="",0,1/COUNTIF(J:J,J32)) -> 1 | J32: =IF(AD32="","",Z32&W32) -> BS14-FW-SP-25 | K32: =IF(AD32="",AC32,AD32) -> 41705 | L32: =IF(YEAR(K32)<10,0&YEAR(K32),YEAR(K32))&IF(MONTH(K32)<10,0&MONTH(K32),MONTH(K32)) -> 201403 | M32: =VLOOKUP($K32,주!$A:$F,6,FALSE) -> 3월 2주 | N32: =IF(VLOOKUP($Z32,[1]생산업체!$A:$C,2,FALSE)=1,"해외","국내") -> 해외 | O32: =IF(VLOOKUP($U32,[1]CODE!$K:$P,[1]CODE!P$1,FALSE)="모자",T32,T32&"-"&VLOOKUP($U32,[1]CODE!$K:$P,[1]CODE!P$1,FALSE)) -> JST | P32: JST | R32: 31 | T32: JST | U32: FA | V32: N | W32: 14-FW-SP-25 | X32: ADULT | Y32: 0.5 | Z32: BS | AA32: 41653 | AB32: 41681 | AC32: 41681 | AD32: 41705 | AE32: 3.2 | AH32: 4 | AI32: 1
A33: =IF(B33="",0,1/COUNTIF(B:B,B33)) -> 0.5 | B33: =IF(AA33="","",W33) -> 14-FW-SP-24 | C33: =IF(D33="",0,1/COUNTIF(D:D,D33)) -> 1 | D33: =IF(AA33="","",Z33&W33) -> FOREMOST14-FW-SP-24 | E33: =IF(YEAR(AA33)<10,0&YEAR(AA33),YEAR(AA33))&IF(MONTH(AA33)<10,0&MONTH(AA33),MONTH(AA33)) -> 201401 | F33: =VLOOKUP($AA33,주!$A:$F,6,FALSE) -> 1월 3주 | G33: =IF(H33="",0,1/COUNTIF(H:H,H33)) -> 0.5 | H33: =IF(AD33="","",W33) -> 14-FW-SP-24 | I33: =IF(J33="",0,1/COUNTIF(J:J,J33)) -> 1 | J33: =IF(AD33="","",Z33&W33) -> FOREMOST14-FW-SP-24 | K33: =IF(AD33="",AC33,AD33) -> 41687 | L33: =IF(YEAR(K33)<10,0&YEAR(K33),YEAR(K33))&IF(MONTH(K33)<10,0&MONTH(K33),MONTH(K33)) -> 201402 | M33: =VLOOKUP($K33,주!$A:$F,6,FALSE) -> 2월 3주 | N33: =IF(VLOOKUP($Z33,[1]생산업체!$A:$C,2,FALSE)=1,"해외","국내") -> 해외 | O33: =IF(VLOOKUP($U33,[1]CODE!$K:$P,[1]CODE!P$1,FALSE)="모자",T33,T33&"-"&VLOOKUP($U33,[1]CODE!$K:$P,[1]CODE!P$1,FALSE)) -> JST | P33: JST | R33: 32 | T33: JST | U33: FA | V33: N | W33: 14-FW-SP-24 | X33: ADULT | Y33: 0.5 | Z33: FOREMOST | AA33: 41653 | AB33: 41681 | AC33: 41681 | AD33: 41687 | AE33: 6.15 | AH33: 3 | AI33: 1
A34: =IF(B34="",0,1/COUNTIF(B:B,B34)) -> 0.5 | B34: =IF(AA34="","",W34) -> 14-FW-SP-24 | C34: =IF(D34="",0,1/COUNTIF(D:D,D34)) -> 1 | D34: =IF(AA34="","",Z34&W34) -> BS14-FW-SP-24 | E34: =IF(YEAR(AA34)<10,0&YEAR(AA34),YEAR(AA34))&IF(MONTH(AA34)<10,0&MONTH(AA34),MONTH(AA34)) -> 201401 | F34: =VLOOKUP($AA34,주!$A:$F,6,FALSE) -> 1월 3주 | G34: =IF(H34="",0,1/COUNTIF(H:H,H34)) -> 0.5 | H34: =IF(AD34="","",W34) -> 14-FW-SP-24 | I34: =IF(J34="",0,1/COUNTIF(J:J,J34)) -> 1 | J34: =IF(AD34="","",Z34&W34) -> BS14-FW-SP-24 | K34: =IF(AD34="",AC34,AD34) -> 41705 | L34: =IF(YEAR(K34)<10,0&YEAR(K34),YEAR(K34))&IF(MONTH(K34)<10,0&MONTH(K34),MONTH(K34)) -> 201403 | M34: =VLOOKUP($K34,주!$A:$F,6,FALSE) -> 3월 2주 | N34: =IF(VLOOKUP($Z34,[1]생산업체!$A:$C,2,FALSE)=1,"해외","국내") -> 해외 | O34: =IF(VLOOKUP($U34,[1]CODE!$K:$P,[1]CODE!P$1,FALSE)="모자",T34,T34&"-"&VLOOKUP($U34,[1]CODE!$K:$P,[1]CODE!P$1,FALSE)) -> JST | P34: JST | R34: 33 | T34: JST | U34: FA | V34: N | W34: 14-FW-SP-24 | X34: ADULT | Y34: 0.5 | Z34: BS | AA34: 41653 | AB34: 41681 | AC34: 41681 | AD34: 41705 | AE34: 3.5 | AG34: ORIGINAL SAMPLE | AH34: 3 | AI34: 1
A35: =IF(B35="",0,1/COUNTIF(B:B,B35)) -> 1 | B35: =IF(AA35="","",W35) -> 14-FW-SP-29 | C35: =IF(D35="",0,1/COUNTIF(D:D,D35)) -> 1 | D35: =IF(AA35="","",Z35&W35) -> 우진모자14-FW-SP-29 | E35: =IF(YEAR(AA35)<10,0&YEAR(AA35),YEAR(AA35))&IF(MONTH(AA35)<10,0&MONTH(AA35),MONTH(AA35)) -> 201401 | F35: =VLOOKUP($AA35,주!$A:$F,6,FALSE) -> 1월 3주 | G35: =IF(H35="",0,1/COUNTIF(H:H,H35)) -> 0 | H35: =IF(AD35="","",W35) | I35: =IF(J35="",0,1/COUNTIF(J:J,J35)) -> 0 | J35: =IF(AD35="","",Z35&W35) | K35: =IF(AD35="",AC35,AD35) -> 41674 | L35: =IF(YEAR(K35)<10,0&YEAR(K35),YEAR(K35))&IF(MONTH(K35)<10,0&MONTH(K35),MONTH(K35)) -> 201402 | M35: =VLOOKUP($K35,주!$A:$F,6,FALSE) -> 2월 1주 | N35: =IF(VLOOKUP($Z35,[1]생산업체!$A:$C,2,FALSE)=1,"해외","국내") -> 국내 | O35: =IF(VLOOKUP($U35,[1]CODE!$K:$P,[1]CODE!P$1,FALSE)="모자",T35,T35&"-"&VLOOKUP($U35,[1]CODE!$K:$P,[1]CODE!P$1,FALSE)) -> JST | P35: JST | R35: 34 | T35: JST | U35: FA | V35: N | W35: 14-FW-SP-29 | X35: ADULT | Y35: 1 | Z35: 우진모자 | AA35: 41653 | AB35: 41674 | AC35: 41674 | AH35: 3 | AI35: 1 | AJ35: 안한다함(2/10)
A36: =IF(B36="",0,1/COUNTIF(B:B,B36)) -> 0.5 | B36: =IF(AA36="","",W36) -> 14-FW-SP-30 | C36: =IF(D36="",0,1/COUNTIF(D:D,D36)) -> 1 | D36: =IF(AA36="","",Z36&W36) -> FOREMOST14-FW-SP-30 | E36: =IF(YEAR(AA36)<10,0&YEAR(AA36),YEAR(AA36))&IF(MONTH(AA36)<10,0&MONTH(AA36),MONTH(AA36)) -> 201401 | F36: =VLOOKUP($AA36,주!$A:$F,6,FALSE) -> 1월 3주 | G36: =IF(H36="",0,1/COUNTIF(H:H,H36)) -> 0.5 | H36: =IF(AD36="","",W36) -> 14-FW-SP-30 | I36: =IF(J36="",0,1/COUNTIF(J:J,J36)) -> 1 | J36: =IF(AD36="","",Z36&W36) -> FOREMOST14-FW-SP-30 | K36: =IF(AD36="",AC36,AD36) -> 41673 | L36: =IF(YEAR(K36)<10,0&YEAR(K36),YEAR(K36))&IF(MONTH(K36)<10,0&MONTH(K36),MONTH(K36)) -> 201402 | M36: =VLOOKUP($K36,주!$A:$F,6,FALSE) -> 2월 1주 | N36: =IF(VLOOKUP($Z36,[1]생산업체!$A:$C,2,FALSE)=1,"해외","국내") -> 해외 | O36: =IF(VLOOKUP($U36,[1]CODE!$K:$P,[1]CODE!P$1,FALSE)="모자",T36,T36&"-"&VLOOKUP($U36,[1]CODE!$K:$P,[1]CODE!P$1,FALSE)) -> JST | P36: JST | R36: 35 | T36: JST | U36: FA | V36: N | W36: 14-FW-SP-30 | X36: ADULT | Y36: 0.5 | Z36: FOREMOST | AA36: 41653 | AB36: 41681 | AC36: 41681 | AD36: 41673 | AE36: 5.7 | AH36: 5 | AI36: 1
A37: =IF(B37="",0,1/COUNTIF(B:B,B37)) -> 0.5 | B37: =IF(AA37="","",W37) -> 14-FW-SP-30 | C37: =IF(D37="",0,1/COUNTIF(D:D,D37)) -> 1 | D37: =IF(AA37="","",Z37&W37) -> BS14-FW-SP-30 | E37: =IF(YEAR(AA37)<10,0&YEAR(AA37),YEAR(AA37))&IF(MONTH(AA37)<10,0&MONTH(AA37),MONTH(AA37)) -> 201401 | F37: =VLOOKUP($AA37,주!$A:$F,6,FALSE) -> 1월 3주 | G37: =IF(H37="",0,1/COUNTIF(H:H,H37)) -> 0.5 | H37: =IF(AD37="","",W37) -> 14-FW-SP-30 | I37: =IF(J37="",0,1/COUNTIF(J:J,J37)) -> 1 | J37: =IF(AD37="","",Z37&W37) -> BS14-FW-SP-30 | K37: =IF(AD37="",AC37,AD37) -> 41705 | L37: =IF(YEAR(K37)<10,0&YEAR(K37),YEAR(K37))&IF(MONTH(K37)<10,0&MONTH(K37),MONTH(K37)) -> 201403 | M37: =VLOOKUP($K37,주!$A:$F,6,FALSE) -> 3월 2주 | N37: =IF(VLOOKUP($Z37,[1]생산업체!$A:$C,2,FALSE)=1,"해외","국내") -> 해외 | O37: =IF(VLOOKUP($U37,[1]CODE!$K:$P,[1]CODE!P$1,FALSE)="모자",T37,T37&"-"&VLOOKUP($U37,[1]CODE!$K:$P,[1]CODE!P$1,FALSE)) -> JST | P37: JST | R37: 36 | T37: JST | U37: FA | V37: N | W37: 14-FW-SP-30 | X37: ADULT | Y37: 0.5 | Z37: BS | AA37: 41653 | AB37: 41681 | AC37: 41681 | AD37: 41705 | AE37: 3.2 | AH37: 5 | AI37: 1
A38: =IF(B38="",0,1/COUNTIF(B:B,B38)) -> 1 | B38: =IF(AA38="","",W38) -> 14-FW-SP-37 | C38: =IF(D38="",0,1/COUNTIF(D:D,D38)) -> 1 | D38: =IF(AA38="","",Z38&W38) -> BS14-FW-SP-37 | E38: =IF(YEAR(AA38)<10,0&YEAR(AA38),YEAR(AA38))&IF(MONTH(AA38)<10,0&MONTH(AA38),MONTH(AA38)) -> 201401 | F38: =VLOOKUP($AA38,주!$A:$F,6,FALSE) -> 1월 3주 | G38: =IF(H38="",0,1/COUNTIF(H:H,H38)) -> 1 | H38: =IF(AD38="","",W38) -> 14-FW-SP-37 | I38: =IF(J38="",0,1/COUNTIF(J:J,J38)) -> 1 | J38: =IF(AD38="","",Z38&W38) -> BS14-FW-SP-37 | K38: =IF(AD38="",AC38,AD38) -> 41705 | L38: =IF(YEAR(K38)<10,0&YEAR(K38),YEAR(K38))&IF(MONTH(K38)<10,0&MONTH(K38),MONTH(K38)) -> 201403 | M38: =VLOOKUP($K38,주!$A:$F,6,FALSE) -> 3월 2주 | N38: =IF(VLOOKUP($Z38,[1]생산업체!$A:$C,2,FALSE)=1,"해외","국내") -> 해외 | O38: =IF(VLOOKUP($U38,[1]CODE!$K:$P,[1]CODE!P$1,FALSE)="모자",T38,T38&"-"&VLOOKUP($U38,[1]CODE!$K:$P,[1]CODE!P$1,FALSE)) -> JST | P38: JST | R38: 37 | T38: JST | U38: FA | V38: N | W38: 14-FW-SP-37 | X38: ADULT | Y38: 1 | Z38: BS | AA38: 41653 | AB38: 41681 | AC38: 41681 | AD38: 41705 | AE38: 3.5 | AG38: ORIGINAL SAMPLE | AH38: 3 | AI38: 1
A39: =IF(B39="",0,1/COUNTIF(B:B,B39)) -> 1 | B39: =IF(AA39="","",W39) -> 14-FW-SP-38 | C39: =IF(D39="",0,1/COUNTIF(D:D,D39)) -> 1 | D39: =IF(AA39="","",Z39&W39) -> FOREMOST14-FW-SP-38 | E39: =IF(YEAR(AA39)<10,0&YEAR(AA39),YEAR(AA39))&IF(MONTH(AA39)<10,0&MONTH(AA39),MONTH(AA39)) -> 201401 | F39: =VLOOKUP($AA39,주!$A:$F,6,FALSE) -> 1월 3주 | G39: =IF(H39="",0,1/COUNTIF(H:H,H39)) -> 1 | H39: =IF(AD39="","",W39) -> 14-FW-SP-38 | I39: =IF(J39="",0,1/COUNTIF(J:J,J39)) -> 1 | J39: =IF(AD39="","",Z39&W39) -> FOREMOST14-FW-SP-38 | K39: =IF(AD39="",AC39,AD39) -> 41690 | L39: =IF(YEAR(K39)<10,0&YEAR(K39),YEAR(K39))&IF(MONTH(K39)<10,0&MONTH(K39),MONTH(K39)) -> 201402 | M39: =VLOOKUP($K39,주!$A:$F,6,FALSE) -> 2월 3주 | N39: =IF(VLOOKUP($Z39,[1]생산업체!$A:$C,2,FALSE)=1,"해외","국내") -> 해외 | O39: =IF(VLOOKUP($U39,[1]CODE!$K:$P,[1]CODE!P$1,FALSE)="모자",T39,T39&"-"&VLOOKUP($U39,[1]CODE!$K:$P,[1]CODE!P$1,FALSE)) -> JST | P39: JST | R39: 38 | T39: JST | U39: FA | V39: N | W39: 14-FW-SP-38 | X39: ADULT | Y39: 1 | Z39: FOREMOST | AA39: 41653 | AB39: 41681 | AC39: 41681 | AD39: 41690 | AE39: 9.5 | AG39: ORIGINAL SAMPLE | AH39: 1 | AI39: 1
A40: =IF(B40="",0,1/COUNTIF(B:B,B40)) -> 1 | B40: =IF(AA40="","",W40) -> 14-FW-SP-23 | C40: =IF(D40="",0,1/COUNTIF(D:D,D40)) -> 1 | D40: =IF(AA40="","",Z40&W40) -> TS14-FW-SP-23 | E40: =IF(YEAR(AA40)<10,0&YEAR(AA40),YEAR(AA40))&IF(MONTH(AA40)<10,0&MONTH(AA40),MONTH(AA40)) -> 201401 | F40: =VLOOKUP($AA40,주!$A:$F,6,FALSE) -> 1월 3주 | G40: =IF(H40="",0,1/COUNTIF(H:H,H40)) -> 0 | H40: =IF(AD40="","",W40) | I40: =IF(J40="",0,1/COUNTIF(J:J,J40)) -> 0 | J40: =IF(AD40="","",Z40&W40) | K40: =IF(AD40="",AC40,AD40) -> 41674 | L40: =IF(YEAR(K40)<10,0&YEAR(K40),YEAR(K40))&IF(MONTH(K40)<10,0&MONTH(K40),MONTH(K40)) -> 201402 | M40: =VLOOKUP($K40,주!$A:$F,6,FALSE) -> 2월 1주 | N40: =IF(VLOOKUP($Z40,[1]생산업체!$A:$C,2,FALSE)=1,"해외","국내") -> 국내 | O40: =IF(VLOOKUP($U40,[1]CODE!$K:$P,[1]CODE!P$1,FALSE)="모자",T40,T40&"-"&VLOOKUP($U40,[1]CODE!$K:$P,[1]CODE!P$1,FALSE)) -> JST | P40: JST | R40: 39 | T40: JST | U40: FA | V40: N | W40: 14-FW-SP-23 | X40: ADULT | Y40: 1 | Z40: TS | AA40: 41653 | AB40: 41674 | AC40: 41674 | AH40: 5 | AI40: 1 | AJ40: 안한다함(2/10)
A41: =IF(B41="",0,1/COUNTIF(B:B,B41)) -> 0.5 | B41: =IF(AA41="","",W41) -> 14-FW-SP-27 | C41: =IF(D41="",0,1/COUNTIF(D:D,D41)) -> 1 | D41: =IF(AA41="","",Z41&W41) -> TS14-FW-SP-27 | E41: =IF(YEAR(AA41)<10,0&YEAR(AA41),YEAR(AA41))&IF(MONTH(AA41)<10,0&MONTH(AA41),MONTH(AA41)) -> 201401 | F41: =VLOOKUP($AA41,주!$A:$F,6,FALSE) -> 1월 3주 | G41: =IF(H41="",0,1/COUNTIF(H:H,H41)) -> 0 | H41: =IF(AD41="","",W41) | I41: =IF(J41="",0,1/COUNTIF(J:J,J41)) -> 0 | J41: =IF(AD41="","",Z41&W41) | K41: =IF(AD41="",AC41,AD41) -> 41674 | L41: =IF(YEAR(K41)<10,0&YEAR(K41),YEAR(K41))&IF(MONTH(K41)<10,0&MONTH(K41),MONTH(K41)) -> 201402 | M41: =VLOOKUP($K41,주!$A:$F,6,FALSE) -> 2월 1주 | N41: =IF(VLOOKUP($Z41,[1]생산업체!$A:$C,2,FALSE)=1,"해외","국내") -> 국내 | O41: =IF(VLOOKUP($U41,[1]CODE!$K:$P,[1]CODE!P$1,FALSE)="모자",T41,T41&"-"&VLOOKUP($U41,[1]CODE!$K:$P,[1]CODE!P$1,FALSE)) -> JST | P41: JST | R41: 40 | T41: JST | U41: FA | V41: N | W41: 14-FW-SP-27 | X41: ADULT | Y41: 0.5 | Z41: TS | AA41: 41653 | AB41: 41674 | AC41: 41674 | AH41: 4 | AI41: 1 | AJ41: 안한다함(2/10)
A42: =IF(B42="",0,1/COUNTIF(B:B,B42)) -> 1 | B42: =IF(AA42="","",W42) -> 14-FW-SP-34 | C42: =IF(D42="",0,1/COUNTIF(D:D,D42)) -> 1 | D42: =IF(AA42="","",Z42&W42) -> FOREMOST14-FW-SP-34 | E42: =IF(YEAR(AA42)<10,0&YEAR(AA42),YEAR(AA42))&IF(MONTH(AA42)<10,0&MONTH(AA42),MONTH(AA42)) -> 201401 | F42: =VLOOKUP($AA42,주!$A:$F,6,FALSE) -> 1월 4주 | G42: =IF(H42="",0,1/COUNTIF(H:H,H42)) -> 1 | H42: =IF(AD42="","",W42) -> 14-FW-SP-34 | I42: =IF(J42="",0,1/COUNTIF(J:J,J42)) -> 1 | J42: =IF(AD42="","",Z42&W42) -> FOREMOST14-FW-SP-34 | K42: =IF(AD42="",AC42,AD42) -> 41730 | L42: =IF(YEAR(K42)<10,0&YEAR(K42),YEAR(K42))&IF(MONTH(K42)<10,0&MONTH(K42),MONTH(K42)) -> 201404 | M42: =VLOOKUP($K42,주!$A:$F,6,FALSE) -> 4월 1주 | N42: =IF(VLOOKUP($Z42,[1]생산업체!$A:$C,2,FALSE)=1,"해외","국내") -> 해외 | O42: =IF(VLOOKUP($U42,[1]CODE!$K:$P,[1]CODE!P$1,FALSE)="모자",T42,T42&"-"&VLOOKUP($U42,[1]CODE!$K:$P,[1]CODE!P$1,FALSE)) -> JST | P42: JST | R42: 41 | T42: JST | U42: FA | V42: N | W42: 14-FW-SP-34 | X42: ADULT | Y42: 1 | Z42: FOREMOST | AA42: 41661 | AB42: 41689 | AC42: 41689 | AD42: 41730 | AG42: ORIGINAL SAMPLE | AH42: 1 | AI42: 1
A43: =IF(B43="",0,1/COUNTIF(B:B,B43)) -> 1 | B43: =IF(AA43="","",W43) -> 14-FW-SP-33 | C43: =IF(D43="",0,1/COUNTIF(D:D,D43)) -> 1 | D43: =IF(AA43="","",Z43&W43) -> FOREMOST14-FW-SP-33 | E43: =IF(YEAR(AA43)<10,0&YEAR(AA43),YEAR(AA43))&IF(MONTH(AA43)<10,0&MONTH(AA43),MONTH(AA43)) -> 201401 | F43: =VLOOKUP($AA43,주!$A:$F,6,FALSE) -> 1월 4주 | G43: =IF(H43="",0,1/COUNTIF(H:H,H43)) -> 0 | H43: =IF(AD43="","",W43) | I43: =IF(J43="",0,1/COUNTIF(J:J,J43)) -> 0 | J43: =IF(AD43="","",Z43&W43) | K43: =IF(AD43="",AC43,AD43) -> 41689 | L43: =IF(YEAR(K43)<10,0&YEAR(K43),YEAR(K43))&IF(MONTH(K43)<10,0&MONTH(K43),MONTH(K43)) -> 201402 | M43: =VLOOKUP($K43,주!$A:$F,6,FALSE) -> 2월 3주 | N43: =IF(VLOOKUP($Z43,[1]생산업체!$A:$C,2,FALSE)=1,"해외","국내") -> 해외 | O43: =IF(VLOOKUP($U43,[1]CODE!$K:$P,[1]CODE!P$1,FALSE)="모자",T43,T43&"-"&VLOOKUP($U43,[1]CODE!$K:$P,[1]CODE!P$1,FALSE)) -> JST | P43: JST | R43: 42 | T43: JST | U43: FA | V43: N | W43: 14-FW-SP-33 | X43: ADULT | Y43: 1 | Z43: FOREMOST | AA43: 41661 | AB43: 41689 | AC43: 41689 | AG43: ORIGINAL SAMPLE | AH43: 1 | AI43: 1
A44: =IF(B44="",0,1/COUNTIF(B:B,B44)) -> 0.33333333 | B44: =IF(AA44="","",W44) -> 14-FW-SP-21 | C44: =IF(D44="",0,1/COUNTIF(D:D,D44)) -> 1 | D44: =IF(AA44="","",Z44&W44) -> FOREMOST14-FW-SP-21 | E44: =IF(YEAR(AA44)<10,0&YEAR(AA44),YEAR(AA44))&IF(MONTH(AA44)<10,0&MONTH(AA44),MONTH(AA44)) -> 201401 | F44: =VLOOKUP($AA44,주!$A:$F,6,FALSE) -> 1월 4주 | G44: =IF(H44="",0,1/COUNTIF(H:H,H44)) -> 0.33333333 | H44: =IF(AD44="","",W44) -> 14-FW-SP-21 | I44: =IF(J44="",0,1/COUNTIF(J:J,J44)) -> 1 | J44: =IF(AD44="","",Z44&W44) -> FOREMOST14-FW-SP-21 | K44: =IF(AD44="",AC44,AD44) -> 41726 | L44: =IF(YEAR(K44)<10,0&YEAR(K44),YEAR(K44))&IF(MONTH(K44)<10,0&MONTH(K44),MONTH(K44)) -> 201403 | M44: =VLOOKUP($K44,주!$A:$F,6,FALSE) -> 3월 5주 | N44: =IF(VLOOKUP($Z44,[1]생산업체!$A:$C,2,FALSE)=1,"해외","국내") -> 해외 | O44: =IF(VLOOKUP($U44,[1]CODE!$K:$P,[1]CODE!P$1,FALSE)="모자",T44,T44&"-"&VLOOKUP($U44,[1]CODE!$K:$P,[1]CODE!P$1,FALSE)) -> JST | P44: JST | R44: 43 | T44: JST | U44: FA | V44: N | W44: 14-FW-SP-21 | X44: ADULT | Y44: 0.33333333 | Z44: FOREMOST | AA44: 41661 | AB44: 41689 | AC44: 41689 | AD44: 41726 | AG44: ORIGINAL SAMPLE | AH44: 3 | AI44: 1
A45: =IF(B45="",0,1/COUNTIF(B:B,B45)) -> 1 | B45: =IF(AA45="","",W45) -> 14-FW-SP-35 | C45: =IF(D45="",0,1/COUNTIF(D:D,D45)) -> 1 | D45: =IF(AA45="","",Z45&W45) -> FOREMOST14-FW-SP-35 | E45: =IF(YEAR(AA45)<10,0&YEAR(AA45),YEAR(AA45))&IF(MONTH(AA45)<10,0&MONTH(AA45),MONTH(AA45)) -> 201402 | F45: =VLOOKUP($AA45,주!$A:$F,6,FALSE) -> 2월 1주 | G45: =IF(H45="",0,1/COUNTIF(H:H,H45)) -> 0 | H45: =IF(AD45="","",W45) | I45: =IF(J45="",0,1/COUNTIF(J:J,J45)) -> 0 | J45: =IF(AD45="","",Z45&W45) | K45: =IF(AD45="",AC45,AD45) -> 41704 | L45: =IF(YEAR(K45)<10,0&YEAR(K45),YEAR(K45))&IF(MONTH(K45)<10,0&MONTH(K45),MONTH(K45)) -> 201403 | M45: =VLOOKUP($K45,주!$A:$F,6,FALSE) -> 3월 2주 | N45: =IF(VLOOKUP($Z45,[1]생산업체!$A:$C,2,FALSE)=1,"해외","국내") -> 해외 | O45: =IF(VLOOKUP($U45,[1]CODE!$K:$P,[1]CODE!P$1,FALSE)="모자",T45,T45&"-"&VLOOKUP($U45,[1]CODE!$K:$P,[1]CODE!P$1,FALSE)) -> JST | P45: JST | R45: 44 | T45: JST | U45: FA | V45: N | W45: 14-FW-SP-35 | X45: ADULT | Y45: 1 | Z45: FOREMOST | AA45: 41676 | AB45: 41704 | AC45: 41704 | AG45: ORIGINAL SAMPLE | AH45: 1 | AI45: 1
A46: =IF(B46="",0,1/COUNTIF(B:B,B46)) -> 1 | B46: =IF(AA46="","",W46) -> 14-FW-SP-36 | C46: =IF(D46="",0,1/COUNTIF(D:D,D46)) -> 1 | D46: =IF(AA46="","",Z46&W46) -> FOREMOST14-FW-SP-36 | E46: =IF(YEAR(AA46)<10,0&YEAR(AA46),YEAR(AA46))&IF(MONTH(AA46)<10,0&MONTH(AA46),MONTH(AA46)) -> 201402 | F46: =VLOOKUP($AA46,주!$A:$F,6,FALSE) -> 2월 1주 | G46: =IF(H46="",0,1/COUNTIF(H:H,H46)) -> 1 | H46: =IF(AD46="","",W46) -> 14-FW-SP-36 | I46: =IF(J46="",0,1/COUNTIF(J:J,J46)) -> 1 | J46: =IF(AD46="","",Z46&W46) -> FOREMOST14-FW-SP-36 | K46: =IF(AD46="",AC46,AD46) -> 41730 | L46: =IF(YEAR(K46)<10,0&YEAR(K46),YEAR(K46))&IF(MONTH(K46)<10,0&MONTH(K46),MONTH(K46)) -> 201404 | M46: =VLOOKUP($K46,주!$A:$F,6,FALSE) -> 4월 1주 | N46: =IF(VLOOKUP($Z46,[1]생산업체!$A:$C,2,FALSE)=1,"해외","국내") -> 해외 | O46: =IF(VLOOKUP($U46,[1]CODE!$K:$P,[1]CODE!P$1,FALSE)="모자",T46,T46&"-"&VLOOKUP($U46,[1]CODE!$K:$P,[1]CODE!P$1,FALSE)) -> JST | P46: JST | R46: 45 | T46: JST | U46: FA | V46: N | W46: 14-FW-SP-36 | X46: ADULT | Y46: 1 | Z46: FOREMOST | AA46: 41676 | AB46: 41704 | AC46: 41704 | AD46: 41730 | AG46: ORIGINAL SAMPLE | AH46: 1 | AI46: 1
A47: =IF(B47="",0,1/COUNTIF(B:B,B47)) -> 1 | B47: =IF(AA47="","",W47) -> 14-FW-SP-45 | C47: =IF(D47="",0,1/COUNTIF(D:D,D47)) -> 1 | D47: =IF(AA47="","",Z47&W47) -> FOREMOST14-FW-SP-45 | E47: =IF(YEAR(AA47)<10,0&YEAR(AA47),YEAR(AA47))&IF(MONTH(AA47)<10,0&MONTH(AA47),MONTH(AA47)) -> 201402 | F47: =VLOOKUP($AA47,주!$A:$F,6,FALSE) -> 2월 2주 | G47: =IF(H47="",0,1/COUNTIF(H:H,H47)) -> 0 | H47: =IF(AD47="","",W47) | I47: =IF(J47="",0,1/COUNTIF(J:J,J47)) -> 0 | J47: =IF(AD47="","",Z47&W47) | K47: =IF(AD47="",AC47,AD47) -> 41708 | L47: =IF(YEAR(K47)<10,0&YEAR(K47),YEAR(K47))&IF(MONTH(K47)<10,0&MONTH(K47),MONTH(K47)) -> 201403 | M47: =VLOOKUP($K47,주!$A:$F,6,FALSE) -> 3월 3주 | N47: =IF(VLOOKUP($Z47,[1]생산업체!$A:$C,2,FALSE)=1,"해외","국내") -> 해외 | O47: =IF(VLOOKUP($U47,[1]CODE!$K:$P,[1]CODE!P$1,FALSE)="모자",T47,T47&"-"&VLOOKUP($U47,[1]CODE!$K:$P,[1]CODE!P$1,FALSE)) -> JST | P47: JST | R47: 46 | T47: JST | U47: FA | V47: N | W47: 14-FW-SP-45 | X47: ADULT | Y47: 1 | Z47: FOREMOST | AA47: 41680 | AB47: 41708 | AC47: 41708 | AG47: ORIGINAL SAMPLE | AH47: 2 | AI47: 2
A48: =IF(B48="",0,1/COUNTIF(B:B,B48)) -> 1 | B48: =IF(AA48="","",W48) -> 14-FW-SP-46 | C48: =IF(D48="",0,1/COUNTIF(D:D,D48)) -> 1 | D48: =IF(AA48="","",Z48&W48) -> FOREMOST14-FW-SP-46 | E48: =IF(YEAR(AA48)<10,0&YEAR(AA48),YEAR(AA48))&IF(MONTH(AA48)<10,0&MONTH(AA48),MONTH(AA48)) -> 201402 | F48: =VLOOKUP($AA48,주!$A:$F,6,FALSE) -> 2월 2주 | G48: =IF(H48="",0,1/COUNTIF(H:H,H48)) -> 1 | H48: =IF(AD48="","",W48) -> 14-FW-SP-46 | I48: =IF(J48="",0,1/COUNTIF(J:J,J48)) -> 1 | J48: =IF(AD48="","",Z48&W48) -> FOREMOST14-FW-SP-46 | K48: =IF(AD48="",AC48,AD48) -> 41704 | L48: =IF(YEAR(K48)<10,0&YEAR(K48),YEAR(K48))&IF(MONTH(K48)<10,0&MONTH(K48),MONTH(K48)) -> 201403 | M48: =VLOOKUP($K48,주!$A:$F,6,FALSE) -> 3월 2주 | N48: =IF(VLOOKUP($Z48,[1]생산업체!$A:$C,2,FALSE)=1,"해외","국내") -> 해외 | O48: =IF(VLOOKUP($U48,[1]CODE!$K:$P,[1]CODE!P$1,FALSE)="모자",T48,T48&"-"&VLOOKUP($U48,[1]CODE!$K:$P,[1]CODE!P$1,FALSE)) -> JST | P48: JST | R48: 47 | T48: JST | U48: FA | V48: N | W48: 14-FW-SP-46 | X48: ADULT | Y48: 1 | Z48: FOREMOST | AA48: 41680 | AB48: 41708 | AC48: 41708 | AD48: 41704 | AE48: 9.6 | AG48: ORIGINAL SAMPLE | AH48: 1 | AI48: 1
A49: =IF(B49="",0,1/COUNTIF(B:B,B49)) -> 1 | B49: =IF(AA49="","",W49) -> 14-FW-SP-47 | C49: =IF(D49="",0,1/COUNTIF(D:D,D49)) -> 1 | D49: =IF(AA49="","",Z49&W49) -> FOREMOST14-FW-SP-47 | E49: =IF(YEAR(AA49)<10,0&YEAR(AA49),YEAR(AA49))&IF(MONTH(AA49)<10,0&MONTH(AA49),MONTH(AA49)) -> 201402 | F49: =VLOOKUP($AA49,주!$A:$F,6,FALSE) -> 2월 2주 | G49: =IF(H49="",0,1/COUNTIF(H:H,H49)) -> 1 | H49: =IF(AD49="","",W49) -> 14-FW-SP-47 | I49: =IF(J49="",0,1/COUNTIF(J:J,J49)) -> 1 | J49: =IF(AD49="","",Z49&W49) -> FOREMOST14-FW-SP-47 | K49: =IF(AD49="",AC49,AD49) -> 41715 | L49: =IF(YEAR(K49)<10,0&YEAR(K49),YEAR(K49))&IF(MONTH(K49)<10,0&MONTH(K49),MONTH(K49)) -> 201403 | M49: =VLOOKUP($K49,주!$A:$F,6,FALSE) -> 3월 4주 | N49: =IF(VLOOKUP($Z49,[1]생산업체!$A:$C,2,FALSE)=1,"해외","국내") -> 해외 | O49: =IF(VLOOKUP($U49,[1]CODE!$K:$P,[1]CODE!P$1,FALSE)="모자",T49,T49&"-"&VLOOKUP($U49,[1]CODE!$K:$P,[1]CODE!P$1,FALSE)) -> JST | P49: JST | R49: 48 | T49: JST | U49: FA | V49: N | W49: 14-FW-SP-47 | X49: ADULT | Y49: 1 | Z49: FOREMOST | AA49: 41680 | AB49: 41708 | AC49: 41708 | AD49: 41715 | AE49: 7 | AG49: ORIGINAL SAMPLE | AH49: 1 | AI49: 1
A50: =IF(B50="",0,1/COUNTIF(B:B,B50)) -> 0.5 | B50: =IF(AA50="","",W50) -> 14-FW-SP-32 | C50: =IF(D50="",0,1/COUNTIF(D:D,D50)) -> 1 | D50: =IF(AA50="","",Z50&W50) -> FOREMOST14-FW-SP-32 | E50: =IF(YEAR(AA50)<10,0&YEAR(AA50),YEAR(AA50))&IF(MONTH(AA50)<10,0&MONTH(AA50),MONTH(AA50)) -> 201402 | F50: =VLOOKUP($AA50,주!$A:$F,6,FALSE) -> 2월 2주 | G50: =IF(H50="",0,1/COUNTIF(H:H,H50)) -> 0.5 | H50: =IF(AD50="","",W50) -> 14-FW-SP-32 | I50: =IF(J50="",0,1/COUNTIF(J:J,J50)) -> 1 | J50: =IF(AD50="","",Z50&W50) -> FOREMOST14-FW-SP-32 | K50: =IF(AD50="",AC50,AD50) -> 41715 | L50: =IF(YEAR(K50)<10,0&YEAR(K50),YEAR(K50))&IF(MONTH(K50)<10,0&MONTH(K50),MONTH(K50)) -> 201403 | M50: =VLOOKUP($K50,주!$A:$F,6,FALSE) -> 3월 4주 | N50: =IF(VLOOKUP($Z50,[1]생산업체!$A:$C,2,FALSE)=1,"해외","국내") -> 해외 | O50: =IF(VLOOKUP($U50,[1]CODE!$K:$P,[1]CODE!P$1,FALSE)="모자",T50,T50&"-"&VLOOKUP($U50,[1]CODE!$K:$P,[1]CODE!P$1,FALSE)) -> JST | P50: JST | R50: 49 | T50: JST | U50: FA | V50: N | W50: 14-FW-SP-32 | X50: ADULT | Y50: 0.5 | Z50: FOREMOST | AA50: 41682 | AB50: 41710 | AC50: 41710 | AD50: 41715 | AG50: ORIGINAL SAMPLE | AH50: 3 | AI50: 1
A51: =IF(B51="",0,1/COUNTIF(B:B,B51)) -> 0.33333333 | B51: =IF(AA51="","",W51) -> 14-FW-SP-21 | C51: =IF(D51="",0,1/COUNTIF(D:D,D51)) -> 1 | D51: =IF(AA51="","",Z51&W51) -> BS14-FW-SP-21 | E51: =IF(YEAR(AA51)<10,0&YEAR(AA51),YEAR(AA51))&IF(MONTH(AA51)<10,0&MONTH(AA51),MONTH(AA51)) -> 201402 | F51: =VLOOKUP($AA51,주!$A:$F,6,FALSE) -> 2월 2주 | G51: =IF(H51="",0,1/COUNTIF(H:H,H51)) -> 0.33333333 | H51: =IF(AD51="","",W51) -> 14-FW-SP-21 | I51: =IF(J51="",0,1/COUNTIF(J:J,J51)) -> 1 | J51: =IF(AD51="","",Z51&W51) -> BS14-FW-SP-21 | K51: =IF(AD51="",AC51,AD51) -> 41722 | L51: =IF(YEAR(K51)<10,0&YEAR(K51),YEAR(K51))&IF(MONTH(K51)<10,0&MONTH(K51),MONTH(K51)) -> 201403 | M51: =VLOOKUP($K51,주!$A:$F,6,FALSE) -> 3월 5주 | N51: =IF(VLOOKUP($Z51,[1]생산업체!$A:$C,2,FALSE)=1,"해외","국내") -> 해외 | O51: =IF(VLOOKUP($U51,[1]CODE!$K:$P,[1]CODE!P$1,FALSE)="모자",T51,T51&"-"&VLOOKUP($U51,[1]CODE!$K:$P,[1]CODE!P$1,FALSE)) -> JST | P51: JST | R51: 50 | T51: JST | U51: FA | V51: N | W51: 14-FW-SP-21 | X51: ADULT | Y51: 0.33333333 | Z51: BS | AA51: 41682 | AB51: 41710 | AC51: 41710 | AD51: 41722 | AE51: 3.8 | AH51: 3 | AI51: 1
A52: =IF(B52="",0,1/COUNTIF(B:B,B52)) -> 0.5 | B52: =IF(AA52="","",W52) -> 14-FW-SP-27 | C52: =IF(D52="",0,1/COUNTIF(D:D,D52)) -> 1 | D52: =IF(AA52="","",Z52&W52) -> BS14-FW-SP-27 | E52: =IF(YEAR(AA52)<10,0&YEAR(AA52),YEAR(AA52))&IF(MONTH(AA52)<10,0&MONTH(AA52),MONTH(AA52)) -> 201402 | F52: =VLOOKUP($AA52,주!$A:$F,6,FALSE) -> 2월 2주 | G52: =IF(H52="",0,1/COUNTIF(H:H,H52)) -> 1 | H52: =IF(AD52="","",W52) -> 14-FW-SP-27 | I52: =IF(J52="",0,1/COUNTIF(J:J,J52)) -> 1 | J52: =IF(AD52="","",Z52&W52) -> BS14-FW-SP-27 | K52: =IF(AD52="",AC52,AD52) -> 41722 | L52: =IF(YEAR(K52)<10,0&YEAR(K52),YEAR(K52))&IF(MONTH(K52)<10,0&MONTH(K52),MONTH(K52)) -> 201403 | M52: =VLOOKUP($K52,주!$A:$F,6,FALSE) -> 3월 5주 | N52: =IF(VLOOKUP($Z52,[1]생산업체!$A:$C,2,FALSE)=1,"해외","국내") -> 해외 | O52: =IF(VLOOKUP($U52,[1]CODE!$K:$P,[1]CODE!P$1,FALSE)="모자",T52,T52&"-"&VLOOKUP($U52,[1]CODE!$K:$P,[1]CODE!P$1,FALSE)) -> JST | P52: JST | R52: 51 | T52: JST | U52: FA | V52: N | W52: 14-FW-SP-27 | X52: ADULT | Y52: 0.5 | Z52: BS | AA52: 41682 | AB52: 41710 | AC52: 41710 | AD52: 41722 | AE52: 3.3 | AG52: ORIGINAL SAMPLE
A53: =IF(B53="",0,1/COUNTIF(B:B,B53)) -> 1 | B53: =IF(AA53="","",W53) -> 14-FW-SP-28 | C53: =IF(D53="",0,1/COUNTIF(D:D,D53)) -> 1 | D53: =IF(AA53="","",Z53&W53) -> BS14-FW-SP-28 | E53: =IF(YEAR(AA53)<10,0&YEAR(AA53),YEAR(AA53))&IF(MONTH(AA53)<10,0&MONTH(AA53),MONTH(AA53)) -> 201402 | F53: =VLOOKUP($AA53,주!$A:$F,6,FALSE) -> 2월 2주 | G53: =IF(H53="",0,1/COUNTIF(H:H,H53)) -> 1 | H53: =IF(AD53="","",W53) -> 14-FW-SP-28 | I53: =IF(J53="",0,1/COUNTIF(J:J,J53)) -> 1 | J53: =IF(AD53="","",Z53&W53) -> BS14-FW-SP-28 | K53: =IF(AD53="",AC53,AD53) -> 41722 | L53: =IF(YEAR(K53)<10,0&YEAR(K53),YEAR(K53))&IF(MONTH(K53)<10,0&MONTH(K53),MONTH(K53)) -> 201403 | M53: =VLOOKUP($K53,주!$A:$F,6,FALSE) -> 3월 5주 | N53: =IF(VLOOKUP($Z53,[1]생산업체!$A:$C,2,FALSE)=1,"해외","국내") -> 해외 | O53: =IF(VLOOKUP($U53,[1]CODE!$K:$P,[1]CODE!P$1,FALSE)="모자",T53,T53&"-"&VLOOKUP($U53,[1]CODE!$K:$P,[1]CODE!P$1,FALSE)) -> JST | P53: JST | R53: 52 | T53: JST | U53: FA | V53: N | W53: 14-FW-SP-28 | X53: ADULT | Y53: 1 | Z53: BS | AA53: 41682 | AB53: 41710 | AC53: 41710 | AD53: 41722 | AE53: 3.6 | AG53: ORIGINAL SAMPLE | AH53: 2 | AI53: 1
A54: =IF(B54="",0,1/COUNTIF(B:B,B54)) -> 0.5 | B54: =IF(AA54="","",W54) -> 14-FW-SP-39 | C54: =IF(D54="",0,1/COUNTIF(D:D,D54)) -> 1 | D54: =IF(AA54="","",Z54&W54) -> BS14-FW-SP-39 | E54: =IF(YEAR(AA54)<10,0&YEAR(AA54),YEAR(AA54))&IF(MONTH(AA54)<10,0&MONTH(AA54),MONTH(AA54)) -> 201402 | F54: =VLOOKUP($AA54,주!$A:$F,6,FALSE) -> 2월 2주 | G54: =IF(H54="",0,1/COUNTIF(H:H,H54)) -> 1 | H54: =IF(AD54="","",W54) -> 14-FW-SP-39 | I54: =IF(J54="",0,1/COUNTIF(J:J,J54)) -> 1 | J54: =IF(AD54="","",Z54&W54) -> BS14-FW-SP-39 | K54: =IF(AD54="",AC54,AD54) -> 41722 | L54: =IF(YEAR(K54)<10,0&YEAR(K54),YEAR(K54))&IF(MONTH(K54)<10,0&MONTH(K54),MONTH(K54)) -> 201403 | M54: =VLOOKUP($K54,주!$A:$F,6,FALSE) -> 3월 5주 | N54: =IF(VLOOKUP($Z54,[1]생산업체!$A:$C,2,FALSE)=1,"해외","국내") -> 해외 | O54: =IF(VLOOKUP($U54,[1]CODE!$K:$P,[1]CODE!P$1,FALSE)="모자",T54,T54&"-"&VLOOKUP($U54,[1]CODE!$K:$P,[1]CODE!P$1,FALSE)) -> JST | P54: JST | R54: 53 | T54: JST | U54: FA | V54: N | W54: 14-FW-SP-39 | X54: ADULT | Y54: 0.5 | Z54: BS | AA54: 41682 | AB54: 41710 | AC54: 41710 | AD54: 41722 | AE54: 3.6 | AG54: ORIGINAL SAMPLE | AH54: 3 | AI54: 1
A55: =IF(B55="",0,1/COUNTIF(B:B,B55)) -> 1 | B55: =IF(AA55="","",W55) -> 14-FW-SP-01 | C55: =IF(D55="",0,1/COUNTIF(D:D,D55)) -> 1 | D55: =IF(AA55="","",Z55&W55) -> FOREMOST14-FW-SP-01 | E55: =IF(YEAR(AA55)<10,0&YEAR(AA55),YEAR(AA55))&IF(MONTH(AA55)<10,0&MONTH(AA55),MONTH(AA55)) -> 201402 | F55: =VLOOKUP($AA55,주!$A:$F,6,FALSE) -> 2월 2주 | G55: =IF(H55="",0,1/COUNTIF(H:H,H55)) -> 1 | H55: =IF(AD55="","",W55) -> 14-FW-SP-01 | I55: =IF(J55="",0,1/COUNTIF(J:J,J55)) -> 1 | J55: =IF(AD55="","",Z55&W55) -> FOREMOST14-FW-SP-01 | K55: =IF(AD55="",AC55,AD55) -> 41704 | L55: =IF(YEAR(K55)<10,0&YEAR(K55),YEAR(K55))&IF(MONTH(K55)<10,0&MONTH(K55),MONTH(K55)) -> 201403 | M55: =VLOOKUP($K55,주!$A:$F,6,FALSE) -> 3월 2주 | N55: =IF(VLOOKUP($Z55,[1]생산업체!$A:$C,2,FALSE)=1,"해외","국내") -> 해외 | O55: =IF(VLOOKUP($U55,[1]CODE!$K:$P,[1]CODE!P$1,FALSE)="모자",T55,T55&"-"&VLOOKUP($U55,[1]CODE!$K:$P,[1]CODE!P$1,FALSE)) -> JST | P55: JST | R55: 54 | T55: JST | U55: FA | V55: N | W55: 14-FW-SP-01 | X55: ADULT | Y55: 1 | Z55: FOREMOST | AA55: 41684 | AB55: 41712 | AC55: 41712 | AD55: 41704 | AE55: 6.7 | AH55: 3 | AI55: 3
A56: =IF(B56="",0,1/COUNTIF(B:B,B56)) -> 1 | B56: =IF(AA56="","",W56) -> 14-FW-SP-02 | C56: =IF(D56="",0,1/COUNTIF(D:D,D56)) -> 1 | D56: =IF(AA56="","",Z56&W56) -> FOREMOST14-FW-SP-02 | E56: =IF(YEAR(AA56)<10,0&YEAR(AA56),YEAR(AA56))&IF(MONTH(AA56)<10,0&MONTH(AA56),MONTH(AA56)) -> 201402 | F56: =VLOOKUP($AA56,주!$A:$F,6,FALSE) -> 2월 2주 | G56: =IF(H56="",0,1/COUNTIF(H:H,H56)) -> 1 | H56: =IF(AD56="","",W56) -> 14-FW-SP-02 | I56: =IF(J56="",0,1/COUNTIF(J:J,J56)) -> 1 | J56: =IF(AD56="","",Z56&W56) -> FOREMOST14-FW-SP-02 | K56: =IF(AD56="",AC56,AD56) -> 41704 | L56: =IF(YEAR(K56)<10,0&YEAR(K56),YEAR(K56))&IF(MONTH(K56)<10,0&MONTH(K56),MONTH(K56)) -> 201403 | M56: =VLOOKUP($K56,주!$A:$F,6,FALSE) -> 3월 2주 | N56: =IF(VLOOKUP($Z56,[1]생산업체!$A:$C,2,FALSE)=1,"해외","국내") -> 해외 | O56: =IF(VLOOKUP($U56,[1]CODE!$K:$P,[1]CODE!P$1,FALSE)="모자",T56,T56&"-"&VLOOKUP($U56,[1]CODE!$K:$P,[1]CODE!P$1,FALSE)) -> JST | P56: JST | R56: 55 | T56: JST | U56: FA | V56: N | W56: 14-FW-SP-02 | X56: ADULT | Y56: 1 | Z56: FOREMOST | AA56: 41684 | AB56: 41712 | AC56: 41712 | AD56: 41704 | AE56: 6.5 | AG56: ORIGINAL SAMPLE | AH56: 3 | AI56: 1
A57: =IF(B57="",0,1/COUNTIF(B:B,B57)) -> 1 | B57: =IF(AA57="","",W57) -> 14-FW-SP-40 | C57: =IF(D57="",0,1/COUNTIF(D:D,D57)) -> 1 | D57: =IF(AA57="","",Z57&W57) -> FOREMOST14-FW-SP-40 | E57: =IF(YEAR(AA57)<10,0&YEAR(AA57),YEAR(AA57))&IF(MONTH(AA57)<10,0&MONTH(AA57),MONTH(AA57)) -> 201402 | F57: =VLOOKUP($AA57,주!$A:$F,6,FALSE) -> 2월 3주 | G57: =IF(H57="",0,1/COUNTIF(H:H,H57)) -> 0 | H57: =IF(AD57="","",W57) | I57: =IF(J57="",0,1/COUNTIF(J:J,J57)) -> 0 | J57: =IF(AD57="","",Z57&W57) | K57: =IF(AD57="",AC57,AD57) -> 41717 | L57: =IF(YEAR(K57)<10,0&YEAR(K57),YEAR(K57))&IF(MONTH(K57)<10,0&MONTH(K57),MONTH(K57)) -> 201403 | M57: =VLOOKUP($K57,주!$A:$F,6,FALSE) -> 3월 4주 | N57: =IF(VLOOKUP($Z57,[1]생산업체!$A:$C,2,FALSE)=1,"해외","국내") -> 해외 | O57: =IF(VLOOKUP($U57,[1]CODE!$K:$P,[1]CODE!P$1,FALSE)="모자",T57,T57&"-"&VLOOKUP($U57,[1]CODE!$K:$P,[1]CODE!P$1,FALSE)) -> JST | P57: JST | R57: 56 | T57: JST | U57: FA | V57: N | W57: 14-FW-SP-40 | X57: ADULT | Y57: 1 | Z57: FOREMOST | AA57: 41689 | AB57: 41717 | AC57: 41717 | AG57: ORIGINAL SAMPLE | AH57: 3 | AI57: 1
A58: =IF(B58="",0,1/COUNTIF(B:B,B58)) -> 1 | B58: =IF(AA58="","",W58) -> 14-FW-SP-41 | C58: =IF(D58="",0,1/COUNTIF(D:D,D58)) -> 1 | D58: =IF(AA58="","",Z58&W58) -> FOREMOST14-FW-SP-41 | E58: =IF(YEAR(AA58)<10,0&YEAR(AA58),YEAR(AA58))&IF(MONTH(AA58)<10,0&MONTH(AA58),MONTH(AA58)) -> 201402 | F58: =VLOOKUP($AA58,주!$A:$F,6,FALSE) -> 2월 3주 | G58: =IF(H58="",0,1/COUNTIF(H:H,H58)) -> 1 | H58: =IF(AD58="","",W58) -> 14-FW-SP-41 | I58: =IF(J58="",0,1/COUNTIF(J:J,J58)) -> 1 | J58: =IF(AD58="","",Z58&W58) -> FOREMOST14-FW-SP-41 | K58: =IF(AD58="",AC58,AD58) -> 41715 | L58: =IF(YEAR(K58)<10,0&YEAR(K58),YEAR(K58))&IF(MONTH(K58)<10,0&MONTH(K58),MONTH(K58)) -> 201403 | M58: =VLOOKUP($K58,주!$A:$F,6,FALSE) -> 3월 4주 | N58: =IF(VLOOKUP($Z58,[1]생산업체!$A:$C,2,FALSE)=1,"해외","국내") -> 해외 | O58: =IF(VLOOKUP($U58,[1]CODE!$K:$P,[1]CODE!P$1,FALSE)="모자",T58,T58&"-"&VLOOKUP($U58,[1]CODE!$K:$P,[1]CODE!P$1,FALSE)) -> JST | P58: JST | R58: 57 | T58: JST | U58: FA | V58: N | W58: 14-FW-SP-41 | X58: ADULT | Y58: 1 | Z58: FOREMOST | AA58: 41689 | AB58: 41717 | AC58: 41717 | AD58: 41715 | AH58: 5 | AI58: 1
A59: =IF(B59="",0,1/COUNTIF(B:B,B59)) -> 1 | B59: =IF(AA59="","",W59) -> 14-FW-SP-42 | C59: =IF(D59="",0,1/COUNTIF(D:D,D59)) -> 1 | D59: =IF(AA59="","",Z59&W59) -> FOREMOST14-FW-SP-42 | E59: =IF(YEAR(AA59)<10,0&YEAR(AA59),YEAR(AA59))&IF(MONTH(AA59)<10,0&MONTH(AA59),MONTH(AA59)) -> 201402 | F59: =VLOOKUP($AA59,주!$A:$F,6,FALSE) -> 2월 3주 | G59: =IF(H59="",0,1/COUNTIF(H:H,H59)) -> 0 | H59: =IF(AD59="","",W59) | I59: =IF(J59="",0,1/COUNTIF(J:J,J59)) -> 0 | J59: =IF(AD59="","",Z59&W59) | K59: =IF(AD59="",AC59,AD59) -> 41717 | L59: =IF(YEAR(K59)<10,0&YEAR(K59),YEAR(K59))&IF(MONTH(K59)<10,0&MONTH(K59),MONTH(K59)) -> 201403 | M59: =VLOOKUP($K59,주!$A:$F,6,FALSE) -> 3월 4주 | N59: =IF(VLOOKUP($Z59,[1]생산업체!$A:$C,2,FALSE)=1,"해외","국내") -> 해외 | O59: =IF(VLOOKUP($U59,[1]CODE!$K:$P,[1]CODE!P$1,FALSE)="모자",T59,T59&"-"&VLOOKUP($U59,[1]CODE!$K:$P,[1]CODE!P$1,FALSE)) -> JST | P59: JST | R59: 58 | T59: JST | U59: FA | V59: N | W59: 14-FW-SP-42 | X59: ADULT | Y59: 1 | Z59: FOREMOST | AA59: 41689 | AB59: 41717 | AC59: 41717 | AH59: 2 | AI59: 1
A60: =IF(B60="",0,1/COUNTIF(B:B,B60)) -> 1 | B60: =IF(AA60="","",W60) -> 14-FW-SP-44 | C60: =IF(D60="",0,1/COUNTIF(D:D,D60)) -> 1 | D60: =IF(AA60="","",Z60&W60) -> FOREMOST14-FW-SP-44 | E60: =IF(YEAR(AA60)<10,0&YEAR(AA60),YEAR(AA60))&IF(MONTH(AA60)<10,0&MONTH(AA60),MONTH(AA60)) -> 201402 | F60: =VLOOKUP($AA60,주!$A:$F,6,FALSE) -> 2월 3주 | G60: =IF(H60="",0,1/COUNTIF(H:H,H60)) -> 1 | H60: =IF(AD60="","",W60) -> 14-FW-SP-44 | I60: =IF(J60="",0,1/COUNTIF(J:J,J60)) -> 1 | J60: =IF(AD60="","",Z60&W60) -> FOREMOST14-FW-SP-44 | K60: =IF(AD60="",AC60,AD60) -> 41715 | L60: =IF(YEAR(K60)<10,0&YEAR(K60),YEAR(K60))&IF(MONTH(K60)<10,0&MONTH(K60),MONTH(K60)) -> 201403 | M60: =VLOOKUP($K60,주!$A:$F,6,FALSE) -> 3월 4주 | N60: =IF(VLOOKUP($Z60,[1]생산업체!$A:$C,2,FALSE)=1,"해외","국내") -> 해외 | O60: =IF(VLOOKUP($U60,[1]CODE!$K:$P,[1]CODE!P$1,FALSE)="모자",T60,T60&"-"&VLOOKUP($U60,[1]CODE!$K:$P,[1]CODE!P$1,FALSE)) -> JST | P60: JST | R60: 59 | T60: JST | U60: FA | V60: N | W60: 14-FW-SP-44 | X60: ADULT | Y60: 1 | Z60: FOREMOST | AA60: 41689 | AB60: 41717 | AC60: 41717 | AD60: 41715 | AH60: 2 | AI60: 1
A61: =IF(B61="",0,1/COUNTIF(B:B,B61)) -> 1 | B61: =IF(AA61="","",W61) -> 14-FW-SP-48 | C61: =IF(D61="",0,1/COUNTIF(D:D,D61)) -> 1 | D61: =IF(AA61="","",Z61&W61) -> FOREMOST14-FW-SP-48 | E61: =IF(YEAR(AA61)<10,0&YEAR(AA61),YEAR(AA61))&IF(MONTH(AA61)<10,0&MONTH(AA61),MONTH(AA61)) -> 201402 | F61: =VLOOKUP($AA61,주!$A:$F,6,FALSE) -> 2월 3주 | G61: =IF(H61="",0,1/COUNTIF(H:H,H61)) -> 1 | H61: =IF(AD61="","",W61) -> 14-FW-SP-48 | I61: =IF(J61="",0,1/COUNTIF(J:J,J61)) -> 1 | J61: =IF(AD61="","",Z61&W61) -> FOREMOST14-FW-SP-48 | K61: =IF(AD61="",AC61,AD61) -> 41715 | L61: =IF(YEAR(K61)<10,0&YEAR(K61),YEAR(K61))&IF(MONTH(K61)<10,0&MONTH(K61),MONTH(K61)) -> 201403 | M61: =VLOOKUP($K61,주!$A:$F,6,FALSE) -> 3월 4주 | N61: =IF(VLOOKUP($Z61,[1]생산업체!$A:$C,2,FALSE)=1,"해외","국내") -> 해외 | O61: =IF(VLOOKUP($U61,[1]CODE!$K:$P,[1]CODE!P$1,FALSE)="모자",T61,T61&"-"&VLOOKUP($U61,[1]CODE!$K:$P,[1]CODE!P$1,FALSE)) -> JST | P61: JST | R61: 60 | T61: JST | U61: FA | V61: N | W61: 14-FW-SP-48 | X61: ADULT | Y61: 1 | Z61: FOREMOST | AA61: 41689 | AB61: 41717 | AC61: 41717 | AD61: 41715 | AH61: 5 | AI61: 1
A62: =IF(B62="",0,1/COUNTIF(B:B,B62)) -> 1 | B62: =IF(AA62="","",W62) -> 14-FW-SP-03 | C62: =IF(D62="",0,1/COUNTIF(D:D,D62)) -> 1 | D62: =IF(AA62="","",Z62&W62) -> FOREMOST14-FW-SP-03 | E62: =IF(YEAR(AA62)<10,0&YEAR(AA62),YEAR(AA62))&IF(MONTH(AA62)<10,0&MONTH(AA62),MONTH(AA62)) -> 201402 | F62: =VLOOKUP($AA62,주!$A:$F,6,FALSE) -> 2월 3주 | G62: =IF(H62="",0,1/COUNTIF(H:H,H62)) -> 1 | H62: =IF(AD62="","",W62) -> 14-FW-SP-03 | I62: =IF(J62="",0,1/COUNTIF(J:J,J62)) -> 1 | J62: =IF(AD62="","",Z62&W62) -> FOREMOST14-FW-SP-03 | K62: =IF(AD62="",AC62,AD62) -> 41715 | L62: =IF(YEAR(K62)<10,0&YEAR(K62),YEAR(K62))&IF(MONTH(K62)<10,0&MONTH(K62),MONTH(K62)) -> 201403 | M62: =VLOOKUP($K62,주!$A:$F,6,FALSE) -> 3월 4주 | N62: =IF(VLOOKUP($Z62,[1]생산업체!$A:$C,2,FALSE)=1,"해외","국내") -> 해외 | O62: =IF(VLOOKUP($U62,[1]CODE!$K:$P,[1]CODE!P$1,FALSE)="모자",T62,T62&"-"&VLOOKUP($U62,[1]CODE!$K:$P,[1]CODE!P$1,FALSE)) -> JST | P62: JST | R62: 61 | T62: JST | U62: FA | V62: N | W62: 14-FW-SP-03 | X62: ADULT | Y62: 1 | Z62: FOREMOST | AA62: 41689 | AB62: 41717 | AC62: 41717 | AD62: 41715 | AG62: ORIGINAL SAMPLE | AH62: 5 | AI62: 1
A63: =IF(B63="",0,1/COUNTIF(B:B,B63)) -> 1 | B63: =IF(AA63="","",W63) -> 14-FW-SP-56 | C63: =IF(D63="",0,1/COUNTIF(D:D,D63)) -> 1 | D63: =IF(AA63="","",Z63&W63) -> FOREMOST14-FW-SP-56 | E63: =IF(YEAR(AA63)<10,0&YEAR(AA63),YEAR(AA63))&IF(MONTH(AA63)<10,0&MONTH(AA63),MONTH(AA63)) -> 201402 | F63: =VLOOKUP($AA63,주!$A:$F,6,FALSE) -> 2월 3주 | G63: =IF(H63="",0,1/COUNTIF(H:H,H63)) -> 0 | H63: =IF(AD63="","",W63) | I63: =IF(J63="",0,1/COUNTIF(J:J,J63)) -> 0 | J63: =IF(AD63="","",Z63&W63) | K63: =IF(AD63="",AC63,AD63) -> 41717 | L63: =IF(YEAR(K63)<10,0&YEAR(K63),YEAR(K63))&IF(MONTH(K63)<10,0&MONTH(K63),MONTH(K63)) -> 201403 | M63: =VLOOKUP($K63,주!$A:$F,6,FALSE) -> 3월 4주 | N63: =IF(VLOOKUP($Z63,[1]생산업체!$A:$C,2,FALSE)=1,"해외","국내") -> 해외 | O63: =IF(VLOOKUP($U63,[1]CODE!$K:$P,[1]CODE!P$1,FALSE)="모자",T63,T63&"-"&VLOOKUP($U63,[1]CODE!$K:$P,[1]CODE!P$1,FALSE)) -> JST | P63: JST | R63: 62 | T63: JST | U63: FA | V63: N | W63: 14-FW-SP-56 | X63: ADULT | Y63: 1 | Z63: FOREMOST | AA63: 41689 | AB63: 41717 | AC63: 41717 | AH63: 3 | AI63: 2
A64: =IF(B64="",0,1/COUNTIF(B:B,B64)) -> 1 | B64: =IF(AA64="","",W64) -> 14-FW-SP-57 | C64: =IF(D64="",0,1/COUNTIF(D:D,D64)) -> 1 | D64: =IF(AA64="","",Z64&W64) -> FOREMOST14-FW-SP-57 | E64: =IF(YEAR(AA64)<10,0&YEAR(AA64),YEAR(AA64))&IF(MONTH(AA64)<10,0&MONTH(AA64),MONTH(AA64)) -> 201402 | F64: =VLOOKUP($AA64,주!$A:$F,6,FALSE) -> 2월 3주 | G64: =IF(H64="",0,1/COUNTIF(H:H,H64)) -> 0 | H64: =IF(AD64="","",W64) | I64: =IF(J64="",0,1/COUNTIF(J:J,J64)) -> 0 | J64: =IF(AD64="","",Z64&W64) | K64: =IF(AD64="",AC64,AD64) -> 41717 | L64: =IF(YEAR(K64)<10,0&YEAR(K64),YEAR(K64))&IF(MONTH(K64)<10,0&MONTH(K64),MONTH(K64)) -> 201403 | M64: =VLOOKUP($K64,주!$A:$F,6,FALSE) -> 3월 4주 | N64: =IF(VLOOKUP($Z64,[1]생산업체!$A:$C,2,FALSE)=1,"해외","국내") -> 해외 | O64: =IF(VLOOKUP($U64,[1]CODE!$K:$P,[1]CODE!P$1,FALSE)="모자",T64,T64&"-"&VLOOKUP($U64,[1]CODE!$K:$P,[1]CODE!P$1,FALSE)) -> JST | P64: JST | R64: 63 | T64: JST | U64: FA | V64: N | W64: 14-FW-SP-57 | X64: ADULT | Y64: 1 | Z64: FOREMOST | AA64: 41689 | AB64: 41717 | AC64: 41717 | AH64: 4 | AI64: 4
A65: =IF(B65="",0,1/COUNTIF(B:B,B65)) -> 0.5 | B65: =IF(AA65="","",W65) -> 14-FW-SP-32 | C65: =IF(D65="",0,1/COUNTIF(D:D,D65)) -> 1 | D65: =IF(AA65="","",Z65&W65) -> 5 works room14-FW-SP-32 | E65: =IF(YEAR(AA65)<10,0&YEAR(AA65),YEAR(AA65))&IF(MONTH(AA65)<10,0&MONTH(AA65),MONTH(AA65)) -> 201402 | F65: =VLOOKUP($AA65,주!$A:$F,6,FALSE) -> 2월 3주 | G65: =IF(H65="",0,1/COUNTIF(H:H,H65)) -> 0.5 | H65: =IF(AD65="","",W65) -> 14-FW-SP-32 | I65: =IF(J65="",0,1/COUNTIF(J:J,J65)) -> 1 | J65: =IF(AD65="","",Z65&W65) -> 5 works room14-FW-SP-32 | K65: =IF(AD65="",AC65,AD65) -> 41715 | L65: =IF(YEAR(K65)<10,0&YEAR(K65),YEAR(K65))&IF(MONTH(K65)<10,0&MONTH(K65),MONTH(K65)) -> 201403 | M65: =VLOOKUP($K65,주!$A:$F,6,FALSE) -> 3월 4주 | N65: =IF(VLOOKUP($Z65,[1]생산업체!$A:$C,2,FALSE)=1,"해외","국내") -> #N/A | O65: =IF(VLOOKUP($U65,[1]CODE!$K:$P,[1]CODE!P$1,FALSE)="모자",T65,T65&"-"&VLOOKUP($U65,[1]CODE!$K:$P,[1]CODE!P$1,FALSE)) -> JST | P65: JST | R65: 64 | T65: JST | U65: FA | V65: N | W65: 14-FW-SP-32 | X65: ADULT | Y65: 0.5 | Z65: 5 works room | AA65: 41691 | AB65: 41719 | AC65: 41719 | AD65: 41715 | AE65: 4.8 | AH65: 3 | AI65: 1
A66: =IF(B66="",0,1/COUNTIF(B:B,B66)) -> 1 | B66: =IF(AA66="","",W66) -> 14-FW-SP-43 | C66: =IF(D66="",0,1/COUNTIF(D:D,D66)) -> 1 | D66: =IF(AA66="","",Z66&W66) -> BS14-FW-SP-43 | E66: =IF(YEAR(AA66)<10,0&YEAR(AA66),YEAR(AA66))&IF(MONTH(AA66)<10,0&MONTH(AA66),MONTH(AA66)) -> 201402 | F66: =VLOOKUP($AA66,주!$A:$F,6,FALSE) -> 2월 4주 | G66: =IF(H66="",0,1/COUNTIF(H:H,H66)) -> 1 | H66: =IF(AD66="","",W66) -> 14-FW-SP-43 | I66: =IF(J66="",0,1/COUNTIF(J:J,J66)) -> 1 | J66: =IF(AD66="","",Z66&W66) -> BS14-FW-SP-43 | K66: =IF(AD66="",AC66,AD66) -> 41722 | L66: =IF(YEAR(K66)<10,0&YEAR(K66),YEAR(K66))&IF(MONTH(K66)<10,0&MONTH(K66),MONTH(K66)) -> 201403 | M66: =VLOOKUP($K66,주!$A:$F,6,FALSE) -> 3월 5주 | N66: =IF(VLOOKUP($Z66,[1]생산업체!$A:$C,2,FALSE)=1,"해외","국내") -> 해외 | O66: =IF(VLOOKUP($U66,[1]CODE!$K:$P,[1]CODE!P$1,FALSE)="모자",T66,T66&"-"&VLOOKUP($U66,[1]CODE!$K:$P,[1]CODE!P$1,FALSE)) -> JST | P66: JST | R66: 65 | T66: JST | U66: FA | V66: N | W66: 14-FW-SP-43 | X66: ADULT | Y66: 1 | Z66: BS | AA66: 41698 | AB66: 41726 | AC66: 41726 | AD66: 41722 | AE66: 3.8 | AH66: 3 | AI66: 1
A67: =IF(B67="",0,1/COUNTIF(B:B,B67)) -> 1 | B67: =IF(AA67="","",W67) -> 14-FW-SP-49 | C67: =IF(D67="",0,1/COUNTIF(D:D,D67)) -> 1 | D67: =IF(AA67="","",Z67&W67) -> FOREMOST14-FW-SP-49 | E67: =IF(YEAR(AA67)<10,0&YEAR(AA67),YEAR(AA67))&IF(MONTH(AA67)<10,0&MONTH(AA67),MONTH(AA67)) -> 201402 | F67: =VLOOKUP($AA67,주!$A:$F,6,FALSE) -> 2월 4주 | G67: =IF(H67="",0,1/COUNTIF(H:H,H67)) -> 1 | H67: =IF(AD67="","",W67) -> 14-FW-SP-49 | I67: =IF(J67="",0,1/COUNTIF(J:J,J67)) -> 1 | J67: =IF(AD67="","",Z67&W67) -> FOREMOST14-FW-SP-49 | K67: =IF(AD67="",AC67,AD67) -> 41715 | L67: =IF(YEAR(K67)<10,0&YEAR(K67),YEAR(K67))&IF(MONTH(K67)<10,0&MONTH(K67),MONTH(K67)) -> 201403 | M67: =VLOOKUP($K67,주!$A:$F,6,FALSE) -> 3월 4주 | N67: =IF(VLOOKUP($Z67,[1]생산업체!$A:$C,2,FALSE)=1,"해외","국내") -> 해외 | O67: =IF(VLOOKUP($U67,[1]CODE!$K:$P,[1]CODE!P$1,FALSE)="모자",T67,T67&"-"&VLOOKUP($U67,[1]CODE!$K:$P,[1]CODE!P$1,FALSE)) -> JST | P67: JST | R67: 66 | T67: JST | U67: FA | V67: N | W67: 14-FW-SP-49 | X67: ADULT | Y67: 1 | Z67: FOREMOST | AA67: 41698 | AB67: 41726 | AC67: 41726 | AD67: 41715 | AH67: 4 | AI67: 1
A68: =IF(B68="",0,1/COUNTIF(B:B,B68)) -> 1 | B68: =IF(AA68="","",W68) -> 14-FW-SP-50 | C68: =IF(D68="",0,1/COUNTIF(D:D,D68)) -> 1 | D68: =IF(AA68="","",Z68&W68) -> FOREMOST14-FW-SP-50 | E68: =IF(YEAR(AA68)<10,0&YEAR(AA68),YEAR(AA68))&IF(MONTH(AA68)<10,0&MONTH(AA68),MONTH(AA68)) -> 201402 | F68: =VLOOKUP($AA68,주!$A:$F,6,FALSE) -> 2월 4주 | G68: =IF(H68="",0,1/COUNTIF(H:H,H68)) -> 1 | H68: =IF(AD68="","",W68) -> 14-FW-SP-50 | I68: =IF(J68="",0,1/COUNTIF(J:J,J68)) -> 1 | J68: =IF(AD68="","",Z68&W68) -> FOREMOST14-FW-SP-50 | K68: =IF(AD68="",AC68,AD68) -> 41715 | L68: =IF(YEAR(K68)<10,0&YEAR(K68),YEAR(K68))&IF(MONTH(K68)<10,0&MONTH(K68),MONTH(K68)) -> 201403 | M68: =VLOOKUP($K68,주!$A:$F,6,FALSE) -> 3월 4주 | N68: =IF(VLOOKUP($Z68,[1]생산업체!$A:$C,2,FALSE)=1,"해외","국내") -> 해외 | O68: =IF(VLOOKUP($U68,[1]CODE!$K:$P,[1]CODE!P$1,FALSE)="모자",T68,T68&"-"&VLOOKUP($U68,[1]CODE!$K:$P,[1]CODE!P$1,FALSE)) -> JST | P68: JST | R68: 67 | T68: JST | U68: FA | V68: N | W68: 14-FW-SP-50 | X68: ADULT | Y68: 1 | Z68: FOREMOST | AA68: 41698 | AB68: 41726 | AC68: 41726 | AD68: 41715 | AH68: 3 | AI68: 1
A69: =IF(B69="",0,1/COUNTIF(B:B,B69)) -> 1 | B69: =IF(AA69="","",W69) -> 14-FW-SP-51 | C69: =IF(D69="",0,1/COUNTIF(D:D,D69)) -> 1 | D69: =IF(AA69="","",Z69&W69) -> FOREMOST14-FW-SP-51 | E69: =IF(YEAR(AA69)<10,0&YEAR(AA69),YEAR(AA69))&IF(MONTH(AA69)<10,0&MONTH(AA69),MONTH(AA69)) -> 201402 | F69: =VLOOKUP($AA69,주!$A:$F,6,FALSE) -> 2월 4주 | G69: =IF(H69="",0,1/COUNTIF(H:H,H69)) -> 1 | H69: =IF(AD69="","",W69) -> 14-FW-SP-51 | I69: =IF(J69="",0,1/COUNTIF(J:J,J69)) -> 1 | J69: =IF(AD69="","",Z69&W69) -> FOREMOST14-FW-SP-51 | K69: =IF(AD69="",AC69,AD69) -> 41730 | L69: =IF(YEAR(K69)<10,0&YEAR(K69),YEAR(K69))&IF(MONTH(K69)<10,0&MONTH(K69),MONTH(K69)) -> 201404 | M69: =VLOOKUP($K69,주!$A:$F,6,FALSE) -> 4월 1주 | N69: =IF(VLOOKUP($Z69,[1]생산업체!$A:$C,2,FALSE)=1,"해외","국내") -> 해외 | O69: =IF(VLOOKUP($U69,[1]CODE!$K:$P,[1]CODE!P$1,FALSE)="모자",T69,T69&"-"&VLOOKUP($U69,[1]CODE!$K:$P,[1]CODE!P$1,FALSE)) -> JST | P69: JST | R69: 68 | T69: JST | U69: FA | V69: N | W69: 14-FW-SP-51 | X69: ADULT | Y69: 1 | Z69: FOREMOST | AA69: 41698 | AB69: 41726 | AC69: 41726 | AD69: 41730 | AH69: 1 | AI69: 1
A70: =IF(B70="",0,1/COUNTIF(B:B,B70)) -> 1 | B70: =IF(AA70="","",W70) -> 14-FW-SP-52 | C70: =IF(D70="",0,1/COUNTIF(D:D,D70)) -> 1 | D70: =IF(AA70="","",Z70&W70) -> FOREMOST14-FW-SP-52 | E70: =IF(YEAR(AA70)<10,0&YEAR(AA70),YEAR(AA70))&IF(MONTH(AA70)<10,0&MONTH(AA70),MONTH(AA70)) -> 201402 | F70: =VLOOKUP($AA70,주!$A:$F,6,FALSE) -> 2월 4주 | G70: =IF(H70="",0,1/COUNTIF(H:H,H70)) -> 0 | H70: =IF(AD70="","",W70) | I70: =IF(J70="",0,1/COUNTIF(J:J,J70)) -> 0 | J70: =IF(AD70="","",Z70&W70) | K70: =IF(AD70="",AC70,AD70) -> 41726 | L70: =IF(YEAR(K70)<10,0&YEAR(K70),YEAR(K70))&IF(MONTH(K70)<10,0&MONTH(K70),MONTH(K70)) -> 201403 | M70: =VLOOKUP($K70,주!$A:$F,6,FALSE) -> 3월 5주 | N70: =IF(VLOOKUP($Z70,[1]생산업체!$A:$C,2,FALSE)=1,"해외","국내") -> 해외 | O70: =IF(VLOOKUP($U70,[1]CODE!$K:$P,[1]CODE!P$1,FALSE)="모자",T70,T70&"-"&VLOOKUP($U70,[1]CODE!$K:$P,[1]CODE!P$1,FALSE)) -> JST | P70: JST | R70: 69 | T70: JST | U70: FA | V70: N | W70: 14-FW-SP-52 | X70: ADULT | Y70: 1 | Z70: FOREMOST | AA70: 41698 | AB70: 41726 | AC70: 41726 | AH70: 1 | AI70: 1
A71: =IF(B71="",0,1/COUNTIF(B:B,B71)) -> 1 | B71: =IF(AA71="","",W71) -> 14-FW-SP-53 | C71: =IF(D71="",0,1/COUNTIF(D:D,D71)) -> 1 | D71: =IF(AA71="","",Z71&W71) -> FOREMOST14-FW-SP-53 | E71: =IF(YEAR(AA71)<10,0&YEAR(AA71),YEAR(AA71))&IF(MONTH(AA71)<10,0&MONTH(AA71),MONTH(AA71)) -> 201402 | F71: =VLOOKUP($AA71,주!$A:$F,6,FALSE) -> 2월 4주 | G71: =IF(H71="",0,1/COUNTIF(H:H,H71)) -> 0 | H71: =IF(AD71="","",W71) | I71: =IF(J71="",0,1/COUNTIF(J:J,J71)) -> 0 | J71: =IF(AD71="","",Z71&W71) | K71: =IF(AD71="",AC71,AD71) -> 41726 | L71: =IF(YEAR(K71)<10,0&YEAR(K71),YEAR(K71))&IF(MONTH(K71)<10,0&MONTH(K71),MONTH(K71)) -> 201403 | M71: =VLOOKUP($K71,주!$A:$F,6,FALSE) -> 3월 5주 | N71: =IF(VLOOKUP($Z71,[1]생산업체!$A:$C,2,FALSE)=1,"해외","국내") -> 해외 | O71: =IF(VLOOKUP($U71,[1]CODE!$K:$P,[1]CODE!P$1,FALSE)="모자",T71,T71&"-"&VLOOKUP($U71,[1]CODE!$K:$P,[1]CODE!P$1,FALSE)) -> JST | P71: JST | R71: 70 | T71: JST | U71: FA | V71: N | W71: 14-FW-SP-53 | X71: ADULT | Y71: 1 | Z71: FOREMOST | AA71: 41698 | AB71: 41726 | AC71: 41726 | AG71: ORIGINAL SAMPLE | AH71: 1 | AI71: 1
A72: =IF(B72="",0,1/COUNTIF(B:B,B72)) -> 1 | B72: =IF(AA72="","",W72) -> 14-FW-SP-55 | C72: =IF(D72="",0,1/COUNTIF(D:D,D72)) -> 1 | D72: =IF(AA72="","",Z72&W72) -> FOREMOST14-FW-SP-55 | E72: =IF(YEAR(AA72)<10,0&YEAR(AA72),YEAR(AA72))&IF(MONTH(AA72)<10,0&MONTH(AA72),MONTH(AA72)) -> 201402 | F72: =VLOOKUP($AA72,주!$A:$F,6,FALSE) -> 2월 4주 | G72: =IF(H72="",0,1/COUNTIF(H:H,H72)) -> 1 | H72: =IF(AD72="","",W72) -> 14-FW-SP-55 | I72: =IF(J72="",0,1/COUNTIF(J:J,J72)) -> 1 | J72: =IF(AD72="","",Z72&W72) -> FOREMOST14-FW-SP-55 | K72: =IF(AD72="",AC72,AD72) -> 41719 | L72: =IF(YEAR(K72)<10,0&YEAR(K72),YEAR(K72))&IF(MONTH(K72)<10,0&MONTH(K72),MONTH(K72)) -> 201403 | M72: =VLOOKUP($K72,주!$A:$F,6,FALSE) -> 3월 4주 | N72: =IF(VLOOKUP($Z72,[1]생산업체!$A:$C,2,FALSE)=1,"해외","국내") -> 해외 | O72: =IF(VLOOKUP($U72,[1]CODE!$K:$P,[1]CODE!P$1,FALSE)="모자",T72,T72&"-"&VLOOKUP($U72,[1]CODE!$K:$P,[1]CODE!P$1,FALSE)) -> JST | P72: JST | R72: 71 | T72: JST | U72: FA | V72: N | W72: 14-FW-SP-55 | X72: ADULT | Y72: 1 | Z72: FOREMOST | AA72: 41698 | AB72: 41726 | AC72: 41726 | AD72: 41719 | AH72: 4 | AI72: 1
A73: =IF(B73="",0,1/COUNTIF(B:B,B73)) -> 1 | B73: =IF(AA73="","",W73) -> 14-FW-SP-58 | C73: =IF(D73="",0,1/COUNTIF(D:D,D73)) -> 1 | D73: =IF(AA73="","",Z73&W73) -> FOREMOST14-FW-SP-58 | E73: =IF(YEAR(AA73)<10,0&YEAR(AA73),YEAR(AA73))&IF(MONTH(AA73)<10,0&MONTH(AA73),MONTH(AA73)) -> 201402 | F73: =VLOOKUP($AA73,주!$A:$F,6,FALSE) -> 2월 4주 | G73: =IF(H73="",0,1/COUNTIF(H:H,H73)) -> 0 | H73: =IF(AD73="","",W73) | I73: =IF(J73="",0,1/COUNTIF(J:J,J73)) -> 0 | J73: =IF(AD73="","",Z73&W73) | K73: =IF(AD73="",AC73,AD73) -> 41726 | L73: =IF(YEAR(K73)<10,0&YEAR(K73),YEAR(K73))&IF(MONTH(K73)<10,0&MONTH(K73),MONTH(K73)) -> 201403 | M73: =VLOOKUP($K73,주!$A:$F,6,FALSE) -> 3월 5주 | N73: =IF(VLOOKUP($Z73,[1]생산업체!$A:$C,2,FALSE)=1,"해외","국내") -> 해외 | O73: =IF(VLOOKUP($U73,[1]CODE!$K:$P,[1]CODE!P$1,FALSE)="모자",T73,T73&"-"&VLOOKUP($U73,[1]CODE!$K:$P,[1]CODE!P$1,FALSE)) -> JST | P73: JST | R73: 72 | T73: JST | U73: FA | V73: N | W73: 14-FW-SP-58 | X73: ADULT | Y73: 1 | Z73: FOREMOST | AA73: 41698 | AB73: 41726 | AC73: 41726 | AH73: 4 | AI73: 4
A74: =IF(B74="",0,1/COUNTIF(B:B,B74)) -> 1 | B74: =IF(AA74="","",W74) -> 14-FW-SP-59 | C74: =IF(D74="",0,1/COUNTIF(D:D,D74)) -> 1 | D74: =IF(AA74="","",Z74&W74) -> FOREMOST14-FW-SP-59 | E74: =IF(YEAR(AA74)<10,0&YEAR(AA74),YEAR(AA74))&IF(MONTH(AA74)<10,0&MONTH(AA74),MONTH(AA74)) -> 201402 | F74: =VLOOKUP($AA74,주!$A:$F,6,FALSE) -> 2월 4주 | G74: =IF(H74="",0,1/COUNTIF(H:H,H74)) -> 0 | H74: =IF(AD74="","",W74) | I74: =IF(J74="",0,1/COUNTIF(J:J,J74)) -> 0 | J74: =IF(AD74="","",Z74&W74) | K74: =IF(AD74="",AC74,AD74) -> 41726 | L74: =IF(YEAR(K74)<10,0&YEAR(K74),YEAR(K74))&IF(MONTH(K74)<10,0&MONTH(K74),MONTH(K74)) -> 201403 | M74: =VLOOKUP($K74,주!$A:$F,6,FALSE) -> 3월 5주 | N74: =IF(VLOOKUP($Z74,[1]생산업체!$A:$C,2,FALSE)=1,"해외","국내") -> 해외 | O74: =IF(VLOOKUP($U74,[1]CODE!$K:$P,[1]CODE!P$1,FALSE)="모자",T74,T74&"-"&VLOOKUP($U74,[1]CODE!$K:$P,[1]CODE!P$1,FALSE)) -> JST | P74: JST | R74: 73 | T74: JST | U74: FA | V74: N | W74: 14-FW-SP-59 | X74: ADULT | Y74: 1 | Z74: FOREMOST | AA74: 41698 | AB74: 41726 | AC74: 41726 | AH74: 4 | AI74: 4
A75: =IF(B75="",0,1/COUNTIF(B:B,B75)) -> 1 | B75: =IF(AA75="","",W75) -> 14-FW-SP54 | C75: =IF(D75="",0,1/COUNTIF(D:D,D75)) -> 1 | D75: =IF(AA75="","",Z75&W75) -> FOREMOST14-FW-SP54 | E75: =IF(YEAR(AA75)<10,0&YEAR(AA75),YEAR(AA75))&IF(MONTH(AA75)<10,0&MONTH(AA75),MONTH(AA75)) -> 201403 | F75: =VLOOKUP($AA75,주!$A:$F,6,FALSE) -> 3월 2주 | G75: =IF(H75="",0,1/COUNTIF(H:H,H75)) -> 1 | H75: =IF(AD75="","",W75) -> 14-FW-SP54 | I75: =IF(J75="",0,1/COUNTIF(J:J,J75)) -> 1 | J75: =IF(AD75="","",Z75&W75) -> FOREMOST14-FW-SP54 | K75: =IF(AD75="",AC75,AD75) -> 41719 | L75: =IF(YEAR(K75)<10,0&YEAR(K75),YEAR(K75))&IF(MONTH(K75)<10,0&MONTH(K75),MONTH(K75)) -> 201403 | M75: =VLOOKUP($K75,주!$A:$F,6,FALSE) -> 3월 4주 | N75: =IF(VLOOKUP($Z75,[1]생산업체!$A:$C,2,FALSE)=1,"해외","국내") -> 해외 | O75: =IF(VLOOKUP($U75,[1]CODE!$K:$P,[1]CODE!P$1,FALSE)="모자",T75,T75&"-"&VLOOKUP($U75,[1]CODE!$K:$P,[1]CODE!P$1,FALSE)) -> JST | P75: JST | R75: 74 | T75: JST | U75: FA | V75: N | W75: 14-FW-SP54 | X75: ADULT | Y75: 1 | Z75: FOREMOST | AA75: 41701 | AB75: 41729 | AC75: 41729 | AD75: 41719 | AH75: 7 | AI75: 1
A76: =IF(B76="",0,1/COUNTIF(B:B,B76)) -> 1 | B76: =IF(AA76="","",W76) -> 14-FW-SP-60 | C76: =IF(D76="",0,1/COUNTIF(D:D,D76)) -> 1 | D76: =IF(AA76="","",Z76&W76) -> FOREMOST14-FW-SP-60 | E76: =IF(YEAR(AA76)<10,0&YEAR(AA76),YEAR(AA76))&IF(MONTH(AA76)<10,0&MONTH(AA76),MONTH(AA76)) -> 201403 | F76: =VLOOKUP($AA76,주!$A:$F,6,FALSE) -> 3월 4주 | G76: =IF(H76="",0,1/COUNTIF(H:H,H76)) -> 0 | H76: =IF(AD76="","",W76) | I76: =IF(J76="",0,1/COUNTIF(J:J,J76)) -> 0 | J76: =IF(AD76="","",Z76&W76) | K76: =IF(AD76="",AC76,AD76) -> 41745 | L76: =IF(YEAR(K76)<10,0&YEAR(K76),YEAR(K76))&IF(MONTH(K76)<10,0&MONTH(K76),MONTH(K76)) -> 201404 | M76: =VLOOKUP($K76,주!$A:$F,6,FALSE) -> 4월 3주 | N76: =IF(VLOOKUP($Z76,[1]생산업체!$A:$C,2,FALSE)=1,"해외","국내") -> 해외 | O76: =IF(VLOOKUP($U76,[1]CODE!$K:$P,[1]CODE!P$1,FALSE)="모자",T76,T76&"-"&VLOOKUP($U76,[1]CODE!$K:$P,[1]CODE!P$1,FALSE)) -> JST | P76: JST | R76: 75 | T76: JST | U76: FA | V76: N | W76: 14-FW-SP-60 | X76: ADULT | Y76: 1 | Z76: FOREMOST | AA76: 41717 | AB76: 41745 | AC76: 41745 | AG76: 41717
A77: =IF(B77="",0,1/COUNTIF(B:B,B77)) -> 1 | B77: =IF(AA77="","",W77) -> 14-FW-SP-61 | C77: =IF(D77="",0,1/COUNTIF(D:D,D77)) -> 1 | D77: =IF(AA77="","",Z77&W77) -> FOREMOST14-FW-SP-61 | E77: =IF(YEAR(AA77)<10,0&YEAR(AA77),YEAR(AA77))&IF(MONTH(AA77)<10,0&MONTH(AA77),MONTH(AA77)) -> 201403 | F77: =VLOOKUP($AA77,주!$A:$F,6,FALSE) -> 3월 4주 | G77: =IF(H77="",0,1/COUNTIF(H:H,H77)) -> 0 | H77: =IF(AD77="","",W77) | I77: =IF(J77="",0,1/COUNTIF(J:J,J77)) -> 0 | J77: =IF(AD77="","",Z77&W77) | K77: =IF(AD77="",AC77,AD77) -> 41745 | L77: =IF(YEAR(K77)<10,0&YEAR(K77),YEAR(K77))&IF(MONTH(K77)<10,0&MONTH(K77),MONTH(K77)) -> 201404 | M77: =VLOOKUP($K77,주!$A:$F,6,FALSE) -> 4월 3주 | N77: =IF(VLOOKUP($Z77,[1]생산업체!$A:$C,2,FALSE)=1,"해외","국내") -> 해외 | O77: =IF(VLOOKUP($U77,[1]CODE!$K:$P,[1]CODE!P$1,FALSE)="모자",T77,T77&"-"&VLOOKUP($U77,[1]CODE!$K:$P,[1]CODE!P$1,FALSE)) -> JST | P77: JST | R77: 76 | T77: JST | U77: FA | V77: N | W77: 14-FW-SP-61 | X77: ADULT | Y77: 1 | Z77: FOREMOST | AA77: 41717 | AB77: 41745 | AC77: 41745
A78: =IF(B78="",0,1/COUNTIF(B:B,B78)) -> 1 | B78: =IF(AA78="","",W78) -> 14-FW-SP-62 | C78: =IF(D78="",0,1/COUNTIF(D:D,D78)) -> 1 | D78: =IF(AA78="","",Z78&W78) -> FOREMOST14-FW-SP-62 | E78: =IF(YEAR(AA78)<10,0&YEAR(AA78),YEAR(AA78))&IF(MONTH(AA78)<10,0&MONTH(AA78),MONTH(AA78)) -> 201403 | F78: =VLOOKUP($AA78,주!$A:$F,6,FALSE) -> 3월 4주 | G78: =IF(H78="",0,1/COUNTIF(H:H,H78)) -> 0 | H78: =IF(AD78="","",W78) | I78: =IF(J78="",0,1/COUNTIF(J:J,J78)) -> 0 | J78: =IF(AD78="","",Z78&W78) | K78: =IF(AD78="",AC78,AD78) -> 41745 | L78: =IF(YEAR(K78)<10,0&YEAR(K78),YEAR(K78))&IF(MONTH(K78)<10,0&MONTH(K78),MONTH(K78)) -> 201404 | M78: =VLOOKUP($K78,주!$A:$F,6,FALSE) -> 4월 3주 | N78: =IF(VLOOKUP($Z78,[1]생산업체!$A:$C,2,FALSE)=1,"해외","국내") -> 해외 | O78: =IF(VLOOKUP($U78,[1]CODE!$K:$P,[1]CODE!P$1,FALSE)="모자",T78,T78&"-"&VLOOKUP($U78,[1]CODE!$K:$P,[1]CODE!P$1,FALSE)) -> JST | P78: JST | R78: 77 | T78: JST | U78: FA | V78: N | W78: 14-FW-SP-62 | X78: ADULT | Y78: 1 | Z78: FOREMOST | AA78: 41717 | AB78: 41745 | AC78: 41745
A79: =IF(B79="",0,1/COUNTIF(B:B,B79)) -> 0.5 | B79: =IF(AA79="","",W79) -> 14-FW-SP-39 | C79: =IF(D79="",0,1/COUNTIF(D:D,D79)) -> 1 | D79: =IF(AA79="","",Z79&W79) -> 5 works room14-FW-SP-39 | E79: =IF(YEAR(AA79)<10,0&YEAR(AA79),YEAR(AA79))&IF(MONTH(AA79)<10,0&MONTH(AA79),MONTH(AA79)) -> 201403 | F79: =VLOOKUP($AA79,주!$A:$F,6,FALSE) -> 3월 5주 | G79: =IF(H79="",0,1/COUNTIF(H:H,H79)) -> 0 | H79: =IF(AD79="","",W79) | I79: =IF(J79="",0,1/COUNTIF(J:J,J79)) -> 0 | J79: =IF(AD79="","",Z79&W79) | K79: =IF(AD79="",AC79,AD79) -> 41752 | L79: =IF(YEAR(K79)<10,0&YEAR(K79),YEAR(K79))&IF(MONTH(K79)<10,0&MONTH(K79),MONTH(K79)) -> 201404 | M79: =VLOOKUP($K79,주!$A:$F,6,FALSE) -> 4월 4주 | N79: =IF(VLOOKUP($Z79,[1]생산업체!$A:$C,2,FALSE)=1,"해외","국내") -> #N/A | O79: =IF(VLOOKUP($U79,[1]CODE!$K:$P,[1]CODE!P$1,FALSE)="모자",T79,T79&"-"&VLOOKUP($U79,[1]CODE!$K:$P,[1]CODE!P$1,FALSE)) -> JST | P79: JST | R79: 78 | T79: JST | U79: FA | V79: N | W79: 14-FW-SP-39 | X79: ADULT | Y79: 0.5 | Z79: 5 works room | AA79: 41724 | AB79: 41752 | AC79: 41752 | AE79: 3.8 | AG79: ORIGINAL SAMPLE

Sheet 兰
A1: 13SS BROWN SQUARE SAMPLE STATUS
A2: 1ST PROTO TYPE | S2: 41221
A3: SAMPLE # | B3: COLOR | C3: SKETCH | D3: PRODUCTION FIRM | E3: DESIGNER | F3: PROTO SAMPLE | I3: U/PRICE | J3: RXK MATERIAL | K3: ACC. MATERIAL | O3: ACC. MATERIAL | S3: REMARK | T3: PROTO SAMPLE COMMENTS
F4: D. ATRWORK | G4: REQUEST | H4: RCVD | K4: METAL | L4: COLOR | M4: U/PIRICE | N4: MOQ & LEADTIME | O4: LEATHER | P4: CFM NO. | Q4: U/PIRICE | R4: MOQ & LEADTIME
A5: CAP-01 | B5: BLUE | D5: CNG | E5: sinclair | F5: 41180 | G5: OK | H5: at earliest 11/9 | S5: 굵은실, 6쪽 바이오워싱 BIO washing (生物洗涤）
B6: PINK | D6: DONGRI | E6: sinclair | F6: 41192 | G6: 41197 | H6: 41219 | I6: US $ 5.35 | J6: #1,#2, leather fabric metal | L6: antique silver | M6: 0.067 | N6: 7~10 DAYS Mounld fee US$80.00 | P6: NB-02 | Q6: US$ 2.38/FEET | R6: CHINA STOCKS
P7: SB-03 | Q7: US$ 4.76/FEET | R7: CHINA STOCKS
A8: CAP-02 | B8: LM | D8: CNG | E8: sinclair | F8: 41180 | G8: OK | H8: at earliest 11/9 | S8: 6쪽 BIO washing
B9: RED | D9: DONGRI | E9: sinclair | F9: 41192 | G9: 41197 | H9: 41219 | I9: US $ 4.60 | J9: #1,#2,#3, leather fabric metal | L9: antique silver | M9: 0.076 | N9: 7~10 DAYS | P9: NB-02 | Q9: US$ 2.38/FEET | R9: CHINA STOCKS
P10: SB-03 | Q10: US$ 4.76/FEET | R10: CHINA STOCKS
A11: CAP-03 | B11: BEIGE | D11: CNG | E11: sinclair | F11: 41180 | G11: OK | H11: at earliest 11/9 | S11: 6쪽 BIO washing
B12: NAVY | D12: DONGRI | E12: sinclair | F12: 41192 | G12: 41197 | H12: 41219 | I12: US $ 5.35 | J12: #1,#2,#3,#4 leather fabric metal | L12: antique silver | M12: 0.076 | N12: 7~10 DAYS | P12: NB-02 | Q12: US$ 2.38/FEET | R12: CHINA STOCKS
P13: SB-03 | Q13: US$ 4.76/FEET | R13: CHINA STOCKS
A14: CAP-04 | B14: BLUE | D14: CNG | E14: sinclair | F14: 41180 | G14: OK | H14: at earliest 11/9 | S14: 굵은실, 6쪽 hard BIO washing
A15: CAP-05 | B15: WHITE | D15: CNG | E15: mathew | F15: 41180 | G15: OK | H15: at earliest 11/9 | S15: 굵은실, 6쪽 hard BIO washing
A16: CAP-06 | B16: PINK | D16: CNG | E16: mathew | F16: 41180 | G16: OK | H16: at earliest 11/9 | S16: 굵은실, 6쪽 hard BIO washing
A17: CAP-07 | B17: RED | D17: CNG | E17: mathew | F17: 41180 | G17: OK | H17: at earliest 11/9 | S17: 6쪽 soft BIO washing
B18: YELLOW | D18: DONGRI | E18: mathew | F18: 41192 | G18: 41197 | H18: 41219 | I18: US $ 4.70 | J18: #1,#2,#3,#4,#5, leather fabric metal | K18: N/A | L18: x | M18: x | N18: x | P18: SB-03 | Q18: US$ 4.76/FEET | R18: CHINA STOCKS
A19: CAP-08 | B19: MINT | D19: CNG | E19: mathew | F19: 41180 | G19: OK | H19: at earliest 11/9 | S19: 6쪽 soft BIO washing
B20: BLUE | D20: DONGRI | E20: mathew | F20: 41192 | G20: 41197 | H20: 41219 | I20: US $ 5.55 | J20: #1,#2,#3,#4 leather fabric metal | L20: antique silver | M20: 0.067 | N20: 7~10 DAYS | P20: NB-02 | Q20: US$ 2.38/FEET | R20: CHINA STOCKS | S20: (셔닐자수) 6쪽 chenille embroidery 雪尼尔花线 刺绣 soft BIO washing
P21: SB-03 | Q21: US$ 4.76/FEET | R21: CHINA STOCKS
A22: CAP-09 | B22: BLACK | D22: CNG | E22: sinclair | F22: 41180 | G22: OK | H22: at earliest 11/9 | S22: 6쪽 soft BIO washing
B23: PINK | D23: DONGRI | E23: sinclair | F23: 41192 | G23: 41197 | H23: 41219 | I23: US $ 4.40 | J23: #1,#2,#3,#4 leather fabric metal | L23: antique silver | M23: 0.076 | N23: 7~10 DAYS | P23: NB-02 | Q23: US$ 2.38/FEET | R23: CHINA STOCKS
P24: SB-03 | Q24: US$ 4.76/FEET | R24: CHINA STOCKS
A25: CAP-10 | B25: KHAKI | D25: CNG | E25: sinclair | F25: 41180 | G25: OK | H25: at earliest 11/9 | S25: (굵은실) 6쪽 soft BIO washing
B26: BEIGE | D26: DONGRI | E26: sinclair | F26: 41192 | G26: 41197 | H26: 41219 | I26: US $5.48 | J26: #1,#2,#3,#4,#5 leather fabric | K26: N/A | P26: SB-03 | Q26: US$ 4.76/FEET | R26: CHINA STOCKS
A27: CAP-11 | B27: LM | D27: CNG | E27: sinclair | F27: 41180 | G27: OK | H27: at earliest 11/9 | S27: (굵은실) 6쪽 no washing
B28: PINK
B29: BLACK | D29: DONGRI | E29: sinclair | F29: 41192 | G29: 41197 | H29: 41219 | I29: US $5.20 | J29: #1,#2,#3 leather fabric metal | L29: antique silver | M29: 0.067 | N29: 7~10 DAYS | P29: SB-03 | Q29: US$ 4.76/FEET | R29: CHINA STOCKS
A30: CAP-12 | B30: BLUE | D30: CNG | E30: mathew | F30: 41180 | G30: OK | H30: at earliest 11/9 | S30: 6쪽 no washing
B31: RED | D31: DONGRI | E31: mathew | F31: 41192 | G31: 41197 | H31: 41219 | I31: US $5.65 | J31: #1,#2, leather fabric metal | L31: antique silver | M31: 0.076 | N31: 7~10 DAYS | P31: NB-02 | Q31: US$ 2.38/FEET | R31: CHINA STOCKS
P32: SB-03 | Q32: US$ 4.76/FEET | R32: CHINA STOCKS
A33: CAP-13 | B33: YELLOW | D33: CNG | E33: mathew | F33: 41180 | G33: OK | H33: at earliest 11/9 | S33: 6쪽 no washing
B34: NAVY | D34: DONGRI | E34: mathew | F34: 41192 | G34: 41197 | H34: 41219 | I34: US $5.65 | J34: #1,#2,#3,#4,#5 leather fabric metal | L34: antique silver | M34: 0.076 | N34: 7~10 DAYS | P34: SB-03 | Q34: US$ 4.76/FEET | R34: CHINA STOCKS
A35: CAP-14 | B35: NAVY | D35: CNG | E35: mathew | F35: 41180 | G35: OK | H35: at earliest 11/9 | S35: 숏바이저 6쪽 short visor (短帽檐） no washing
B36: MINT | D36: DONGRI | E36: mathew | F36: 41192 | G36: 10/24 Leather Delayed | H36: 41219 | I36: US $4.60 | J36: #1,#2, leather fabric metal | L36: antique silver | M36: 0.076 | N36: 7~10 DAYS | P36: NB-02 | Q36: US$ 2.38/FEET | R36: CHINA STOCKS
K37: thick leather | L37: BROWN | M37: ￦..? | N37: 한국업체 | P37: SB-03 | Q37: US$ 4.76/FEET | R37: CHINA STOCKS
A38: CAP-15 | B38: BU | D38: CNG | E38: sinclair | F38: 41180 | G38: OK | H38: at earliest 11/9 | S38: 숏바이저 6쪽 평챙 short visor (短平帽檐） no washing
B39: MINT | D39: DONGRI | E39: sinclair | F39: 41192 | G39: 10/17 Fabric Delayed | H39: 41219 | I39: US $4.60 | J39: #1,#2,#3,#4 leather fabric | K39: N/A | L39: x | M39: x | N39: x | P39: NB-02 | Q39: US$ 2.38/FEET | R39: CHINA STOCKS
P40: SB-03 | Q40: US$ 4.76/FEET | R40: CHINA STOCKS
A41: CAP-16 | B41: BLUE | D41: CNG | E41: mathew | F41: 41180 | G41: OK | H41: at earliest 11/9 | S41: 숏바이저 6쪽 평챙 short visor (短平帽檐） no washing
B42: DN | D42: DONGRI | E42: mathew | F42: 41192 | G42: 41197 | H42: 41219 | I42: US $4.60 | J42: #1,#2,#3,#4 leather fabric | K42: N/A | L42: x | M42: x | N42: x | P42: NB-02 | Q42: US$ 2.38/FEET | R42: CHINA STOCKS
P43: SB-03 | Q43: US$ 4.76/FEET | R43: CHINA STOCKS

Sheet LAN NOVENT
A1: 13SS NOVENT SAMPLE STATUS
A2: 1ST PROTO TYPE
R3: 41221
A4: SAMPLE # | B4: COLOR | C4: SKETCH | D4: PRODUCTION FIRM | E4: DESIGNER | F4: PROTO SAMPLE | J4: PRICING INFO | L4: ACC. MATERIAL | R4: REMARK | S4: PROTO SAMPLE COMMENTS
F5: D. ATRWORK | G5: REQUEST | H5: RCVD | I5: REF SMPL | J5: U/PRICE | K5: INCLUDING MEMO | L5: LEATHER PATCH | M5: DIAMOND LABEL | N5: MAIN LABEL | O5: RUBBER LABEL | P5: BUCKLE | Q5: OTHERS
A6: NV 01_WIRE | B6: MINT | D6: FOREMOST | E6: Camilo | F6: OK | G6: 41193 | H6: 41213 | I6: X | J6: US $ 3.70 | K6: fabric diamond label | L6: X | Q6: X | R6: 11/12 D실-> all style China fabric swatch & 13ss samples. Design team CFMing
A7: NV 02_WIRE | B7: BLUE | D7: FOREMOST | E7: Camilo | F7: OK | G7: 41193 | H7: 41213 | I7: X | J7: US $ 3.70 | K7: fabric diamond label | L7: X | Q7: X
A8: NV 03_WIRE | B8: RED | D8: FOREMOST | E8: Camilo | F8: OK | G8: 41193 | H8: 41213 | I8: X | J8: US $ 4.15 | K8: fabric woven label leather patch | O8: X | Q8: X
A9: NV 04_CAMP | B9: DENIM | D9: FOREMOST | E9: Benny | F9: OK | G9: 41193 | H9: 41220 | I9: X | J9: US $ 3.00 | K9: fabric woven label leather patch | M9: X
A10: NV 05_CAMP | B10: BLACK | D10: FOREMOST | E10: Camilo | F10: OK | G10: 41193 | H10: 41219 | I10: X | J10: US $ 3.10 | K10: fabric woven label leather patch | M10: X
A11: NV 06_TULIP HAT | B11: BLUE | D11: FOREMOST | E11: Camilo | F11: OK | G11: 41193 | H11: 41225 | I11: X | J11: RCVD 11/12 | L11: X | M11: X | N11: X | P11: X
A12: NV 07_WIRE | B12: NAVY | D12: FOREMOST | E12: Benny | F12: OK | G12: 41193 | H12: 41213 | I12: X | J12: US $ 2.95 | M12: X | Q12: X
A13: NV 08_WIRE | B13: CAMAL | D13: FOREMOST | E13: Benny | F13: OK | G13: 41193 | H13: 41213 | I13: X | J13: US $ 2.90 | M13: X | N13: X | P13: X | Q13: X
A14: NV 09_WIRE | B14: NAVY | D14: FOREMOST | E14: Benny | F14: OK | G14: 41193 | H14: 41213 | I14: X | J14: US $ 3.85 | Q14: X
A15: NV10_WIRE | B15: PP | D15: FOREMOST | E15: Benny | F15: OK | G15: 41193 | H15: 41213 | I15: X | J15: US $ 3.50
A16: NV11_HAT | B16: PP | D16: FOREMOST | E16: Benny | F16: OK | G16: 41193 | H16: 41213 | I16: X | J16: US $ 4.45 | Q16: X
A17: 13SS NOVENT KIDS
A19: SAMPLE # | B19: COLOR | C19: SKETCH | D19: PRODUCTION FIRM | E19: DESIGNER | F19: PROTO SAMPLE | J19: PRICING INFO | L19: ACC. MATERIAL | R19: REMARK | S19: PROTO SAMPLE COMMENTS
F20: D. ATRWORK | G20: REQUEST | H20: RCVD | I20: REF SMPL | J20: U/PRICE | K20: INCLUDING MEMO | L20: LEATHER PATCH | M20: DIAMOND LABEL | N20: MAIN LABEL | O20: RUBBER LABEL | P20: BUCKLE | Q20: OTHERS
A21: NV 12_WIRE (KIDS) | B21: PP | D21: FOREMOST | E21: Benny | F21: 41220 | G21: 41220 | H21: 11/16 FOR.SEND | I21: NOVBAD3107YE (CAPBOY작업건) 1 PCS | M21: X | Q21: X | R21: FOR. 중국원단 수배1week후 샘플제작, 작업시간 : 샘플발송부터 1주일로 제한 SIZE : ROUND 52CM
B22: RED | D22: FOREMOST | E22: Benny | F22: 41220 | G22: 41220 | H22: 11/16 FOR.SEND | M22: X | Q22: X

Sheet 노민석 (JST,BEL)
C1: 14FW SAMPLE LIST
I2: 표기예 | M2: LEAD TIME | N2: 임의일자이니 확인되면 수정하고 색 지우기 | O2: 실입고일은 실제 샘플수령한 일자, 미입고시에는 공란 | S2: 총수=원자재 가지수 사용수=원자재 중 중국원자재 사용가지수 숫자로 표기
C3: * SAMPLE NO. = ARTWORK의 SAMPLE NO.와 동일해야 함 | I3: ADULT | M3: 국내제조
C4: * 발주일 = 작지+공급자재(+참조샘플) 최종 발송일 기준 | I4: CHILD | M4: 21
C5: * 목표입고일 = 발주시 생산업체와 협의 후 반드시 기록 | I5: INFANT | M5: 해외제조
C6: * 원가 = 입고시 반드시 기록 | M6: 28
J7: =SUM(J11:J1048576) -> 58
C8: 순번 | D8: 이미지 | E8: 브랜드 | F8: 품목 | G8: 러닝(R)/신규(N) | H8: SAMPLE NO. | I8: 연령구분 | J8: 샘플수 | K8: 생산업체 | L8: 일정 | P8: 원가 | R8: 참조샘플 발송여부 | S8: 중국원단사용수 | U8: 기타
A9: 브랜드/품목 | L9: 발주일 | M9: 목표입고일 | N9: 입고예정일 | O9: 실입고일 | P9: 해외 (FOB, USD, JPY) | Q9: 국내 (-V, KRW) | S9: 총수 | T9: 사용수
C10: 순번 | D10: 이미지 | E10: 브랜드 | F10: 품목 | G10: 러닝(R)/신규(N) | H10: SAMPLE NO. | I10: 연령구분 | J10: 샘플수 | K10: 생산업체 | L10: 발주일 | M10: 목표입고일 | N10: 입고예정일 | O10: 실입고일 | P10: 해외원가 | Q10: 국내원가 | R10: 참조샘플 발송여부 | S10: 중국원단사용총수 | T10: 중국원단사용수 | U10: 기타
A11: =IF(E11="","",IF(VLOOKUP($F11,CODE!$K:$O,CODE!$O$1,FALSE)="",$E11,$E11&"-"&VLOOKUP($F11,CODE!$K:$O,CODE!$O$1,FALSE))) -> JST | C11: 1 | E11: JST | F11: FA | G11: N | H11: 14-FW-SP-06 | I11: ADULT | J11: =IF(ISERROR(1/COUNTIF(H:H,H11))=TRUE,0,1/COUNTIF(H:H,H11)) -> 0.5 | K11: FOREMOST | L11: 41635 | M11: =IF(ISERROR(VLOOKUP($K11,생산업체!$A:$C,생산업체!$A$1,FALSE))=TRUE,"업체리스트 참조 후 업체명 변경",IF(VLOOKUP($K11,생산업체!$A:$C,생산업체!$B$1,FALSE)=1,$L11+$M$6,$L11+$M$4)) -> 41663 | N11: =M11 -> 41663 | O11: 41656 | P11: 6.5 | R11: ORIGINAL SAMPLE | S11: 4 | T11: 1 | U11: x
A12: =IF(E12="","",IF(VLOOKUP($F12,CODE!$K:$O,CODE!$O$1,FALSE)="",$E12,$E12&"-"&VLOOKUP($F12,CODE!$K:$O,CODE!$O$1,FALSE))) -> JST | C12: =C11+1 -> 2 | E12: JST | F12: FA | G12: N | H12: 14-FW-SP-06 | I12: ADULT | J12: =IF(ISERROR(1/COUNTIF(H:H,H12))=TRUE,0,1/COUNTIF(H:H,H12)) -> 0.5 | K12: BS | L12: 41635 | M12: =IF(ISERROR(VLOOKUP($K12,생산업체!$A:$C,생산업체!$A$1,FALSE))=TRUE,"업체리스트 참조 후 업체명 변경",IF(VLOOKUP($K12,생산업체!$A:$C,생산업체!$B$1,FALSE)=1,$L12+$M$6,$L12+$M$4)) -> 41663 | N12: =M12 -> 41663 | O12: 41694 | P12: 3.8 | S12: 4 | T12: 1
A13: =IF(E13="","",IF(VLOOKUP($F13,CODE!$K:$O,CODE!$O$1,FALSE)="",$E13,$E13&"-"&VLOOKUP($F13,CODE!$K:$O,CODE!$O$1,FALSE))) -> JST | C13: =C12+1 -> 3 | E13: JST | F13: FA | G13: N | H13: 14-FW-SP-07 | I13: ADULT | J13: =IF(ISERROR(1/COUNTIF(H:H,H13))=TRUE,0,1/COUNTIF(H:H,H13)) -> 0.5 | K13: FOREMOST | L13: 41635 | M13: =IF(ISERROR(VLOOKUP($K13,생산업체!$A:$C,생산업체!$A$1,FALSE))=TRUE,"업체리스트 참조 후 업체명 변경",IF(VLOOKUP($K13,생산업체!$A:$C,생산업체!$B$1,FALSE)=1,$L13+$M$6,$L13+$M$4)) -> 41663 | N13: =M13 -> 41663 | O13: 41652 | P13: 5.7 | S13: 4 | T13: 1 | U13: x
A14: =IF(E14="","",IF(VLOOKUP($F14,CODE!$K:$O,CODE!$O$1,FALSE)="",$E14,$E14&"-"&VLOOKUP($F14,CODE!$K:$O,CODE!$O$1,FALSE))) -> JST | C14: =C13+1 -> 4 | E14: JST | F14: FA | G14: N | H14: 14-FW-SP-07 | I14: ADULT | J14: =IF(ISERROR(1/COUNTIF(H:H,H14))=TRUE,0,1/COUNTIF(H:H,H14)) -> 0.5 | K14: BS | L14: 41635 | M14: =IF(ISERROR(VLOOKUP($K14,생산업체!$A:$C,생산업체!$A$1,FALSE))=TRUE,"업체리스트 참조 후 업체명 변경",IF(VLOOKUP($K14,생산업체!$A:$C,생산업체!$B$1,FALSE)=1,$L14+$M$6,$L14+$M$4)) -> 41663 | N14: =M14 -> 41663 | O14: 41694 | P14: 3.2 | R14: ORIGINAL SAMPLE | S14: 4 | T14: 1 | U14: 오리지널샘플받아야함
A15: =IF(E15="","",IF(VLOOKUP($F15,CODE!$K:$O,CODE!$O$1,FALSE)="",$E15,$E15&"-"&VLOOKUP($F15,CODE!$K:$O,CODE!$O$1,FALSE))) -> JST | C15: =C14+1 -> 5 | E15: JST | F15: FA | G15: N | H15: 14-FW-SP-08 | I15: ADULT | J15: =IF(ISERROR(1/COUNTIF(H:H,H15))=TRUE,0,1/COUNTIF(H:H,H15)) -> 1 | K15: FOREMOST | L15: 41635 | M15: =IF(ISERROR(VLOOKUP($K15,생산업체!$A:$C,생산업체!$A$1,FALSE))=TRUE,"업체리스트 참조 후 업체명 변경",IF(VLOOKUP($K15,생산업체!$A:$C,생산업체!$B$1,FALSE)=1,$L15+$M$6,$L15+$M$4)) -> 41663 | N15: =M15 -> 41663 | O15: 41656 | P15: 6.7 | S15: 4 | T15: 1 | U15: x
A16: =IF(E16="","",IF(VLOOKUP($F16,CODE!$K:$O,CODE!$O$1,FALSE)="",$E16,$E16&"-"&VLOOKUP($F16,CODE!$K:$O,CODE!$O$1,FALSE))) -> JST | C16: =C15+1 -> 6 | E16: JST | F16: FA | G16: N | H16: 14-FW-SP-09 | I16: ADULT | J16: =IF(ISERROR(1/COUNTIF(H:H,H16))=TRUE,0,1/COUNTIF(H:H,H16)) -> 0.5 | K16: FOREMOST | L16: 41635 | M16: =IF(ISERROR(VLOOKUP($K16,생산업체!$A:$C,생산업체!$A$1,FALSE))=TRUE,"업체리스트 참조 후 업체명 변경",IF(VLOOKUP($K16,생산업체!$A:$C,생산업체!$B$1,FALSE)=1,$L16+$M$6,$L16+$M$4)) -> 41663 | N16: =M16 -> 41663 | O16: 41661 | P16: 7 | S16: 5 | T16: 1 | U16: x
A17: =IF(E17="","",IF(VLOOKUP($F17,CODE!$K:$O,CODE!$O$1,FALSE)="",$E17,$E17&"-"&VLOOKUP($F17,CODE!$K:$O,CODE!$O$1,FALSE))) -> JST | C17: =C16+1 -> 7 | E17: JST | F17: FA | G17: N | H17: 14-FW-SP-09 | I17: ADULT | J17: =IF(ISERROR(1/COUNTIF(H:H,H17))=TRUE,0,1/COUNTIF(H:H,H17)) -> 0.5 | K17: BS | L17: 41635 | M17: =IF(ISERROR(VLOOKUP($K17,생산업체!$A:$C,생산업체!$A$1,FALSE))=TRUE,"업체리스트 참조 후 업체명 변경",IF(VLOOKUP($K17,생산업체!$A:$C,생산업체!$B$1,FALSE)=1,$L17+$M$6,$L17+$M$4)) -> 41663 | N17: =M17 -> 41663 | O17: 41694 | P17: 3.8 | R17: ORIGINAL SAMPLE | S17: 5 | T17: 1
A18: =IF(E18="","",IF(VLOOKUP($F18,CODE!$K:$O,CODE!$O$1,FALSE)="",$E18,$E18&"-"&VLOOKUP($F18,CODE!$K:$O,CODE!$O$1,FALSE))) -> JST | C18: =C17+1 -> 8 | E18: JST | F18: FA | G18: N | H18: 14-FW-SP-10 | I18: ADULT | J18: =IF(ISERROR(1/COUNTIF(H:H,H18))=TRUE,0,1/COUNTIF(H:H,H18)) -> 0.5 | K18: FOREMOST | L18: 41635 | M18: =IF(ISERROR(VLOOKUP($K18,생산업체!$A:$C,생산업체!$A$1,FALSE))=TRUE,"업체리스트 참조 후 업체명 변경",IF(VLOOKUP($K18,생산업체!$A:$C,생산업체!$B$1,FALSE)=1,$L18+$M$6,$L18+$M$4)) -> 41663 | N18: =M18 -> 41663 | O18: 41652 | P18: 5.4 | S18: 3 | T18: 1 | U18: x
A19: =IF(E19="","",IF(VLOOKUP($F19,CODE!$K:$O,CODE!$O$1,FALSE)="",$E19,$E19&"-"&VLOOKUP($F19,CODE!$K:$O,CODE!$O$1,FALSE))) -> JST | C19: =C18+1 -> 9 | E19: JST | F19: FA | G19: N | H19: 14-FW-SP-10 | I19: ADULT | J19: =IF(ISERROR(1/COUNTIF(H:H,H19))=TRUE,0,1/COUNTIF(H:H,H19)) -> 0.5 | K19: BS | L19: 41635 | M19: =IF(ISERROR(VLOOKUP($K19,생산업체!$A:$C,생산업체!$A$1,FALSE))=TRUE,"업체리스트 참조 후 업체명 변경",IF(VLOOKUP($K19,생산업체!$A:$C,생산업체!$B$1,FALSE)=1,$L19+$M$6,$L19+$M$4)) -> 41663 | N19: =M19 -> 41663 | O19: 41694 | P19: 3.2 | S19: 3 | T19: 1
A20: =IF(E20="","",IF(VLOOKUP($F20,CODE!$K:$O,CODE!$O$1,FALSE)="",$E20,$E20&"-"&VLOOKUP($F20,CODE!$K:$O,CODE!$O$1,FALSE))) -> JST | C20: =C19+1 -> 10 | E20: JST | F20: FA | G20: N | H20: 14-FW-SP-11 | I20: ADULT | J20: =IF(ISERROR(1/COUNTIF(H:H,H20))=TRUE,0,1/COUNTIF(H:H,H20)) -> 0.5 | K20: FOREMOST | L20: 41635 | M20: =IF(ISERROR(VLOOKUP($K20,생산업체!$A:$C,생산업체!$A$1,FALSE))=TRUE,"업체리스트 참조 후 업체명 변경",IF(VLOOKUP($K20,생산업체!$A:$C,생산업체!$B$1,FALSE)=1,$L20+$M$6,$L20+$M$4)) -> 41663 | N20: =M20 -> 41663 | O20: 41656 | P20: 4.2 | S20: 4 | T20: 1 | U20: x
A21: =IF(E21="","",IF(VLOOKUP($F21,CODE!$K:$O,CODE!$O$1,FALSE)="",$E21,$E21&"-"&VLOOKUP($F21,CODE!$K:$O,CODE!$O$1,FALSE))) -> JST | C21: =C20+1 -> 11 | E21: JST | F21: FA | G21: N | H21: 14-FW-SP-11 | I21: ADULT | J21: =IF(ISERROR(1/COUNTIF(H:H,H21))=TRUE,0,1/COUNTIF(H:H,H21)) -> 0.5 | K21: 5 works room | L21: 41691 | M21: =IF(ISERROR(VLOOKUP($K21,생산업체!$A:$C,생산업체!$A$1,FALSE))=TRUE,"업체리스트 참조 후 업체명 변경",IF(VLOOKUP($K21,생산업체!$A:$C,생산업체!$B$1,FALSE)=1,$L21+$M$6,$L21+$M$4)) -> 41719 | N21: =M21 -> 41719 | O21: 41715 | P21: 4 | S21: 4 | T21: 1
A22: =IF(E22="","",IF(VLOOKUP($F22,CODE!$K:$O,CODE!$O$1,FALSE)="",$E22,$E22&"-"&VLOOKUP($F22,CODE!$K:$O,CODE!$O$1,FALSE))) -> JST | C22: =C21+1 -> 12 | E22: JST | F22: FA | G22: N | H22: 14-FW-SP-12 | I22: ADULT | J22: =IF(ISERROR(1/COUNTIF(H:H,H22))=TRUE,0,1/COUNTIF(H:H,H22)) -> 0.5 | K22: 우진모자 | L22: 41635 | M22: =IF(ISERROR(VLOOKUP($K22,생산업체!$A:$C,생산업체!$A$1,FALSE))=TRUE,"업체리스트 참조 후 업체명 변경",IF(VLOOKUP($K22,생산업체!$A:$C,생산업체!$B$1,FALSE)=1,$L22+$M$6,$L22+$M$4)) -> 41656 | N22: =M22 -> 41656 | O22: 41656 | S22: 3 | T22: 1
A23: =IF(E23="","",IF(VLOOKUP($F23,CODE!$K:$O,CODE!$O$1,FALSE)="",$E23,$E23&"-"&VLOOKUP($F23,CODE!$K:$O,CODE!$O$1,FALSE))) -> JST | C23: =C22+1 -> 13 | E23: JST | F23: FA | G23: N | H23: 14-FW-SP-12 | I23: ADULT | J23: =IF(ISERROR(1/COUNTIF(H:H,H23))=TRUE,0,1/COUNTIF(H:H,H23)) -> 0.5 | K23: FOREMOST | L23: 41635 | M23: =IF(ISERROR(VLOOKUP($K23,생산업체!$A:$C,생산업체!$A$1,FALSE))=TRUE,"업체리스트 참조 후 업체명 변경",IF(VLOOKUP($K23,생산업체!$A:$C,생산업체!$B$1,FALSE)=1,$L23+$M$6,$L23+$M$4)) -> 41663 | N23: =M23 -> 41663 | O23: 41652 | P23: 6.7 | S23: 3 | T23: 1 | U23: x
A24: =IF(E24="","",IF(VLOOKUP($F24,CODE!$K:$O,CODE!$O$1,FALSE)="",$E24,$E24&"-"&VLOOKUP($F24,CODE!$K:$O,CODE!$O$1,FALSE))) -> JST | C24: =C23+1 -> 14 | E24: JST | F24: FA | G24: N | H24: 14-FW-SP-13 | I24: ADULT | J24: =IF(ISERROR(1/COUNTIF(H:H,H24))=TRUE,0,1/COUNTIF(H:H,H24)) -> 0.5 | K24: 우진모자 | L24: 41635 | M24: =IF(ISERROR(VLOOKUP($K24,생산업체!$A:$C,생산업체!$A$1,FALSE))=TRUE,"업체리스트 참조 후 업체명 변경",IF(VLOOKUP($K24,생산업체!$A:$C,생산업체!$B$1,FALSE)=1,$L24+$M$6,$L24+$M$4)) -> 41656 | N24: =M24 -> 41656 | O24: 41656 | S24: 3 | T24: 1
A25: =IF(E25="","",IF(VLOOKUP($F25,CODE!$K:$O,CODE!$O$1,FALSE)="",$E25,$E25&"-"&VLOOKUP($F25,CODE!$K:$O,CODE!$O$1,FALSE))) -> JST | C25: =C24+1 -> 15 | E25: JST | F25: FA | G25: N | H25: 14-FW-SP-13 | I25: ADULT | J25: =IF(ISERROR(1/COUNTIF(H:H,H25))=TRUE,0,1/COUNTIF(H:H,H25)) -> 0.5 | K25: FOREMOST | L25: 41635 | M25: =IF(ISERROR(VLOOKUP($K25,생산업체!$A:$C,생산업체!$A$1,FALSE))=TRUE,"업체리스트 참조 후 업체명 변경",IF(VLOOKUP($K25,생산업체!$A:$C,생산업체!$B$1,FALSE)=1,$L25+$M$6,$L25+$M$4)) -> 41663 | N25: =M25 -> 41663 | O25: 41652 | P25: 6.5 | S25: 3 | T25: 1 | U25: x
A26: =IF(E26="","",IF(VLOOKUP($F26,CODE!$K:$O,CODE!$O$1,FALSE)="",$E26,$E26&"-"&VLOOKUP($F26,CODE!$K:$O,CODE!$O$1,FALSE))) -> JST | C26: =C25+1 -> 16 | E26: JST | F26: FA | G26: N | H26: 14-FW-SP-14 | I26: ADULT | J26: =IF(ISERROR(1/COUNTIF(H:H,H26))=TRUE,0,1/COUNTIF(H:H,H26)) -> 1 | K26: 우진모자 | L26: 41635 | M26: =IF(ISERROR(VLOOKUP($K26,생산업체!$A:$C,생산업체!$A$1,FALSE))=TRUE,"업체리스트 참조 후 업체명 변경",IF(VLOOKUP($K26,생산업체!$A:$C,생산업체!$B$1,FALSE)=1,$L26+$M$6,$L26+$M$4)) -> 41656 | N26: =M26 -> 41656 | O26: 41656 | S26: 3 | T26: 1
A27: =IF(E27="","",IF(VLOOKUP($F27,CODE!$K:$O,CODE!$O$1,FALSE)="",$E27,$E27&"-"&VLOOKUP($F27,CODE!$K:$O,CODE!$O$1,FALSE))) -> JST | C27: =C26+1 -> 17 | E27: JST | F27: FA | G27: N | H27: 14-FW-SP-15 | I27: ADULT | J27: =IF(ISERROR(1/COUNTIF(H:H,H27))=TRUE,0,1/COUNTIF(H:H,H27)) -> 0.5 | K27: 우진모자 | L27: 41635 | M27: =IF(ISERROR(VLOOKUP($K27,생산업체!$A:$C,생산업체!$A$1,FALSE))=TRUE,"업체리스트 참조 후 업체명 변경",IF(VLOOKUP($K27,생산업체!$A:$C,생산업체!$B$1,FALSE)=1,$L27+$M$6,$L27+$M$4)) -> 41656 | N27: =M27 -> 41656 | O27: 41656 | S27: 4 | T27: 1
A28: =IF(E28="","",IF(VLOOKUP($F28,CODE!$K:$O,CODE!$O$1,FALSE)="",$E28,$E28&"-"&VLOOKUP($F28,CODE!$K:$O,CODE!$O$1,FALSE))) -> JST | C28: =C27+1 -> 18 | E28: JST | F28: FA | G28: N | H28: 14-FW-SP-15 | I28: ADULT | J28: =IF(ISERROR(1/COUNTIF(H:H,H28))=TRUE,0,1/COUNTIF(H:H,H28)) -> 0.5 | K28: FOREMOST | L28: 41635 | M28: =IF(ISERROR(VLOOKUP($K28,생산업체!$A:$C,생산업체!$A$1,FALSE))=TRUE,"업체리스트 참조 후 업체명 변경",IF(VLOOKUP($K28,생산업체!$A:$C,생산업체!$B$1,FALSE)=1,$L28+$M$6,$L28+$M$4)) -> 41663 | N28: =M28 -> 41663 | O28: 41656 | P28: 6.7 | S28: 4 | T28: 1 | U28: x
A29: =IF(E29="","",IF(VLOOKUP($F29,CODE!$K:$O,CODE!$O$1,FALSE)="",$E29,$E29&"-"&VLOOKUP($F29,CODE!$K:$O,CODE!$O$1,FALSE))) -> JST | C29: =C28+1 -> 19 | E29: JST | F29: FA | G29: N | H29: 14-FW-SP-16 | I29: ADULT | J29: =IF(ISERROR(1/COUNTIF(H:H,H29))=TRUE,0,1/COUNTIF(H:H,H29)) -> 1 | K29: TS | L29: 41635 | M29: =IF(ISERROR(VLOOKUP($K29,생산업체!$A:$C,생산업체!$A$1,FALSE))=TRUE,"업체리스트 참조 후 업체명 변경",IF(VLOOKUP($K29,생산업체!$A:$C,생산업체!$B$1,FALSE)=1,$L29+$M$6,$L29+$M$4)) -> 41656 | N29: =M29 -> 41656 | S29: 5 | T29: 1 | U29: 안한다함(2/10)
A30: =IF(E30="","",IF(VLOOKUP($F30,CODE!$K:$O,CODE!$O$1,FALSE)="",$E30,$E30&"-"&VLOOKUP($F30,CODE!$K:$O,CODE!$O$1,FALSE))) -> JST | C30: =C29+1 -> 20 | E30: JST | F30: FA | G30: N | H30: 14-FW-SP-17 | I30: ADULT | J30: =IF(ISERROR(1/COUNTIF(H:H,H30))=TRUE,0,1/COUNTIF(H:H,H30)) -> 1 | K30: TS | L30: 41635 | M30: =IF(ISERROR(VLOOKUP($K30,생산업체!$A:$C,생산업체!$A$1,FALSE))=TRUE,"업체리스트 참조 후 업체명 변경",IF(VLOOKUP($K30,생산업체!$A:$C,생산업체!$B$1,FALSE)=1,$L30+$M$6,$L30+$M$4)) -> 41656 | N30: =M30 -> 41656 | S30: 5 | T30: 1 | U30: 안한다함(2/10)
A31: =IF(E31="","",IF(VLOOKUP($F31,CODE!$K:$O,CODE!$O$1,FALSE)="",$E31,$E31&"-"&VLOOKUP($F31,CODE!$K:$O,CODE!$O$1,FALSE))) -> JST | C31: =C30+1 -> 21 | E31: JST | F31: FA | G31: N | H31: 14-FW-SP-18 | I31: ADULT | J31: =IF(ISERROR(1/COUNTIF(H:H,H31))=TRUE,0,1/COUNTIF(H:H,H31)) -> 0.5 | K31: FOREMOST | L31: 41635 | M31: =IF(ISERROR(VLOOKUP($K31,생산업체!$A:$C,생산업체!$A$1,FALSE))=TRUE,"업체리스트 참조 후 업체명 변경",IF(VLOOKUP($K31,생산업체!$A:$C,생산업체!$B$1,FALSE)=1,$L31+$M$6,$L31+$M$4)) -> 41663 | N31: =M31 -> 41663 | O31: 41652 | P31: 6.15 | S31: 4 | T31: 1 | U31: x
A32: =IF(E32="","",IF(VLOOKUP($F32,CODE!$K:$O,CODE!$O$1,FALSE)="",$E32,$E32&"-"&VLOOKUP($F32,CODE!$K:$O,CODE!$O$1,FALSE))) -> JST | C32: =C31+1 -> 22 | E32: JST | F32: FA | G32: N | H32: 14-FW-SP-18 | I32: ADULT | J32: =IF(ISERROR(1/COUNTIF(H:H,H32))=TRUE,0,1/COUNTIF(H:H,H32)) -> 0.5 | K32: 5 works room | L32: 41691 | M32: =IF(ISERROR(VLOOKUP($K32,생산업체!$A:$C,생산업체!$A$1,FALSE))=TRUE,"업체리스트 참조 후 업체명 변경",IF(VLOOKUP($K32,생산업체!$A:$C,생산업체!$B$1,FALSE)=1,$L32+$M$6,$L32+$M$4)) -> 41719 | N32: =M32 -> 41719 | O32: 41715 | P32: 4.8 | S32: 4 | T32: 1
A33: =IF(E33="","",IF(VLOOKUP($F33,CODE!$K:$O,CODE!$O$1,FALSE)="",$E33,$E33&"-"&VLOOKUP($F33,CODE!$K:$O,CODE!$O$1,FALSE))) -> JST | C33: =C32+1 -> 23 | E33: JST | F33: FA | G33: N | H33: 14-FW-SP-19 | I33: ADULT | J33: =IF(ISERROR(1/COUNTIF(H:H,H33))=TRUE,0,1/COUNTIF(H:H,H33)) -> 0.5 | K33: FOREMOST | L33: 41635 | M33: =IF(ISERROR(VLOOKUP($K33,생산업체!$A:$C,생산업체!$A$1,FALSE))=TRUE,"업체리스트 참조 후 업체명 변경",IF(VLOOKUP($K33,생산업체!$A:$C,생산업체!$B$1,FALSE)=1,$L33+$M$6,$L33+$M$4)) -> 41663 | N33: =M33 -> 41663 | O33: 41661 | P33: 5 | S33: 3 | T33: 1 | U33: x
A34: =IF(E34="","",IF(VLOOKUP($F34,CODE!$K:$O,CODE!$O$1,FALSE)="",$E34,$E34&"-"&VLOOKUP($F34,CODE!$K:$O,CODE!$O$1,FALSE))) -> JST | C34: =C33+1 -> 24 | E34: JST | F34: FA | G34: N | H34: 14-FW-SP-19 | I34: ADULT | J34: =IF(ISERROR(1/COUNTIF(H:H,H34))=TRUE,0,1/COUNTIF(H:H,H34)) -> 0.5 | K34: 5 works room | L34: 41691 | M34: =IF(ISERROR(VLOOKUP($K34,생산업체!$A:$C,생산업체!$A$1,FALSE))=TRUE,"업체리스트 참조 후 업체명 변경",IF(VLOOKUP($K34,생산업체!$A:$C,생산업체!$B$1,FALSE)=1,$L34+$M$6,$L34+$M$4)) -> 41719 | N34: =M34 -> 41719 | O34: 41715 | P34: 4.2 | S34: 3 | T34: 1
A35: =IF(E35="","",IF(VLOOKUP($F35,CODE!$K:$O,CODE!$O$1,FALSE)="",$E35,$E35&"-"&VLOOKUP($F35,CODE!$K:$O,CODE!$O$1,FALSE))) -> JST | C35: =C34+1 -> 25 | E35: JST | F35: FA | G35: N | H35: 14-FW-SP-20 | I35: ADULT | J35: =IF(ISERROR(1/COUNTIF(H:H,H35))=TRUE,0,1/COUNTIF(H:H,H35)) -> 0.5 | K35: FOREMOST | L35: 41635 | M35: =IF(ISERROR(VLOOKUP($K35,생산업체!$A:$C,생산업체!$A$1,FALSE))=TRUE,"업체리스트 참조 후 업체명 변경",IF(VLOOKUP($K35,생산업체!$A:$C,생산업체!$B$1,FALSE)=1,$L35+$M$6,$L35+$M$4)) -> 41663 | N35: =M35 -> 41663 | O35: 41667 | P35: 6.7 | S35: 4 | T35: 2 | U35: x
A36: =IF(E36="","",IF(VLOOKUP($F36,CODE!$K:$O,CODE!$O$1,FALSE)="",$E36,$E36&"-"&VLOOKUP($F36,CODE!$K:$O,CODE!$O$1,FALSE))) -> JST | C36: =C35+1 -> 26 | E36: JST | F36: FA | G36: N | H36: 14-FW-SP-20 | I36: ADULT | J36: =IF(ISERROR(1/COUNTIF(H:H,H36))=TRUE,0,1/COUNTIF(H:H,H36)) -> 0.5 | K36: BS | L36: 41635 | M36: =IF(ISERROR(VLOOKUP($K36,생산업체!$A:$C,생산업체!$A$1,FALSE))=TRUE,"업체리스트 참조 후 업체명 변경",IF(VLOOKUP($K36,생산업체!$A:$C,생산업체!$B$1,FALSE)=1,$L36+$M$6,$L36+$M$4)) -> 41663 | N36: =M36 -> 41663 | O36: 41694 | P36: 3.6 | S36: 4 | T36: 2
A37: =IF(E37="","",IF(VLOOKUP($F37,CODE!$K:$O,CODE!$O$1,FALSE)="",$E37,$E37&"-"&VLOOKUP($F37,CODE!$K:$O,CODE!$O$1,FALSE))) -> JST | C37: =C36+1 -> 27 | E37: JST | F37: FA | G37: N | H37: 14-FW-SP-21 | I37: ADULT | J37: =IF(ISERROR(1/COUNTIF(H:H,H37))=TRUE,0,1/COUNTIF(H:H,H37)) -> 0.33333333 | K37: 우진모자 | L37: 41635 | M37: =IF(ISERROR(VLOOKUP($K37,생산업체!$A:$C,생산업체!$A$1,FALSE))=TRUE,"업체리스트 참조 후 업체명 변경",IF(VLOOKUP($K37,생산업체!$A:$C,생산업체!$B$1,FALSE)=1,$L37+$M$6,$L37+$M$4)) -> 41656 | N37: =M37 -> 41656 | O37: 41656 | S37: 3 | T37: 1
A38: =IF(E38="","",IF(VLOOKUP($F39,CODE!$K:$O,CODE!$O$1,FALSE)="",$E38,$E38&"-"&VLOOKUP($F39,CODE!$K:$O,CODE!$O$1,FALSE))) -> JST | C38: =C37+1 -> 28 | E38: JST | F38: FA | G38: N | H38: 14-FW-SP-22 | I38: ADULT | J38: =IF(ISERROR(1/COUNTIF(H:H,H38))=TRUE,0,1/COUNTIF(H:H,H38)) -> 0.5 | K38: FOREMOST | L38: 41653 | M38: =IF(ISERROR(VLOOKUP($K38,생산업체!$A:$C,생산업체!$A$1,FALSE))=TRUE,"업체리스트 참조 후 업체명 변경",IF(VLOOKUP($K38,생산업체!$A:$C,생산업체!$B$1,FALSE)=1,$L38+$M$6,$L38+$M$4)) -> 41681 | N38: =IF(ISERROR(VLOOKUP($K38,생산업체!$A:$C,생산업체!$A$1,FALSE))=TRUE,"업체리스트 참조 후 업체명 변경",IF(VLOOKUP($K38,생산업체!$A:$C,생산업체!$B$1,FALSE)=1,$L38+$M$6,$L38+$M$4)) -> 41681 | O38: 41673 | P38: 5.7 | S38: 3 | T38: 1 | U38: x
A39: =IF(E39="","",IF(VLOOKUP($F40,CODE!$K:$O,CODE!$O$1,FALSE)="",$E39,$E39&"-"&VLOOKUP($F40,CODE!$K:$O,CODE!$O$1,FALSE))) -> JST | C39: =C38+1 -> 29 | E39: JST | F39: FA | G39: N | H39: 14-FW-SP-22 | I39: ADULT | J39: =IF(ISERROR(1/COUNTIF(H:H,H39))=TRUE,0,1/COUNTIF(H:H,H39)) -> 0.5 | K39: BS | L39: 41653 | M39: =IF(ISERROR(VLOOKUP($K39,생산업체!$A:$C,생산업체!$A$1,FALSE))=TRUE,"업체리스트 참조 후 업체명 변경",IF(VLOOKUP($K39,생산업체!$A:$C,생산업체!$B$1,FALSE)=1,$L39+$M$6,$L39+$M$4)) -> 41681 | N39: =IF(ISERROR(VLOOKUP($K39,생산업체!$A:$C,생산업체!$A$1,FALSE))=TRUE,"업체리스트 참조 후 업체명 변경",IF(VLOOKUP($K39,생산업체!$A:$C,생산업체!$B$1,FALSE)=1,$L39+$M$6,$L39+$M$4)) -> 41681 | O39: 41705 | P39: 3.5 | R39: ORIGINAL SAMPLE | S39: 3 | T39: 1
A40: =IF(E40="","",IF(VLOOKUP($F40,CODE!$K:$O,CODE!$O$1,FALSE)="",$E40,$E40&"-"&VLOOKUP($F40,CODE!$K:$O,CODE!$O$1,FALSE))) -> JST | C40: =C39+1 -> 30 | E40: JST | F40: FA | G40: N | H40: 14-FW-SP-25 | I40: ADULT | J40: =IF(ISERROR(1/COUNTIF(H:H,H40))=TRUE,0,1/COUNTIF(H:H,H40)) -> 0.5 | K40: FOREMOST | L40: 41653 | M40: =IF(ISERROR(VLOOKUP($K40,생산업체!$A:$C,생산업체!$A$1,FALSE))=TRUE,"업체리스트 참조 후 업체명 변경",IF(VLOOKUP($K40,생산업체!$A:$C,생산업체!$B$1,FALSE)=1,$L40+$M$6,$L40+$M$4)) -> 41681 | N40: =IF(ISERROR(VLOOKUP($K40,생산업체!$A:$C,생산업체!$A$1,FALSE))=TRUE,"업체리스트 참조 후 업체명 변경",IF(VLOOKUP($K40,생산업체!$A:$C,생산업체!$B$1,FALSE)=1,$L40+$M$6,$L40+$M$4)) -> 41681 | O40: 41687 | P40: 6.7 | R40: ORIGINAL SAMPLE | S40: 4 | T40: 1 | U40: order
A41: =IF(E41="","",IF(VLOOKUP($F41,CODE!$K:$O,CODE!$O$1,FALSE)="",$E41,$E41&"-"&VLOOKUP($F41,CODE!$K:$O,CODE!$O$1,FALSE))) -> JST | C41: =C40+1 -> 31 | E41: JST | F41: FA | G41: N | H41: 14-FW-SP-25 | I41: ADULT | J41: =IF(ISERROR(1/COUNTIF(H:H,H41))=TRUE,0,1/COUNTIF(H:H,H41)) -> 0.5 | K41: BS | L41: 41653 | M41: =IF(ISERROR(VLOOKUP($K41,생산업체!$A:$C,생산업체!$A$1,FALSE))=TRUE,"업체리스트 참조 후 업체명 변경",IF(VLOOKUP($K41,생산업체!$A:$C,생산업체!$B$1,FALSE)=1,$L41+$M$6,$L41+$M$4)) -> 41681 | N41: =IF(ISERROR(VLOOKUP($K41,생산업체!$A:$C,생산업체!$A$1,FALSE))=TRUE,"업체리스트 참조 후 업체명 변경",IF(VLOOKUP($K41,생산업체!$A:$C,생산업체!$B$1,FALSE)=1,$L41+$M$6,$L41+$M$4)) -> 41681 | O41: 41705 | P41: 3.2 | S41: 4 | T41: 1
A42: =IF(E42="","",IF(VLOOKUP($F42,CODE!$K:$O,CODE!$O$1,FALSE)="",$E42,$E42&"-"&VLOOKUP($F42,CODE!$K:$O,CODE!$O$1,FALSE))) -> JST | C42: =C41+1 -> 32 | E42: JST | F42: FA | G42: N | H42: 14-FW-SP-24 | I42: ADULT | J42: =IF(ISERROR(1/COUNTIF(H:H,H42))=TRUE,0,1/COUNTIF(H:H,H42)) -> 0.5 | K42: FOREMOST | L42: 41653 | M42: =IF(ISERROR(VLOOKUP($K42,생산업체!$A:$C,생산업체!$A$1,FALSE))=TRUE,"업체리스트 참조 후 업체명 변경",IF(VLOOKUP($K42,생산업체!$A:$C,생산업체!$B$1,FALSE)=1,$L42+$M$6,$L42+$M$4)) -> 41681 | N42: =IF(ISERROR(VLOOKUP($K42,생산업체!$A:$C,생산업체!$A$1,FALSE))=TRUE,"업체리스트 참조 후 업체명 변경",IF(VLOOKUP($K42,생산업체!$A:$C,생산업체!$B$1,FALSE)=1,$L42+$M$6,$L42+$M$4)) -> 41681 | O42: 41687 | P42: 6.15 | S42: 3 | T42: 1 | U42: x
A43: =IF(E43="","",IF(VLOOKUP($F43,CODE!$K:$O,CODE!$O$1,FALSE)="",$E43,$E43&"-"&VLOOKUP($F43,CODE!$K:$O,CODE!$O$1,FALSE))) -> JST | C43: =C42+1 -> 33 | E43: JST | F43: FA | G43: N | H43: 14-FW-SP-24 | I43: ADULT | J43: =IF(ISERROR(1/COUNTIF(H:H,H43))=TRUE,0,1/COUNTIF(H:H,H43)) -> 0.5 | K43: BS | L43: 41653 | M43: =IF(ISERROR(VLOOKUP($K43,생산업체!$A:$C,생산업체!$A$1,FALSE))=TRUE,"업체리스트 참조 후 업체명 변경",IF(VLOOKUP($K43,생산업체!$A:$C,생산업체!$B$1,FALSE)=1,$L43+$M$6,$L43+$M$4)) -> 41681 | N43: =IF(ISERROR(VLOOKUP($K43,생산업체!$A:$C,생산업체!$A$1,FALSE))=TRUE,"업체리스트 참조 후 업체명 변경",IF(VLOOKUP($K43,생산업체!$A:$C,생산업체!$B$1,FALSE)=1,$L43+$M$6,$L43+$M$4)) -> 41681 | O43: 41705 | P43: 3.5 | R43: ORIGINAL SAMPLE | S43: 3 | T43: 1
A44: =IF(E44="","",IF(VLOOKUP($F44,CODE!$K:$O,CODE!$O$1,FALSE)="",$E44,$E44&"-"&VLOOKUP($F44,CODE!$K:$O,CODE!$O$1,FALSE))) -> JST | C44: =C43+1 -> 34 | E44: JST | F44: FA | G44: N | H44: 14-FW-SP-29 | I44: ADULT | J44: =IF(ISERROR(1/COUNTIF(H:H,H44))=TRUE,0,1/COUNTIF(H:H,H44)) -> 1 | K44: 우진모자 | L44: 41653 | M44: =IF(ISERROR(VLOOKUP($K44,생산업체!$A:$C,생산업체!$A$1,FALSE))=TRUE,"업체리스트 참조 후 업체명 변경",IF(VLOOKUP($K44,생산업체!$A:$C,생산업체!$B$1,FALSE)=1,$L44+$M$6,$L44+$M$4)) -> 41674 | N44: =IF(ISERROR(VLOOKUP($K44,생산업체!$A:$C,생산업체!$A$1,FALSE))=TRUE,"업체리스트 참조 후 업체명 변경",IF(VLOOKUP($K44,생산업체!$A:$C,생산업체!$B$1,FALSE)=1,$L44+$M$6,$L44+$M$4)) -> 41674 | S44: 3 | T44: 1 | U44: 안한다함(2/10)
A45: =IF(E45="","",IF(VLOOKUP($F45,CODE!$K:$O,CODE!$O$1,FALSE)="",$E45,$E45&"-"&VLOOKUP($F45,CODE!$K:$O,CODE!$O$1,FALSE))) -> JST | C45: =C44+1 -> 35 | E45: JST | F45: FA | G45: N | H45: 14-FW-SP-30 | I45: ADULT | J45: =IF(ISERROR(1/COUNTIF(H:H,H45))=TRUE,0,1/COUNTIF(H:H,H45)) -> 0.5 | K45: FOREMOST | L45: 41653 | M45: =IF(ISERROR(VLOOKUP($K45,생산업체!$A:$C,생산업체!$A$1,FALSE))=TRUE,"업체리스트 참조 후 업체명 변경",IF(VLOOKUP($K45,생산업체!$A:$C,생산업체!$B$1,FALSE)=1,$L45+$M$6,$L45+$M$4)) -> 41681 | N45: =IF(ISERROR(VLOOKUP($K45,생산업체!$A:$C,생산업체!$A$1,FALSE))=TRUE,"업체리스트 참조 후 업체명 변경",IF(VLOOKUP($K45,생산업체!$A:$C,생산업체!$B$1,FALSE)=1,$L45+$M$6,$L45+$M$4)) -> 41681 | O45: 41673 | P45: 5.7 | S45: 5 | T45: 1 | U45: x
A46: =IF(E46="","",IF(VLOOKUP($F46,CODE!$K:$O,CODE!$O$1,FALSE)="",$E46,$E46&"-"&VLOOKUP($F46,CODE!$K:$O,CODE!$O$1,FALSE))) -> JST | C46: =C45+1 -> 36 | E46: JST | F46: FA | G46: N | H46: 14-FW-SP-30 | I46: ADULT | J46: =IF(ISERROR(1/COUNTIF(H:H,H46))=TRUE,0,1/COUNTIF(H:H,H46)) -> 0.5 | K46: BS | L46: 41653 | M46: =IF(ISERROR(VLOOKUP($K46,생산업체!$A:$C,생산업체!$A$1,FALSE))=TRUE,"업체리스트 참조 후 업체명 변경",IF(VLOOKUP($K46,생산업체!$A:$C,생산업체!$B$1,FALSE)=1,$L46+$M$6,$L46+$M$4)) -> 41681 | N46: =IF(ISERROR(VLOOKUP($K46,생산업체!$A:$C,생산업체!$A$1,FALSE))=TRUE,"업체리스트 참조 후 업체명 변경",IF(VLOOKUP($K46,생산업체!$A:$C,생산업체!$B$1,FALSE)=1,$L46+$M$6,$L46+$M$4)) -> 41681 | O46: 41705 | P46: 3.2 | S46: 5 | T46: 1
A47: =IF(E47="","",IF(VLOOKUP($F47,CODE!$K:$O,CODE!$O$1,FALSE)="",$E47,$E47&"-"&VLOOKUP($F47,CODE!$K:$O,CODE!$O$1,FALSE))) -> JST | C47: =C46+1 -> 37 | E47: JST | F47: FA | G47: N | H47: 14-FW-SP-37 | I47: ADULT | J47: =IF(ISERROR(1/COUNTIF(H:H,H47))=TRUE,0,1/COUNTIF(H:H,H47)) -> 1 | K47: BS | L47: 41653 | M47: =IF(ISERROR(VLOOKUP($K47,생산업체!$A:$C,생산업체!$A$1,FALSE))=TRUE,"업체리스트 참조 후 업체명 변경",IF(VLOOKUP($K47,생산업체!$A:$C,생산업체!$B$1,FALSE)=1,$L47+$M$6,$L47+$M$4)) -> 41681 | N47: =IF(ISERROR(VLOOKUP($K47,생산업체!$A:$C,생산업체!$A$1,FALSE))=TRUE,"업체리스트 참조 후 업체명 변경",IF(VLOOKUP($K47,생산업체!$A:$C,생산업체!$B$1,FALSE)=1,$L47+$M$6,$L47+$M$4)) -> 41681 | O47: 41705 | P47: 3.5 | R47: ORIGINAL SAMPLE | S47: 3 | T47: 1
A48: =IF(E48="","",IF(VLOOKUP($F48,CODE!$K:$O,CODE!$O$1,FALSE)="",$E48,$E48&"-"&VLOOKUP($F48,CODE!$K:$O,CODE!$O$1,FALSE))) -> JST | C48: =C47+1 -> 38 | E48: JST | F48: FA | G48: N | H48: 14-FW-SP-38 | I48: ADULT | J48: =IF(ISERROR(1/COUNTIF(H:H,H48))=TRUE,0,1/COUNTIF(H:H,H48)) -> 1 | K48: FOREMOST | L48: 41653 | M48: =IF(ISERROR(VLOOKUP($K48,생산업체!$A:$C,생산업체!$A$1,FALSE))=TRUE,"업체리스트 참조 후 업체명 변경",IF(VLOOKUP($K48,생산업체!$A:$C,생산업체!$B$1,FALSE)=1,$L48+$M$6,$L48+$M$4)) -> 41681 | N48: =IF(ISERROR(VLOOKUP($K48,생산업체!$A:$C,생산업체!$A$1,FALSE))=TRUE,"업체리스트 참조 후 업체명 변경",IF(VLOOKUP($K48,생산업체!$A:$C,생산업체!$B$1,FALSE)=1,$L48+$M$6,$L48+$M$4)) -> 41681 | O48: 41690 | P48: 9.5 | R48: ORIGINAL SAMPLE | S48: 1 | T48: 1 | U48: order
A49: =IF(E49="","",IF(VLOOKUP($F49,CODE!$K:$O,CODE!$O$1,FALSE)="",$E49,$E49&"-"&VLOOKUP($F49,CODE!$K:$O,CODE!$O$1,FALSE))) -> JST | C49: =C48+1 -> 39 | E49: JST | F49: FA | G49: N | H49: 14-FW-SP-23 | I49: ADULT | J49: =IF(ISERROR(1/COUNTIF(H:H,H49))=TRUE,0,1/COUNTIF(H:H,H49)) -> 1 | K49: TS | L49: 41653 | M49: =IF(ISERROR(VLOOKUP($K49,생산업체!$A:$C,생산업체!$A$1,FALSE))=TRUE,"업체리스트 참조 후 업체명 변경",IF(VLOOKUP($K49,생산업체!$A:$C,생산업체!$B$1,FALSE)=1,$L49+$M$6,$L49+$M$4)) -> 41674 | N49: =IF(ISERROR(VLOOKUP($K49,생산업체!$A:$C,생산업체!$A$1,FALSE))=TRUE,"업체리스트 참조 후 업체명 변경",IF(VLOOKUP($K49,생산업체!$A:$C,생산업체!$B$1,FALSE)=1,$L49+$M$6,$L49+$M$4)) -> 41674 | S49: 5 | T49: 1 | U49: 안한다함(2/10)
A50: =IF(E50="","",IF(VLOOKUP($F50,CODE!$K:$O,CODE!$O$1,FALSE)="",$E50,$E50&"-"&VLOOKUP($F50,CODE!$K:$O,CODE!$O$1,FALSE))) -> JST | C50: =C49+1 -> 40 | E50: JST | F50: FA | G50: N | H50: 14-FW-SP-27 | I50: ADULT | J50: =IF(ISERROR(1/COUNTIF(H:H,H50))=TRUE,0,1/COUNTIF(H:H,H50)) -> 0.5 | K50: TS | L50: 41653 | M50: =IF(ISERROR(VLOOKUP($K50,생산업체!$A:$C,생산업체!$A$1,FALSE))=TRUE,"업체리스트 참조 후 업체명 변경",IF(VLOOKUP($K50,생산업체!$A:$C,생산업체!$B$1,FALSE)=1,$L50+$M$6,$L50+$M$4)) -> 41674 | N50: =IF(ISERROR(VLOOKUP($K50,생산업체!$A:$C,생산업체!$A$1,FALSE))=TRUE,"업체리스트 참조 후 업체명 변경",IF(VLOOKUP($K50,생산업체!$A:$C,생산업체!$B$1,FALSE)=1,$L50+$M$6,$L50+$M$4)) -> 41674 | S50: 4 | T50: 1 | U50: 안한다함(2/10)
A51: =IF(E51="","",IF(VLOOKUP($F51,CODE!$K:$O,CODE!$O$1,FALSE)="",$E51,$E51&"-"&VLOOKUP($F51,CODE!$K:$O,CODE!$O$1,FALSE))) -> JST | C51: =C50+1 -> 41 | E51: JST | F51: FA | G51: N | H51: 14-FW-SP-34 | I51: ADULT | J51: =IF(ISERROR(1/COUNTIF(H:H,H51))=TRUE,0,1/COUNTIF(H:H,H51)) -> 1 | K51: FOREMOST | L51: 41661 | M51: =IF(ISERROR(VLOOKUP($K51,생산업체!$A:$C,생산업체!$A$1,FALSE))=TRUE,"업체리스트 참조 후 업체명 변경",IF(VLOOKUP($K51,생산업체!$A:$C,생산업체!$B$1,FALSE)=1,$L51+$M$6,$L51+$M$4)) -> 41689 | N51: =IF(ISERROR(VLOOKUP($K51,생산업체!$A:$C,생산업체!$A$1,FALSE))=TRUE,"업체리스트 참조 후 업체명 변경",IF(VLOOKUP($K51,생산업체!$A:$C,생산업체!$B$1,FALSE)=1,$L51+$M$6,$L51+$M$4)) -> 41689 | O51: 41730 | R51: ORIGINAL SAMPLE | S51: 1 | T51: 1 | U51: x
A52: =IF(E52="","",IF(VLOOKUP($F52,CODE!$K:$O,CODE!$O$1,FALSE)="",$E52,$E52&"-"&VLOOKUP($F52,CODE!$K:$O,CODE!$O$1,FALSE))) -> JST | C52: =C51+1 -> 42 | E52: JST | F52: FA | G52: N | H52: 14-FW-SP-33 | I52: ADULT | J52: =IF(ISERROR(1/COUNTIF(H:H,H52))=TRUE,0,1/COUNTIF(H:H,H52)) -> 1 | K52: FOREMOST | L52: 41661 | M52: =IF(ISERROR(VLOOKUP($K52,생산업체!$A:$C,생산업체!$A$1,FALSE))=TRUE,"업체리스트 참조 후 업체명 변경",IF(VLOOKUP($K52,생산업체!$A:$C,생산업체!$B$1,FALSE)=1,$L52+$M$6,$L52+$M$4)) -> 41689 | N52: =IF(ISERROR(VLOOKUP($K52,생산업체!$A:$C,생산업체!$A$1,FALSE))=TRUE,"업체리스트 참조 후 업체명 변경",IF(VLOOKUP($K52,생산업체!$A:$C,생산업체!$B$1,FALSE)=1,$L52+$M$6,$L52+$M$4)) -> 41689 | O52: 41743 | R52: ORIGINAL SAMPLE | S52: 1 | T52: 1 | U52: x
A53: =IF(E53="","",IF(VLOOKUP($F53,CODE!$K:$O,CODE!$O$1,FALSE)="",$E53,$E53&"-"&VLOOKUP($F53,CODE!$K:$O,CODE!$O$1,FALSE))) -> JST | C53: =C52+1 -> 43 | E53: JST | F53: FA | G53: N | H53: 14-FW-SP-21 | I53: ADULT | J53: =IF(ISERROR(1/COUNTIF(H:H,H53))=TRUE,0,1/COUNTIF(H:H,H53)) -> 0.33333333 | K53: FOREMOST | L53: 41661 | M53: =IF(ISERROR(VLOOKUP($K53,생산업체!$A:$C,생산업체!$A$1,FALSE))=TRUE,"업체리스트 참조 후 업체명 변경",IF(VLOOKUP($K53,생산업체!$A:$C,생산업체!$B$1,FALSE)=1,$L53+$M$6,$L53+$M$4)) -> 41689 | N53: =IF(ISERROR(VLOOKUP($K53,생산업체!$A:$C,생산업체!$A$1,FALSE))=TRUE,"업체리스트 참조 후 업체명 변경",IF(VLOOKUP($K53,생산업체!$A:$C,생산업체!$B$1,FALSE)=1,$L53+$M$6,$L53+$M$4)) -> 41689 | O53: 41726 | R53: ORIGINAL SAMPLE | S53: 3 | T53: 1 | U53: x
A54: =IF(E54="","",IF(VLOOKUP($F54,CODE!$K:$O,CODE!$O$1,FALSE)="",$E54,$E54&"-"&VLOOKUP($F54,CODE!$K:$O,CODE!$O$1,FALSE))) -> JST | C54: =C53+1 -> 44 | E54: JST | F54: FA | G54: N | H54: 14-FW-SP-35 | I54: ADULT | J54: =IF(ISERROR(1/COUNTIF(H:H,H54))=TRUE,0,1/COUNTIF(H:H,H54)) -> 1 | K54: FOREMOST | L54: 41676 | M54: =IF(ISERROR(VLOOKUP($K54,생산업체!$A:$C,생산업체!$A$1,FALSE))=TRUE,"업체리스트 참조 후 업체명 변경",IF(VLOOKUP($K54,생산업체!$A:$C,생산업체!$B$1,FALSE)=1,$L54+$M$6,$L54+$M$4)) -> 41704 | N54: =M54 -> 41704 | O54: 41737 | R54: ORIGINAL SAMPLE | S54: 1 | T54: 1 | U54: x
A55: =IF(E55="","",IF(VLOOKUP($F55,CODE!$K:$O,CODE!$O$1,FALSE)="",$E55,$E55&"-"&VLOOKUP($F55,CODE!$K:$O,CODE!$O$1,FALSE))) -> JST | C55: =C54+1 -> 45 | E55: JST | F55: FA | G55: N | H55: 14-FW-SP-36 | I55: ADULT | J55: =IF(ISERROR(1/COUNTIF(H:H,H55))=TRUE,0,1/COUNTIF(H:H,H55)) -> 1 | K55: FOREMOST | L55: 41676 | M55: =IF(ISERROR(VLOOKUP($K55,생산업체!$A:$C,생산업체!$A$1,FALSE))=TRUE,"업체리스트 참조 후 업체명 변경",IF(VLOOKUP($K55,생산업체!$A:$C,생산업체!$B$1,FALSE)=1,$L55+$M$6,$L55+$M$4)) -> 41704 | N55: =M55 -> 41704 | O55: 41730 | R55: ORIGINAL SAMPLE | S55: 1 | T55: 1 | U55: x
A56: =IF(E56="","",IF(VLOOKUP($F56,CODE!$K:$O,CODE!$O$1,FALSE)="",$E56,$E56&"-"&VLOOKUP($F56,CODE!$K:$O,CODE!$O$1,FALSE))) -> JST | C56: =C55+1 -> 46 | E56: JST | F56: FA | G56: N | H56: 14-FW-SP-45 | I56: ADULT | J56: =IF(ISERROR(1/COUNTIF(H:H,H56))=TRUE,0,1/COUNTIF(H:H,H56)) -> 1 | K56: FOREMOST | L56: 41680 | M56: =IF(ISERROR(VLOOKUP($K56,생산업체!$A:$C,생산업체!$A$1,FALSE))=TRUE,"업체리스트 참조 후 업체명 변경",IF(VLOOKUP($K56,생산업체!$A:$C,생산업체!$B$1,FALSE)=1,$L56+$M$6,$L56+$M$4)) -> 41708 | N56: =M56 -> 41708 | O56: 41754 | R56: ORIGINAL SAMPLE | S56: 2 | T56: 2 | U56: order
A57: =IF(E57="","",IF(VLOOKUP($F57,CODE!$K:$O,CODE!$O$1,FALSE)="",$E57,$E57&"-"&VLOOKUP($F57,CODE!$K:$O,CODE!$O$1,FALSE))) -> JST | C57: =C56+1 -> 47 | E57: JST | F57: FA | G57: N | H57: 14-FW-SP-46 | I57: ADULT | J57: =IF(ISERROR(1/COUNTIF(H:H,H57))=TRUE,0,1/COUNTIF(H:H,H57)) -> 1 | K57: FOREMOST | L57: 41680 | M57: =IF(ISERROR(VLOOKUP($K57,생산업체!$A:$C,생산업체!$A$1,FALSE))=TRUE,"업체리스트 참조 후 업체명 변경",IF(VLOOKUP($K57,생산업체!$A:$C,생산업체!$B$1,FALSE)=1,$L57+$M$6,$L57+$M$4)) -> 41708 | N57: =M57 -> 41708 | O57: 41704 | P57: 9.6 | R57: ORIGINAL SAMPLE | S57: 1 | T57: 1 | U57: order
A58: =IF(E58="","",IF(VLOOKUP($F58,CODE!$K:$O,CODE!$O$1,FALSE)="",$E58,$E58&"-"&VLOOKUP($F58,CODE!$K:$O,CODE!$O$1,FALSE))) -> JST | C58: =C57+1 -> 48 | E58: JST | F58: FA | G58: N | H58: 14-FW-SP-47 | I58: ADULT | J58: =IF(ISERROR(1/COUNTIF(H:H,H58))=TRUE,0,1/COUNTIF(H:H,H58)) -> 1 | K58: FOREMOST | L58: 41680 | M58: =IF(ISERROR(VLOOKUP($K58,생산업체!$A:$C,생산업체!$A$1,FALSE))=TRUE,"업체리스트 참조 후 업체명 변경",IF(VLOOKUP($K58,생산업체!$A:$C,생산업체!$B$1,FALSE)=1,$L58+$M$6,$L58+$M$4)) -> 41708 | N58: =M58 -> 41708 | O58: 41715 | P58: 7 | R58: ORIGINAL SAMPLE | S58: 1 | T58: 1 | U58: x
A59: =IF(E59="","",IF(VLOOKUP($F59,CODE!$K:$O,CODE!$O$1,FALSE)="",$E59,$E59&"-"&VLOOKUP($F59,CODE!$K:$O,CODE!$O$1,FALSE))) -> JST | C59: =C58+1 -> 49 | E59: JST | F59: FA | G59: N | H59: 14-FW-SP-32 | I59: ADULT | J59: =IF(ISERROR(1/COUNTIF(H:H,H59))=TRUE,0,1/COUNTIF(H:H,H59)) -> 0.5 | K59: FOREMOST | L59: 41682 | M59: =IF(ISERROR(VLOOKUP($K59,생산업체!$A:$C,생산업체!$A$1,FALSE))=TRUE,"업체리스트 참조 후 업체명 변경",IF(VLOOKUP($K59,생산업체!$A:$C,생산업체!$B$1,FALSE)=1,$L59+$M$6,$L59+$M$4)) -> 41710 | N59: =M59 -> 41710 | O59: 41715 | R59: ORIGINAL SAMPLE | S59: 3 | T59: 1 | U59: x
A60: =IF(E60="","",IF(VLOOKUP($F60,CODE!$K:$O,CODE!$O$1,FALSE)="",$E60,$E60&"-"&VLOOKUP($F60,CODE!$K:$O,CODE!$O$1,FALSE))) -> JST | C60: =C59+1 -> 50 | E60: JST | F60: FA | G60: N | H60: 14-FW-SP-21 | I60: ADULT | J60: =IF(ISERROR(1/COUNTIF(H:H,H60))=TRUE,0,1/COUNTIF(H:H,H60)) -> 0.33333333 | K60: BS | L60: 41682 | M60: =IF(ISERROR(VLOOKUP($K60,생산업체!$A:$C,생산업체!$A$1,FALSE))=TRUE,"업체리스트 참조 후 업체명 변경",IF(VLOOKUP($K60,생산업체!$A:$C,생산업체!$B$1,FALSE)=1,$L60+$M$6,$L60+$M$4)) -> 41710 | N60: =M60 -> 41710 | O60: 41722 | P60: 3.8 | S60: 3 | T60: 1
A61: =IF(E61="","",IF(VLOOKUP($F61,CODE!$K:$O,CODE!$O$1,FALSE)="",$E61,$E61&"-"&VLOOKUP($F61,CODE!$K:$O,CODE!$O$1,FALSE))) -> JST | C61: =C60+1 -> 51 | E61: JST | F61: FA | G61: N | H61: 14-FW-SP-27 | I61: ADULT | J61: =IF(ISERROR(1/COUNTIF(H:H,H61))=TRUE,0,1/COUNTIF(H:H,H61)) -> 0.5 | K61: BS | L61: 41682 | M61: =IF(ISERROR(VLOOKUP($K61,생산업체!$A:$C,생산업체!$A$1,FALSE))=TRUE,"업체리스트 참조 후 업체명 변경",IF(VLOOKUP($K61,생산업체!$A:$C,생산업체!$B$1,FALSE)=1,$L61+$M$6,$L61+$M$4)) -> 41710 | N61: =M61 -> 41710 | O61: 41722 | P61: 3.3 | R61: ORIGINAL SAMPLE
A62: =IF(E62="","",IF(VLOOKUP($F62,CODE!$K:$O,CODE!$O$1,FALSE)="",$E62,$E62&"-"&VLOOKUP($F62,CODE!$K:$O,CODE!$O$1,FALSE))) -> JST | C62: =C61+1 -> 52 | E62: JST | F62: FA | G62: N | H62: 14-FW-SP-28 | I62: ADULT | J62: =IF(ISERROR(1/COUNTIF(H:H,H62))=TRUE,0,1/COUNTIF(H:H,H62)) -> 1 | K62: BS | L62: 41682 | M62: =IF(ISERROR(VLOOKUP($K62,생산업체!$A:$C,생산업체!$A$1,FALSE))=TRUE,"업체리스트 참조 후 업체명 변경",IF(VLOOKUP($K62,생산업체!$A:$C,생산업체!$B$1,FALSE)=1,$L62+$M$6,$L62+$M$4)) -> 41710 | N62: =M62 -> 41710 | O62: 41722 | P62: 3.6 | R62: ORIGINAL SAMPLE | S62: 2 | T62: 1
A63: =IF(E63="","",IF(VLOOKUP($F63,CODE!$K:$O,CODE!$O$1,FALSE)="",$E63,$E63&"-"&VLOOKUP($F63,CODE!$K:$O,CODE!$O$1,FALSE))) -> JST | C63: =C62+1 -> 53 | E63: JST | F63: FA | G63: N | H63: 14-FW-SP-39 | I63: ADULT | J63: =IF(ISERROR(1/COUNTIF(H:H,H63))=TRUE,0,1/COUNTIF(H:H,H63)) -> 0.5 | K63: BS | L63: 41682 | M63: =IF(ISERROR(VLOOKUP($K63,생산업체!$A:$C,생산업체!$A$1,FALSE))=TRUE,"업체리스트 참조 후 업체명 변경",IF(VLOOKUP($K63,생산업체!$A:$C,생산업체!$B$1,FALSE)=1,$L63+$M$6,$L63+$M$4)) -> 41710 | N63: =M63 -> 41710 | O63: 41722 | P63: 3.6 | R63: ORIGINAL SAMPLE | S63: 3 | T63: 1
A64: =IF(E64="","",IF(VLOOKUP($F64,CODE!$K:$O,CODE!$O$1,FALSE)="",$E64,$E64&"-"&VLOOKUP($F64,CODE!$K:$O,CODE!$O$1,FALSE))) -> JST | C64: =C63+1 -> 54 | E64: JST | F64: FA | G64: N | H64: 14-FW-SP-01 | I64: ADULT | J64: =IF(ISERROR(1/COUNTIF(H:H,H64))=TRUE,0,1/COUNTIF(H:H,H64)) -> 1 | K64: FOREMOST | L64: 41684 | M64: =IF(ISERROR(VLOOKUP($K64,생산업체!$A:$C,생산업체!$A$1,FALSE))=TRUE,"업체리스트 참조 후 업체명 변경",IF(VLOOKUP($K64,생산업체!$A:$C,생산업체!$B$1,FALSE)=1,$L64+$M$6,$L64+$M$4)) -> 41712 | N64: =M64 -> 41712 | O64: 41704 | P64: 6.7 | S64: 3 | T64: 3 | U64: x
A65: =IF(E65="","",IF(VLOOKUP($F65,CODE!$K:$O,CODE!$O$1,FALSE)="",$E65,$E65&"-"&VLOOKUP($F65,CODE!$K:$O,CODE!$O$1,FALSE))) -> JST | C65: =C64+1 -> 55 | E65: JST | F65: FA | G65: N | H65: 14-FW-SP-02 | I65: ADULT | J65: =IF(ISERROR(1/COUNTIF(H:H,H65))=TRUE,0,1/COUNTIF(H:H,H65)) -> 1 | K65: FOREMOST | L65: 41684 | M65: =IF(ISERROR(VLOOKUP($K65,생산업체!$A:$C,생산업체!$A$1,FALSE))=TRUE,"업체리스트 참조 후 업체명 변경",IF(VLOOKUP($K65,생산업체!$A:$C,생산업체!$B$1,FALSE)=1,$L65+$M$6,$L65+$M$4)) -> 41712 | N65: =M65 -> 41712 | O65: 41704 | P65: 6.5 | R65: ORIGINAL SAMPLE | S65: 3 | T65: 1 | U65: x
A66: =IF(E66="","",IF(VLOOKUP($F66,CODE!$K:$O,CODE!$O$1,FALSE)="",$E66,$E66&"-"&VLOOKUP($F66,CODE!$K:$O,CODE!$O$1,FALSE))) -> JST | C66: =C65+1 -> 56 | E66: JST | F66: FA | G66: N | H66: 14-FW-SP-40 | I66: ADULT | J66: =IF(ISERROR(1/COUNTIF(H:H,H66))=TRUE,0,1/COUNTIF(H:H,H66)) -> 1 | K66: FOREMOST | L66: 41689 | M66: =IF(ISERROR(VLOOKUP($K66,생산업체!$A:$C,생산업체!$A$1,FALSE))=TRUE,"업체리스트 참조 후 업체명 변경",IF(VLOOKUP($K66,생산업체!$A:$C,생산업체!$B$1,FALSE)=1,$L66+$M$6,$L66+$M$4)) -> 41717 | N66: =M66 -> 41717 | O66: 41717 | R66: ORIGINAL SAMPLE | S66: 3 | T66: 1 | U66: x
A67: =IF(E67="","",IF(VLOOKUP($F67,CODE!$K:$O,CODE!$O$1,FALSE)="",$E67,$E67&"-"&VLOOKUP($F67,CODE!$K:$O,CODE!$O$1,FALSE))) -> JST | C67: =C66+1 -> 57 | E67: JST | F67: FA | G67: N | H67: 14-FW-SP-41 | I67: ADULT | J67: =IF(ISERROR(1/COUNTIF(H:H,H67))=TRUE,0,1/COUNTIF(H:H,H67)) -> 1 | K67: FOREMOST | L67: 41689 | M67: =IF(ISERROR(VLOOKUP($K67,생산업체!$A:$C,생산업체!$A$1,FALSE))=TRUE,"업체리스트 참조 후 업체명 변경",IF(VLOOKUP($K67,생산업체!$A:$C,생산업체!$B$1,FALSE)=1,$L67+$M$6,$L67+$M$4)) -> 41717 | N67: =M67 -> 41717 | O67: 41715 | P67: 6.4 | S67: 5 | T67: 1 | U67: order
A68: =IF(E68="","",IF(VLOOKUP($F68,CODE!$K:$O,CODE!$O$1,FALSE)="",$E68,$E68&"-"&VLOOKUP($F68,CODE!$K:$O,CODE!$O$1,FALSE))) -> JST | C68: =C67+1 -> 58 | E68: JST | F68: FA | G68: N | H68: 14-FW-SP-42 | I68: ADULT | J68: =IF(ISERROR(1/COUNTIF(H:H,H68))=TRUE,0,1/COUNTIF(H:H,H68)) -> 1 | K68: FOREMOST | L68: 41689 | M68: =IF(ISERROR(VLOOKUP($K68,생산업체!$A:$C,생산업체!$A$1,FALSE))=TRUE,"업체리스트 참조 후 업체명 변경",IF(VLOOKUP($K68,생산업체!$A:$C,생산업체!$B$1,FALSE)=1,$L68+$M$6,$L68+$M$4)) -> 41717 | N68: =M68 -> 41717 | O68: 41754 | S68: 2 | T68: 1 | U68: order
A69: =IF(E69="","",IF(VLOOKUP($F69,CODE!$K:$O,CODE!$O$1,FALSE)="",$E69,$E69&"-"&VLOOKUP($F69,CODE!$K:$O,CODE!$O$1,FALSE))) -> JST | C69: =C68+1 -> 59 | E69: JST | F69: FA | G69: N | H69: 14-FW-SP-44 | I69: ADULT | J69: =IF(ISERROR(1/COUNTIF(H:H,H69))=TRUE,0,1/COUNTIF(H:H,H69)) -> 1 | K69: FOREMOST | L69: 41689 | M69: =IF(ISERROR(VLOOKUP($K69,생산업체!$A:$C,생산업체!$A$1,FALSE))=TRUE,"업체리스트 참조 후 업체명 변경",IF(VLOOKUP($K69,생산업체!$A:$C,생산업체!$B$1,FALSE)=1,$L69+$M$6,$L69+$M$4)) -> 41717 | N69: =M69 -> 41717 | O69: 41715 | S69: 2 | T69: 1 | U69: x
A70: =IF(E70="","",IF(VLOOKUP($F70,CODE!$K:$O,CODE!$O$1,FALSE)="",$E70,$E70&"-"&VLOOKUP($F70,CODE!$K:$O,CODE!$O$1,FALSE))) -> JST | C70: =C69+1 -> 60 | E70: JST | F70: FA | G70: N | H70: 14-FW-SP-48 | I70: ADULT | J70: =IF(ISERROR(1/COUNTIF(H:H,H70))=TRUE,0,1/COUNTIF(H:H,H70)) -> 1 | K70: FOREMOST | L70: 41689 | M70: =IF(ISERROR(VLOOKUP($K70,생산업체!$A:$C,생산업체!$A$1,FALSE))=TRUE,"업체리스트 참조 후 업체명 변경",IF(VLOOKUP($K70,생산업체!$A:$C,생산업체!$B$1,FALSE)=1,$L70+$M$6,$L70+$M$4)) -> 41717 | N70: =M70 -> 41717 | O70: 41715 | S70: 5 | T70: 1 | U70: x
A71: =IF(E71="","",IF(VLOOKUP($F71,CODE!$K:$O,CODE!$O$1,FALSE)="",$E71,$E71&"-"&VLOOKUP($F71,CODE!$K:$O,CODE!$O$1,FALSE))) -> JST | C71: =C70+1 -> 61 | E71: JST | F71: FA | G71: N | H71: 14-FW-SP-03 | I71: ADULT | J71: =IF(ISERROR(1/COUNTIF(H:H,H71))=TRUE,0,1/COUNTIF(H:H,H71)) -> 1 | K71: FOREMOST | L71: 41689 | M71: =IF(ISERROR(VLOOKUP($K71,생산업체!$A:$C,생산업체!$A$1,FALSE))=TRUE,"업체리스트 참조 후 업체명 변경",IF(VLOOKUP($K71,생산업체!$A:$C,생산업체!$B$1,FALSE)=1,$L71+$M$6,$L71+$M$4)) -> 41717 | N71: =M71 -> 41717 | O71: 41715 | P71: 5 | R71: ORIGINAL SAMPLE | S71: 5 | T71: 1 | U71: order
A72: =IF(E72="","",IF(VLOOKUP($F72,CODE!$K:$O,CODE!$O$1,FALSE)="",$E72,$E72&"-"&VLOOKUP($F72,CODE!$K:$O,CODE!$O$1,FALSE))) -> JST | C72: =C71+1 -> 62 | E72: JST | F72: FA | G72: N | H72: 14-FW-SP-56 | I72: ADULT | J72: =IF(ISERROR(1/COUNTIF(H:H,H72))=TRUE,0,1/COUNTIF(H:H,H72)) -> 1 | K72: FOREMOST | L72: 41689 | M72: =IF(ISERROR(VLOOKUP($K72,생산업체!$A:$C,생산업체!$A$1,FALSE))=TRUE,"업체리스트 참조 후 업체명 변경",IF(VLOOKUP($K72,생산업체!$A:$C,생산업체!$B$1,FALSE)=1,$L72+$M$6,$L72+$M$4)) -> 41717 | N72: =M72 -> 41717 | O72: 41754 | S72: 3 | T72: 2 | U72: order
A73: =IF(E73="","",IF(VLOOKUP($F73,CODE!$K:$O,CODE!$O$1,FALSE)="",$E73,$E73&"-"&VLOOKUP($F73,CODE!$K:$O,CODE!$O$1,FALSE))) -> JST | C73: =C72+1 -> 63 | E73: JST | F73: FA | G73: N | H73: 14-FW-SP-57 | I73: ADULT | J73: =IF(ISERROR(1/COUNTIF(H:H,H73))=TRUE,0,1/COUNTIF(H:H,H73)) -> 1 | K73: FOREMOST | L73: 41689 | M73: =IF(ISERROR(VLOOKUP($K73,생산업체!$A:$C,생산업체!$A$1,FALSE))=TRUE,"업체리스트 참조 후 업체명 변경",IF(VLOOKUP($K73,생산업체!$A:$C,생산업체!$B$1,FALSE)=1,$L73+$M$6,$L73+$M$4)) -> 41717 | N73: =M73 -> 41717 | O73: 41758 | S73: 4 | T73: 4 | U73: x
A74: =IF(E74="","",IF(VLOOKUP($F74,CODE!$K:$O,CODE!$O$1,FALSE)="",$E74,$E74&"-"&VLOOKUP($F74,CODE!$K:$O,CODE!$O$1,FALSE))) -> JST | C74: =C73+1 -> 64 | E74: JST | F74: FA | G74: N | H74: 14-FW-SP-32 | I74: ADULT | J74: =IF(ISERROR(1/COUNTIF(H:H,H74))=TRUE,0,1/COUNTIF(H:H,H74)) -> 0.5 | K74: 5 works room | L74: 41691 | M74: =IF(ISERROR(VLOOKUP($K74,생산업체!$A:$C,생산업체!$A$1,FALSE))=TRUE,"업체리스트 참조 후 업체명 변경",IF(VLOOKUP($K74,생산업체!$A:$C,생산업체!$B$1,FALSE)=1,$L74+$M$6,$L74+$M$4)) -> 41719 | N74: =M74 -> 41719 | O74: 41715 | P74: 4.8 | S74: 3 | T74: 1
A75: =IF(E75="","",IF(VLOOKUP($F75,CODE!$K:$O,CODE!$O$1,FALSE)="",$E75,$E75&"-"&VLOOKUP($F75,CODE!$K:$O,CODE!$O$1,FALSE))) -> JST | C75: =C74+1 -> 65 | E75: JST | F75: FA | G75: N | H75: 14-FW-SP-43 | I75: ADULT | J75: =IF(ISERROR(1/COUNTIF(H:H,H75))=TRUE,0,1/COUNTIF(H:H,H75)) -> 1 | K75: BS | L75: 41698 | M75: =IF(ISERROR(VLOOKUP($K75,생산업체!$A:$C,생산업체!$A$1,FALSE))=TRUE,"업체리스트 참조 후 업체명 변경",IF(VLOOKUP($K75,생산업체!$A:$C,생산업체!$B$1,FALSE)=1,$L75+$M$6,$L75+$M$4)) -> 41726 | N75: =M75 -> 41726 | O75: 41722 | P75: 3.8 | S75: 3 | T75: 1
A76: =IF(E76="","",IF(VLOOKUP($F76,CODE!$K:$O,CODE!$O$1,FALSE)="",$E76,$E76&"-"&VLOOKUP($F76,CODE!$K:$O,CODE!$O$1,FALSE))) -> JST | C76: =C75+1 -> 66 | E76: JST | F76: FA | G76: N | H76: 14-FW-SP-49 | I76: ADULT | J76: =IF(ISERROR(1/COUNTIF(H:H,H76))=TRUE,0,1/COUNTIF(H:H,H76)) -> 1 | K76: FOREMOST | L76: 41698 | M76: =IF(ISERROR(VLOOKUP($K76,생산업체!$A:$C,생산업체!$A$1,FALSE))=TRUE,"업체리스트 참조 후 업체명 변경",IF(VLOOKUP($K76,생산업체!$A:$C,생산업체!$B$1,FALSE)=1,$L76+$M$6,$L76+$M$4)) -> 41726 | N76: =M76 -> 41726 | O76: 41715 | S76: 4 | T76: 1 | U76: x
A77: =IF(E77="","",IF(VLOOKUP($F77,CODE!$K:$O,CODE!$O$1,FALSE)="",$E77,$E77&"-"&VLOOKUP($F77,CODE!$K:$O,CODE!$O$1,FALSE))) -> JST | C77: =C76+1 -> 67 | E77: JST | F77: FA | G77: N | H77: 14-FW-SP-50 | I77: ADULT | J77: =IF(ISERROR(1/COUNTIF(H:H,H77))=TRUE,0,1/COUNTIF(H:H,H77)) -> 1 | K77: FOREMOST | L77: 41698 | M77: =IF(ISERROR(VLOOKUP($K77,생산업체!$A:$C,생산업체!$A$1,FALSE))=TRUE,"업체리스트 참조 후 업체명 변경",IF(VLOOKUP($K77,생산업체!$A:$C,생산업체!$B$1,FALSE)=1,$L77+$M$6,$L77+$M$4)) -> 41726 | N77: =M77 -> 41726 | O77: 41715 | S77: 3 | T77: 1 | U77: x
A78: =IF(E78="","",IF(VLOOKUP($F78,CODE!$K:$O,CODE!$O$1,FALSE)="",$E78,$E78&"-"&VLOOKUP($F78,CODE!$K:$O,CODE!$O$1,FALSE))) -> JST | C78: =C77+1 -> 68 | E78: JST | F78: FA | G78: N | H78: 14-FW-SP-51 | I78: ADULT | J78: =IF(ISERROR(1/COUNTIF(H:H,H78))=TRUE,0,1/COUNTIF(H:H,H78)) -> 1 | K78: FOREMOST | L78: 41698 | M78: =IF(ISERROR(VLOOKUP($K78,생산업체!$A:$C,생산업체!$A$1,FALSE))=TRUE,"업체리스트 참조 후 업체명 변경",IF(VLOOKUP($K78,생산업체!$A:$C,생산업체!$B$1,FALSE)=1,$L78+$M$6,$L78+$M$4)) -> 41726 | N78: =M78 -> 41726 | O78: 41730 | S78: 1 | T78: 1 | U78: x
A79: =IF(E79="","",IF(VLOOKUP($F79,CODE!$K:$O,CODE!$O$1,FALSE)="",$E79,$E79&"-"&VLOOKUP($F79,CODE!$K:$O,CODE!$O$1,FALSE))) -> JST | C79: =C78+1 -> 69 | E79: JST | F79: FA | G79: N | H79: 14-FW-SP-52 | I79: ADULT | J79: =IF(ISERROR(1/COUNTIF(H:H,H79))=TRUE,0,1/COUNTIF(H:H,H79)) -> 1 | K79: FOREMOST | L79: 41698 | M79: =IF(ISERROR(VLOOKUP($K79,생산업체!$A:$C,생산업체!$A$1,FALSE))=TRUE,"업체리스트 참조 후 업체명 변경",IF(VLOOKUP($K79,생산업체!$A:$C,생산업체!$B$1,FALSE)=1,$L79+$M$6,$L79+$M$4)) -> 41726 | N79: =M79 -> 41726 | O79: 41740 | S79: 1 | T79: 1 | U79: x
A80: =IF(E80="","",IF(VLOOKUP($F80,CODE!$K:$O,CODE!$O$1,FALSE)="",$E80,$E80&"-"&VLOOKUP($F80,CODE!$K:$O,CODE!$O$1,FALSE))) -> JST | C80: =C79+1 -> 70 | E80: JST | F80: FA | G80: N | H80: 14-FW-SP-53 | I80: ADULT | J80: =IF(ISERROR(1/COUNTIF(H:H,H80))=TRUE,0,1/COUNTIF(H:H,H80)) -> 1 | K80: FOREMOST | L80: 41698 | M80: =IF(ISERROR(VLOOKUP($K80,생산업체!$A:$C,생산업체!$A$1,FALSE))=TRUE,"업체리스트 참조 후 업체명 변경",IF(VLOOKUP($K80,생산업체!$A:$C,생산업체!$B$1,FALSE)=1,$L80+$M$6,$L80+$M$4)) -> 41726 | N80: =M80 -> 41726 | O80: 41740 | P80: 9.5 | R80: ORIGINAL SAMPLE | S80: 1 | T80: 1 | U80: order
A81: =IF(E81="","",IF(VLOOKUP($F81,CODE!$K:$O,CODE!$O$1,FALSE)="",$E81,$E81&"-"&VLOOKUP($F81,CODE!$K:$O,CODE!$O$1,FALSE))) -> JST | C81: =C80+1 -> 71 | E81: JST | F81: FA | G81: N | H81: 14-FW-SP-55 | I81: ADULT | J81: =IF(ISERROR(1/COUNTIF(H:H,H81))=TRUE,0,1/COUNTIF(H:H,H81)) -> 1 | K81: FOREMOST | L81: 41698 | M81: =IF(ISERROR(VLOOKUP($K81,생산업체!$A:$C,생산업체!$A$1,FALSE))=TRUE,"업체리스트 참조 후 업체명 변경",IF(VLOOKUP($K81,생산업체!$A:$C,생산업체!$B$1,FALSE)=1,$L81+$M$6,$L81+$M$4)) -> 41726 | N81: =M81 -> 41726 | O81: 41719 | S81: 4 | T81: 1 | U81: x
A82: =IF(E82="","",IF(VLOOKUP($F82,CODE!$K:$O,CODE!$O$1,FALSE)="",$E82,$E82&"-"&VLOOKUP($F82,CODE!$K:$O,CODE!$O$1,FALSE))) -> JST | C82: =C81+1 -> 72 | E82: JST | F82: FA | G82: N | H82: 14-FW-SP-58 | I82: ADULT | J82: =IF(ISERROR(1/COUNTIF(H:H,H82))=TRUE,0,1/COUNTIF(H:H,H82)) -> 1 | K82: FOREMOST | L82: 41698 | M82: =IF(ISERROR(VLOOKUP($K82,생산업체!$A:$C,생산업체!$A$1,FALSE))=TRUE,"업체리스트 참조 후 업체명 변경",IF(VLOOKUP($K82,생산업체!$A:$C,생산업체!$B$1,FALSE)=1,$L82+$M$6,$L82+$M$4)) -> 41726 | N82: =M82 -> 41726 | O82: 41743 | S82: 4 | T82: 4 | U82: x
A83: =IF(E83="","",IF(VLOOKUP($F83,CODE!$K:$O,CODE!$O$1,FALSE)="",$E83,$E83&"-"&VLOOKUP($F83,CODE!$K:$O,CODE!$O$1,FALSE))) -> JST | C83: =C82+1 -> 73 | E83: JST | F83: FA | G83: N | H83: 14-FW-SP-59 | I83: ADULT | J83: =IF(ISERROR(1/COUNTIF(H:H,H83))=TRUE,0,1/COUNTIF(H:H,H83)) -> 1 | K83: FOREMOST | L83: 41698 | M83: =IF(ISERROR(VLOOKUP($K83,생산업체!$A:$C,생산업체!$A$1,FALSE))=TRUE,"업체리스트 참조 후 업체명 변경",IF(VLOOKUP($K83,생산업체!$A:$C,생산업체!$B$1,FALSE)=1,$L83+$M$6,$L83+$M$4)) -> 41726 | N83: =M83 -> 41726 | O83: 41743 | P83: 7.8 | S83: 4 | T83: 4 | U83: order
A84: =IF(E84="","",IF(VLOOKUP($F84,CODE!$K:$O,CODE!$O$1,FALSE)="",$E84,$E84&"-"&VLOOKUP($F84,CODE!$K:$O,CODE!$O$1,FALSE))) -> JST | C84: =C83+1 -> 74 | E84: JST | F84: FA | G84: N | H84: 14-FW-SP54 | I84: ADULT | J84: =IF(ISERROR(1/COUNTIF(H:H,H84))=TRUE,0,1/COUNTIF(H:H,H84)) -> 1 | K84: FOREMOST | L84: 41701 | M84: =IF(ISERROR(VLOOKUP($K84,생산업체!$A:$C,생산업체!$A$1,FALSE))=TRUE,"업체리스트 참조 후 업체명 변경",IF(VLOOKUP($K84,생산업체!$A:$C,생산업체!$B$1,FALSE)=1,$L84+$M$6,$L84+$M$4)) -> 41729 | N84: =M84 -> 41729 | O84: 41719 | S84: 7 | T84: 1 | U84: x
A85: =IF(E85="","",IF(VLOOKUP($F85,CODE!$K:$O,CODE!$O$1,FALSE)="",$E85,$E85&"-"&VLOOKUP($F85,CODE!$K:$O,CODE!$O$1,FALSE))) -> JST | C85: =C84+1 -> 75 | E85: JST | F85: FA | G85: N | H85: 14-FW-SP-60 | I85: ADULT | J85: =IF(ISERROR(1/COUNTIF(H:H,H85))=TRUE,0,1/COUNTIF(H:H,H85)) -> 1 | K85: FOREMOST | L85: 41717 | M85: =IF(ISERROR(VLOOKUP($K85,생산업체!$A:$C,생산업체!$A$1,FALSE))=TRUE,"업체리스트 참조 후 업체명 변경",IF(VLOOKUP($K85,생산업체!$A:$C,생산업체!$B$1,FALSE)=1,$L85+$M$6,$L85+$M$4)) -> 41745 | N85: =M85 -> 41745 | O85: 41743 | U85: x
A86: =IF(E86="","",IF(VLOOKUP($F86,CODE!$K:$O,CODE!$O$1,FALSE)="",$E86,$E86&"-"&VLOOKUP($F86,CODE!$K:$O,CODE!$O$1,FALSE))) -> JST | C86: =C85+1 -> 76 | E86: JST | F86: FA | G86: N | H86: 14-FW-SP-61 | I86: ADULT | J86: =IF(ISERROR(1/COUNTIF(H:H,H86))=TRUE,0,1/COUNTIF(H:H,H86)) -> 1 | K86: FOREMOST | L86: 41717 | M86: =IF(ISERROR(VLOOKUP($K86,생산업체!$A:$C,생산업체!$A$1,FALSE))=TRUE,"업체리스트 참조 후 업체명 변경",IF(VLOOKUP($K86,생산업체!$A:$C,생산업체!$B$1,FALSE)=1,$L86+$M$6,$L86+$M$4)) -> 41745 | N86: =M86 -> 41745 | O86: 41745 | U86: x
A87: =IF(E87="","",IF(VLOOKUP($F87,CODE!$K:$O,CODE!$O$1,FALSE)="",$E87,$E87&"-"&VLOOKUP($F87,CODE!$K:$O,CODE!$O$1,FALSE))) -> JST | C87: =C86+1 -> 77 | E87: JST | F87: FA | G87: N | H87: 14-FW-SP-62 | I87: ADULT | J87: =IF(ISERROR(1/COUNTIF(H:H,H87))=TRUE,0,1/COUNTIF(H:H,H87)) -> 1 | K87: FOREMOST | L87: 41717 | M87: =IF(ISERROR(VLOOKUP($K87,생산업체!$A:$C,생산업체!$A$1,FALSE))=TRUE,"업체리스트 참조 후 업체명 변경",IF(VLOOKUP($K87,생산업체!$A:$C,생산업체!$B$1,FALSE)=1,$L87+$M$6,$L87+$M$4)) -> 41745 | N87: =M87 -> 41745 | O87: 41740 | U87: x
A88: =IF(E88="","",IF(VLOOKUP($F88,CODE!$K:$O,CODE!$O$1,FALSE)="",$E88,$E88&"-"&VLOOKUP($F88,CODE!$K:$O,CODE!$O$1,FALSE))) -> JST | C88: =C87+1 -> 78 | E88: JST | F88: FA | G88: N | H88: 14-FW-SP-39 | I88: ADULT | J88: =IF(ISERROR(1/COUNTIF(H:H,H88))=TRUE,0,1/COUNTIF(H:H,H88)) -> 0.5 | K88: 5 works room | L88: 41724 | M88: =IF(ISERROR(VLOOKUP($K88,생산업체!$A:$C,생산업체!$A$1,FALSE))=TRUE,"업체리스트 참조 후 업체명 변경",IF(VLOOKUP($K88,생산업체!$A:$C,생산업체!$B$1,FALSE)=1,$L88+$M$6,$L88+$M$4)) -> 41752 | N88: =M88 -> 41752 | O88: 41752 | P88: 3.8 | R88: ORIGINAL SAMPLE
A89: =IF(E89="","",IF(VLOOKUP($F89,CODE!$K:$O,CODE!$O$1,FALSE)="",$E89,$E89&"-"&VLOOKUP($F89,CODE!$K:$O,CODE!$O$1,FALSE))) | C89: =C88+1 -> 79 | J89: =IF(ISERROR(1/COUNTIF(H:H,H89))=TRUE,0,1/COUNTIF(H:H,H89)) -> 0 | M89: =IF(ISERROR(VLOOKUP($K89,생산업체!$A:$C,생산업체!$A$1,FALSE))=TRUE,"업체리스트 참조 후 업체명 변경",IF(VLOOKUP($K89,생산업체!$A:$C,생산업체!$B$1,FALSE)=1,$L89+$M$6,$L89+$M$4)) -> 업체리스트 참조 후 업체명 변경
A90: =IF(E90="","",IF(VLOOKUP($F90,CODE!$K:$O,CODE!$O$1,FALSE)="",$E90,$E90&"-"&VLOOKUP($F90,CODE!$K:$O,CODE!$O$1,FALSE))) | C90: =C89+1 -> 80 | J90: =IF(ISERROR(1/COUNTIF(H:H,H90))=TRUE,0,1/COUNTIF(H:H,H90)) -> 0 | M90: =IF(ISERROR(VLOOKUP($K90,생산업체!$A:$C,생산업체!$A$1,FALSE))=TRUE,"업체리스트 참조 후 업체명 변경",IF(VLOOKUP($K90,생산업체!$A:$C,생산업체!$B$1,FALSE)=1,$L90+$M$6,$L90+$M$4)) -> 업체리스트 참조 후 업체명 변경
A91: =IF(E91="","",IF(VLOOKUP($F91,CODE!$K:$O,CODE!$O$1,FALSE)="",$E91,$E91&"-"&VLOOKUP($F91,CODE!$K:$O,CODE!$O$1,FALSE))) | C91: =C90+1 -> 81 | J91: =IF(ISERROR(1/COUNTIF(H:H,H91))=TRUE,0,1/COUNTIF(H:H,H91)) -> 0 | M91: =IF(ISERROR(VLOOKUP($K91,생산업체!$A:$C,생산업체!$A$1,FALSE))=TRUE,"업체리스트 참조 후 업체명 변경",IF(VLOOKUP($K91,생산업체!$A:$C,생산업체!$B$1,FALSE)=1,$L91+$M$6,$L91+$M$4)) -> 업체리스트 참조 후 업체명 변경
A92: =IF(E92="","",IF(VLOOKUP($F92,CODE!$K:$O,CODE!$O$1,FALSE)="",$E92,$E92&"-"&VLOOKUP($F92,CODE!$K:$O,CODE!$O$1,FALSE))) | C92: =C91+1 -> 82 | J92: =IF(ISERROR(1/COUNTIF(H:H,H92))=TRUE,0,1/COUNTIF(H:H,H92)) -> 0 | M92: =IF(ISERROR(VLOOKUP($K92,생산업체!$A:$C,생산업체!$A$1,FALSE))=TRUE,"업체리스트 참조 후 업체명 변경",IF(VLOOKUP($K92,생산업체!$A:$C,생산업체!$B$1,FALSE)=1,$L92+$M$6,$L92+$M$4)) -> 업체리스트 참조 후 업체명 변경
A93: =IF(E93="","",IF(VLOOKUP($F93,CODE!$K:$O,CODE!$O$1,FALSE)="",$E93,$E93&"-"&VLOOKUP($F93,CODE!$K:$O,CODE!$O$1,FALSE))) | C93: =C92+1 -> 83 | J93: =IF(ISERROR(1/COUNTIF(H:H,H93))=TRUE,0,1/COUNTIF(H:H,H93)) -> 0 | M93: =IF(ISERROR(VLOOKUP($K93,생산업체!$A:$C,생산업체!$A$1,FALSE))=TRUE,"업체리스트 참조 후 업체명 변경",IF(VLOOKUP($K93,생산업체!$A:$C,생산업체!$B$1,FALSE)=1,$L93+$M$6,$L93+$M$4)) -> 업체리스트 참조 후 업체명 변경
A94: =IF(E94="","",IF(VLOOKUP($F94,CODE!$K:$O,CODE!$O$1,FALSE)="",$E94,$E94&"-"&VLOOKUP($F94,CODE!$K:$O,CODE!$O$1,FALSE))) | C94: =C93+1 -> 84 | J94: =IF(ISERROR(1/COUNTIF(H:H,H94))=TRUE,0,1/COUNTIF(H:H,H94)) -> 0 | M94: =IF(ISERROR(VLOOKUP($K94,생산업체!$A:$C,생산업체!$A$1,FALSE))=TRUE,"업체리스트 참조 후 업체명 변경",IF(VLOOKUP($K94,생산업체!$A:$C,생산업체!$B$1,FALSE)=1,$L94+$M$6,$L94+$M$4)) -> 업체리스트 참조 후 업체명 변경
A95: =IF(E95="","",IF(VLOOKUP($F95,CODE!$K:$O,CODE!$O$1,FALSE)="",$E95,$E95&"-"&VLOOKUP($F95,CODE!$K:$O,CODE!$O$1,FALSE))) | C95: =C94+1 -> 85 | J95: =IF(ISERROR(1/COUNTIF(H:H,H95))=TRUE,0,1/COUNTIF(H:H,H95)) -> 0 | M95: =IF(ISERROR(VLOOKUP($K95,생산업체!$A:$C,생산업체!$A$1,FALSE))=TRUE,"업체리스트 참조 후 업체명 변경",IF(VLOOKUP($K95,생산업체!$A:$C,생산업체!$B$1,FALSE)=1,$L95+$M$6,$L95+$M$4)) -> 업체리스트 참조 후 업체명 변경
A96: =IF(E96="","",IF(VLOOKUP($F96,CODE!$K:$O,CODE!$O$1,FALSE)="",$E96,$E96&"-"&VLOOKUP($F96,CODE!$K:$O,CODE!$O$1,FALSE))) | C96: =C95+1 -> 86 | J96: =IF(ISERROR(1/COUNTIF(H:H,H96))=TRUE,0,1/COUNTIF(H:H,H96)) -> 0 | M96: =IF(ISERROR(VLOOKUP($K96,생산업체!$A:$C,생산업체!$A$1,FALSE))=TRUE,"업체리스트 참조 후 업체명 변경",IF(VLOOKUP($K96,생산업체!$A:$C,생산업체!$B$1,FALSE)=1,$L96+$M$6,$L96+$M$4)) -> 업체리스트 참조 후 업체명 변경
A97: =IF(E97="","",IF(VLOOKUP($F97,CODE!$K:$O,CODE!$O$1,FALSE)="",$E97,$E97&"-"&VLOOKUP($F97,CODE!$K:$O,CODE!$O$1,FALSE))) | C97: =C96+1 -> 87 | J97: =IF(ISERROR(1/COUNTIF(H:H,H97))=TRUE,0,1/COUNTIF(H:H,H97)) -> 0 | M97: =IF(ISERROR(VLOOKUP($K97,생산업체!$A:$C,생산업체!$A$1,FALSE))=TRUE,"업체리스트 참조 후 업체명 변경",IF(VLOOKUP($K97,생산업체!$A:$C,생산업체!$B$1,FALSE)=1,$L97+$M$6,$L97+$M$4)) -> 업체리스트 참조 후 업체명 변경
A98: =IF(E98="","",IF(VLOOKUP($F98,CODE!$K:$O,CODE!$O$1,FALSE)="",$E98,$E98&"-"&VLOOKUP($F98,CODE!$K:$O,CODE!$O$1,FALSE))) | C98: =C97+1 -> 88 | J98: =IF(ISERROR(1/COUNTIF(H:H,H98))=TRUE,0,1/COUNTIF(H:H,H98)) -> 0 | M98: =IF(ISERROR(VLOOKUP($K98,생산업체!$A:$C,생산업체!$A$1,FALSE))=TRUE,"업체리스트 참조 후 업체명 변경",IF(VLOOKUP($K98,생산업체!$A:$C,생산업체!$B$1,FALSE)=1,$L98+$M$6,$L98+$M$4)) -> 업체리스트 참조 후 업체명 변경
A99: =IF(E99="","",IF(VLOOKUP($F99,CODE!$K:$O,CODE!$O$1,FALSE)="",$E99,$E99&"-"&VLOOKUP($F99,CODE!$K:$O,CODE!$O$1,FALSE))) | C99: =C98+1 -> 89 | J99: =IF(ISERROR(1/COUNTIF(H:H,H99))=TRUE,0,1/COUNTIF(H:H,H99)) -> 0 | M99: =IF(ISERROR(VLOOKUP($K99,생산업체!$A:$C,생산업체!$A$1,FALSE))=TRUE,"업체리스트 참조 후 업체명 변경",IF(VLOOKUP($K99,생산업체!$A:$C,생산업체!$B$1,FALSE)=1,$L99+$M$6,$L99+$M$4)) -> 업체리스트 참조 후 업체명 변경
A100: =IF(E100="","",IF(VLOOKUP($F100,CODE!$K:$O,CODE!$O$1,FALSE)="",$E100,$E100&"-"&VLOOKUP($F100,CODE!$K:$O,CODE!$O$1,FALSE))) | C100: =C99+1 -> 90 | J100: =IF(ISERROR(1/COUNTIF(H:H,H100))=TRUE,0,1/COUNTIF(H:H,H100)) -> 0 | M100: =IF(ISERROR(VLOOKUP($K100,생산업체!$A:$C,생산업체!$A$1,FALSE))=TRUE,"업체리스트 참조 후 업체명 변경",IF(VLOOKUP($K100,생산업체!$A:$C,생산업체!$B$1,FALSE)=1,$L100+$M$6,$L100+$M$4)) -> 업체리스트 참조 후 업체명 변경
...

Sheet 생산업체
A1: 1 | B1: 2 | C1: 3
A2: 약칭(기획현황) | B2: 수입1, 내수2 | C2: 통화
A3: 스포팅21 | B3: 2
A4: 아디다스 | B4: 2
A5: 홈런 | B5: 2 | C5: KRW
A6: AI | B6: 2
A7: GSM | B7: 2 | C7: KRW
A8: 닉슨코리아 | B8: 2 | C8: KRW
A9: FLAT FITTY | B9: 2 | C9: KRW
A10: JOYRICH | B10: 2 | C10: KRW
A11: KANGOL | B11: 2
A12: LG패션 | B12: 2
A13: NEWERA | B13: 2 | C13: KRW
A14: 고성 | B14: 2 | C14: KRW
A15: 림스스포츠 | B15: 2 | C15: KRW
A16: 아트인드림 | B16: 2 | C16: KRW
A17: 캡보이 | B17: 2 | C17: KRW
A18: 현주실업 | B18: 2 | C18: KRW
A19: CNG | B19: 2 | C19: KRW
A20: POWER JK | B20: 2
A21: 신성모자 | B21: 2 | C21: KRW
A22: TS | B22: 2 | C22: KRW
A23: 최강모자 | B23: 2 | C23: KRW
A24: 아우리에프엔 | B24: 2 | C24: KRW
A25: 현대제모 | B25: 2 | C25: KRW
A26: ING | B26: 2
A27: 우진모자 | B27: 2 | C27: KRW
A28: 47 Brand | B28: 1 | C28: USD
A29: ED HARDY | B29: 1
A30: TRUE RELIGION | B30: 1 | C30: USD
A31: TWINS | B31: 1 | C31: USD
A32: GOORIN BROTHERS | B32: 1 | C32: USD
A33: GRACE HAT | B33: 1 | C33: JPY
A34: BRONER HATS | B34: 1
A35: CODELLO | B35: 1 | C35: USD
A36: 해외소매구매 | B36: 1 | C36: USD
A37: 해외소매구매2 | B37: 1 | C37: EUR
A38: SEEBERGER | B38: 1 | C38: USD
A39: EUGENIA KIM | B39: 1 | C39: USD
A40: GREVI | B40: 1 | C40: EUR
A41: COMPLIT | B41: 1 | C41: EUR
A42: KURIHARA | B42: 1 | C42: JPY
A43: 대경 | B43: 1 | C43: USD
A44: 바이칼 | B44: 1 | C44: KRW
A45: 성진 | B45: 1 | C45: KRW
A46: 캡보이2 | B46: 1 | C46: KRW
A47: 오성 | B47: 2 | C47: KRW
A48: 오토 | B48: 2
A49: 우진 | B49: 2
A50: EVERGREEN | B50: 1 | C50: USD
A51: 써니 | B51: 1 | C51: USD
A52: NEW FINE | B52: 1 | C52: USD
A53: ORIENT | B53: 1
A54: 동일모자 | B54: 1 | C54: USD
A55: BLESSING CAP | B55: 1
A56: KIDS FIRST TOYS | B56: 1 | C56: USD
A57: FOREMOST | B57: 1 | C57: USD
A58: H&H | B58: 1
A59: HAOPU | B59: 1 | C59: USD
A60: NT SENHONG | B60: 1 | C60: USD
A61: QF | B61: 1 | C61: USD
A62: QIAQIA | B62: 2 | C62: USD
A63: SEASHINE | B63: 1
A64: HMA | B64: 1 | C64: USD
A65: Y&Y | B65: 1 | C65: USD
A66: ELEGANCE | B66: 1 | C66: USD
A67: CISUI | B67: 1 | C67: USD
A68: YITIAN | B68: 1 | C68: USD
A69: SHANGHAI STYLE | B69: 1 | C69: USD
A70: EMERALD | B70: 1 | C70: USD
A71: BS | B71: 1 | C71: USD
A72: SINGFOR | B72: 1 | C72: USD
A73: 미정 | C73: KRW
A74: ALIC | B74: 1 | C74: USD
A75: ZCN | B75: 1 | C75: USD
A76: Yangyuan | B76: 1 | C76: USD
A77: Yongsang | B77: 1 | C77: USD
A78: piafield | B78: 1 | C78: USD
A79: HUAYI | B79: 1 | C79: USD
A80: 5 WORKS ROOM | B80: 1 | C80: USD

Sheet CODE
C1: 2 | D1: 3 | E1: 4 | F1: 5 | G1: 6 | L1: 2 | M1: 3 | N1: 4 | O1: 5 | P1: 6 | S1: 2 | T1: 3 | X1: 2 | Y1: 3 | AE1: 2 | AF1: 3 | AJ1: 2 | AK1: 3 | AL1: 4 | AO1: 2 | AP1: 3 | AS1: 2 | AT1: 3 | AW1: 2 | AX1: 3
A2: BRAND (3자리) | I2: ITEM (2자리) | R2: YEAR (2자리) | V2: SEASON (1자리) | AA2: STNO (3자리) | AC2: COLOR (2자리) | AH2: SIZE (3자리) | AN2: 분류 | AR2: 성별 | AV2: 원산지
A3: 구코드 | B3: 코드 | C3: 코드명 | D3: 그룹 | E3: 코드 | F3: 구분 | G3: B/M/C | I3: 구코드 | J3: 구코드명 | K3: 코드 | L3: 코드명 | M3: 코드 | N3: 구분 | O3: 구분 | P3: 구분 | R3: 코드 | S3: 코드명 | T3: 코드 | V3: 구코드 | W3: 코드 | X3: 코드명 | Y3: 코드 | AA3: 코드 | AC3: 구코드 | AD3: 코드 | AE3: 코드명 | AF3: 코드 | AH3: 구코드 | AI3: 코드 | AJ3: 코드명 | AK3: TYPE | AL3: 코드 | AN3: 코드 | AO3: 코드명 | AP3: 코드 | AR3: 코드 | AS3: 코드명 | AT3: 코드 | AV3: 코드 | AW3: 코드명 | AX3: 코드
A4: BZ | C4: COP CARDINALS | D4: =B4 -> 0 | E4: =B4 -> 0 | F4: SPORTS | G4: B | I4: CA | J4: BASIC CAP (핀치히터) | K4: BA | L4: BASIC CAP | M4: =K4 -> BA | N4: 의류외 | P4: 모자 | R4: A | S4: 2009 | T4: =R4 -> A | V4: 0 | W4: 0 | X4: SS | Y4: =W4 -> 0 | AA4: 001 | AC4: B0 | AD4: BK | AE4: Black | AF4: =AD4 -> BK | AH4: A | AI4: FRE | AJ4: OSFA(ADJUST CAP) | AK4: 1 | AL4: =AI4 -> FRE | AN4: B | AO4: 사입 | AP4: =AN4 -> B | AR4: M | AS4: 남자 | AT4: =AR4 -> M | AV4: CN | AW4: 중국 | AX4: =AV4 -> CN
A5: BH | C5: COP INDIANS | D5: =B5 -> 0 | E5: =B5 -> 0 | F5: SPORTS | G5: B | I5: CS | J5: VISOR CAP | K5: BA | L5: BASIC CAP | M5: =K5 -> BA | N5: 의류외 | P5: 모자 | R5: B | S5: 2010 | T5: =R5 -> B | V5: 1 | W5: 0 | X5: SS | Y5: =W5 -> 0 | AA5: 002 | AC5: B1 | AE5: Black Camo | AF5: =AD5 -> 0 | AH5: N | AI5: OXS | AJ5: XS | AK5: 1 | AL5: =AI5 -> OXS | AN5: C | AO5: 위탁 | AP5: =AN5 -> C | AR5: W | AS5: 여자 | AT5: =AR5 -> W | AV5: JP | AW5: 일본 | AX5: =AV5 -> JP
A6: BR | C6: COP METS | D6: =B6 -> 0 | E6: =B6 -> 0 | F6: SPORTS | G6: B | I6: CC | J6: FLEX CAP (3930) | K6: FL | L6: FLEX CAP | M6: =K6 -> FL | N6: 의류외 | P6: 모자 | R6: C | S6: 2011 | T6: =R6 -> C | V6: 2 | W6: 0 | X6: SS | Y6: =W6 -> 0 | AA6: 003 | AC6: B2 | AE6: Black Leopard | AF6: =AD6 -> 0 | AI6: OSS | AJ6: S | AK6: 1 | AL6: =AI6 -> OSS | AN6: M | AO6: 제조 | AP6: =AN6 -> M | AR6: U | AS6: UNISEX | AT6: =AR6 -> U | AV6: KR | AW6: 한국 | AX6: =AV6 -> KR
A7: BC | C7: COP ORIOLES | D7: =B7 -> 0 | E7: =B7 -> 0 | F7: SPORTS | G7: B | I7: CD | J7: NORMAL FITTED CAP (커브) | K7: FL | L7: FLEX CAP | M7: =K7 -> FL | N7: 의류외 | P7: 모자 | R7: D | S7: 2012 | T7: =R7 -> D | V7: 3 | W7: 0 | X7: SS | Y7: =W7 -> 0 | AA7: 004 | AC7: B3 | AE7: Black/White | AF7: =AD7 -> 0 | AI7: OMM | AJ7: M | AK7: 1 | AL7: =AI7 -> OMM | AR7: K | AS7: KIDS | AT7: =AR7 -> K | AV7: US | AW7: 미국 | AX7: =AV7 -> US
A8: BJ | C8: COP TIGERS | D8: =B8 -> 0 | E8: =B8 -> 0 | F8: SPORTS | G8: B | I8: CE | J8: FLAT BILL FITTED CAP(5950) | K8: FI | L8: FITTED CAP | M8: =K8 -> FI | N8: 의류외 | P8: 모자 | R8: E | S8: 2013 | T8: =R8 -> E | V8: 4 | W8: 0 | X8: SS | Y8: =W8 -> 0 | AA8: 005 | AC8: B4 | AE8: Black/Flann | AF8: =AD8 -> 0 | AI8: OLL | AJ8: L | AK8: 1 | AL8: =AI8 -> OLL | AR8: N | AS8: NEWERA | AT8: =AR8 -> N | AV8: IN | AW8: 인도네시아 | AX8: =AV8 -> IN
A9: KC | B9: KDO | C9: DOOSAN BEARS | D9: KBO | E9: =B9 -> KDO | F9: SPORTS | G9: B | I9: CU | J9: FLAT BILL FLEX CAP(일자) | K9: FI | L9: FITTED CAP | M9: =K9 -> FI | N9: 의류외 | P9: 모자 | R9: F | S9: 2014 | T9: =R9 -> F | V9: 5 | W9: 3 | X9: FW | Y9: =W9 -> 3 | AA9: 006 | AC9: B5 | AE9: Dark Flann | AF9: =AD9 -> 0 | AI9: OXL | AJ9: XL | AK9: 1 | AL9: =AI9 -> OXL | AR9: A | AS9: AUTHENTIC | AT9: =AR9 -> A | AV9: BG | AW9: 방글라데시 | AX9: =AV9 -> BG
A10: CD | B10: ZCD | C10: EUR BARCELONA | D10: =B10 -> ZCD | E10: =B10 -> ZCD | F10: SPORTS | G10: B | I10: DA | J10: FLAT BILL FITTED BASIC (BLANK 5950) | K10: FI | L10: FITTED CAP | M10: =K10 -> FI | N10: 의류외 | P10: 모자 | R10: G | S10: 2015 | T10: =R10 -> G | V10: 6 | W10: 3 | X10: FW | Y10: =W10 -> 3 | AA10: 007 | AC10: B6 | AE10: Loden | AF10: =AD10 -> 0 | AH10: O | AI10: OSM | AJ10: S~M | AK10: 1 | AL10: =AI10 -> OSM
A11: CA | B11: ZCA | C11: EUR MUCHESTER | D11: =B11 -> ZCA | E11: =B11 -> ZCA | F11: SPORTS | G11: B | I11: CB | J11: WASHED CAP (워싱캡) | K11: WC | L11: WASHED CAP | M11: =K11 -> WC | N11: 의류외 | P11: 모자 | R11: H | S11: 2016 | T11: =R11 -> H | V11: 7 | W11: 3 | X11: FW | Y11: =W11 -> 3 | AA11: 008 | AC11: B7 | AE11: Pine X | AF11: =AD11 -> 0 | AH11: P | AI11: OML | AJ11: M~L | AK11: 1 | AL11: =AI11 -> OML
A12: KH | B12: KHA | C12: HANWHA EAGLES | D12: KBO | E12: =B12 -> KHA | F12: SPORTS | G12: B | I12: CF | J12: TRUCKER CAP | K12: TR | L12: TRUCKER CAP | M12: =K12 -> TR | N12: 의류외 | P12: 모자 | R12: I | S12: 2017 | T12: =R12 -> I | V12: 8 | W12: 3 | X12: FW | Y12: =W12 -> 3 | AA12: 009 | AC12: B8 | AE12: Block | AF12: =AD12 -> 0 | AH12: Q | AI12: LXL | AJ12: L~XL | AK12: 1 | AL12: =AI12 -> LXL
A13: KA | B13: KKI | C13: KIA TIGERS | D13: KBO | E13: =B13 -> KKI | F13: SPORTS | G13: B | I13: CV | J13: MESH CAP(커브) | K13: TR | L13: TRUCKER CAP | M13: =K13 -> TR | N13: 의류외 | P13: 모자 | R13: J | S13: 2018 | T13: =R13 -> J | V13: 9 | W13: 3 | X13: FW | Y13: =W13 -> 3 | AA13: 010 | AC13: B9 | AD13: BU | AE13: Burgundy | AF13: =AD13 -> BU
A14: KG | B14: KLG | C14: LG TWINS | D14: KBO | E14: =B14 -> KLG | F14: SPORTS | G14: B | I14: CW | J14: FLAT BILL MESH CAP(일자) | K14: TR | L14: TRUCKER CAP | M14: =K14 -> TR | N14: 의류외 | P14: 모자 | AC14: BA | AE14: PLAID BLACK | AF14: =AD14 -> 0 | AH14: E | AI14: 700 | AJ14: 7(56CM) | AK14: 2 | AL14: =AI14 -> 700
A15: KD | B15: KLO | C15: LOTTE GIANTS | D15: KBO | E15: =B15 -> KLO | F15: SPORTS | G15: B | I15: DB | J15: FLAT BILL TRUCKER CAP | K15: TR | L15: TRUCKER CAP | M15: =K15 -> TR | N15: 의류외 | P15: 모자 | AC15: BB | AE15: Black/Red | AF15: =AD15 -> 0 | AH15: F | AI15: 718 | AJ15: 71/8(57CM) | AK15: 2 | AL15: =AI15 -> 718
A16: AO | B16: NAN | C16: MLB ANGELS | D16: MLB | E16: =B16 -> NAN | F16: SPORTS | G16: B | I16: CZ | J16: UMPIRE | K16: UM | L16: UMPIRE | M16: =K16 -> UM | N16: 의류외 | P16: 모자 | AC16: C1 | AD16: BG | AE16: Beige | AF16: =AD16 -> BG | AH16: G | AI16: 714 | AJ16: 71/4(58CM) | AK16: 2 | AL16: =AI16 -> 714
A17: AU | B17: NAS | C17: MLB A'S | D17: MLB | E17: =B17 -> NAS | F17: SPORTS | G17: B | I17: CG | J17: PERFORMANCE CAP(기능성) | K17: PE | L17: PERFORMANCE CAP | M17: =K17 -> PE | N17: 의류외 | P17: 모자 | AC17: C2 | AE17: Putty | AF17: =AD17 -> 0 | AH17: H | AI17: 738 | AJ17: 73/8(59CM) | AK17: 2 | AL17: =AI17 -> 738
A18: AM | B18: NAT | C18: MLB ASTROS | D18: MLB | E18: =B18 -> NAT | F18: SPORTS | G18: B | I18: CI | J18: MILITARY CAP | K18: MI | L18: MILITARY CAP | M18: =K18 -> MI | N18: 의류외 | P18: 모자 | AC18: C3 | AE18: Sand | AF18: =AD18 -> 0 | AH18: I | AI18: 712 | AJ18: 71/2(60CM) | AK18: 2 | AL18: =AI18 -> 712
A19: A4 | B19: NBL | C19: MLB BLUEJAYS | D19: MLB | E19: =B19 -> NBL | F19: SPORTS | G19: B | I19: CK | J19: FEDORA | K19: FE | L19: FEDORA | M19: =K19 -> FE | N19: 의류외 | P19: 모자 | AC19: C4 | AD19: KH | AE19: Khaki | AF19: =AD19 -> KH | AH19: J | AI19: 758 | AJ19: 75/8(61CM) | AK19: 2 | AL19: =AI19 -> 758
A20: AC | B20: NBR | C20: MLB BRAVES | D20: MLB | E20: =B20 -> NBR | F20: SPORTS | G20: B | I20: CL | J20: HUNTING CAP | K20: HU | L20: HUNTING CAP | M20: =K20 -> HU | N20: 의류외 | P20: 모자 | AC20: C5 | AE20: Café | AF20: =AD20 -> 0 | AH20: K | AI20: 734 | AJ20: 73/4(62CM) | AK20: 2 | AL20: =AI20 -> 734
A21: AQ | B21: NBE | C21: MLB BREWERS | D21: MLB | E21: =B21 -> NBE | F21: SPORTS | G21: B | I21: CT | J21: CASQUETTE | K21: CT | L21: CASQUETTE | M21: =K21 -> CT | N21: 의류외 | P21: 모자 | AC21: C6 | AD21: BW | AE21: Brown | AF21: =AD21 -> BW | AH21: L | AI21: 778 | AJ21: 77/8(63CM) | AK21: 2 | AL21: =AI21 -> 778
A22: A1 | B22: NCA | C22: MLB CARDINALS | D22: MLB | E22: =B22 -> NCA | F22: SPORTS | G22: B | I22: CM | J22: BERET | K22: CM | L22: BERET | M22: =K22 -> CM | N22: 의류외 | P22: 모자 | AC22: C7 | AE22: Dk.Brown | AF22: =AD22 -> 0 | AH22: M | AI22: 800 | AJ22: 8(64CM) | AK22: 2 | AL22: =AI22 -> 800
A23: AF | B23: NCU | C23: MLB CUBS | D23: MLB | E23: =B23 -> NCU | F23: SPORTS | G23: B | I23: CJ | J23: FASHION HAT | K23: FA | L23: FASHION HAT | M23: =K23 -> FA | N23: 의류외 | P23: 모자 | AC23: C8 | AE23: Light.Brown | AF23: =AD23 -> 0
A24: AB | B24: NDB | C24: MLB D'BACKS | D24: MLB | E24: =B24 -> NDB | F24: SPORTS | G24: B | I24: CX | J24: PAPER 소재로 된 것. | K24: FA | L24: FASHION HAT | M24: =K24 -> FA | N24: 의류외 | P24: 모자 | AC24: C9 | AD24: BR | AE24: Metalic Bronze | AF24: =AD24 -> BR | AI24: 600 | AJ24: 6(48CM) | AK24: 3 | AL24: =AI24 -> 600
A25: A2 | B25: NDE | C25: MLB DEVILSRAYS | D25: MLB | E25: =B25 -> NDE | F25: SPORTS | G25: B | I25: CY | J25: Trim이 길고 펄럭임 | K25: FA | L25: FASHION HAT | M25: =K25 -> FA | N25: 의류외 | P25: 모자 | AC25: CA | AE25: Brown Leopard | AF25: =AD25 -> 0 | AI25: 618 | AJ25: 61/8(49CM) | AK25: 3 | AL25: =AI25 -> 618
A26: AP | B26: NDO | C26: MLB DODGERS | D26: MLB | E26: =B26 -> NDO | F26: SPORTS | G26: B | I26: CH | J26: BUCKET | K26: FA | L26: FASHION HAT | M26: =K26 -> FA | N26: 의류외 | P26: 모자 | AC26: CB | AE26: Dk.Khaki | AF26: =AD26 -> 0 | AI26: 614 | AJ26: 61/4(50CM) | AK26: 3 | AL26: =AI26 -> 614
A27: AY | B27: NGI | C27: MLB GIANTS | D27: MLB | E27: =B27 -> NGI | F27: SPORTS | G27: B | I27: CN | J27: NORMAL BEANIE | K27: BE | L27: BEANIE | M27: =K27 -> BE | N27: 의류외 | P27: 모자 | AC27: CC | AD27: CH | AE27: Chocolate | AF27: =AD27 -> CH | AH27: H | AI27: 638 | AJ27: 63/8(51CM) | AK27: 3 | AL27: =AI27 -> 638
A28: AI | B28: NIN | C28: MLB INDIANS | D28: MLB | E28: =B28 -> NIN | F28: SPORTS | G28: B | I28: CO | J28: REVERSABLE BEANIE | K28: BE | L28: BEANIE | M28: =K28 -> BE | N28: 의류외 | P28: 모자 | AC28: CD | AE28: Walnut | AF28: =AD28 -> 0 | AH28: I | AI28: 612 | AJ28: 61/2(52CM) | AK28: 3 | AL28: =AI28 -> 612
A29: AZ | B29: NMR | C29: MLB MARINERS | D29: MLB | E29: =B29 -> NMR | F29: SPORTS | G29: B | I29: CR | J29: CUFF KNIT BEANIE | K29: BE | L29: BEANIE | M29: =K29 -> BE | N29: 의류외 | P29: 모자 | AC29: CE | AD29: CL | AE29: CAMEL | AF29: =AD29 -> CL | AH29: J | AI29: 658 | AJ29: 65/8(53CM) | AK29: 3 | AL29: =AI29 -> 658
A30: AL | B30: NMA | C30: MLB MARLINS | D30: MLB | E30: =B30 -> NMA | F30: SPORTS | G30: B | I30: CP | J30: VISOR BEANIE (챙비니) | K30: VB | L30: VISOR BEANIE | M30: =K30 -> VB | N30: 의류외 | P30: 모자 | AC30: CF | AE30: PLAID BROWN | AF30: =AD30 -> 0 | AH30: K | AI30: 634 | AJ30: 63/4(54CM) | AK30: 3 | AL30: =AI30 -> 634
A31: AS | B31: NME | C31: MLB METS | D31: MLB | E31: =B31 -> NME | F31: SPORTS | G31: B | I31: CQ | J31: EARFLAP BEANIE | K31: EB | L31: EARFLAP BEANIE | M31: =K31 -> EB | N31: 의류외 | P31: 모자 | AC31: E0 | AD31: GY | AE31: Grey | AF31: =AD31 -> GY | AH31: D | AI31: 678 | AJ31: 67/8(55CM) | AK31: 3 | AL31: =AI31 -> 678
A32: A5 | B32: NNA | C32: MLB NATIONALS | D32: MLB | E32: =B32 -> NNA | F32: SPORTS | G32: B | J32: EARCAP | K32: ER | L32: EARCAP | M32: =K32 -> ER | N32: 의류외 | P32: 모자 | AC32: E1 | AE32: Light Grey | AF32: =AD32 -> 0
A33: AD | B33: NOR | C33: MLB ORIOLES | D33: MLB | E33: =B33 -> NOR | F33: SPORTS | G33: B | J33: TROOPER | K33: TP | L33: TROOPER | M33: =K33 -> TP | N33: 의류외 | P33: 모자 | AC33: E2 | AE33: Dk.Grey | AF33: =AD33 -> 0 | AH33: 4 | AI33: 240 | AJ33: 240 | AK33: 4 | AL33: =AI33 -> 240
A34: AX | B34: NPA | C34: MLB PADRES | D34: MLB | E34: =B34 -> NPA | F34: SPORTS | G34: B | I34: EA | J34: KNIT MUFFLER | K34: MU | L34: MUFFLER | M34: =K34 -> MU | N34: 의류외 | O34: ACC | P34: ACC | AC34: E3 | AE34: C.Coal Grey | AF34: =AD34 -> 0 | AH34: 5 | AI34: 250 | AJ34: 250 | AK34: 4 | AL34: =AI34 -> 250
A35: AV | B35: NPH | C35: MLB PHILLIES | D35: MLB | E35: =B35 -> NPH | F35: SPORTS | G35: B | I35: EB | J35: HOOD MUFFLER | K35: MU | L35: MUFFLER | M35: =K35 -> MU | N35: 의류외 | P35: ACC | AC35: E4 | AE35: Gunmetal | AF35: =AD35 -> 0 | AH35: 7 | AI35: 270 | AJ35: 270 | AK35: 4 | AL35: =AI35 -> 270
A36: AW | B36: NPI | C36: MLB PIRATES | D36: MLB | E36: =B36 -> NPI | F36: SPORTS | G36: B | I36: EC | J36: SCARF | K36: MU | L36: MUFFLER | M36: =K36 -> MU | N36: 의류외 | P36: ACC | AC36: E5 | AE36: PLAID GREY | AF36: =AD36 -> 0 | AH36: 8 | AI36: 280 | AJ36: 280 | AK36: 4 | AL36: =AI36 -> 280
A37: A3 | B37: NRA | C37: MLB RANGERS | D37: MLB | E37: =B37 -> NRA | F37: SPORTS | G37: B | J37: WARMER | K37: WA | L37: WARMER | M37: =K37 -> WA | N37: 의류외 | O37: ACC | P37: ACC | AC37: E6 | AE37: Light Beige | AF37: =AD37 -> 0
A38: AH | B38: NRD | C38: MLB REDS | D38: MLB | E38: =B38 -> NRD | F38: SPORTS | G38: B | I38: ED | J38: MITTEN(장갑) | K38: ED | L38: MITTEN | M38: =K38 -> ED | N38: 의류외 | O38: ACC | P38: ACC | AC38: G0 | AD38: MT | AE38: Mint | AF38: =AD38 -> MT
A39: AE | B39: NRE | C39: MLB REDSOX | D39: MLB | E39: =B39 -> NRE | F39: SPORTS | G39: B | I39: FA | J39: CAP CARRIER(모자 휴대가방) | K39: CC | L39: CAP CARRIER | M39: =K39 -> CC | N39: 의류외 | O39: ACC | P39: ACC | AC39: G1 | AD39: GR | AE39: Green | AF39: =AD39 -> GR
A40: AJ | B40: NRO | C40: MLB ROCKIES | D40: MLB | E40: =B40 -> NRO | F40: SPORTS | G40: B | I40: FB | J40: CAP SPRAY(모자 세정액) | K40: CS | L40: CAP SPRAY | M40: =K40 -> CS | N40: 의류외 | O40: ACC | P40: ACC | AC40: G2 | AE40: Olive | AF40: =AD40 -> 0
A41: AN | B41: NRY | C41: MLB ROYALS | D41: MLB | E41: =B41 -> NRY | F41: SPORTS | G41: B | I41: FC | J41: DP cap (빅모자) | K41: DC | L41: DP cap | M41: =K41 -> DC | N41: 의류외 | O41: ACC | P41: ACC | AC41: G3 | AE41: New Olive | AF41: =AD41 -> 0
A42: AK | B42: NTI | C42: MLB TIGERS | D42: MLB | E42: =B42 -> NTI | F42: SPORTS | G42: B | J42: 액서사리 | K42: AC | L42: ACC | M42: =K42 -> AC | N42: 의류외 | P42: ACC | AC42: G4 | AE42: Light Olive | AF42: =AD42 -> 0
A43: AR | B43: NTW | C43: MLB TWINS | D43: MLB | E43: =B43 -> NTW | F43: SPORTS | G43: B | I43: AN | J43: 반팔 | K43: TS | L43: SHOT SLEEVES | M43: =K43 -> TS | N43: 의류 | O43: 의류 | P43: 의류 | AC43: G5 | AE43: P.Green | AF43: =AD43 -> 0
A44: AG | B44: NWS | C44: MLB W'SOX | D44: MLB | E44: =B44 -> NWS | F44: SPORTS | G44: B | J44: 긴팔 | K44: TL | L44: LONG SLEEVES | M44: =K44 -> TL | N44: 의류 | O44: 의류 | P44: 의류 | AC44: G6 | AE44: R.Green | AF44: =AD44 -> 0
A45: AT | B45: NYA | C45: MLB YANKEES | D45: MLB | E45: =B45 -> NYA | F45: SPORTS | G45: B | J45: 후드티 | K45: TH | L45: HOODED T-SHIRTS | M45: =K45 -> TH | N45: 의류 | O45: 의류 | P45: 의류 | AC45: G7 | AE45: Deep Green | AF45: =AD45 -> 0
A46: AA | B46: NEW | C46: NEW ERA | D46: MLB | E46: =B46 -> NEW | F46: SPORTS | G46: B | K46: HP | L46: HOODED JUMPER | M46: =K46 -> HP | N46: 의류 | O46: 의류 | P46: 의류 | AC46: G8 | AE46: Green Checker | AF46: =AD46 -> 0
A47: KF | B47: KNE | C47: NEXEN HEROES | D47: KBO | E47: =B47 -> KNE | F47: SPORTS | G47: B | J47: 야구점퍼 | K47: JP | L47: JUMPER | M47: =K47 -> JP | N47: 의류 | O47: 의류 | P47: 의류 | AC47: G9 | AE47: Dk. Green | AF47: =AD47 -> 0
A48: KE | B48: KSA | C48: SAMSUNG LIONS | D48: KBO | E48: =B48 -> KSA | F48: SPORTS | G48: B | I48: FF | J48: 쪼리 | K48: FF | L48: 쪼리 | M48: =K48 -> FF | N48: 의류외 | O48: 신발 | P48: 신발 | AC48: GA | AE48: Olive Camo | AF48: =AD48 -> 0
A49: KB | B49: KSK | C49: SK WYVERNS | D49: KBO | E49: =B49 -> KSK | F49: SPORTS | G49: B | I49: BP | J49: 백팩 | K49: BP | L49: BACK PACK | M49: =K49 -> BP | N49: 의류외 | O49: 가방 | P49: 가방 | AC49: GB | AD49: AR | AE49: Army | AF49: =AD49 -> AR
B50: BBC | C50: NBA BOSTON CELTICS | D50: NBA | E50: =B50 -> BBC | F50: SPORTS | G50: B | K50: JS | L50: JUMPSUIT | M50: =K50 -> JS | N50: 의류 | O50: 의류 | P50: 의류 | AC50: GC | AE50: Spruce | AF50: =AD50 -> 0
B51: BCB | C51: NBA CHICAGO BULLS | D51: NBA | E51: =B51 -> BCB | F51: SPORTS | G51: B | K51: SB | L51: SHOULDER BAG | M51: SB | N51: 의류외 | O51: 가방 | P51: 가방 | AC51: N0 | AD51: NY | AE51: Navy | AF51: =AD51 -> NY
A52: FA | B52: VOL | C52: VOLCOM | D52: =B52 -> VOL | E52: =B52 -> VOL | F52: SPORTS | G52: B | K52: PT | L52: PANTS | M52: PT | N52: 의류 | O52: 의류 | P52: 의류 | AC52: N1 | AE52: Dk.Navy | AF52: =AD52 -> 0
A53: FB | B53: BIL | C53: BILLABONG | D53: =B53 -> BIL | E53: =B53 -> BIL | F53: STREET | G53: B | AC53: N2 | AD53: PP | AE53: Purple | AF53: =AD53 -> PP
A54: FC | B54: QSV | C54: QUIKSILVER | D54: =B54 -> QSV | E54: =B54 -> QSV | F54: STREET | G54: B | AC54: N3 | AE54: Dk.Purple | AF54: =AD54 -> 0
A55: FD | B55: ROX | C55: ROXY | D55: =B55 -> ROX | E55: =B55 -> ROX | F55: STREET | G55: B | AC55: N4 | AE55: VIOLET | AF55: =AD55 -> 0
A56: FE | B56: GRA | C56: GRACEHAT | D56: =B56 -> GRA | E56: =B56 -> GRA | F56: F-HAT | G56: B | AC56: N5 | AE56: Magenta Checker | AF56: =AD56 -> 0
B57: GRL | C57: GRACEHAT(LUI MARCHE) | D57: =B57 -> GRL | E57: =B57 -> GRL | F57: F-HAT | G57: B | AC57: N6 | AE57: Navy Checker | AF57: =AD57 -> 0
B58: GRH | C58: GRACEHAT(DISTRIBUTION) | D58: =B58 -> GRH | E58: =B58 -> GRH | F58: F-HAT | G58: B | AC58: N7 | AE58: Light Purple | AF58: =AD58 -> 0
A59: FF | B59: BUT | C59: BURTON | D59: =B59 -> BUT | E59: =B59 -> BUT | F59: STREET | G59: B | AC59: N8 | AE59: Navy Stripe | AF59: =AD59 -> 0
A60: FG | B60: ZZZ | C60: FOX RACING | D60: =B60 -> ZZZ | E60: =B60 -> ZZZ | G60: B | AC60: N9 | AE60: Marine | AF60: =AD60 -> 0
A61: FH | B61: ZZZ | C61: HURLEY | D61: =B61 -> ZZZ | E61: =B61 -> ZZZ | G61: B | AC61: NA | AE61: Mage | AF61: =AD61 -> 0
A62: FI | B62: STU | C62: STUSSY | D62: =B62 -> STU | E62: =B62 -> STU | F62: STREET | G62: B | AC62: NB | AE62: MULTI | AF62: =AD62 -> 0
A63: FJ | B63: NIX | C63: NIXON | D63: =B63 -> NIX | E63: =B63 -> NIX | F63: STREET | G63: B | AC63: R0 | AD63: RE | AE63: Red | AF63: =AD63 -> RE
A64: FK | B64: ZZZ | C64: D.C | D64: =B64 -> ZZZ | E64: =B64 -> ZZZ | G64: B | AC64: R1 | AE64: Maroon | AF64: =AD64 -> 0
A65: FL | B65: ANA | C65: ANALOG | D65: =B65 -> ANA | E65: =B65 -> ANA | F65: STREET | G65: B | AC65: R2 | AE65: Wine | AF65: =AD65 -> 0
A66: FM | B66: ADA | C66: ADIDAS | D66: =B66 -> ADA | E66: =B66 -> ADA | F66: STREET | G66: B | AC66: R3 | AD66: PK | AE66: Pink | AF66: =AD66 -> PK
A67: FN | B67: NKE | C67: NIKE | D67: =B67 -> NKE | E67: =B67 -> NKE | G67: B | AC67: R4 | AE67: Light Pink | AF67: =AD67 -> 0
A68: FO | B68: PUM | C68: PUMA | D68: =B68 -> PUM | E68: =B68 -> PUM | G68: B | AC68: R5 | AE68: Hot Pink | AF68: =AD68 -> 0
A69: FP | B69: ZZZ | C69: 7 UNION | D69: =B69 -> ZZZ | E69: =B69 -> ZZZ | G69: B | AC69: R6 | AE69: Metalic Pink | AF69: =AD69 -> 0
A70: FQ | B70: ZZZ | C70: SUPRA | D70: =B70 -> ZZZ | E70: =B70 -> ZZZ | G70: B | AC70: R7 | AE70: Pink Leopard | AF70: =AD70 -> 0
A71: FR | B71: ZZZ | C71: KR3W | D71: =B71 -> ZZZ | E71: =B71 -> ZZZ | G71: B | AC71: R8 | AE71: Pearl Pink | AF71: =AD71 -> 0
A72: FS | B72: ZZZ | C72: C1RCA | D72: =B72 -> ZZZ | E72: =B72 -> ZZZ | G72: B | AC72: R9 | AE72: Fuchsia Pink | AF72: =AD72 -> 0
A73: FY | B73: ZZZ | C73: RIP CURL | D73: =B73 -> ZZZ | E73: =B73 -> ZZZ | G73: B | AC73: RA | AE73: Lava | AF73: =AD73 -> 0
A74: FZ | B74: ZZZ | C74: ES | D74: =B74 -> ZZZ | E74: =B74 -> ZZZ | G74: B | AC74: RB | AE74: PLAID RED | AF74: =AD74 -> 0
A75: F0 | B75: DRA | C75: DRAGON | D75: =B75 -> DRA | E75: =B75 -> DRA | F75: STREET | G75: B | AC75: U0 | AD75: BL | AE75: Blue | AF75: =AD75 -> BL
A76: F1 | B76: HUF | C76: HUF | D76: =B76 -> HUF | E76: =B76 -> HUF | F76: STREET | G76: B | AC76: U1 | AE76: Light.Blue | AF76: =AD76 -> 0
A77: F2 | B77: HUN | C77: HUNDREDS | D77: =B77 -> HUN | E77: =B77 -> HUN | F77: STREET | G77: B | AC77: U2 | AE77: Deep.Blue | AF77: =AD77 -> 0
A78: F3 | B78: ZZZ | C78: TROPICAL SOUND | D78: =B78 -> ZZZ | E78: =B78 -> ZZZ | G78: B | AC78: U3 | AE78: Sky Blue | AF78: =AD78 -> 0
A79: F4 | B79: GOO | C79: GOORIN BROTHERS | D79: =B79 -> GOO | E79: =B79 -> GOO | F79: F-HAT | G79: B | AC79: U4 | AE79: Indigo | AF79: =AD79 -> 0
B80: GOL | C80: GOORIN BROTHERS(LUI MARCHE) | D80: =B80 -> GOL | E80: =B80 -> GOL | F80: F-HAT | G80: B | AC80: U5 | AE80: Royal | AF80: =AD80 -> 0
B81: GOD | C81: GOORIN BROTHERS(DISTRIBUTION) | D81: =B81 -> GOD | E81: =B81 -> GOD | F81: F-HAT | G81: B | AC81: U6 | AE81: Dk Blue | AF81: =AD81 -> 0
A82: F5 | B82: CRO | C82: CROOKS & CASTLE | D82: =B82 -> CRO | E82: =B82 -> CRO | F82: STREET | G82: B | AC82: U7 | AE82: Royal Blue | AF82: =AD82 -> 0
A83: F6 | B83: ZZZ | C83: ELECTRIC | D83: =B83 -> ZZZ | E83: =B83 -> ZZZ | G83: B | AC83: U8 | AE83: Teal | AF83: =AD83 -> 0
A84: F7 | B84: ZZZ | C84: GRAVIS | D84: =B84 -> ZZZ | E84: =B84 -> ZZZ | G84: B | AC84: U9 | AE84: CYPRESS | AF84: =AD84 -> 0
A85: F8 | B85: ZZZ | C85: OFFICIAL | D85: =B85 -> ZZZ | E85: =B85 -> ZZZ | G85: B | AC85: W0 | AD85: WH | AE85: White | AF85: =AD85 -> WH
A86: GA | B86: ZZZ | C86: SHIFT | D86: =B86 -> ZZZ | E86: =B86 -> ZZZ | G86: B | AC86: W1 | AD86: SL | AE86: Silver | AF86: =AD86 -> SL
A87: GB | B87: TRU | C87: TRUE RELIGION | D87: =B87 -> TRU | E87: =B87 -> TRU | F87: F-CAP | G87: B | AC87: W2 | AE87: Metalic Silver | AF87: =AD87 -> 0
B88: TRL | C88: TRUE RELIGION(LUI MARCHE) | D88: =B88 -> TRL | E88: =B88 -> TRL | F88: F-CAP | G88: B | AC88: W3 | AD88: IV | AE88: Ivory | AF88: =AD88 -> IV
A89: GC | B89: DAK | C89: DAKINE | D89: =B89 -> DAK | E89: =B89 -> DAK | F89: STREET | G89: B | AC89: W4 | AE89: White/Grey | AF89: =AD89 -> 0
A90: GD | B90: ZZZ | C90: OAKLEY | D90: =B90 -> ZZZ | E90: =B90 -> ZZZ | G90: B | AC90: W5 | AE90: White/DK.Grey | AF90: =AD90 -> 0
A91: GE | B91: EDH | C91: ED HARDY | D91: =B91 -> EDH | E91: =B91 -> EDH | F91: F-CAP | G91: B | AC91: Y0 | AD91: YE | AE91: Yellow | AF91: =AD91 -> YE
A92: GF | B92: ZZZ | C92: ITALY | D92: =B92 -> ZZZ | E92: =B92 -> ZZZ | G92: B | AC92: Y1 | AE92: Ab.Yellow | AF92: =AD92 -> 0
A93: GG | B93: ZZZ | C93: UNDER AMOUR | D93: =B93 -> ZZZ | E93: =B93 -> ZZZ | G93: B | AC93: Y2 | AD93: GD | AE93: Gold | AF93: =AD93 -> GD
A94: GH | B94: ZZZ | C94: NEW BALANCE | D94: =B94 -> ZZZ | E94: =B94 -> ZZZ | G94: B | AC94: Y3 | AE94: Old Gold | AF94: =AD94 -> 0
A95: GI | B95: ZZZ | C95: O'NEILL | D95: =B95 -> ZZZ | E95: =B95 -> ZZZ | G95: B | AC95: Y4 | AE95: Pumpkin | AF95: =AD95 -> 0
A96: GJ | B96: KAN | C96: KANGOL | D96: =B96 -> KAN | E96: =B96 -> KAN | F96: F-HAT | G96: B | AC96: Y5 | AD96: OR | AE96: Orange | AF96: =AD96 -> OR
A97: GK | B97: ZZZ | C97: A.KURTZ | D97: =B97 -> ZZZ | E97: =B97 -> ZZZ | G97: B | AC97: Y6 | AE97: BT Orange | AF97: =AD97 -> 0
A98: GL | B98: ZZZ | C98: THE NORTH FACE | D98: =B98 -> ZZZ | E98: =B98 -> ZZZ | G98: B | AC98: Y7 | AE98: Mustard | AF98: =AD98 -> 0
A99: GM | B99: ZZZ | C99: OBEY | D99: =B99 -> ZZZ | E99: =B99 -> ZZZ | G99: B
A100: GR | B100: WES | C100: WESC | D100: =B100 -> WES | E100: =B100 -> WES | F100: STREET | G100: B
...

Sheet 주
A1: 월일 | B1: 요일 | C1: 주 | D1: 월 | E1: 주 | F1: 월주
A2: 41448 | B2: =TEXT(A2,"AAA") -> 일 | C2: =WEEKNUM(A2) -> 26 | D2: 6 | E2: 4 | F2: =D2&"월 "&E2&"주" -> 6월 4주
A3: =A2+1 -> 41449 | B3: =TEXT(A3,"AAA") -> 월 | C3: =WEEKNUM(A3) -> 26 | D3: =D2 -> 6 | E3: =E2 -> 4 | F3: =D3&"월 "&E3&"주" -> 6월 4주
A4: =A3+1 -> 41450 | B4: =TEXT(A4,"AAA") -> 화 | C4: =WEEKNUM(A4) -> 26 | D4: =D3 -> 6 | E4: =E3 -> 4 | F4: =D4&"월 "&E4&"주" -> 6월 4주
A5: =A4+1 -> 41451 | B5: =TEXT(A5,"AAA") -> 수 | C5: =WEEKNUM(A5) -> 26 | D5: =D4 -> 6 | E5: =E4 -> 4 | F5: =D5&"월 "&E5&"주" -> 6월 4주
A6: =A5+1 -> 41452 | B6: =TEXT(A6,"AAA") -> 목 | C6: =WEEKNUM(A6) -> 26 | D6: =D5 -> 6 | E6: =E5 -> 4 | F6: =D6&"월 "&E6&"주" -> 6월 4주
A7: =A6+1 -> 41453 | B7: =TEXT(A7,"AAA") -> 금 | C7: =WEEKNUM(A7) -> 26 | D7: =D6 -> 6 | E7: =E6 -> 4 | F7: =D7&"월 "&E7&"주" -> 6월 4주
A8: =A7+1 -> 41454 | B8: =TEXT(A8,"AAA") -> 토 | C8: =WEEKNUM(A8) -> 26 | D8: =D7 -> 6 | E8: =E7 -> 4 | F8: =D8&"월 "&E8&"주" -> 6월 4주
A9: =A8+1 -> 41455 | B9: =TEXT(A9,"AAA") -> 일 | C9: =WEEKNUM(A9) -> 27 | D9: 7 | E9: =E8 -> 4 | F9: =D9&"월 "&E9&"주" -> 7월 4주
A10: =A9+1 -> 41456 | B10: =TEXT(A10,"AAA") -> 월 | C10: =WEEKNUM(A10) -> 27 | D10: =D9 -> 7 | E10: 1 | F10: =D10&"월 "&E10&"주" -> 7월 1주
A11: =A10+1 -> 41457 | B11: =TEXT(A11,"AAA") -> 화 | C11: =WEEKNUM(A11) -> 27 | D11: =D10 -> 7 | E11: =E10 -> 1 | F11: =D11&"월 "&E11&"주" -> 7월 1주
A12: =A11+1 -> 41458 | B12: =TEXT(A12,"AAA") -> 수 | C12: =WEEKNUM(A12) -> 27 | D12: =D11 -> 7 | E12: =E11 -> 1 | F12: =D12&"월 "&E12&"주" -> 7월 1주
A13: =A12+1 -> 41459 | B13: =TEXT(A13,"AAA") -> 목 | C13: =WEEKNUM(A13) -> 27 | D13: =D12 -> 7 | E13: =E12 -> 1 | F13: =D13&"월 "&E13&"주" -> 7월 1주
A14: =A13+1 -> 41460 | B14: =TEXT(A14,"AAA") -> 금 | C14: =WEEKNUM(A14) -> 27 | D14: =D13 -> 7 | E14: =E13 -> 1 | F14: =D14&"월 "&E14&"주" -> 7월 1주
A15: =A14+1 -> 41461 | B15: =TEXT(A15,"AAA") -> 토 | C15: =WEEKNUM(A15) -> 27 | D15: =D14 -> 7 | E15: =E14 -> 1 | F15: =D15&"월 "&E15&"주" -> 7월 1주
A16: =A15+1 -> 41462 | B16: =TEXT(A16,"AAA") -> 일 | C16: =WEEKNUM(A16) -> 28 | D16: =D15 -> 7 | E16: =E9+1 -> 5 | F16: =D16&"월 "&E16&"주" -> 7월 5주
A17: =A16+1 -> 41463 | B17: =TEXT(A17,"AAA") -> 월 | C17: =WEEKNUM(A17) -> 28 | D17: =D16 -> 7 | E17: =E16 -> 5 | F17: =D17&"월 "&E17&"주" -> 7월 5주
A18: =A17+1 -> 41464 | B18: =TEXT(A18,"AAA") -> 화 | C18: =WEEKNUM(A18) -> 28 | D18: =D17 -> 7 | E18: =E17 -> 5 | F18: =D18&"월 "&E18&"주" -> 7월 5주
A19: =A18+1 -> 41465 | B19: =TEXT(A19,"AAA") -> 수 | C19: =WEEKNUM(A19) -> 28 | D19: =D18 -> 7 | E19: =E18 -> 5 | F19: =D19&"월 "&E19&"주" -> 7월 5주
A20: =A19+1 -> 41466 | B20: =TEXT(A20,"AAA") -> 목 | C20: =WEEKNUM(A20) -> 28 | D20: =D19 -> 7 | E20: =E19 -> 5 | F20: =D20&"월 "&E20&"주" -> 7월 5주
A21: =A20+1 -> 41467 | B21: =TEXT(A21,"AAA") -> 금 | C21: =WEEKNUM(A21) -> 28 | D21: =D20 -> 7 | E21: =E20 -> 5 | F21: =D21&"월 "&E21&"주" -> 7월 5주
A22: =A21+1 -> 41468 | B22: =TEXT(A22,"AAA") -> 토 | C22: =WEEKNUM(A22) -> 28 | D22: =D21 -> 7 | E22: =E21 -> 5 | F22: =D22&"월 "&E22&"주" -> 7월 5주
A23: =A22+1 -> 41469 | B23: =TEXT(A23,"AAA") -> 일 | C23: =WEEKNUM(A23) -> 29 | D23: =D22 -> 7 | E23: =E16+1 -> 6 | F23: =D23&"월 "&E23&"주" -> 7월 6주
A24: =A23+1 -> 41470 | B24: =TEXT(A24,"AAA") -> 월 | C24: =WEEKNUM(A24) -> 29 | D24: =D23 -> 7 | E24: =E23 -> 6 | F24: =D24&"월 "&E24&"주" -> 7월 6주
A25: =A24+1 -> 41471 | B25: =TEXT(A25,"AAA") -> 화 | C25: =WEEKNUM(A25) -> 29 | D25: =D24 -> 7 | E25: =E24 -> 6 | F25: =D25&"월 "&E25&"주" -> 7월 6주
A26: =A25+1 -> 41472 | B26: =TEXT(A26,"AAA") -> 수 | C26: =WEEKNUM(A26) -> 29 | D26: =D25 -> 7 | E26: =E25 -> 6 | F26: =D26&"월 "&E26&"주" -> 7월 6주
A27: =A26+1 -> 41473 | B27: =TEXT(A27,"AAA") -> 목 | C27: =WEEKNUM(A27) -> 29 | D27: =D26 -> 7 | E27: =E26 -> 6 | F27: =D27&"월 "&E27&"주" -> 7월 6주
A28: =A27+1 -> 41474 | B28: =TEXT(A28,"AAA") -> 금 | C28: =WEEKNUM(A28) -> 29 | D28: =D27 -> 7 | E28: =E27 -> 6 | F28: =D28&"월 "&E28&"주" -> 7월 6주
A29: =A28+1 -> 41475 | B29: =TEXT(A29,"AAA") -> 토 | C29: =WEEKNUM(A29) -> 29 | D29: =D28 -> 7 | E29: =E28 -> 6 | F29: =D29&"월 "&E29&"주" -> 7월 6주
A30: =A29+1 -> 41476 | B30: =TEXT(A30,"AAA") -> 일 | C30: =WEEKNUM(A30) -> 30 | D30: =D29 -> 7 | E30: =E23+1 -> 7 | F30: =D30&"월 "&E30&"주" -> 7월 7주
A31: =A30+1 -> 41477 | B31: =TEXT(A31,"AAA") -> 월 | C31: =WEEKNUM(A31) -> 30 | D31: =D30 -> 7 | E31: =E30 -> 7 | F31: =D31&"월 "&E31&"주" -> 7월 7주
A32: =A31+1 -> 41478 | B32: =TEXT(A32,"AAA") -> 화 | C32: =WEEKNUM(A32) -> 30 | D32: =D31 -> 7 | E32: =E31 -> 7 | F32: =D32&"월 "&E32&"주" -> 7월 7주
A33: =A32+1 -> 41479 | B33: =TEXT(A33,"AAA") -> 수 | C33: =WEEKNUM(A33) -> 30 | D33: =D32 -> 7 | E33: =E32 -> 7 | F33: =D33&"월 "&E33&"주" -> 7월 7주
A34: =A33+1 -> 41480 | B34: =TEXT(A34,"AAA") -> 목 | C34: =WEEKNUM(A34) -> 30 | D34: =D33 -> 7 | E34: =E33 -> 7 | F34: =D34&"월 "&E34&"주" -> 7월 7주
A35: =A34+1 -> 41481 | B35: =TEXT(A35,"AAA") -> 금 | C35: =WEEKNUM(A35) -> 30 | D35: =D34 -> 7 | E35: =E34 -> 7 | F35: =D35&"월 "&E35&"주" -> 7월 7주
A36: =A35+1 -> 41482 | B36: =TEXT(A36,"AAA") -> 토 | C36: =WEEKNUM(A36) -> 30 | D36: =D35 -> 7 | E36: =E35 -> 7 | F36: =D36&"월 "&E36&"주" -> 7월 7주
A37: =A36+1 -> 41483 | B37: =TEXT(A37,"AAA") -> 일 | C37: =WEEKNUM(A37) -> 31 | D37: 8 | E37: 1 | F37: =D37&"월 "&E37&"주" -> 8월 1주
A38: =A37+1 -> 41484 | B38: =TEXT(A38,"AAA") -> 월 | C38: =WEEKNUM(A38) -> 31 | D38: =D37 -> 8 | E38: =E37 -> 1 | F38: =D38&"월 "&E38&"주" -> 8월 1주
A39: =A38+1 -> 41485 | B39: =TEXT(A39,"AAA") -> 화 | C39: =WEEKNUM(A39) -> 31 | D39: =D38 -> 8 | E39: =E38 -> 1 | F39: =D39&"월 "&E39&"주" -> 8월 1주
A40: =A39+1 -> 41486 | B40: =TEXT(A40,"AAA") -> 수 | C40: =WEEKNUM(A40) -> 31 | D40: =D39 -> 8 | E40: =E39 -> 1 | F40: =D40&"월 "&E40&"주" -> 8월 1주
A41: =A40+1 -> 41487 | B41: =TEXT(A41,"AAA") -> 목 | C41: =WEEKNUM(A41) -> 31 | D41: =D40 -> 8 | E41: =E40 -> 1 | F41: =D41&"월 "&E41&"주" -> 8월 1주
A42: =A41+1 -> 41488 | B42: =TEXT(A42,"AAA") -> 금 | C42: =WEEKNUM(A42) -> 31 | D42: =D41 -> 8 | E42: =E41 -> 1 | F42: =D42&"월 "&E42&"주" -> 8월 1주
A43: =A42+1 -> 41489 | B43: =TEXT(A43,"AAA") -> 토 | C43: =WEEKNUM(A43) -> 31 | D43: =D42 -> 8 | E43: =E42 -> 1 | F43: =D43&"월 "&E43&"주" -> 8월 1주
A44: =A43+1 -> 41490 | B44: =TEXT(A44,"AAA") -> 일 | C44: =WEEKNUM(A44) -> 32 | D44: =D43 -> 8 | E44: =E37+1 -> 2 | F44: =D44&"월 "&E44&"주" -> 8월 2주
A45: =A44+1 -> 41491 | B45: =TEXT(A45,"AAA") -> 월 | C45: =WEEKNUM(A45) -> 32 | D45: =D44 -> 8 | E45: =E44 -> 2 | F45: =D45&"월 "&E45&"주" -> 8월 2주
A46: =A45+1 -> 41492 | B46: =TEXT(A46,"AAA") -> 화 | C46: =WEEKNUM(A46) -> 32 | D46: =D45 -> 8 | E46: =E45 -> 2 | F46: =D46&"월 "&E46&"주" -> 8월 2주
A47: =A46+1 -> 41493 | B47: =TEXT(A47,"AAA") -> 수 | C47: =WEEKNUM(A47) -> 32 | D47: =D46 -> 8 | E47: =E46 -> 2 | F47: =D47&"월 "&E47&"주" -> 8월 2주
A48: =A47+1 -> 41494 | B48: =TEXT(A48,"AAA") -> 목 | C48: =WEEKNUM(A48) -> 32 | D48: =D47 -> 8 | E48: =E47 -> 2 | F48: =D48&"월 "&E48&"주" -> 8월 2주
A49: =A48+1 -> 41495 | B49: =TEXT(A49,"AAA") -> 금 | C49: =WEEKNUM(A49) -> 32 | D49: =D48 -> 8 | E49: =E48 -> 2 | F49: =D49&"월 "&E49&"주" -> 8월 2주
A50: =A49+1 -> 41496 | B50: =TEXT(A50,"AAA") -> 토 | C50: =WEEKNUM(A50) -> 32 | D50: =D49 -> 8 | E50: =E49 -> 2 | F50: =D50&"월 "&E50&"주" -> 8월 2주
A51: =A50+1 -> 41497 | B51: =TEXT(A51,"AAA") -> 일 | C51: =WEEKNUM(A51) -> 33 | D51: =D50 -> 8 | E51: =E44+1 -> 3 | F51: =D51&"월 "&E51&"주" -> 8월 3주
A52: =A51+1 -> 41498 | B52: =TEXT(A52,"AAA") -> 월 | C52: =WEEKNUM(A52) -> 33 | D52: =D51 -> 8 | E52: =E51 -> 3 | F52: =D52&"월 "&E52&"주" -> 8월 3주
A53: =A52+1 -> 41499 | B53: =TEXT(A53,"AAA") -> 화 | C53: =WEEKNUM(A53) -> 33 | D53: =D52 -> 8 | E53: =E52 -> 3 | F53: =D53&"월 "&E53&"주" -> 8월 3주
A54: =A53+1 -> 41500 | B54: =TEXT(A54,"AAA") -> 수 | C54: =WEEKNUM(A54) -> 33 | D54: =D53 -> 8 | E54: =E53 -> 3 | F54: =D54&"월 "&E54&"주" -> 8월 3주
A55: =A54+1 -> 41501 | B55: =TEXT(A55,"AAA") -> 목 | C55: =WEEKNUM(A55) -> 33 | D55: =D54 -> 8 | E55: =E54 -> 3 | F55: =D55&"월 "&E55&"주" -> 8월 3주
A56: =A55+1 -> 41502 | B56: =TEXT(A56,"AAA") -> 금 | C56: =WEEKNUM(A56) -> 33 | D56: =D55 -> 8 | E56: =E55 -> 3 | F56: =D56&"월 "&E56&"주" -> 8월 3주
A57: =A56+1 -> 41503 | B57: =TEXT(A57,"AAA") -> 토 | C57: =WEEKNUM(A57) -> 33 | D57: =D56 -> 8 | E57: =E56 -> 3 | F57: =D57&"월 "&E57&"주" -> 8월 3주
A58: =A57+1 -> 41504 | B58: =TEXT(A58,"AAA") -> 일 | C58: =WEEKNUM(A58) -> 34 | D58: =D57 -> 8 | E58: =E51+1 -> 4 | F58: =D58&"월 "&E58&"주" -> 8월 4주
A59: =A58+1 -> 41505 | B59: =TEXT(A59,"AAA") -> 월 | C59: =WEEKNUM(A59) -> 34 | D59: =D58 -> 8 | E59: =E58 -> 4 | F59: =D59&"월 "&E59&"주" -> 8월 4주
A60: =A59+1 -> 41506 | B60: =TEXT(A60,"AAA") -> 화 | C60: =WEEKNUM(A60) -> 34 | D60: =D59 -> 8 | E60: =E59 -> 4 | F60: =D60&"월 "&E60&"주" -> 8월 4주
A61: =A60+1 -> 41507 | B61: =TEXT(A61,"AAA") -> 수 | C61: =WEEKNUM(A61) -> 34 | D61: =D60 -> 8 | E61: =E60 -> 4 | F61: =D61&"월 "&E61&"주" -> 8월 4주
A62: =A61+1 -> 41508 | B62: =TEXT(A62,"AAA") -> 목 | C62: =WEEKNUM(A62) -> 34 | D62: =D61 -> 8 | E62: =E61 -> 4 | F62: =D62&"월 "&E62&"주" -> 8월 4주
A63: =A62+1 -> 41509 | B63: =TEXT(A63,"AAA") -> 금 | C63: =WEEKNUM(A63) -> 34 | D63: =D62 -> 8 | E63: =E62 -> 4 | F63: =D63&"월 "&E63&"주" -> 8월 4주
A64: =A63+1 -> 41510 | B64: =TEXT(A64,"AAA") -> 토 | C64: =WEEKNUM(A64) -> 34 | D64: =D63 -> 8 | E64: =E63 -> 4 | F64: =D64&"월 "&E64&"주" -> 8월 4주
A65: =A64+1 -> 41511 | B65: =TEXT(A65,"AAA") -> 일 | C65: =WEEKNUM(A65) -> 35 | D65: =D64 -> 8 | E65: =E58+1 -> 5 | F65: =D65&"월 "&E65&"주" -> 8월 5주
A66: =A65+1 -> 41512 | B66: =TEXT(A66,"AAA") -> 월 | C66: =WEEKNUM(A66) -> 35 | D66: =D65 -> 8 | E66: =E65 -> 5 | F66: =D66&"월 "&E66&"주" -> 8월 5주
A67: =A66+1 -> 41513 | B67: =TEXT(A67,"AAA") -> 화 | C67: =WEEKNUM(A67) -> 35 | D67: =D66 -> 8 | E67: =E66 -> 5 | F67: =D67&"월 "&E67&"주" -> 8월 5주
A68: =A67+1 -> 41514 | B68: =TEXT(A68,"AAA") -> 수 | C68: =WEEKNUM(A68) -> 35 | D68: =D67 -> 8 | E68: =E67 -> 5 | F68: =D68&"월 "&E68&"주" -> 8월 5주
A69: =A68+1 -> 41515 | B69: =TEXT(A69,"AAA") -> 목 | C69: =WEEKNUM(A69) -> 35 | D69: =D68 -> 8 | E69: =E68 -> 5 | F69: =D69&"월 "&E69&"주" -> 8월 5주
A70: =A69+1 -> 41516 | B70: =TEXT(A70,"AAA") -> 금 | C70: =WEEKNUM(A70) -> 35 | D70: =D69 -> 8 | E70: =E69 -> 5 | F70: =D70&"월 "&E70&"주" -> 8월 5주
A71: =A70+1 -> 41517 | B71: =TEXT(A71,"AAA") -> 토 | C71: =WEEKNUM(A71) -> 35 | D71: =D70 -> 8 | E71: =E70 -> 5 | F71: =D71&"월 "&E71&"주" -> 8월 5주
A72: =A71+1 -> 41518 | B72: =TEXT(A72,"AAA") -> 일 | C72: =WEEKNUM(A72) -> 36 | D72: 9 | E72: 1 | F72: =D72&"월 "&E72&"주" -> 9월 1주
A73: =A72+1 -> 41519 | B73: =TEXT(A73,"AAA") -> 월 | C73: =WEEKNUM(A73) -> 36 | D73: =D72 -> 9 | E73: =E72 -> 1 | F73: =D73&"월 "&E73&"주" -> 9월 1주
A74: =A73+1 -> 41520 | B74: =TEXT(A74,"AAA") -> 화 | C74: =WEEKNUM(A74) -> 36 | D74: =D73 -> 9 | E74: =E73 -> 1 | F74: =D74&"월 "&E74&"주" -> 9월 1주
A75: =A74+1 -> 41521 | B75: =TEXT(A75,"AAA") -> 수 | C75: =WEEKNUM(A75) -> 36 | D75: =D74 -> 9 | E75: =E74 -> 1 | F75: =D75&"월 "&E75&"주" -> 9월 1주
A76: =A75+1 -> 41522 | B76: =TEXT(A76,"AAA") -> 목 | C76: =WEEKNUM(A76) -> 36 | D76: =D75 -> 9 | E76: =E75 -> 1 | F76: =D76&"월 "&E76&"주" -> 9월 1주
A77: =A76+1 -> 41523 | B77: =TEXT(A77,"AAA") -> 금 | C77: =WEEKNUM(A77) -> 36 | D77: =D76 -> 9 | E77: =E76 -> 1 | F77: =D77&"월 "&E77&"주" -> 9월 1주
A78: =A77+1 -> 41524 | B78: =TEXT(A78,"AAA") -> 토 | C78: =WEEKNUM(A78) -> 36 | D78: =D77 -> 9 | E78: =E77 -> 1 | F78: =D78&"월 "&E78&"주" -> 9월 1주
A79: =A78+1 -> 41525 | B79: =TEXT(A79,"AAA") -> 일 | C79: =WEEKNUM(A79) -> 37 | D79: =D78 -> 9 | E79: =E72+1 -> 2 | F79: =D79&"월 "&E79&"주" -> 9월 2주
A80: =A79+1 -> 41526 | B80: =TEXT(A80,"AAA") -> 월 | C80: =WEEKNUM(A80) -> 37 | D80: =D79 -> 9 | E80: =E79 -> 2 | F80: =D80&"월 "&E80&"주" -> 9월 2주
A81: =A80+1 -> 41527 | B81: =TEXT(A81,"AAA") -> 화 | C81: =WEEKNUM(A81) -> 37 | D81: =D80 -> 9 | E81: =E80 -> 2 | F81: =D81&"월 "&E81&"주" -> 9월 2주
A82: =A81+1 -> 41528 | B82: =TEXT(A82,"AAA") -> 수 | C82: =WEEKNUM(A82) -> 37 | D82: =D81 -> 9 | E82: =E81 -> 2 | F82: =D82&"월 "&E82&"주" -> 9월 2주
A83: =A82+1 -> 41529 | B83: =TEXT(A83,"AAA") -> 목 | C83: =WEEKNUM(A83) -> 37 | D83: =D82 -> 9 | E83: =E82 -> 2 | F83: =D83&"월 "&E83&"주" -> 9월 2주
A84: =A83+1 -> 41530 | B84: =TEXT(A84,"AAA") -> 금 | C84: =WEEKNUM(A84) -> 37 | D84: =D83 -> 9 | E84: =E83 -> 2 | F84: =D84&"월 "&E84&"주" -> 9월 2주
A85: =A84+1 -> 41531 | B85: =TEXT(A85,"AAA") -> 토 | C85: =WEEKNUM(A85) -> 37 | D85: =D84 -> 9 | E85: =E84 -> 2 | F85: =D85&"월 "&E85&"주" -> 9월 2주
A86: =A85+1 -> 41532 | B86: =TEXT(A86,"AAA") -> 일 | C86: =WEEKNUM(A86) -> 38 | D86: =D85 -> 9 | E86: =E79+1 -> 3 | F86: =D86&"월 "&E86&"주" -> 9월 3주
A87: =A86+1 -> 41533 | B87: =TEXT(A87,"AAA") -> 월 | C87: =WEEKNUM(A87) -> 38 | D87: =D86 -> 9 | E87: =E86 -> 3 | F87: =D87&"월 "&E87&"주" -> 9월 3주
A88: =A87+1 -> 41534 | B88: =TEXT(A88,"AAA") -> 화 | C88: =WEEKNUM(A88) -> 38 | D88: =D87 -> 9 | E88: =E87 -> 3 | F88: =D88&"월 "&E88&"주" -> 9월 3주
A89: =A88+1 -> 41535 | B89: =TEXT(A89,"AAA") -> 수 | C89: =WEEKNUM(A89) -> 38 | D89: =D88 -> 9 | E89: =E88 -> 3 | F89: =D89&"월 "&E89&"주" -> 9월 3주
A90: =A89+1 -> 41536 | B90: =TEXT(A90,"AAA") -> 목 | C90: =WEEKNUM(A90) -> 38 | D90: =D89 -> 9 | E90: =E89 -> 3 | F90: =D90&"월 "&E90&"주" -> 9월 3주
A91: =A90+1 -> 41537 | B91: =TEXT(A91,"AAA") -> 금 | C91: =WEEKNUM(A91) -> 38 | D91: =D90 -> 9 | E91: =E90 -> 3 | F91: =D91&"월 "&E91&"주" -> 9월 3주
A92: =A91+1 -> 41538 | B92: =TEXT(A92,"AAA") -> 토 | C92: =WEEKNUM(A92) -> 38 | D92: =D91 -> 9 | E92: =E91 -> 3 | F92: =D92&"월 "&E92&"주" -> 9월 3주
A93: =A92+1 -> 41539 | B93: =TEXT(A93,"AAA") -> 일 | C93: =WEEKNUM(A93) -> 39 | D93: =D92 -> 9 | E93: =E86+1 -> 4 | F93: =D93&"월 "&E93&"주" -> 9월 4주
A94: =A93+1 -> 41540 | B94: =TEXT(A94,"AAA") -> 월 | C94: =WEEKNUM(A94) -> 39 | D94: =D93 -> 9 | E94: =E93 -> 4 | F94: =D94&"월 "&E94&"주" -> 9월 4주
A95: =A94+1 -> 41541 | B95: =TEXT(A95,"AAA") -> 화 | C95: =WEEKNUM(A95) -> 39 | D95: =D94 -> 9 | E95: =E94 -> 4 | F95: =D95&"월 "&E95&"주" -> 9월 4주
A96: =A95+1 -> 41542 | B96: =TEXT(A96,"AAA") -> 수 | C96: =WEEKNUM(A96) -> 39 | D96: =D95 -> 9 | E96: =E95 -> 4 | F96: =D96&"월 "&E96&"주" -> 9월 4주
A97: =A96+1 -> 41543 | B97: =TEXT(A97,"AAA") -> 목 | C97: =WEEKNUM(A97) -> 39 | D97: =D96 -> 9 | E97: =E96 -> 4 | F97: =D97&"월 "&E97&"주" -> 9월 4주
A98: =A97+1 -> 41544 | B98: =TEXT(A98,"AAA") -> 금 | C98: =WEEKNUM(A98) -> 39 | D98: =D97 -> 9 | E98: =E97 -> 4 | F98: =D98&"월 "&E98&"주" -> 9월 4주
A99: =A98+1 -> 41545 | B99: =TEXT(A99,"AAA") -> 토 | C99: =WEEKNUM(A99) -> 39 | D99: =D98 -> 9 | E99: =E98 -> 4 | F99: =D99&"월 "&E99&"주" -> 9월 4주
A100: =A99+1 -> 41546 | B100: =TEXT(A100,"AAA") -> 일 | C100: =WEEKNUM(A100) -> 40 | D100: 10 | E100: 1 | F100: =D100&"월 "&E100&"주" -> 10월 1주
...
