Workbook

Sheet 정리
B1: 13FW 샘플 진행 현황
B2: 생산업체별 샘플수 | J2: 총샘플수
B3: 개수 : 샘플수 | E3: 생산업체 | J3: 합계 : 샘플수
B4: 브랜드 | C4: 품목 | D4: SAMPLE NO. | E4: FOREMOST | F4: 성진 | G4: 캡보이 | J4: 브랜드 | K4: 품목 | L4: SAMPLE NO. | M4: 요약
B5: SMB | C5: FI | D5: 12FW SMB_02_FLAT_RD | F5: 2 | J5: SMB | K5: FI | L5: 12FW SMB_02_FLAT_RD | M5: 1
D6: 12FW SMB_03_FLAT_BK | F6: 2 | L6: 12FW SMB_03_FLAT_BK | M6: 1
C7: FI 요약 | F7: 4 | K7: FI 요약 | M7: 2
B8: SMB 요약 | F8: 4 | J8: SMB 요약 | M8: 2
B9: VBL | C9: BA | D9: 12FW VB 04_CAMP_BK | E9: 1 | J9: VBL | K9: BA | L9: 12FW VB 04_CAMP_BK | M9: 1
D10: 13FW VB 01_CURVED_GY | E10: 1 | F10: 1 | L10: 13FW VB 01_CURVED_GY | M10: 1
D11: 13FW VB 02_CURVED_GR | E11: 1 | F11: 1 | L11: 13FW VB 02_CURVED_GR | M11: 1
D12: 13FW VB 11_CURVED_BL | E12: 1 | F12: 1 | L12: 13FW VB 11_CURVED_BL | M12: 1
D13: 13FW VB 03_WIRE_OR | G13: 1 | L13: 13FW VB 03_WIRE_OR | M13: 1
D14: 13FW VB 04_CAMP_NV | E14: 1 | F14: 1 | L14: 13FW VB 04_CAMP_NV | M14: 1
D15: 13FW VB 05_CAMP_OR | E15: 1 | F15: 1 | L15: 13FW VB 05_CAMP_OR | M15: 1
D16: 13FW VB 06_CAMP_D.G | E16: 1 | F16: 1 | L16: 13FW VB 06_CAMP_D.G | M16: 1
D17: 13FW VB 07_CAMP_BK | E17: 1 | L17: 13FW VB 07_CAMP_BK | M17: 1
D18: 13FW VB 08_CAMP_RD | E18: 1 | L18: 13FW VB 08_CAMP_RD | M18: 1
D19: 13FW VB 09_CAMP_S.BL | E19: 1 | L19: 13FW VB 09_CAMP_S.BL | M19: 1
D20: 13FW VB 10_CAMP_BK | E20: 1 | F20: 1 | L20: 13FW VB 10_CAMP_BK | M20: 1
D21: 13FW VB 12_CAMP_GR | E21: 1 | L21: 13FW VB 12_CAMP_GR | M21: 1
D22: 13FW VB 13_CAMP_RD | E22: 1 | L22: 13FW VB 13_CAMP_RD | M22: 1
D23: 13FW VB 14_CAMP_NV | E23: 1 | L23: 13FW VB 14_CAMP_NV | M23: 1
D24: 13FW VB 15_CAMP_LEO | E24: 1 | L24: 13FW VB 15_CAMP_LEO | M24: 1
D25: 13FW VB 16_CAMP_BL | E25: 1 | L25: 13FW VB 16_CAMP_BL | M25: 1
D26: 13FW VB 17_CAMP_BK | E26: 1 | L26: 13FW VB 17_CAMP_BK | M26: 1
D27: 13FW VB 18_WIRE_MUS | E27: 1 | L27: 13FW VB 18_WIRE_MUS | M27: 1
D28: 13FW VB 19_WIRE_BK | E28: 1 | L28: 13FW VB 19_WIRE_BK | M28: 1
D29: 13FW VB 22_CURVED_CHECK | E29: 1 | L29: 13FW VB 22_CURVED_CHECK | M29: 1
D30: 13FW VB 23_8PANNEL_D.GREY | G30: 1 | L30: 13FW VB 23_8PANNEL_D.GREY | M30: 1
D31: 13FW VB 21_CURVED_GREY | G31: 1 | L31: 13FW VB 21_CURVED_GREY | M31: 1
D32: 13FW VB 20_CURVED_L.GREY | G32: 1 | L32: 13FW VB 20_CURVED_L.GREY | M32: 1
D33: 13SS VB 21_8PANNEL_BK | E33: 1 | L33: 13SS VB 21_8PANNEL_BK | M33: 1
C34: BA 요약 | E34: 21 | F34: 7 | G34: 4 | K34: BA 요약 | M34: 25
B35: VBL 요약 | E35: 21 | F35: 7 | G35: 4 | J35: VBL 요약 | M35: 25
B36: WTR | C36: BA | D36: 13FW WITAILOR CAP-01-OG | G36: 1 | J36: WTR | K36: BA | L36: 13FW WITAILOR CAP-01-OG | M36: 1
D37: 13FW WITAILOR CAP-02-BL | E37: 1 | G37: 1 | L37: 13FW WITAILOR CAP-02-BL | M37: 1
D38: 13FW WITAILOR CAP-03-GR | G38: 1 | L38: 13FW WITAILOR CAP-03-GR | M38: 1
C39: BA 요약 | E39: 1 | G39: 3 | K39: BA 요약 | M39: 3
C40: ER | D40: 13FW WITAILOR CAP-04-BL | G40: 1 | K40: ER | L40: 13FW WITAILOR CAP-04-BL | M40: 1
D41: 13FW WITAILOR CAP-11-KH | G41: 1 | L41: 13FW WITAILOR CAP-11-KH | M41: 1
C42: ER 요약 | G42: 2 | K42: ER 요약 | M42: 2
C43: MI | D43: 13FW WITAILOR CAP-08-NV | G43: 1 | K43: MI | L43: 13FW WITAILOR CAP-08-NV | M43: 1
D44: 13FW WITAILOR CAP-05-D.GY | E44: 1 | L44: 13FW WITAILOR CAP-05-D.GY | M44: 1
D45: 13FW WITAILOR CAP-06-GY | E45: 1 | L45: 13FW WITAILOR CAP-06-GY | M45: 1
D46: 13FW WITAILOR CAP-07-GY | E46: 1 | L46: 13FW WITAILOR CAP-07-GY | M46: 1
D47: 13FW WITAILOR CAP-09-GR | E47: 2 | L47: 13FW WITAILOR CAP-09-GR | M47: 1
D48: 13FW WITAILOR CAP-10-RD | E48: 1 | L48: 13FW WITAILOR CAP-10-RD | M48: 1
C49: MI 요약 | E49: 6 | G49: 1 | K49: MI 요약 | M49: 6
C50: TP | D50: 13FW WITAILOR CAP-12-GY | E50: 1 | K50: TP | L50: 13FW WITAILOR CAP-12-GY | M50: 1
C51: TP 요약 | E51: 1 | K51: TP 요약 | M51: 1
B52: WTR 요약 | E52: 8 | G52: 6 | J52: WTR 요약 | M52: 12
B53: 총합계 | E53: 29 | F53: 11 | G53: 10 | J53: 총합계 | M53: 39

Sheet Sheet1
A3: 개수 : SAMPLE NO. | B3: 열 레이블
A4: 행 레이블 | B4: 브랜드 | C4: JAY.PARK | D4: KONGHYOJIN | E4: SMB | F4: WTR | G4: (비어 있음) | H4: 총합계
A5: 동일모자 | E5: 25 | F5: 10 | H5: 35
A6: 생산업체 | B6: 1 | H6: 1
A7: 성진 | E7: 19 | H7: 19
A8: 캡보이 | C8: 5 | D8: 6 | H8: 11
A9: 캡보이2 | E9: 6 | H9: 6
A10: FOREMOST | E10: 7 | F10: 7 | H10: 14
A11: KIDS FIRST TOYS | E11: 2 | H11: 2
A12: QF | E12: 29 | H12: 29
A13: Y&Y | E13: 9 | H13: 9
A14: (비어 있음)
A15: 총합계 | B15: 1 | C15: 5 | D15: 6 | E15: 97 | F15: 17 | H15: 126

Sheet 리스트
C1: 14FW SAMPLE LIST
I2: 표기예 | M2: LEAD TIME | N2: 임의일자이니 확인되면 수정하고 색 지우기 | O2: 실입고일은 실제 샘플수령한 일자, 미입고시에는 공란 | S2: 총수=원자재 가지수 사용수=원자재 중 중국원자재 사용가지수 숫자로 표기
C3: * SAMPLE NO. = ARTWORK의 SAMPLE NO.와 동일해야 함 | I3: ADULT | M3: 국내제조
C4: * 발주일 = 작지+공급자재(+참조샘플) 최종 발송일 기준 | I4: CHILD | M4: 21
C5: * 목표입고일 = 발주시 생산업체와 협의 후 반드시 기록 | I5: INFANT | M5: 해외제조
C6: * 원가 = 입고시 반드시 기록 | M6: 28
J7: =SUM(J11:J1048576) -> 120.5
C8: 순번 | D8: 이미지 | E8: 브랜드 | F8: 품목 | G8: 러닝(R)/신규(N) | H8: SAMPLE NO. | I8: 연령구분 | J8: 샘플수 | K8: 생산업체 | L8: 일정 | P8: 원가 | R8: 참조샘플 발송여부 | S8: 중국원단사용수 | U8: 기타
A9: 브랜드/품목 | L9: 발주일 | M9: 목표입고일 | N9: 입고예정일 | O9: 실입고일 | P9: 해외 (FOB, USD, JPY) | Q9: 국내 (-V, KRW) | S9: 총수 | T9: 사용수
A10: 브랜드/품목 | B10: 공란 | C10: 순번 | D10: 이미지 | E10: 브랜드 | F10: 품목 | G10: 러닝(R)/신규(N) | H10: SAMPLE NO. | I10: 연령구분 | J10: 샘플수 | K10: 생산업체 | L10: 발주일 | M10: 목표입고일 | N10: 입고예정일 | O10: 실입고일 | P10: 해외원가 | Q10: 국내원가 | R10: 참조샘플 발송여부 | U10: 기타
A11: =IF(E11="","",IF(VLOOKUP($F11,CODE!$K:$O,CODE!$O$1,FALSE)="",$E11,$E11&"-"&VLOOKUP($F11,CODE!$K:$O,CODE!$O$1,FALSE))) -> SMB | C11: 1 | E11: SMB | F11: FI | G11: N | H11: 14FW SMB_01_FLAT_GR_N | I11: U | J11: =IF(ISERROR(1/COUNTIF(H:H,H11))=TRUE,0,1/COUNTIF(H:H,H11)) -> 1 | K11: QF | L11: 41662 | M11: =IF(ISERROR(VLOOKUP($K11,생산업체!$A:$C,생산업체!$A$1,FALSE))=TRUE,"업체리스트 참조 후 업체명 변경",IF(VLOOKUP($K11,생산업체!$A:$C,생산업체!$B$1,FALSE)=1,$L11+$M$6,$L11+$M$4)) -> 41690 | N11: 41719 | O11: 41711 | P11: 2.7 | S11: 2 | T11: 2
A12: =IF(E12="","",IF(VLOOKUP($F12,CODE!$K:$O,CODE!$O$1,FALSE)="",$E12,$E12&"-"&VLOOKUP($F12,CODE!$K:$O,CODE!$O$1,FALSE))) -> SMB | C12: =C11+1 -> 2 | E12: SMB | F12: FI | G12: N | H12: 14FW SMB_01_FLAT_NY_N | I12: U | J12: =IF(ISERROR(1/COUNTIF(H:H,H12))=TRUE,0,1/COUNTIF(H:H,H12)) -> 1 | K12: 동일모자 | L12: 41663 | M12: =IF(ISERROR(VLOOKUP($K12,생산업체!$A:$C,생산업체!$A$1,FALSE))=TRUE,"업체리스트 참조 후 업체명 변경",IF(VLOOKUP($K12,생산업체!$A:$C,생산업체!$B$1,FALSE)=1,$L12+$M$6,$L12+$M$4)) -> 41691 | N12: 41716 | O12: 41716 | P12: 3.85 | S12: 3 | T12: 3
A13: =IF(E13="","",IF(VLOOKUP($F13,CODE!$K:$O,CODE!$O$1,FALSE)="",$E13,$E13&"-"&VLOOKUP($F13,CODE!$K:$O,CODE!$O$1,FALSE))) -> SMB | C13: =C12+1 -> 3 | E13: SMB | F13: FI | G13: N | H13: 14FW SMB_02_FLAT_BL_N | I13: U | J13: =IF(ISERROR(1/COUNTIF(H:H,H13))=TRUE,0,1/COUNTIF(H:H,H13)) -> 1 | K13: QF | L13: 41662 | M13: =IF(ISERROR(VLOOKUP($K13,생산업체!$A:$C,생산업체!$A$1,FALSE))=TRUE,"업체리스트 참조 후 업체명 변경",IF(VLOOKUP($K13,생산업체!$A:$C,생산업체!$B$1,FALSE)=1,$L13+$M$6,$L13+$M$4)) -> 41690 | N13: 41719 | O13: 41717 | P13: 3.4 | S13: 3 | T13: 2 | U13: 크라운 및 챙 원단 국내제공시 가격
A14: =IF(E14="","",IF(VLOOKUP($F14,CODE!$K:$O,CODE!$O$1,FALSE)="",$E14,$E14&"-"&VLOOKUP($F14,CODE!$K:$O,CODE!$O$1,FALSE))) -> SMB | C14: =C13+1 -> 4 | E14: SMB | F14: FI | G14: N | H14: 14FW SMB_03_FLAT_BK_N | I14: U | J14: =IF(ISERROR(1/COUNTIF(H:H,H14))=TRUE,0,1/COUNTIF(H:H,H14)) -> 1 | K14: QF | L14: 41662 | M14: =IF(ISERROR(VLOOKUP($K14,생산업체!$A:$C,생산업체!$A$1,FALSE))=TRUE,"업체리스트 참조 후 업체명 변경",IF(VLOOKUP($K14,생산업체!$A:$C,생산업체!$B$1,FALSE)=1,$L14+$M$6,$L14+$M$4)) -> 41690 | N14: 41719 | O14: 41717 | P14: 3.4 | S14: 3 | T14: 2 | U14: 크라운 및 챙 원단 국내제공시 가격
A15: =IF(E15="","",IF(VLOOKUP($F15,CODE!$K:$O,CODE!$O$1,FALSE)="",$E15,$E15&"-"&VLOOKUP($F15,CODE!$K:$O,CODE!$O$1,FALSE))) -> SMB | C15: =C14+1 -> 5 | E15: SMB | F15: FI | G15: N | H15: 14FW SMB_05_FLAT_KH_N | I15: U | J15: =IF(ISERROR(1/COUNTIF(H:H,H15))=TRUE,0,1/COUNTIF(H:H,H15)) -> 1 | K15: QF | L15: 41662 | M15: =IF(ISERROR(VLOOKUP($K15,생산업체!$A:$C,생산업체!$A$1,FALSE))=TRUE,"업체리스트 참조 후 업체명 변경",IF(VLOOKUP($K15,생산업체!$A:$C,생산업체!$B$1,FALSE)=1,$L15+$M$6,$L15+$M$4)) -> 41690 | N15: 41719 | O15: 41709 | P15: 3.3 | S15: 2 | T15: 2
A16: =IF(E16="","",IF(VLOOKUP($F16,CODE!$K:$O,CODE!$O$1,FALSE)="",$E16,$E16&"-"&VLOOKUP($F16,CODE!$K:$O,CODE!$O$1,FALSE))) -> SMB | C16: =C15+1 -> 6 | E16: SMB | F16: FI | G16: N | H16: 14FW SMB_05_FLAT_PP_N | I16: U | J16: =IF(ISERROR(1/COUNTIF(H:H,H16))=TRUE,0,1/COUNTIF(H:H,H16)) -> 1 | K16: QF | L16: 41662 | M16: =IF(ISERROR(VLOOKUP($K16,생산업체!$A:$C,생산업체!$A$1,FALSE))=TRUE,"업체리스트 참조 후 업체명 변경",IF(VLOOKUP($K16,생산업체!$A:$C,생산업체!$B$1,FALSE)=1,$L16+$M$6,$L16+$M$4)) -> 41690 | N16: 41719 | O16: 41711 | P16: 3.2 | S16: 2 | T16: 2
A17: =IF(E17="","",IF(VLOOKUP($F17,CODE!$K:$O,CODE!$O$1,FALSE)="",$E17,$E17&"-"&VLOOKUP($F17,CODE!$K:$O,CODE!$O$1,FALSE))) -> SMB | C17: =C16+1 -> 7 | E17: SMB | F17: FI | G17: N | H17: 14FW SMB_05_FLAT_RE_N | I17: U | J17: =IF(ISERROR(1/COUNTIF(H:H,H17))=TRUE,0,1/COUNTIF(H:H,H17)) -> 1 | K17: QF | L17: 41662 | M17: =IF(ISERROR(VLOOKUP($K17,생산업체!$A:$C,생산업체!$A$1,FALSE))=TRUE,"업체리스트 참조 후 업체명 변경",IF(VLOOKUP($K17,생산업체!$A:$C,생산업체!$B$1,FALSE)=1,$L17+$M$6,$L17+$M$4)) -> 41690 | N17: 41719 | O17: 41709 | P17: 3.2 | S17: 2 | T17: 2
A18: =IF(E18="","",IF(VLOOKUP($F18,CODE!$K:$O,CODE!$O$1,FALSE)="",$E18,$E18&"-"&VLOOKUP($F18,CODE!$K:$O,CODE!$O$1,FALSE))) -> SMB | C18: =C17+1 -> 8 | E18: SMB | F18: FI | G18: N | H18: 14FW SMB_06_FLAT_BK_N | I18: U | J18: =IF(ISERROR(1/COUNTIF(H:H,H18))=TRUE,0,1/COUNTIF(H:H,H18)) -> 1 | K18: QF | L18: 41663 | M18: =IF(ISERROR(VLOOKUP($K18,생산업체!$A:$C,생산업체!$A$1,FALSE))=TRUE,"업체리스트 참조 후 업체명 변경",IF(VLOOKUP($K18,생산업체!$A:$C,생산업체!$B$1,FALSE)=1,$L18+$M$6,$L18+$M$4)) -> 41691 | N18: 41719 | O18: 41709 | P18: 4.5 | S18: 3 | T18: 3
A19: =IF(E19="","",IF(VLOOKUP($F19,CODE!$K:$O,CODE!$O$1,FALSE)="",$E19,$E19&"-"&VLOOKUP($F19,CODE!$K:$O,CODE!$O$1,FALSE))) -> SMB | C19: =C18+1 -> 9 | E19: SMB | F19: BA | G19: N | H19: 14FW SMB_01_CURVED_BK_N | I19: U | J19: =IF(ISERROR(1/COUNTIF(H:H,H19))=TRUE,0,1/COUNTIF(H:H,H19)) -> 1 | K19: 캡보이2 | L19: 41663 | M19: =IF(ISERROR(VLOOKUP($K19,생산업체!$A:$C,생산업체!$A$1,FALSE))=TRUE,"업체리스트 참조 후 업체명 변경",IF(VLOOKUP($K19,생산업체!$A:$C,생산업체!$B$1,FALSE)=1,$L19+$M$6,$L19+$M$4)) -> 41691 | N19: 41717 | O19: 41726 | S19: 3 | T19: 3
A20: =IF(E20="","",IF(VLOOKUP($F20,CODE!$K:$O,CODE!$O$1,FALSE)="",$E20,$E20&"-"&VLOOKUP($F20,CODE!$K:$O,CODE!$O$1,FALSE))) -> SMB | C20: =C19+1 -> 10 | E20: SMB | F20: BA | G20: N | H20: 14FW SMB_02_CURVED_NV_N | I20: U | J20: =IF(ISERROR(1/COUNTIF(H:H,H20))=TRUE,0,1/COUNTIF(H:H,H20)) -> 1 | K20: 성진 | L20: 41663 | M20: =IF(ISERROR(VLOOKUP($K20,생산업체!$A:$C,생산업체!$A$1,FALSE))=TRUE,"업체리스트 참조 후 업체명 변경",IF(VLOOKUP($K20,생산업체!$A:$C,생산업체!$B$1,FALSE)=1,$L20+$M$6,$L20+$M$4)) -> 41691 | N20: 41719 | O20: 41709 | P20: 5.4 | S20: 2 | T20: 2
A21: =IF(E21="","",IF(VLOOKUP($F21,CODE!$K:$O,CODE!$O$1,FALSE)="",$E21,$E21&"-"&VLOOKUP($F21,CODE!$K:$O,CODE!$O$1,FALSE))) -> SMB | C21: =C20+1 -> 11 | E21: SMB | F21: BA | G21: N | H21: 14FW SMB_03_CURVED_BK_N | I21: U | J21: =IF(ISERROR(1/COUNTIF(H:H,H21))=TRUE,0,1/COUNTIF(H:H,H21)) -> 1 | K21: 성진 | L21: 41663 | M21: =IF(ISERROR(VLOOKUP($K21,생산업체!$A:$C,생산업체!$A$1,FALSE))=TRUE,"업체리스트 참조 후 업체명 변경",IF(VLOOKUP($K21,생산업체!$A:$C,생산업체!$B$1,FALSE)=1,$L21+$M$6,$L21+$M$4)) -> 41691 | N21: 41719 | O21: 41709 | P21: 5.4 | S21: 2 | T21: 2
A22: =IF(E22="","",IF(VLOOKUP($F22,CODE!$K:$O,CODE!$O$1,FALSE)="",$E22,$E22&"-"&VLOOKUP($F22,CODE!$K:$O,CODE!$O$1,FALSE))) -> SMB | C22: =C21+1 -> 12 | E22: SMB | F22: BA | G22: N | H22: 14FW SMB_03_CURVED_RD_N | I22: U | J22: =IF(ISERROR(1/COUNTIF(H:H,H22))=TRUE,0,1/COUNTIF(H:H,H22)) -> 0.5 | K22: 성진 | L22: 41663 | M22: =IF(ISERROR(VLOOKUP($K22,생산업체!$A:$C,생산업체!$A$1,FALSE))=TRUE,"업체리스트 참조 후 업체명 변경",IF(VLOOKUP($K22,생산업체!$A:$C,생산업체!$B$1,FALSE)=1,$L22+$M$6,$L22+$M$4)) -> 41691 | N22: 41719 | O22: 41709 | P22: 5.95 | S22: 3 | T22: 3
A23: =IF(E23="","",IF(VLOOKUP($F23,CODE!$K:$O,CODE!$O$1,FALSE)="",$E23,$E23&"-"&VLOOKUP($F23,CODE!$K:$O,CODE!$O$1,FALSE))) -> SMB | C23: =C22+1 -> 13 | E23: SMB | F23: BA | G23: N | H23: 14FW SMB_04_CURVED_YL_N | I23: U | J23: =IF(ISERROR(1/COUNTIF(H:H,H23))=TRUE,0,1/COUNTIF(H:H,H23)) -> 1 | K23: 성진 | L23: 41663 | M23: =IF(ISERROR(VLOOKUP($K23,생산업체!$A:$C,생산업체!$A$1,FALSE))=TRUE,"업체리스트 참조 후 업체명 변경",IF(VLOOKUP($K23,생산업체!$A:$C,생산업체!$B$1,FALSE)=1,$L23+$M$6,$L23+$M$4)) -> 41691 | N23: 41719 | O23: 41719 | P23: 5.4 | S23: 2 | T23: 2
A24: =IF(E24="","",IF(VLOOKUP($F24,CODE!$K:$O,CODE!$O$1,FALSE)="",$E24,$E24&"-"&VLOOKUP($F24,CODE!$K:$O,CODE!$O$1,FALSE))) -> SMB | C24: =C23+1 -> 14 | E24: SMB | F24: BA | G24: N | H24: 14FW SMB_05_CURVED_BD_N | I24: U | J24: =IF(ISERROR(1/COUNTIF(H:H,H24))=TRUE,0,1/COUNTIF(H:H,H24)) -> 1 | K24: 동일모자 | L24: 41663 | M24: =IF(ISERROR(VLOOKUP($K24,생산업체!$A:$C,생산업체!$A$1,FALSE))=TRUE,"업체리스트 참조 후 업체명 변경",IF(VLOOKUP($K24,생산업체!$A:$C,생산업체!$B$1,FALSE)=1,$L24+$M$6,$L24+$M$4)) -> 41691 | N24: 41719 | O24: 41716 | P24: 4.2 | S24: 3 | T24: 3
A25: =IF(E25="","",IF(VLOOKUP($F25,CODE!$K:$O,CODE!$O$1,FALSE)="",$E25,$E25&"-"&VLOOKUP($F25,CODE!$K:$O,CODE!$O$1,FALSE))) -> SMB | C25: =C24+1 -> 15 | E25: SMB | F25: BA | G25: N | H25: 14FW SMB_05_CURVED_BL_N | I25: U | J25: =IF(ISERROR(1/COUNTIF(H:H,H25))=TRUE,0,1/COUNTIF(H:H,H25)) -> 1 | K25: 동일모자 | L25: 41663 | M25: =IF(ISERROR(VLOOKUP($K25,생산업체!$A:$C,생산업체!$A$1,FALSE))=TRUE,"업체리스트 참조 후 업체명 변경",IF(VLOOKUP($K25,생산업체!$A:$C,생산업체!$B$1,FALSE)=1,$L25+$M$6,$L25+$M$4)) -> 41691 | N25: 41719 | O25: 41719 | P25: 4.2 | S25: 3 | T25: 3 | U25: 앞 노말자수 네이비컬러 (그라만 뺀 컬러로 진행)
A26: =IF(E26="","",IF(VLOOKUP($F26,CODE!$K:$O,CODE!$O$1,FALSE)="",$E26,$E26&"-"&VLOOKUP($F26,CODE!$K:$O,CODE!$O$1,FALSE))) -> SMB | C26: =C25+1 -> 16 | E26: SMB | F26: BA | G26: N | H26: 14FW SMB_06_CURVED_BK_N | I26: U | J26: =IF(ISERROR(1/COUNTIF(H:H,H26))=TRUE,0,1/COUNTIF(H:H,H26)) -> 1 | K26: 성진 | L26: 41663 | M26: =IF(ISERROR(VLOOKUP($K26,생산업체!$A:$C,생산업체!$A$1,FALSE))=TRUE,"업체리스트 참조 후 업체명 변경",IF(VLOOKUP($K26,생산업체!$A:$C,생산업체!$B$1,FALSE)=1,$L26+$M$6,$L26+$M$4)) -> 41691 | N26: 41719 | O26: 41702 | P26: 5.15 | S26: 2 | T26: 2
A27: =IF(E27="","",IF(VLOOKUP($F27,CODE!$K:$O,CODE!$O$1,FALSE)="",$E27,$E27&"-"&VLOOKUP($F27,CODE!$K:$O,CODE!$O$1,FALSE))) -> SMB | C27: =C26+1 -> 17 | E27: SMB | F27: BA | G27: N | H27: 14FW SMB_06_CURVED_NY_N | I27: U | J27: =IF(ISERROR(1/COUNTIF(H:H,H27))=TRUE,0,1/COUNTIF(H:H,H27)) -> 1 | K27: 성진 | L27: 41663 | M27: =IF(ISERROR(VLOOKUP($K27,생산업체!$A:$C,생산업체!$A$1,FALSE))=TRUE,"업체리스트 참조 후 업체명 변경",IF(VLOOKUP($K27,생산업체!$A:$C,생산업체!$B$1,FALSE)=1,$L27+$M$6,$L27+$M$4)) -> 41691 | N27: 41698 | O27: 41698 | P27: 5.1 | S27: 2 | T27: 2
A28: =IF(E28="","",IF(VLOOKUP($F28,CODE!$K:$O,CODE!$O$1,FALSE)="",$E28,$E28&"-"&VLOOKUP($F28,CODE!$K:$O,CODE!$O$1,FALSE))) -> SMB | C28: =C27+1 -> 18 | E28: SMB | F28: BA | G28: N | H28: 14FW SMB_07_CURVED_BK_N | I28: U | J28: =IF(ISERROR(1/COUNTIF(H:H,H28))=TRUE,0,1/COUNTIF(H:H,H28)) -> 1 | K28: 동일모자 | L28: 41663 | M28: =IF(ISERROR(VLOOKUP($K28,생산업체!$A:$C,생산업체!$A$1,FALSE))=TRUE,"업체리스트 참조 후 업체명 변경",IF(VLOOKUP($K28,생산업체!$A:$C,생산업체!$B$1,FALSE)=1,$L28+$M$6,$L28+$M$4)) -> 41691 | N28: 41719 | O28: 41716 | P28: 4.45 | S28: 3 | T28: 3
A29: =IF(E29="","",IF(VLOOKUP($F29,CODE!$K:$O,CODE!$O$1,FALSE)="",$E29,$E29&"-"&VLOOKUP($F29,CODE!$K:$O,CODE!$O$1,FALSE))) -> SMB | C29: =C28+1 -> 19 | E29: SMB | F29: BA | G29: N | H29: 14FW SMB_07_CURVED_GR_N | I29: U | J29: =IF(ISERROR(1/COUNTIF(H:H,H29))=TRUE,0,1/COUNTIF(H:H,H29)) -> 1 | K29: 동일모자 | L29: 41663 | M29: =IF(ISERROR(VLOOKUP($K29,생산업체!$A:$C,생산업체!$A$1,FALSE))=TRUE,"업체리스트 참조 후 업체명 변경",IF(VLOOKUP($K29,생산업체!$A:$C,생산업체!$B$1,FALSE)=1,$L29+$M$6,$L29+$M$4)) -> 41691 | N29: 41719 | O29: 41716 | P29: 4.2 | S29: 3 | T29: 3
A30: =IF(E30="","",IF(VLOOKUP($F30,CODE!$K:$O,CODE!$O$1,FALSE)="",$E30,$E30&"-"&VLOOKUP($F30,CODE!$K:$O,CODE!$O$1,FALSE))) -> SMB | C30: =C29+1 -> 20 | E30: SMB | F30: BA | G30: N | H30: 14FW SMB_07_CURVED_OR | I30: U | J30: =IF(ISERROR(1/COUNTIF(H:H,H30))=TRUE,0,1/COUNTIF(H:H,H30)) -> 1 | K30: 동일모자 | L30: 41663 | M30: =IF(ISERROR(VLOOKUP($K30,생산업체!$A:$C,생산업체!$A$1,FALSE))=TRUE,"업체리스트 참조 후 업체명 변경",IF(VLOOKUP($K30,생산업체!$A:$C,생산업체!$B$1,FALSE)=1,$L30+$M$6,$L30+$M$4)) -> 41691 | N30: 41719 | O30: 41716 | P30: 4.45 | S30: 3 | T30: 3
A31: =IF(E31="","",IF(VLOOKUP($F31,CODE!$K:$O,CODE!$O$1,FALSE)="",$E31,$E31&"-"&VLOOKUP($F31,CODE!$K:$O,CODE!$O$1,FALSE))) -> SMB | C31: =C30+1 -> 21 | E31: SMB | F31: ER | G31: N | H31: 14FW SMB_08_CURVED_NY_N | I31: U | J31: =IF(ISERROR(1/COUNTIF(H:H,H31))=TRUE,0,1/COUNTIF(H:H,H31)) -> 0.5 | K31: 캡보이2 | L31: 41663 | M31: =IF(ISERROR(VLOOKUP($K31,생산업체!$A:$C,생산업체!$A$1,FALSE))=TRUE,"업체리스트 참조 후 업체명 변경",IF(VLOOKUP($K31,생산업체!$A:$C,생산업체!$B$1,FALSE)=1,$L31+$M$6,$L31+$M$4)) -> 41691 | N31: 캔슬 | O31: 캔슬 | S31: 3 | T31: 3
A32: =IF(E32="","",IF(VLOOKUP($F32,CODE!$K:$O,CODE!$O$1,FALSE)="",$E32,$E32&"-"&VLOOKUP($F32,CODE!$K:$O,CODE!$O$1,FALSE))) -> SMB | C32: =C31+1 -> 22 | E32: SMB | F32: ER | G32: N | H32: 14FW SMB_09_CURVED_PK_N | I32: U | J32: =IF(ISERROR(1/COUNTIF(H:H,H32))=TRUE,0,1/COUNTIF(H:H,H32)) -> 1 | K32: 캡보이2 | L32: 41663 | M32: =IF(ISERROR(VLOOKUP($K32,생산업체!$A:$C,생산업체!$A$1,FALSE))=TRUE,"업체리스트 참조 후 업체명 변경",IF(VLOOKUP($K32,생산업체!$A:$C,생산업체!$B$1,FALSE)=1,$L32+$M$6,$L32+$M$4)) -> 41691 | N32: 41717 | O32: 41726 | S32: 3 | T32: 3
A33: =IF(E33="","",IF(VLOOKUP($F33,CODE!$K:$O,CODE!$O$1,FALSE)="",$E33,$E33&"-"&VLOOKUP($F33,CODE!$K:$O,CODE!$O$1,FALSE))) -> SMB | C33: =C32+1 -> 23 | E33: SMB | F33: ER | G33: N | H33: 14FW SMB_01_CURVED_NY_N | I33: U | J33: =IF(ISERROR(1/COUNTIF(H:H,H33))=TRUE,0,1/COUNTIF(H:H,H33)) -> 1 | K33: 캡보이2 | L33: 41663 | M33: =IF(ISERROR(VLOOKUP($K33,생산업체!$A:$C,생산업체!$A$1,FALSE))=TRUE,"업체리스트 참조 후 업체명 변경",IF(VLOOKUP($K33,생산업체!$A:$C,생산업체!$B$1,FALSE)=1,$L33+$M$6,$L33+$M$4)) -> 41691 | N33: 41717 | O33: 41722 | S33: 3 | T33: 3
A34: =IF(E34="","",IF(VLOOKUP($F34,CODE!$K:$O,CODE!$O$1,FALSE)="",$E34,$E34&"-"&VLOOKUP($F34,CODE!$K:$O,CODE!$O$1,FALSE))) -> SMB | C34: =C33+1 -> 24 | E34: SMB | F34: BA | G34: N | H34: 14FW SMB_03_CURVED_RD_N | I34: U | J34: =IF(ISERROR(1/COUNTIF(H:H,H34))=TRUE,0,1/COUNTIF(H:H,H34)) -> 0.5 | K34: 캡보이2 | L34: 41663 | M34: =IF(ISERROR(VLOOKUP($K34,생산업체!$A:$C,생산업체!$A$1,FALSE))=TRUE,"업체리스트 참조 후 업체명 변경",IF(VLOOKUP($K34,생산업체!$A:$C,생산업체!$B$1,FALSE)=1,$L34+$M$6,$L34+$M$4)) -> 41691 | N34: 캔슬 | O34: 캔슬 | S34: 2 | T34: 2 | U34: 캔슬
A35: =IF(E35="","",IF(VLOOKUP($F35,CODE!$K:$O,CODE!$O$1,FALSE)="",$E35,$E35&"-"&VLOOKUP($F35,CODE!$K:$O,CODE!$O$1,FALSE))) -> WTR | C35: =C34+1 -> 25 | E35: WTR | F35: TP | G35: N | H35: 14FW WITAILOR CAP-01-WN | I35: U | J35: =IF(ISERROR(1/COUNTIF(H:H,H35))=TRUE,0,1/COUNTIF(H:H,H35)) -> 1 | K35: FOREMOST | L35: 41675 | M35: =IF(ISERROR(VLOOKUP($K35,생산업체!$A:$C,생산업체!$A$1,FALSE))=TRUE,"업체리스트 참조 후 업체명 변경",IF(VLOOKUP($K35,생산업체!$A:$C,생산업체!$B$1,FALSE)=1,$L35+$M$6,$L35+$M$4)) -> 41703 | N35: 41719 | O35: 41719 | S35: 7 | T35: 5 | U35: 13FW BROWN SQURE 1 샘플배송 (20140210) -> 받음 20140228
A36: =IF(E36="","",IF(VLOOKUP($F36,CODE!$K:$O,CODE!$O$1,FALSE)="",$E36,$E36&"-"&VLOOKUP($F36,CODE!$K:$O,CODE!$O$1,FALSE))) -> WTR | C36: =C35+1 -> 26 | E36: WTR | F36: TP | G36: N | H36: 14FW WITAILOR CAP-02-BK | I36: U | J36: =IF(ISERROR(1/COUNTIF(H:H,H36))=TRUE,0,1/COUNTIF(H:H,H36)) -> 1 | K36: FOREMOST | L36: 41675 | M36: =IF(ISERROR(VLOOKUP($K36,생산업체!$A:$C,생산업체!$A$1,FALSE))=TRUE,"업체리스트 참조 후 업체명 변경",IF(VLOOKUP($K36,생산업체!$A:$C,생산업체!$B$1,FALSE)=1,$L36+$M$6,$L36+$M$4)) -> 41703 | N36: 41729 | O36: 41725 | S36: 5 | T36: 4
A37: =IF(E37="","",IF(VLOOKUP($F37,CODE!$K:$O,CODE!$O$1,FALSE)="",$E37,$E37&"-"&VLOOKUP($F37,CODE!$K:$O,CODE!$O$1,FALSE))) -> WTR | C37: =C36+1 -> 27 | E37: WTR | F37: BA | G37: N | H37: 14FW WITAILOR CAP-03-NY | I37: U | J37: =IF(ISERROR(1/COUNTIF(H:H,H37))=TRUE,0,1/COUNTIF(H:H,H37)) -> 1 | K37: 동일모자 | L37: 41675 | M37: =IF(ISERROR(VLOOKUP($K37,생산업체!$A:$C,생산업체!$A$1,FALSE))=TRUE,"업체리스트 참조 후 업체명 변경",IF(VLOOKUP($K37,생산업체!$A:$C,생산업체!$B$1,FALSE)=1,$L37+$M$6,$L37+$M$4)) -> 41703 | N37: 41719 | O37: 41709 | P37: 4.85 | S37: 5 | T37: 3
A38: =IF(E38="","",IF(VLOOKUP($F38,CODE!$K:$O,CODE!$O$1,FALSE)="",$E38,$E38&"-"&VLOOKUP($F38,CODE!$K:$O,CODE!$O$1,FALSE))) -> WTR | C38: =C37+1 -> 28 | E38: WTR | F38: BA | G38: N | H38: 14FW WITAILOR CAP-04-GY | I38: U | J38: =IF(ISERROR(1/COUNTIF(H:H,H38))=TRUE,0,1/COUNTIF(H:H,H38)) -> 1 | K38: 동일모자 | L38: 41675 | M38: =IF(ISERROR(VLOOKUP($K38,생산업체!$A:$C,생산업체!$A$1,FALSE))=TRUE,"업체리스트 참조 후 업체명 변경",IF(VLOOKUP($K38,생산업체!$A:$C,생산업체!$B$1,FALSE)=1,$L38+$M$6,$L38+$M$4)) -> 41703 | N38: 41719 | O38: 41719 | P38: 4.85 | S38: 5 | T38: 3
A39: =IF(E39="","",IF(VLOOKUP($F39,CODE!$K:$O,CODE!$O$1,FALSE)="",$E39,$E39&"-"&VLOOKUP($F39,CODE!$K:$O,CODE!$O$1,FALSE))) -> WTR | C39: =C38+1 -> 29 | E39: WTR | F39: BA | G39: N | H39: 14FW WITAILOR CAP-05-RE | I39: U | J39: =IF(ISERROR(1/COUNTIF(H:H,H39))=TRUE,0,1/COUNTIF(H:H,H39)) -> 1 | K39: FOREMOST | L39: 41675 | M39: =IF(ISERROR(VLOOKUP($K39,생산업체!$A:$C,생산업체!$A$1,FALSE))=TRUE,"업체리스트 참조 후 업체명 변경",IF(VLOOKUP($K39,생산업체!$A:$C,생산업체!$B$1,FALSE)=1,$L39+$M$6,$L39+$M$4)) -> 41703 | N39: 41729 | O39: 41722 | S39: 5 | T39: 3
A40: =IF(E40="","",IF(VLOOKUP($F40,CODE!$K:$O,CODE!$O$1,FALSE)="",$E40,$E40&"-"&VLOOKUP($F40,CODE!$K:$O,CODE!$O$1,FALSE))) -> WTR | C40: =C39+1 -> 30 | E40: WTR | F40: BA | G40: N | H40: 14FW WITAILOR CAP-06-BR | I40: U | J40: =IF(ISERROR(1/COUNTIF(H:H,H40))=TRUE,0,1/COUNTIF(H:H,H40)) -> 1 | K40: FOREMOST | L40: 41675 | M40: =IF(ISERROR(VLOOKUP($K40,생산업체!$A:$C,생산업체!$A$1,FALSE))=TRUE,"업체리스트 참조 후 업체명 변경",IF(VLOOKUP($K40,생산업체!$A:$C,생산업체!$B$1,FALSE)=1,$L40+$M$6,$L40+$M$4)) -> 41703 | N40: 41729 | O40: 41722 | S40: 5 | T40: 2
A41: =IF(E41="","",IF(VLOOKUP($F41,CODE!$K:$O,CODE!$O$1,FALSE)="",$E41,$E41&"-"&VLOOKUP($F41,CODE!$K:$O,CODE!$O$1,FALSE))) -> WTR | C41: =C40+1 -> 31 | E41: WTR | F41: ER | G41: N | H41: 14FW WITAILOR CAP-07-KH | I41: U | J41: =IF(ISERROR(1/COUNTIF(H:H,H41))=TRUE,0,1/COUNTIF(H:H,H41)) -> 1 | K41: 동일모자 | L41: 41675 | M41: =IF(ISERROR(VLOOKUP($K41,생산업체!$A:$C,생산업체!$A$1,FALSE))=TRUE,"업체리스트 참조 후 업체명 변경",IF(VLOOKUP($K41,생산업체!$A:$C,생산업체!$B$1,FALSE)=1,$L41+$M$6,$L41+$M$4)) -> 41703 | N41: 41719 | O41: 41709 | P41: 6.5 | S41: 5 | T41: 3
A42: =IF(E42="","",IF(VLOOKUP($F42,CODE!$K:$O,CODE!$O$1,FALSE)="",$E42,$E42&"-"&VLOOKUP($F42,CODE!$K:$O,CODE!$O$1,FALSE))) -> WTR | C42: =C41+1 -> 32 | E42: WTR | F42: ER | G42: N | H42: 14FW WITAILOR CAP-08-BL | I42: U | J42: =IF(ISERROR(1/COUNTIF(H:H,H42))=TRUE,0,1/COUNTIF(H:H,H42)) -> 1 | K42: 동일모자 | L42: 41675 | M42: =IF(ISERROR(VLOOKUP($K42,생산업체!$A:$C,생산업체!$A$1,FALSE))=TRUE,"업체리스트 참조 후 업체명 변경",IF(VLOOKUP($K42,생산업체!$A:$C,생산업체!$B$1,FALSE)=1,$L42+$M$6,$L42+$M$4)) -> 41703 | N42: 41719 | O42: 41709 | P42: 6.35 | S42: 5 | T42: 2
A43: =IF(E43="","",IF(VLOOKUP($F43,CODE!$K:$O,CODE!$O$1,FALSE)="",$E43,$E43&"-"&VLOOKUP($F43,CODE!$K:$O,CODE!$O$1,FALSE))) -> WTR | C43: =C42+1 -> 33 | E43: WTR | F43: ER | G43: N | H43: 14FW WITAILOR CAP-09-BK | I43: U | J43: =IF(ISERROR(1/COUNTIF(H:H,H43))=TRUE,0,1/COUNTIF(H:H,H43)) -> 0.5 | K43: 동일모자 | L43: 41675 | M43: =IF(ISERROR(VLOOKUP($K43,생산업체!$A:$C,생산업체!$A$1,FALSE))=TRUE,"업체리스트 참조 후 업체명 변경",IF(VLOOKUP($K43,생산업체!$A:$C,생산업체!$B$1,FALSE)=1,$L43+$M$6,$L43+$M$4)) -> 41703 | N43: 41719 | O43: 41709 | P43: 5.95 | S43: 5 | T43: 3
A44: =IF(E44="","",IF(VLOOKUP($F44,CODE!$K:$O,CODE!$O$1,FALSE)="",$E44,$E44&"-"&VLOOKUP($F44,CODE!$K:$O,CODE!$O$1,FALSE))) -> WTR | C44: =C43+1 -> 34 | E44: WTR | F44: ER | G44: N | H44: 14FW WITAILOR CAP-10-KH | I44: U | J44: =IF(ISERROR(1/COUNTIF(H:H,H44))=TRUE,0,1/COUNTIF(H:H,H44)) -> 0.5 | K44: 동일모자 | L44: 41675 | M44: =IF(ISERROR(VLOOKUP($K44,생산업체!$A:$C,생산업체!$A$1,FALSE))=TRUE,"업체리스트 참조 후 업체명 변경",IF(VLOOKUP($K44,생산업체!$A:$C,생산업체!$B$1,FALSE)=1,$L44+$M$6,$L44+$M$4)) -> 41703 | N44: 41719 | O44: 41709 | P44: 5.7 | S44: 6 | T44: 4
A45: =IF(E45="","",IF(VLOOKUP($F45,CODE!$K:$O,CODE!$O$1,FALSE)="",$E45,$E45&"-"&VLOOKUP($F45,CODE!$K:$O,CODE!$O$1,FALSE))) -> WTR | C45: =C44+1 -> 35 | E45: WTR | F45: ER | G45: N | H45: 14FW WITAILOR CAP-09-BK | I45: U | J45: =IF(ISERROR(1/COUNTIF(H:H,H45))=TRUE,0,1/COUNTIF(H:H,H45)) -> 0.5 | K45: FOREMOST | L45: 41675 | M45: =IF(ISERROR(VLOOKUP($K45,생산업체!$A:$C,생산업체!$A$1,FALSE))=TRUE,"업체리스트 참조 후 업체명 변경",IF(VLOOKUP($K45,생산업체!$A:$C,생산업체!$B$1,FALSE)=1,$L45+$M$6,$L45+$M$4)) -> 41703 | N45: 41729 | O45: 41719 | S45: 5 | T45: 3
A46: =IF(E46="","",IF(VLOOKUP($F46,CODE!$K:$O,CODE!$O$1,FALSE)="",$E46,$E46&"-"&VLOOKUP($F46,CODE!$K:$O,CODE!$O$1,FALSE))) -> WTR | C46: =C45+1 -> 36 | E46: WTR | F46: ER | G46: N | H46: 14FW WITAILOR CAP-10-KH | I46: U | J46: =IF(ISERROR(1/COUNTIF(H:H,H46))=TRUE,0,1/COUNTIF(H:H,H46)) -> 0.5 | K46: FOREMOST | L46: 41675 | M46: =IF(ISERROR(VLOOKUP($K46,생산업체!$A:$C,생산업체!$A$1,FALSE))=TRUE,"업체리스트 참조 후 업체명 변경",IF(VLOOKUP($K46,생산업체!$A:$C,생산업체!$B$1,FALSE)=1,$L46+$M$6,$L46+$M$4)) -> 41703 | N46: 41729 | O46: 41722 | S46: 6 | T46: 4
A47: =IF(E47="","",IF(VLOOKUP($F47,CODE!$K:$O,CODE!$O$1,FALSE)="",$E47,$E47&"-"&VLOOKUP($F47,CODE!$K:$O,CODE!$O$1,FALSE))) -> WTR | C47: =C46+1 -> 37 | E47: WTR | F47: ER | G47: N | H47: 14FW WITAILOR CAP-11-GY | I47: U | J47: =IF(ISERROR(1/COUNTIF(H:H,H47))=TRUE,0,1/COUNTIF(H:H,H47)) -> 1 | K47: 동일모자 | L47: 41675 | M47: =IF(ISERROR(VLOOKUP($K47,생산업체!$A:$C,생산업체!$A$1,FALSE))=TRUE,"업체리스트 참조 후 업체명 변경",IF(VLOOKUP($K47,생산업체!$A:$C,생산업체!$B$1,FALSE)=1,$L47+$M$6,$L47+$M$4)) -> 41703 | N47: 41719 | O47: 41709 | P47: 6.55 | S47: 5 | T47: 3
A48: =IF(E48="","",IF(VLOOKUP($F48,CODE!$K:$O,CODE!$O$1,FALSE)="",$E48,$E48&"-"&VLOOKUP($F48,CODE!$K:$O,CODE!$O$1,FALSE))) -> JAY.PARK | C48: =C47+1 -> 38 | E48: JAY.PARK | F48: FI | G48: N | H48: 14SS JAYPARK_01_BK | I48: U | J48: =IF(ISERROR(1/COUNTIF(H:H,H48))=TRUE,0,1/COUNTIF(H:H,H48)) -> 1 | K48: 캡보이 | L48: 41673 | M48: =IF(ISERROR(VLOOKUP($K48,생산업체!$A:$C,생산업체!$A$1,FALSE))=TRUE,"업체리스트 참조 후 업체명 변경",IF(VLOOKUP($K48,생산업체!$A:$C,생산업체!$B$1,FALSE)=1,$L48+$M$6,$L48+$M$4)) -> 41694 | N48: 41680 | O48: 41680 | S48: 2
A49: =IF(E49="","",IF(VLOOKUP($F49,CODE!$K:$O,CODE!$O$1,FALSE)="",$E49,$E49&"-"&VLOOKUP($F49,CODE!$K:$O,CODE!$O$1,FALSE))) -> JAY.PARK | C49: =C48+1 -> 39 | E49: JAY.PARK | F49: FI | G49: N | H49: 14SS JAYPARK_02_WH | I49: U | J49: =IF(ISERROR(1/COUNTIF(H:H,H49))=TRUE,0,1/COUNTIF(H:H,H49)) -> 1 | K49: 캡보이 | L49: 41673 | M49: =IF(ISERROR(VLOOKUP($K49,생산업체!$A:$C,생산업체!$A$1,FALSE))=TRUE,"업체리스트 참조 후 업체명 변경",IF(VLOOKUP($K49,생산업체!$A:$C,생산업체!$B$1,FALSE)=1,$L49+$M$6,$L49+$M$4)) -> 41694 | N49: 41680 | O49: 41680 | S49: 2
A50: =IF(E50="","",IF(VLOOKUP($F50,CODE!$K:$O,CODE!$O$1,FALSE)="",$E50,$E50&"-"&VLOOKUP($F50,CODE!$K:$O,CODE!$O$1,FALSE))) -> JAY.PARK | C50: =C49+1 -> 40 | E50: JAY.PARK | F50: FI | G50: N | H50: 14SS JAYPARK_03_GY | I50: U | J50: =IF(ISERROR(1/COUNTIF(H:H,H50))=TRUE,0,1/COUNTIF(H:H,H50)) -> 1 | K50: 캡보이 | L50: 41673 | M50: =IF(ISERROR(VLOOKUP($K50,생산업체!$A:$C,생산업체!$A$1,FALSE))=TRUE,"업체리스트 참조 후 업체명 변경",IF(VLOOKUP($K50,생산업체!$A:$C,생산업체!$B$1,FALSE)=1,$L50+$M$6,$L50+$M$4)) -> 41694 | N50: 41680 | O50: 41680 | S50: 2
A51: =IF(E51="","",IF(VLOOKUP($F51,CODE!$K:$O,CODE!$O$1,FALSE)="",$E51,$E51&"-"&VLOOKUP($F51,CODE!$K:$O,CODE!$O$1,FALSE))) -> JAY.PARK | C51: =C50+1 -> 41 | E51: JAY.PARK | F51: FI | G51: N | H51: 14SS JAYPARK_04_BK | I51: U | J51: =IF(ISERROR(1/COUNTIF(H:H,H51))=TRUE,0,1/COUNTIF(H:H,H51)) -> 1 | K51: 캡보이 | L51: 41673 | M51: =IF(ISERROR(VLOOKUP($K51,생산업체!$A:$C,생산업체!$A$1,FALSE))=TRUE,"업체리스트 참조 후 업체명 변경",IF(VLOOKUP($K51,생산업체!$A:$C,생산업체!$B$1,FALSE)=1,$L51+$M$6,$L51+$M$4)) -> 41694 | N51: 41680 | O51: 41680 | S51: 2
A52: =IF(E52="","",IF(VLOOKUP($F52,CODE!$K:$O,CODE!$O$1,FALSE)="",$E52,$E52&"-"&VLOOKUP($F52,CODE!$K:$O,CODE!$O$1,FALSE))) -> JAY.PARK | C52: =C51+1 -> 42 | E52: JAY.PARK | F52: FI | G52: N | H52: 14SS JAYPARK_05_RD | I52: U | J52: =IF(ISERROR(1/COUNTIF(H:H,H52))=TRUE,0,1/COUNTIF(H:H,H52)) -> 1 | K52: 캡보이 | L52: 41673 | M52: =IF(ISERROR(VLOOKUP($K52,생산업체!$A:$C,생산업체!$A$1,FALSE))=TRUE,"업체리스트 참조 후 업체명 변경",IF(VLOOKUP($K52,생산업체!$A:$C,생산업체!$B$1,FALSE)=1,$L52+$M$6,$L52+$M$4)) -> 41694 | N52: 41680 | O52: 41680 | S52: 2
A53: =IF(E53="","",IF(VLOOKUP($F53,CODE!$K:$O,CODE!$O$1,FALSE)="",$E53,$E53&"-"&VLOOKUP($F53,CODE!$K:$O,CODE!$O$1,FALSE))) -> KONGHYOJIN | C53: =C52+1 -> 43 | E53: KONGHYOJIN | F53: FI | G53: N | H53: 14SS KONGHYOJIN_01_RD | I53: U | J53: =IF(ISERROR(1/COUNTIF(H:H,H53))=TRUE,0,1/COUNTIF(H:H,H53)) -> 1 | K53: 캡보이 | L53: 41688 | M53: =IF(ISERROR(VLOOKUP($K53,생산업체!$A:$C,생산업체!$A$1,FALSE))=TRUE,"업체리스트 참조 후 업체명 변경",IF(VLOOKUP($K53,생산업체!$A:$C,생산업체!$B$1,FALSE)=1,$L53+$M$6,$L53+$M$4)) -> 41709 | N53: 41709 | O53: 41703 | S53: 2
A54: =IF(E54="","",IF(VLOOKUP($F54,CODE!$K:$O,CODE!$O$1,FALSE)="",$E54,$E54&"-"&VLOOKUP($F54,CODE!$K:$O,CODE!$O$1,FALSE))) -> KONGHYOJIN | C54: =C53+1 -> 44 | E54: KONGHYOJIN | F54: FI | G54: N | H54: 14SS KONGHYOJIN_02_BL | I54: U | J54: =IF(ISERROR(1/COUNTIF(H:H,H54))=TRUE,0,1/COUNTIF(H:H,H54)) -> 1 | K54: 캡보이 | L54: 41688 | M54: =IF(ISERROR(VLOOKUP($K54,생산업체!$A:$C,생산업체!$A$1,FALSE))=TRUE,"업체리스트 참조 후 업체명 변경",IF(VLOOKUP($K54,생산업체!$A:$C,생산업체!$B$1,FALSE)=1,$L54+$M$6,$L54+$M$4)) -> 41709 | N54: 41709 | O54: 41703 | S54: 1
A55: =IF(E55="","",IF(VLOOKUP($F55,CODE!$K:$O,CODE!$O$1,FALSE)="",$E55,$E55&"-"&VLOOKUP($F55,CODE!$K:$O,CODE!$O$1,FALSE))) -> KONGHYOJIN | C55: =C54+1 -> 45 | E55: KONGHYOJIN | F55: FI | G55: N | H55: 14SS KONGHYOJIN_03_BK | I55: U | J55: =IF(ISERROR(1/COUNTIF(H:H,H55))=TRUE,0,1/COUNTIF(H:H,H55)) -> 1 | K55: 캡보이 | L55: 41688 | M55: =IF(ISERROR(VLOOKUP($K55,생산업체!$A:$C,생산업체!$A$1,FALSE))=TRUE,"업체리스트 참조 후 업체명 변경",IF(VLOOKUP($K55,생산업체!$A:$C,생산업체!$B$1,FALSE)=1,$L55+$M$6,$L55+$M$4)) -> 41709 | N55: 41709 | O55: 41705 | S55: 2
A56: =IF(E56="","",IF(VLOOKUP($F56,CODE!$K:$O,CODE!$O$1,FALSE)="",$E56,$E56&"-"&VLOOKUP($F56,CODE!$K:$O,CODE!$O$1,FALSE))) -> KONGHYOJIN | C56: =C55+1 -> 46 | E56: KONGHYOJIN | F56: FI | G56: N | H56: 14SS KONGHYOJIN_04_BK | I56: U | J56: =IF(ISERROR(1/COUNTIF(H:H,H56))=TRUE,0,1/COUNTIF(H:H,H56)) -> 1 | K56: 캡보이 | L56: 41688 | M56: =IF(ISERROR(VLOOKUP($K56,생산업체!$A:$C,생산업체!$A$1,FALSE))=TRUE,"업체리스트 참조 후 업체명 변경",IF(VLOOKUP($K56,생산업체!$A:$C,생산업체!$B$1,FALSE)=1,$L56+$M$6,$L56+$M$4)) -> 41709 | N56: 41709 | O56: 41705 | S56: 2
A57: =IF(E57="","",IF(VLOOKUP($F57,CODE!$K:$O,CODE!$O$1,FALSE)="",$E57,$E57&"-"&VLOOKUP($F57,CODE!$K:$O,CODE!$O$1,FALSE))) -> KONGHYOJIN | C57: =C56+1 -> 47 | E57: KONGHYOJIN | F57: FI | G57: N | H57: 14SS KONGHYOJIN_05_BK | I57: U | J57: =IF(ISERROR(1/COUNTIF(H:H,H57))=TRUE,0,1/COUNTIF(H:H,H57)) -> 1 | K57: 캡보이 | L57: 41688 | M57: =IF(ISERROR(VLOOKUP($K57,생산업체!$A:$C,생산업체!$A$1,FALSE))=TRUE,"업체리스트 참조 후 업체명 변경",IF(VLOOKUP($K57,생산업체!$A:$C,생산업체!$B$1,FALSE)=1,$L57+$M$6,$L57+$M$4)) -> 41709 | N57: 41709 | O57: 41705 | S57: 1
A58: =IF(E58="","",IF(VLOOKUP($F58,CODE!$K:$O,CODE!$O$1,FALSE)="",$E58,$E58&"-"&VLOOKUP($F58,CODE!$K:$O,CODE!$O$1,FALSE))) -> KONGHYOJIN | C58: =C57+1 -> 48 | E58: KONGHYOJIN | F58: FI | G58: N | H58: 14SS KONGHYOJIN_06_WH | I58: U | J58: =IF(ISERROR(1/COUNTIF(H:H,H58))=TRUE,0,1/COUNTIF(H:H,H58)) -> 1 | K58: 캡보이 | L58: 41688 | M58: =IF(ISERROR(VLOOKUP($K58,생산업체!$A:$C,생산업체!$A$1,FALSE))=TRUE,"업체리스트 참조 후 업체명 변경",IF(VLOOKUP($K58,생산업체!$A:$C,생산업체!$B$1,FALSE)=1,$L58+$M$6,$L58+$M$4)) -> 41709 | N58: 41709 | O58: 41705 | S58: 2
A59: =IF(E59="","",IF(VLOOKUP($F59,CODE!$K:$O,CODE!$O$1,FALSE)="",$E59,$E59&"-"&VLOOKUP($F59,CODE!$K:$O,CODE!$O$1,FALSE))) -> SMB | C59: =C58+1 -> 49 | E59: SMB | F59: ER | G59: N | H59: 14FW SMB_10_CURVED_OR_N | I59: U | J59: =IF(ISERROR(1/COUNTIF(H:H,H59))=TRUE,0,1/COUNTIF(H:H,H59)) -> 1 | K59: 동일모자 | L59: 41703 | M59: =IF(ISERROR(VLOOKUP($K59,생산업체!$A:$C,생산업체!$A$1,FALSE))=TRUE,"업체리스트 참조 후 업체명 변경",IF(VLOOKUP($K59,생산업체!$A:$C,생산업체!$B$1,FALSE)=1,$L59+$M$6,$L59+$M$4)) -> 41731 | N59: 41739 | O59: 41733
A60: =IF(E60="","",IF(VLOOKUP($F60,CODE!$K:$O,CODE!$O$1,FALSE)="",$E60,$E60&"-"&VLOOKUP($F60,CODE!$K:$O,CODE!$O$1,FALSE))) -> SMB | C60: =C59+1 -> 50 | E60: SMB | F60: ER | G60: N | H60: 14FW SMB_11_CURVED_PK_F | I60: U | J60: =IF(ISERROR(1/COUNTIF(H:H,H60))=TRUE,0,1/COUNTIF(H:H,H60)) -> 1 | K60: 동일모자 | L60: 41703 | M60: =IF(ISERROR(VLOOKUP($K60,생산업체!$A:$C,생산업체!$A$1,FALSE))=TRUE,"업체리스트 참조 후 업체명 변경",IF(VLOOKUP($K60,생산업체!$A:$C,생산업체!$B$1,FALSE)=1,$L60+$M$6,$L60+$M$4)) -> 41731 | N60: 41739 | O60: 41733
A61: =IF(E61="","",IF(VLOOKUP($F61,CODE!$K:$O,CODE!$O$1,FALSE)="",$E61,$E61&"-"&VLOOKUP($F61,CODE!$K:$O,CODE!$O$1,FALSE))) -> SMB | C61: =C60+1 -> 51 | E61: SMB | F61: ER | G61: N | H61: 14FW SMB_12_CURVED_NV_N | I61: U | J61: =IF(ISERROR(1/COUNTIF(H:H,H61))=TRUE,0,1/COUNTIF(H:H,H61)) -> 1 | K61: 동일모자 | L61: 41703 | M61: =IF(ISERROR(VLOOKUP($K61,생산업체!$A:$C,생산업체!$A$1,FALSE))=TRUE,"업체리스트 참조 후 업체명 변경",IF(VLOOKUP($K61,생산업체!$A:$C,생산업체!$B$1,FALSE)=1,$L61+$M$6,$L61+$M$4)) -> 41731 | N61: 41739 | O61: 41733
A62: =IF(E62="","",IF(VLOOKUP($F62,CODE!$K:$O,CODE!$O$1,FALSE)="",$E62,$E62&"-"&VLOOKUP($F62,CODE!$K:$O,CODE!$O$1,FALSE))) -> SMB | C62: =C61+1 -> 52 | E62: SMB | F62: ER | G62: N | H62: 14FW SMB_13_CURVED_BK_F | I62: U | J62: =IF(ISERROR(1/COUNTIF(H:H,H62))=TRUE,0,1/COUNTIF(H:H,H62)) -> 1 | K62: 동일모자 | L62: 41703 | M62: =IF(ISERROR(VLOOKUP($K62,생산업체!$A:$C,생산업체!$A$1,FALSE))=TRUE,"업체리스트 참조 후 업체명 변경",IF(VLOOKUP($K62,생산업체!$A:$C,생산업체!$B$1,FALSE)=1,$L62+$M$6,$L62+$M$4)) -> 41731 | N62: 41736 | O62: 41736
A63: =IF(E63="","",IF(VLOOKUP($F63,CODE!$K:$O,CODE!$O$1,FALSE)="",$E63,$E63&"-"&VLOOKUP($F63,CODE!$K:$O,CODE!$O$1,FALSE))) -> SMB | C63: =C62+1 -> 53 | E63: SMB | F63: FI | G63: N | H63: 14FW SMB_10_FLAT_OR_F | I63: U | J63: =IF(ISERROR(1/COUNTIF(H:H,H63))=TRUE,0,1/COUNTIF(H:H,H63)) -> 1 | K63: 성진 | L63: 41703 | M63: =IF(ISERROR(VLOOKUP($K63,생산업체!$A:$C,생산업체!$A$1,FALSE))=TRUE,"업체리스트 참조 후 업체명 변경",IF(VLOOKUP($K63,생산업체!$A:$C,생산업체!$B$1,FALSE)=1,$L63+$M$6,$L63+$M$4)) -> 41731 | N63: 41739 | O63: 0.57142857 | P63: 5.95
A64: =IF(E64="","",IF(VLOOKUP($F64,CODE!$K:$O,CODE!$O$1,FALSE)="",$E64,$E64&"-"&VLOOKUP($F64,CODE!$K:$O,CODE!$O$1,FALSE))) -> SMB | C64: =C63+1 -> 54 | E64: SMB | F64: FI | G64: N | H64: 14FW SMB_11_FLAT_BK_F | I64: U | J64: =IF(ISERROR(1/COUNTIF(H:H,H64))=TRUE,0,1/COUNTIF(H:H,H64)) -> 1 | K64: 성진 | L64: 41703 | M64: =IF(ISERROR(VLOOKUP($K64,생산업체!$A:$C,생산업체!$A$1,FALSE))=TRUE,"업체리스트 참조 후 업체명 변경",IF(VLOOKUP($K64,생산업체!$A:$C,생산업체!$B$1,FALSE)=1,$L64+$M$6,$L64+$M$4)) -> 41731 | N64: 41739 | O64: 0.57142857 | P64: 5.45
A65: =IF(E65="","",IF(VLOOKUP($F65,CODE!$K:$O,CODE!$O$1,FALSE)="",$E65,$E65&"-"&VLOOKUP($F65,CODE!$K:$O,CODE!$O$1,FALSE))) -> SMB | C65: =C64+1 -> 55 | E65: SMB | F65: ER | G65: N | H65: 14FW SMB_12_FLAT_PP_N | I65: U | J65: =IF(ISERROR(1/COUNTIF(H:H,H65))=TRUE,0,1/COUNTIF(H:H,H65)) -> 1 | K65: 성진 | L65: 41703 | M65: =IF(ISERROR(VLOOKUP($K65,생산업체!$A:$C,생산업체!$A$1,FALSE))=TRUE,"업체리스트 참조 후 업체명 변경",IF(VLOOKUP($K65,생산업체!$A:$C,생산업체!$B$1,FALSE)=1,$L65+$M$6,$L65+$M$4)) -> 41731 | N65: 41739 | O65: 41745 | P65: 7
A66: =IF(E66="","",IF(VLOOKUP($F66,CODE!$K:$O,CODE!$O$1,FALSE)="",$E66,$E66&"-"&VLOOKUP($F66,CODE!$K:$O,CODE!$O$1,FALSE))) -> SMB | C66: =C65+1 -> 56 | E66: SMB | F66: ER | G66: N | H66: 14FW SMB_16_FLAT_GR_N_KIDS | I66: K | J66: =IF(ISERROR(1/COUNTIF(H:H,H66))=TRUE,0,1/COUNTIF(H:H,H66)) -> 1 | K66: 성진 | L66: 41703 | M66: =IF(ISERROR(VLOOKUP($K66,생산업체!$A:$C,생산업체!$A$1,FALSE))=TRUE,"업체리스트 참조 후 업체명 변경",IF(VLOOKUP($K66,생산업체!$A:$C,생산업체!$B$1,FALSE)=1,$L66+$M$6,$L66+$M$4)) -> 41731 | N66: 41766 | O66: 41766 | P66: 7.3
A67: =IF(E67="","",IF(VLOOKUP($F67,CODE!$K:$O,CODE!$O$1,FALSE)="",$E67,$E67&"-"&VLOOKUP($F67,CODE!$K:$O,CODE!$O$1,FALSE))) -> SMB | C67: =C66+1 -> 57 | E67: SMB | F67: ER | G67: N | H67: 14FW SMB_17_FLAT_PK_F_KIDS | I67: K | J67: =IF(ISERROR(1/COUNTIF(H:H,H67))=TRUE,0,1/COUNTIF(H:H,H67)) -> 1 | K67: 성진 | L67: 41703 | M67: =IF(ISERROR(VLOOKUP($K67,생산업체!$A:$C,생산업체!$A$1,FALSE))=TRUE,"업체리스트 참조 후 업체명 변경",IF(VLOOKUP($K67,생산업체!$A:$C,생산업체!$B$1,FALSE)=1,$L67+$M$6,$L67+$M$4)) -> 41731 | N67: 41739 | O67: 41745 | P67: 7.8
A68: =IF(E68="","",IF(VLOOKUP($F68,CODE!$K:$O,CODE!$O$1,FALSE)="",$E68,$E68&"-"&VLOOKUP($F68,CODE!$K:$O,CODE!$O$1,FALSE))) -> SMB | C68: =C67+1 -> 58 | E68: SMB | F68: FI | G68: N | H68: 14FW SMB_18_FLAT_NY_F_KIDS | I68: K | J68: =IF(ISERROR(1/COUNTIF(H:H,H68))=TRUE,0,1/COUNTIF(H:H,H68)) -> 1 | K68: 성진 | L68: 41703 | M68: =IF(ISERROR(VLOOKUP($K68,생산업체!$A:$C,생산업체!$A$1,FALSE))=TRUE,"업체리스트 참조 후 업체명 변경",IF(VLOOKUP($K68,생산업체!$A:$C,생산업체!$B$1,FALSE)=1,$L68+$M$6,$L68+$M$4)) -> 41731 | N68: 41739 | O68: 41736 | P68: 6.3
A69: =IF(E69="","",IF(VLOOKUP($F69,CODE!$K:$O,CODE!$O$1,FALSE)="",$E69,$E69&"-"&VLOOKUP($F69,CODE!$K:$O,CODE!$O$1,FALSE))) -> SMB | C69: =C68+1 -> 59 | E69: SMB | F69: ER | G69: N | H69: 14FW SMB_29_FLAT_GY_N | I69: U | J69: =IF(ISERROR(1/COUNTIF(H:H,H69))=TRUE,0,1/COUNTIF(H:H,H69)) -> 1 | K69: 성진 | L69: 41703 | M69: =IF(ISERROR(VLOOKUP($K69,생산업체!$A:$C,생산업체!$A$1,FALSE))=TRUE,"업체리스트 참조 후 업체명 변경",IF(VLOOKUP($K69,생산업체!$A:$C,생산업체!$B$1,FALSE)=1,$L69+$M$6,$L69+$M$4)) -> 41731 | N69: 41739 | O69: 41745 | P69: 6.7
A70: =IF(E70="","",IF(VLOOKUP($F70,CODE!$K:$O,CODE!$O$1,FALSE)="",$E70,$E70&"-"&VLOOKUP($F70,CODE!$K:$O,CODE!$O$1,FALSE))) -> SMB | C70: =C69+1 -> 60 | E70: SMB | F70: ER | G70: N | H70: 14FW SMB_30_FLAT_D.GY_N | I70: U | J70: =IF(ISERROR(1/COUNTIF(H:H,H70))=TRUE,0,1/COUNTIF(H:H,H70)) -> 1 | K70: 성진 | L70: 41703 | M70: =IF(ISERROR(VLOOKUP($K70,생산업체!$A:$C,생산업체!$A$1,FALSE))=TRUE,"업체리스트 참조 후 업체명 변경",IF(VLOOKUP($K70,생산업체!$A:$C,생산업체!$B$1,FALSE)=1,$L70+$M$6,$L70+$M$4)) -> 41731 | N70: 41739 | O70: 41745 | P70: 7.8
A71: =IF(E71="","",IF(VLOOKUP($F71,CODE!$K:$O,CODE!$O$1,FALSE)="",$E71,$E71&"-"&VLOOKUP($F71,CODE!$K:$O,CODE!$O$1,FALSE))) -> SMB | C71: =C70+1 -> 61 | E71: SMB | F71: FI | G71: N | H71: 14FW SMB_31_FLAT_NY_F_KIDS | I71: K | J71: =IF(ISERROR(1/COUNTIF(H:H,H71))=TRUE,0,1/COUNTIF(H:H,H71)) -> 1 | K71: 성진 | L71: 41703 | M71: =IF(ISERROR(VLOOKUP($K71,생산업체!$A:$C,생산업체!$A$1,FALSE))=TRUE,"업체리스트 참조 후 업체명 변경",IF(VLOOKUP($K71,생산업체!$A:$C,생산업체!$B$1,FALSE)=1,$L71+$M$6,$L71+$M$4)) -> 41731 | N71: 41739 | O71: 41736 | P71: 6.6
A72: =IF(E72="","",IF(VLOOKUP($F72,CODE!$K:$O,CODE!$O$1,FALSE)="",$E72,$E72&"-"&VLOOKUP($F72,CODE!$K:$O,CODE!$O$1,FALSE))) -> SMB | C72: =C71+1 -> 62 | E72: SMB | F72: FI | G72: N | H72: 14FW SMB_07_FLAT_BK_N | I72: U | J72: =IF(ISERROR(1/COUNTIF(H:H,H72))=TRUE,0,1/COUNTIF(H:H,H72)) -> 1 | K72: QF | L72: 41703 | M72: =IF(ISERROR(VLOOKUP($K72,생산업체!$A:$C,생산업체!$A$1,FALSE))=TRUE,"업체리스트 참조 후 업체명 변경",IF(VLOOKUP($K72,생산업체!$A:$C,생산업체!$B$1,FALSE)=1,$L72+$M$6,$L72+$M$4)) -> 41731 | N72: 41734 | O72: 41738 | P72: 2.9
A73: =IF(E73="","",IF(VLOOKUP($F73,CODE!$K:$O,CODE!$O$1,FALSE)="",$E73,$E73&"-"&VLOOKUP($F73,CODE!$K:$O,CODE!$O$1,FALSE))) -> SMB | C73: =C72+1 -> 63 | E73: SMB | F73: FI | G73: N | H73: 14FW SMB_08_FLAT_BK_N | I73: U | J73: =IF(ISERROR(1/COUNTIF(H:H,H73))=TRUE,0,1/COUNTIF(H:H,H73)) -> 1 | K73: QF | L73: 41703 | M73: =IF(ISERROR(VLOOKUP($K73,생산업체!$A:$C,생산업체!$A$1,FALSE))=TRUE,"업체리스트 참조 후 업체명 변경",IF(VLOOKUP($K73,생산업체!$A:$C,생산업체!$B$1,FALSE)=1,$L73+$M$6,$L73+$M$4)) -> 41731 | N73: 41734 | O73: 41738 | P73: 2.7 | U73: 客供主料
A74: =IF(E74="","",IF(VLOOKUP($F74,CODE!$K:$O,CODE!$O$1,FALSE)="",$E74,$E74&"-"&VLOOKUP($F74,CODE!$K:$O,CODE!$O$1,FALSE))) -> SMB | C74: =C73+1 -> 64 | E74: SMB | F74: FI | G74: N | H74: 14FW SMB_09_FLAT_RE_N | I74: U | J74: =IF(ISERROR(1/COUNTIF(H:H,H74))=TRUE,0,1/COUNTIF(H:H,H74)) -> 1 | K74: QF | L74: 41703 | M74: =IF(ISERROR(VLOOKUP($K74,생산업체!$A:$C,생산업체!$A$1,FALSE))=TRUE,"업체리스트 참조 후 업체명 변경",IF(VLOOKUP($K74,생산업체!$A:$C,생산업체!$B$1,FALSE)=1,$L74+$M$6,$L74+$M$4)) -> 41731 | N74: 41734 | O74: 41743 | P74: 3.7
A75: =IF(E75="","",IF(VLOOKUP($F75,CODE!$K:$O,CODE!$O$1,FALSE)="",$E75,$E75&"-"&VLOOKUP($F75,CODE!$K:$O,CODE!$O$1,FALSE))) -> SMB | C75: =C74+1 -> 65 | E75: SMB | F75: ER | G75: N | H75: 14FW SMB_14_FLAT_BK_N | I75: U | J75: =IF(ISERROR(1/COUNTIF(H:H,H75))=TRUE,0,1/COUNTIF(H:H,H75)) -> 1 | K75: QF | L75: 41703 | M75: =IF(ISERROR(VLOOKUP($K75,생산업체!$A:$C,생산업체!$A$1,FALSE))=TRUE,"업체리스트 참조 후 업체명 변경",IF(VLOOKUP($K75,생산업체!$A:$C,생산업체!$B$1,FALSE)=1,$L75+$M$6,$L75+$M$4)) -> 41731 | N75: 41734 | O75: 41738 | P75: 3.7 | U75: 客供主料
A76: =IF(E76="","",IF(VLOOKUP($F76,CODE!$K:$O,CODE!$O$1,FALSE)="",$E76,$E76&"-"&VLOOKUP($F76,CODE!$K:$O,CODE!$O$1,FALSE))) -> SMB | C76: =C75+1 -> 66 | E76: SMB | F76: FI | G76: N | H76: 14FW SMB_19_FLAT_BK_N | I76: U | J76: =IF(ISERROR(1/COUNTIF(H:H,H76))=TRUE,0,1/COUNTIF(H:H,H76)) -> 0.5 | K76: QF | L76: 41703 | M76: =IF(ISERROR(VLOOKUP($K76,생산업체!$A:$C,생산업체!$A$1,FALSE))=TRUE,"업체리스트 참조 후 업체명 변경",IF(VLOOKUP($K76,생산업체!$A:$C,생산업체!$B$1,FALSE)=1,$L76+$M$6,$L76+$M$4)) -> 41731 | N76: 41734 | O76: 41738 | P76: 3 | U76: 帽眉料客供
A77: =IF(E77="","",IF(VLOOKUP($F77,CODE!$K:$O,CODE!$O$1,FALSE)="",$E77,$E77&"-"&VLOOKUP($F77,CODE!$K:$O,CODE!$O$1,FALSE))) -> SMB | C77: =C76+1 -> 67 | E77: SMB | F77: FI | G77: N | H77: 14FW SMB_21_FLAT_NV_N | I77: U | J77: =IF(ISERROR(1/COUNTIF(H:H,H77))=TRUE,0,1/COUNTIF(H:H,H77)) -> 1 | K77: QF | L77: 41703 | M77: =IF(ISERROR(VLOOKUP($K77,생산업체!$A:$C,생산업체!$A$1,FALSE))=TRUE,"업체리스트 참조 후 업체명 변경",IF(VLOOKUP($K77,생산업체!$A:$C,생산업체!$B$1,FALSE)=1,$L77+$M$6,$L77+$M$4)) -> 41731 | N77: 41734 | O77: 41738 | P77: 3.5
A78: =IF(E78="","",IF(VLOOKUP($F78,CODE!$K:$O,CODE!$O$1,FALSE)="",$E78,$E78&"-"&VLOOKUP($F78,CODE!$K:$O,CODE!$O$1,FALSE))) -> SMB | C78: =C77+1 -> 68 | E78: SMB | F78: FI | G78: N | H78: 14FW SMB_22_FLAT_RD_N | I78: U | J78: =IF(ISERROR(1/COUNTIF(H:H,H78))=TRUE,0,1/COUNTIF(H:H,H78)) -> 1 | K78: QF | L78: 41703 | M78: =IF(ISERROR(VLOOKUP($K78,생산업체!$A:$C,생산업체!$A$1,FALSE))=TRUE,"업체리스트 참조 후 업체명 변경",IF(VLOOKUP($K78,생산업체!$A:$C,생산업체!$B$1,FALSE)=1,$L78+$M$6,$L78+$M$4)) -> 41731 | N78: 41734 | O78: 41738 | P78: 3.5
A79: =IF(E79="","",IF(VLOOKUP($F79,CODE!$K:$O,CODE!$O$1,FALSE)="",$E79,$E79&"-"&VLOOKUP($F79,CODE!$K:$O,CODE!$O$1,FALSE))) -> SMB | C79: =C78+1 -> 69 | E79: SMB | F79: FI | G79: N | H79: 14FW SMB_23_FLAT_NV_N | I79: U | J79: =IF(ISERROR(1/COUNTIF(H:H,H79))=TRUE,0,1/COUNTIF(H:H,H79)) -> 1 | K79: QF | L79: 41703 | M79: =IF(ISERROR(VLOOKUP($K79,생산업체!$A:$C,생산업체!$A$1,FALSE))=TRUE,"업체리스트 참조 후 업체명 변경",IF(VLOOKUP($K79,생산업체!$A:$C,생산업체!$B$1,FALSE)=1,$L79+$M$6,$L79+$M$4)) -> 41731 | N79: 41734 | O79: 41743 | P79: 3.3 | U79: 前页+帽眉料客供
A80: =IF(E80="","",IF(VLOOKUP($F80,CODE!$K:$O,CODE!$O$1,FALSE)="",$E80,$E80&"-"&VLOOKUP($F80,CODE!$K:$O,CODE!$O$1,FALSE))) -> SMB | C80: =C79+1 -> 70 | E80: SMB | F80: FI | G80: N | H80: 14FW SMB_24_FLAT_BK_N | I80: U | J80: =IF(ISERROR(1/COUNTIF(H:H,H80))=TRUE,0,1/COUNTIF(H:H,H80)) -> 1 | K80: QF | L80: 41703 | M80: =IF(ISERROR(VLOOKUP($K80,생산업체!$A:$C,생산업체!$A$1,FALSE))=TRUE,"업체리스트 참조 후 업체명 변경",IF(VLOOKUP($K80,생산업체!$A:$C,생산업체!$B$1,FALSE)=1,$L80+$M$6,$L80+$M$4)) -> 41731 | N80: 41734 | O80: 41738 | P80: 3.4 | U80: 帽眉料客供
A81: =IF(E81="","",IF(VLOOKUP($F81,CODE!$K:$O,CODE!$O$1,FALSE)="",$E81,$E81&"-"&VLOOKUP($F81,CODE!$K:$O,CODE!$O$1,FALSE))) -> SMB | C81: =C80+1 -> 71 | E81: SMB | F81: ER | G81: N | H81: 14FW SMB_26_FLAT_RD_N | I81: U | J81: =IF(ISERROR(1/COUNTIF(H:H,H81))=TRUE,0,1/COUNTIF(H:H,H81)) -> 1 | K81: QF | L81: 41703 | M81: =IF(ISERROR(VLOOKUP($K81,생산업체!$A:$C,생산업체!$A$1,FALSE))=TRUE,"업체리스트 참조 후 업체명 변경",IF(VLOOKUP($K81,생산업체!$A:$C,생산업체!$B$1,FALSE)=1,$L81+$M$6,$L81+$M$4)) -> 41731 | N81: 41734 | O81: 41738 | P81: 5
A82: =IF(E82="","",IF(VLOOKUP($F82,CODE!$K:$O,CODE!$O$1,FALSE)="",$E82,$E82&"-"&VLOOKUP($F82,CODE!$K:$O,CODE!$O$1,FALSE))) -> SMB | C82: =C81+1 -> 72 | E82: SMB | F82: ER | G82: N | H82: 14FW SMB_27_FLAT_BL_N | I82: U | J82: =IF(ISERROR(1/COUNTIF(H:H,H82))=TRUE,0,1/COUNTIF(H:H,H82)) -> 1 | K82: QF | L82: 41703 | M82: =IF(ISERROR(VLOOKUP($K82,생산업체!$A:$C,생산업체!$A$1,FALSE))=TRUE,"업체리스트 참조 후 업체명 변경",IF(VLOOKUP($K82,생산업체!$A:$C,생산업체!$B$1,FALSE)=1,$L82+$M$6,$L82+$M$4)) -> 41731 | N82: 41734 | O82: 41738 | P82: 3.5 | U82: 客供主料毛呢
A83: =IF(E83="","",IF(VLOOKUP($F83,CODE!$K:$O,CODE!$O$1,FALSE)="",$E83,$E83&"-"&VLOOKUP($F83,CODE!$K:$O,CODE!$O$1,FALSE))) -> SMB | C83: =C82+1 -> 73 | E83: SMB | F83: ER | G83: N | H83: 14FW SMB_28_FLAT_BG_N | I83: U | J83: =IF(ISERROR(1/COUNTIF(H:H,H83))=TRUE,0,1/COUNTIF(H:H,H83)) -> 1 | K83: QF | L83: 41703 | M83: =IF(ISERROR(VLOOKUP($K83,생산업체!$A:$C,생산업체!$A$1,FALSE))=TRUE,"업체리스트 참조 후 업체명 변경",IF(VLOOKUP($K83,생산업체!$A:$C,생산업체!$B$1,FALSE)=1,$L83+$M$6,$L83+$M$4)) -> 41731 | N83: 41734 | O83: 41743 | P83: 3.8 | U83: 客供主料毛呢
A84: =IF(E84="","",IF(VLOOKUP($F84,CODE!$K:$O,CODE!$O$1,FALSE)="",$E84,$E84&"-"&VLOOKUP($F84,CODE!$K:$O,CODE!$O$1,FALSE))) -> SMB | C84: =C83+1 -> 74 | E84: SMB | F84: FI | G84: N | H84: 14FW SMB_09_FLAT_BK_N | I84: U | J84: =IF(ISERROR(1/COUNTIF(H:H,H84))=TRUE,0,1/COUNTIF(H:H,H84)) -> 1 | K84: 캡보이2 | L84: 41703 | M84: =IF(ISERROR(VLOOKUP($K84,생산업체!$A:$C,생산업체!$A$1,FALSE))=TRUE,"업체리스트 참조 후 업체명 변경",IF(VLOOKUP($K84,생산업체!$A:$C,생산업체!$B$1,FALSE)=1,$L84+$M$6,$L84+$M$4)) -> 41731 | N84: 41717 | O84: 41743
A85: =IF(E85="","",IF(VLOOKUP($F85,CODE!$K:$O,CODE!$O$1,FALSE)="",$E85,$E85&"-"&VLOOKUP($F85,CODE!$K:$O,CODE!$O$1,FALSE))) -> SMB | C85: =C84+1 -> 75 | E85: SMB | F85: FI | G85: N | H85: 14FW SMB_13_FLAT_GR_N | I85: U | J85: =IF(ISERROR(1/COUNTIF(H:H,H85))=TRUE,0,1/COUNTIF(H:H,H85)) -> 1 | K85: 동일모자 | L85: 41703 | M85: =IF(ISERROR(VLOOKUP($K85,생산업체!$A:$C,생산업체!$A$1,FALSE))=TRUE,"업체리스트 참조 후 업체명 변경",IF(VLOOKUP($K85,생산업체!$A:$C,생산업체!$B$1,FALSE)=1,$L85+$M$6,$L85+$M$4)) -> 41731 | N85: 41731 | O85: 41730
A86: =IF(E86="","",IF(VLOOKUP($F86,CODE!$K:$O,CODE!$O$1,FALSE)="",$E86,$E86&"-"&VLOOKUP($F86,CODE!$K:$O,CODE!$O$1,FALSE))) -> SMB | C86: =C85+1 -> 76 | E86: SMB | F86: FI | G86: N | H86: 14FW SMB_15_FLAT_BK_N | I86: U | J86: =IF(ISERROR(1/COUNTIF(H:H,H86))=TRUE,0,1/COUNTIF(H:H,H86)) -> 1 | K86: 동일모자 | L86: 41703 | M86: =IF(ISERROR(VLOOKUP($K86,생산업체!$A:$C,생산업체!$A$1,FALSE))=TRUE,"업체리스트 참조 후 업체명 변경",IF(VLOOKUP($K86,생산업체!$A:$C,생산업체!$B$1,FALSE)=1,$L86+$M$6,$L86+$M$4)) -> 41731 | N86: 41739 | O86: 41733
A87: =IF(E87="","",IF(VLOOKUP($F87,CODE!$K:$O,CODE!$O$1,FALSE)="",$E87,$E87&"-"&VLOOKUP($F87,CODE!$K:$O,CODE!$O$1,FALSE))) -> SMB | C87: =C86+1 -> 77 | E87: SMB | F87: FI | G87: N | H87: 14FW SMB_19_FLAT_BK_N | I87: U | J87: =IF(ISERROR(1/COUNTIF(H:H,H87))=TRUE,0,1/COUNTIF(H:H,H87)) -> 0.5 | K87: 동일모자 | L87: 41703 | M87: =IF(ISERROR(VLOOKUP($K87,생산업체!$A:$C,생산업체!$A$1,FALSE))=TRUE,"업체리스트 참조 후 업체명 변경",IF(VLOOKUP($K87,생산업체!$A:$C,생산업체!$B$1,FALSE)=1,$L87+$M$6,$L87+$M$4)) -> 41731 | N87: 41731 | O87: 41730
A88: =IF(E88="","",IF(VLOOKUP($F88,CODE!$K:$O,CODE!$O$1,FALSE)="",$E88,$E88&"-"&VLOOKUP($F88,CODE!$K:$O,CODE!$O$1,FALSE))) -> SMB | C88: =C87+1 -> 78 | E88: SMB | F88: FI | G88: N | H88: 14FW SMB_20_FLAT_BW_F | I88: U | J88: =IF(ISERROR(1/COUNTIF(H:H,H88))=TRUE,0,1/COUNTIF(H:H,H88)) -> 1 | K88: 동일모자 | L88: 41703 | M88: =IF(ISERROR(VLOOKUP($K88,생산업체!$A:$C,생산업체!$A$1,FALSE))=TRUE,"업체리스트 참조 후 업체명 변경",IF(VLOOKUP($K88,생산업체!$A:$C,생산업체!$B$1,FALSE)=1,$L88+$M$6,$L88+$M$4)) -> 41731 | N88: 41739 | O88: 41733
A89: =IF(E89="","",IF(VLOOKUP($F89,CODE!$K:$O,CODE!$O$1,FALSE)="",$E89,$E89&"-"&VLOOKUP($F89,CODE!$K:$O,CODE!$O$1,FALSE))) -> SMB | C89: =C88+1 -> 79 | E89: SMB | F89: ER | G89: N | H89: 14FW SMB_25_FLAT_NV_N | I89: U | J89: =IF(ISERROR(1/COUNTIF(H:H,H89))=TRUE,0,1/COUNTIF(H:H,H89)) -> 1 | K89: 동일모자 | L89: 41703 | M89: =IF(ISERROR(VLOOKUP($K89,생산업체!$A:$C,생산업체!$A$1,FALSE))=TRUE,"업체리스트 참조 후 업체명 변경",IF(VLOOKUP($K89,생산업체!$A:$C,생산업체!$B$1,FALSE)=1,$L89+$M$6,$L89+$M$4)) -> 41731 | N89: 41736 | O89: 0.57142857
A90: =IF(E90="","",IF(VLOOKUP($F90,CODE!$K:$O,CODE!$O$1,FALSE)="",$E90,$E90&"-"&VLOOKUP($F90,CODE!$K:$O,CODE!$O$1,FALSE))) -> SMB | C90: =C89+1 -> 80 | E90: SMB | F90: BE | G90: N | H90: 14FW SMB_05_KNIT_BR_F_KIDS(FKT) | I90: K | J90: =IF(ISERROR(1/COUNTIF(H:H,H90))=TRUE,0,1/COUNTIF(H:H,H90)) -> 1 | K90: KIDS FIRST TOYS | L90: 41703 | M90: =IF(ISERROR(VLOOKUP($K90,생산업체!$A:$C,생산업체!$A$1,FALSE))=TRUE,"업체리스트 참조 후 업체명 변경",IF(VLOOKUP($K90,생산업체!$A:$C,생산업체!$B$1,FALSE)=1,$L90+$M$6,$L90+$M$4)) -> 41731 | N90: 41731 | O90: 41731
A91: =IF(E91="","",IF(VLOOKUP($F91,CODE!$K:$O,CODE!$O$1,FALSE)="",$E91,$E91&"-"&VLOOKUP($F91,CODE!$K:$O,CODE!$O$1,FALSE))) -> SMB | C91: =C90+1 -> 81 | E91: SMB | F91: BE | G91: N | H91: 14FW SMB_06_KNIT_OR_F_KIDS | I91: K | J91: =IF(ISERROR(1/COUNTIF(H:H,H91))=TRUE,0,1/COUNTIF(H:H,H91)) -> 1 | K91: KIDS FIRST TOYS | L91: 41703 | M91: =IF(ISERROR(VLOOKUP($K91,생산업체!$A:$C,생산업체!$A$1,FALSE))=TRUE,"업체리스트 참조 후 업체명 변경",IF(VLOOKUP($K91,생산업체!$A:$C,생산업체!$B$1,FALSE)=1,$L91+$M$6,$L91+$M$4)) -> 41731 | N91: 41731 | O91: 41731
A92: =IF(E92="","",IF(VLOOKUP($F92,CODE!$K:$O,CODE!$O$1,FALSE)="",$E92,$E92&"-"&VLOOKUP($F92,CODE!$K:$O,CODE!$O$1,FALSE))) -> SMB | C92: =C91+1 -> 82 | E92: SMB | F92: BE | G92: N | H92: 14FW SMB_01_KNIT_PK_F | I92: U | J92: =IF(ISERROR(1/COUNTIF(H:H,H92))=TRUE,0,1/COUNTIF(H:H,H92)) -> 1 | K92: FOREMOST | L92: 41703 | M92: =IF(ISERROR(VLOOKUP($K92,생산업체!$A:$C,생산업체!$A$1,FALSE))=TRUE,"업체리스트 참조 후 업체명 변경",IF(VLOOKUP($K92,생산업체!$A:$C,생산업체!$B$1,FALSE)=1,$L92+$M$6,$L92+$M$4)) -> 41731 | N92: 41739 | O92: 41736
A93: =IF(E93="","",IF(VLOOKUP($F93,CODE!$K:$O,CODE!$O$1,FALSE)="",$E93,$E93&"-"&VLOOKUP($F93,CODE!$K:$O,CODE!$O$1,FALSE))) -> SMB | C93: =C92+1 -> 83 | E93: SMB | F93: BE | G93: N | H93: 14FW SMB_02_KNIT_BK_N | I93: U | J93: =IF(ISERROR(1/COUNTIF(H:H,H93))=TRUE,0,1/COUNTIF(H:H,H93)) -> 1 | K93: FOREMOST | L93: 41703 | M93: =IF(ISERROR(VLOOKUP($K93,생산업체!$A:$C,생산업체!$A$1,FALSE))=TRUE,"업체리스트 참조 후 업체명 변경",IF(VLOOKUP($K93,생산업체!$A:$C,생산업체!$B$1,FALSE)=1,$L93+$M$6,$L93+$M$4)) -> 41731 | N93: 41739 | O93: 41736
A94: =IF(E94="","",IF(VLOOKUP($F94,CODE!$K:$O,CODE!$O$1,FALSE)="",$E94,$E94&"-"&VLOOKUP($F94,CODE!$K:$O,CODE!$O$1,FALSE))) -> SMB | C94: =C93+1 -> 84 | E94: SMB | F94: BE | G94: N | H94: 14FW SMB_03_KNIT_PK_N_KIDS | I94: K | J94: =IF(ISERROR(1/COUNTIF(H:H,H94))=TRUE,0,1/COUNTIF(H:H,H94)) -> 1 | K94: FOREMOST | L94: 41703 | M94: =IF(ISERROR(VLOOKUP($K94,생산업체!$A:$C,생산업체!$A$1,FALSE))=TRUE,"업체리스트 참조 후 업체명 변경",IF(VLOOKUP($K94,생산업체!$A:$C,생산업체!$B$1,FALSE)=1,$L94+$M$6,$L94+$M$4)) -> 41731 | N94: 41731 | O94: 41731
A95: =IF(E95="","",IF(VLOOKUP($F95,CODE!$K:$O,CODE!$O$1,FALSE)="",$E95,$E95&"-"&VLOOKUP($F95,CODE!$K:$O,CODE!$O$1,FALSE))) -> SMB | C95: =C94+1 -> 85 | E95: SMB | F95: BE | G95: N | H95: 14FW SMB_04_KNIT_PP_N_KIDS | I95: K | J95: =IF(ISERROR(1/COUNTIF(H:H,H95))=TRUE,0,1/COUNTIF(H:H,H95)) -> 1 | K95: FOREMOST | L95: 41703 | M95: =IF(ISERROR(VLOOKUP($K95,생산업체!$A:$C,생산업체!$A$1,FALSE))=TRUE,"업체리스트 참조 후 업체명 변경",IF(VLOOKUP($K95,생산업체!$A:$C,생산업체!$B$1,FALSE)=1,$L95+$M$6,$L95+$M$4)) -> 41731 | N95: 41731 | O95: 41731
... A101: =IF(E101="","",IF(VLOOKUP($F101,CODE!$K:$O,CODE!$O$1,FALSE)="",$E101,$E101&"-"&VLOOKUP($F101,CODE!$K:$O,CODE!$O$1,FALSE))) -> SMB | C101: =C100+1 -> 91 | E101: SMB | F101: BE | G101: N | H101: 14FW SMB_11_KNIT_PK_F_KIDS | I101: K | J101: =IF(ISERROR(1/COUNTIF(H:H,H101))=TRUE,0,1/COUNTIF(H:H,H101)) -> 1 | K101: Y&Y | L101: 41703 | M101: =IF(ISERROR(VLOOKUP($K101,생산업체!$A:$C,생산업체!$A$1,FALSE))=TRUE,"업체리스트 참조 후 업체명 변경",IF(VLOOKUP($K101,생산업체!$A:$C,생산업체!$B$1,FALSE)=1,$L101+$M$6,$L101+$M$4)) -> 41731 | N101: 41754 | O101: 41758
A102: =IF(E102="","",IF(VLOOKUP($F102,CODE!$K:$O,CODE!$O$1,FALSE)="",$E102,$E102&"-"&VLOOKUP($F102,CODE!$K:$O,CODE!$O$1,FALSE))) -> SMB | C102: =C101+1 -> 92 | E102: SMB | F102: BE | G102: N | H102: 14FW SMB_12_KNIT_D.GY_N | I102: U | J102: =IF(ISERROR(1/COUNTIF(H:H,H102))=TRUE,0,1/COUNTIF(H:H,H102)) -> 1 | K102: Y&Y | L102: 41703 | M102: =IF(ISERROR(VLOOKUP($K102,생산업체!$A:$C,생산업체!$A$1,FALSE))=TRUE,"업체리스트 참조 후 업체명 변경",IF(VLOOKUP($K102,생산업체!$A:$C,생산업체!$B$1,FALSE)=1,$L102+$M$6,$L102+$M$4)) -> 41731 | N102: 41745 | O102: 41745 | P102: 2.63 | U102: 참고샘플 돌려받음 (140416)
A103: =IF(E103="","",IF(VLOOKUP($F103,CODE!$K:$O,CODE!$O$1,FALSE)="",$E103,$E103&"-"&VLOOKUP($F103,CODE!$K:$O,CODE!$O$1,FALSE))) -> SMB | C103: =C102+1 -> 93 | E103: SMB | F103: BE | G103: N | H103: 14FW SMB_12_KNIT_PK_N | I103: U | J103: =IF(ISERROR(1/COUNTIF(H:H,H103))=TRUE,0,1/COUNTIF(H:H,H103)) -> 1 | K103: Y&Y | L103: 41703 | M103: =IF(ISERROR(VLOOKUP($K103,생산업체!$A:$C,생산업체!$A$1,FALSE))=TRUE,"업체리스트 참조 후 업체명 변경",IF(VLOOKUP($K103,생산업체!$A:$C,생산업체!$B$1,FALSE)=1,$L103+$M$6,$L103+$M$4)) -> 41731 | N103: 41747 | O103: 41745 | P103: 2.63
A104: =IF(E104="","",IF(VLOOKUP($F104,CODE!$K:$O,CODE!$O$1,FALSE)="",$E104,$E104&"-"&VLOOKUP($F104,CODE!$K:$O,CODE!$O$1,FALSE))) -> SMB | C104: =C103+1 -> 94 | E104: SMB | F104: BE | G104: N | H104: 14FW SMB_12_KNIT_PP_N | I104: U | J104: =IF(ISERROR(1/COUNTIF(H:H,H104))=TRUE,0,1/COUNTIF(H:H,H104)) -> 1 | K104: Y&Y | L104: 41703 | M104: =IF(ISERROR(VLOOKUP($K104,생산업체!$A:$C,생산업체!$A$1,FALSE))=TRUE,"업체리스트 참조 후 업체명 변경",IF(VLOOKUP($K104,생산업체!$A:$C,생산업체!$B$1,FALSE)=1,$L104+$M$6,$L104+$M$4)) -> 41731 | N104: 41747 | O104: 41745 | P104: 2.63
A105: =IF(E105="","",IF(VLOOKUP($F105,CODE!$K:$O,CODE!$O$1,FALSE)="",$E105,$E105&"-"&VLOOKUP($F105,CODE!$K:$O,CODE!$O$1,FALSE))) -> SMB | C105: =C104+1 -> 95 | E105: SMB | F105: BE | G105: N | H105: 14FW SMB_13_KNIT_PP_F_KIDS | I105: U | J105: =IF(ISERROR(1/COUNTIF(H:H,H105))=TRUE,0,1/COUNTIF(H:H,H105)) -> 1 | K105: Y&Y | L105: 41703 | M105: =IF(ISERROR(VLOOKUP($K105,생산업체!$A:$C,생산업체!$A$1,FALSE))=TRUE,"업체리스트 참조 후 업체명 변경",IF(VLOOKUP($K105,생산업체!$A:$C,생산업체!$B$1,FALSE)=1,$L105+$M$6,$L105+$M$4)) -> 41731 | N105: 41751 | O105: 41751 | P105: 3.08
...

Sheet 생산업체
A1: 1 | B1: 2 | C1: 3
A2: 약칭(기획현황) | B2: 수입1, 내수2 | C2: 통화
A3: 스포팅21 | B3: 2
A4: 아디다스 | B4: 2
A5: 홈런 | B5: 2 | C5: KRW
A6: AI | B6: 2
A7: GSM | B7: 2 | C7: KRW
A8: 닉슨코리아 | B8: 2 | C8: KRW
A9: FLAT FITTY | B9: 2 | C9: KRW
A10: JOYRICH | B10: 2 | C10: KRW
A11: KANGOL | B11: 2
A12: LG패션 | B12: 2
A13: NEWERA | B13: 2 | C13: KRW
A14: 고성 | B14: 2 | C14: KRW
A15: 림스스포츠 | B15: 2 | C15: KRW
A16: 아트인드림 | B16: 2 | C16: KRW
A17: 캡보이 | B17: 2 | C17: KRW
A18: 현주실업 | B18: 2 | C18: KRW
A19: CNG | B19: 2 | C19: KRW
A20: POWER JK | B20: 2
A21: 신성모자 | B21: 2 | C21: KRW
A22: TS | B22: 2 | C22: KRW
A23: 최강모자 | B23: 2 | C23: KRW
A24: 아우리에프엔 | B24: 2 | C24: KRW
A25: 현대제모 | B25: 2 | C25: KRW
A26: ING | B26: 2
A27: 우진모자 | B27: 2 | C27: KRW
A28: 47 Brand | B28: 1 | C28: USD
A29: ED HARDY | B29: 1
A30: TRUE RELIGION | B30: 1 | C30: USD
A31: TWINS | B31: 1 | C31: USD
A32: GOORIN BROTHERS | B32: 1 | C32: USD
A33: GRACE HAT | B33: 1 | C33: JPY
A34: BRONER HATS | B34: 1
A35: CODELLO | B35: 1 | C35: USD
A36: 해외소매구매 | B36: 1 | C36: USD
A37: 해외소매구매2 | B37: 1 | C37: EUR
A38: SEEBERGER | B38: 1 | C38: USD
A39: EUGENIA KIM | B39: 1 | C39: USD
A40: GREVI | B40: 1 | C40: EUR
A41: COMPLIT | B41: 1 | C41: EUR
A42: KURIHARA | B42: 1 | C42: JPY
A43: 대경 | B43: 1 | C43: USD
A44: 바이칼 | B44: 1 | C44: KRW
A45: 성진 | B45: 1 | C45: KRW
A46: 캡보이2 | B46: 1 | C46: KRW
A47: 오성 | B47: 2 | C47: KRW
A48: 오토 | B48: 2
A49: 우진 | B49: 2
A50: EVERGREEN | B50: 1 | C50: USD
A51: 써니 | B51: 1 | C51: USD
A52: NEW FINE | B52: 1 | C52: USD
A53: ORIENT | B53: 1
A54: 동일모자 | B54: 1 | C54: USD
A55: BLESSING CAP | B55: 1
A56: KIDS FIRST TOYS | B56: 1 | C56: USD
A57: FOREMOST | B57: 1 | C57: USD
A58: H&H | B58: 1
A59: HAOPU | B59: 1 | C59: USD
A60: J&F | B60: 1 | C60: USD
A61: NT SENHONG | B61: 1 | C61: USD
A62: QF | B62: 1 | C62: USD
A63: QIAQIA | B63: 2 | C63: USD
A64: SEASHINE | B64: 1
A65: HMA | B65: 1 | C65: USD
A66: Y&Y | B66: 1 | C66: USD
A67: ELEGANCE | B67: 1 | C67: USD
A68: CISUI | B68: 1 | C68: USD
A69: YITIAN | B69: 1 | C69: USD
A70: SHANGHAI STYLE | B70: 1 | C70: USD
A71: EMERALD | B71: 1 | C71: USD
A72: BS | B72: 1 | C72: USD
A73: SINGFOR | B73: 1 | C73: USD
A74: 미정 | C74: KRW
A76: ALIC | B76: 1 | C76: USD
A77: ZCN | B77: 1 | C77: USD
A78: Yangyuan | B78: 1 | C78: USD
A79: Yongsang | B79: 1 | C79: USD
A80: piafield | B80: 1 | C80: USD
A81: XUYUAN | B81: 1 | C81: USD
A82: 한림 | B82: 1 | C82: USD
A83: GOLD TOP HAT | B83: 1 | C83: USD
A84: 유건 | B84: 1 | C84: KRW
A85: EVERICH | B85: 1 | C85: USD

Sheet CODE
C1: 2 | D1: 3 | E1: 4 | F1: 5 | G1: 6 | L1: 2 | M1: 3 | N1: 4 | O1: 5 | P1: 6 | S1: 2 | T1: 3 | X1: 2 | Y1: 3 | AE1: 2 | AF1: 3 | AJ1: 2 | AK1: 3 | AL1: 4 | AO1: 2 | AP1: 3 | AS1: 2 | AT1: 3 | AW1: 2 | AX1: 3
A2: BRAND (3자리) | I2: ITEM (2자리) | R2: YEAR (2자리) | V2: SEASON (1자리) | AA2: STNO (3자리) | AC2: COLOR (2자리) | AH2: SIZE (3자리) | AN2: 분류 | AR2: 성별 | AV2: 원산지
A3: 구코드 | B3: 코드 | C3: 코드명 | D3: 그룹 | E3: 코드 | F3: 구분 | G3: B/M/C | I3: 구코드 | J3: 구코드명 | K3: 코드 | L3: 코드명 | M3: 코드 | N3: 구분 | O3: 구분 | P3: 구분 | R3: 코드 | S3: 코드명 | T3: 코드 | V3: 구코드 | W3: 코드 | X3: 코드명 | Y3: 코드 | AA3: 코드 | AC3: 구코드 | AD3: 코드 | AE3: 코드명 | AF3: 코드 | AH3: 구코드 | AI3: 코드 | AJ3: 코드명 | AK3: TYPE | AL3: 코드 | AN3: 코드 | AO3: 코드명 | AP3: 코드 | AR3: 코드 | AS3: 코드명 | AT3: 코드 | AV3: 코드 | AW3: 코드명 | AX3: 코드
A4: BZ | C4: COP CARDINALS | D4: =B4 -> 0 | E4: =B4 -> 0 | F4: SPORTS | G4: B | I4: CA | J4: BASIC CAP (핀치히터) | K4: BA | L4: BASIC CAP | M4: =K4 -> BA | N4: 의류외 | P4: 모자 | R4: A | S4: 2009 | T4: =R4 -> A | V4: 0 | W4: 0 | X4: SS | Y4: =W4 -> 0 | AA4: 001 | AC4: B0 | AD4: BK | AE4: Black | AF4: =AD4 -> BK | AH4: A | AI4: FRE | AJ4: OSFA(ADJUST CAP) | AK4: 1 | AL4: =AI4 -> FRE | AN4: B | AO4: 사입 | AP4: =AN4 -> B | AR4: M | AS4: 남자 | AT4: =AR4 -> M | AV4: CN | AW4: 중국 | AX4: =AV4 -> CN
A5: BH | C5: COP INDIANS | D5: =B5 -> 0 | E5: =B5 -> 0 | F5: SPORTS | G5: B | I5: CS | J5: VISOR CAP | K5: BA | L5: BASIC CAP | M5: =K5 -> BA | N5: 의류외 | P5: 모자 | R5: B | S5: 2010 | T5: =R5 -> B | V5: 1 | W5: 0 | X5: SS | Y5: =W5 -> 0 | AA5: 002 | AC5: B1 | AE5: Black Camo | AF5: =AD5 -> 0 | AH5: N | AI5: OXS | AJ5: XS | AK5: 1 | AL5: =AI5 -> OXS | AN5: C | AO5: 위탁 | AP5: =AN5 -> C | AR5: W | AS5: 여자 | AT5: =AR5 -> W | AV5: JP | AW5: 일본 | AX5: =AV5 -> JP
A6: BR | C6: COP METS | D6: =B6 -> 0 | E6: =B6 -> 0 | F6: SPORTS | G6: B | I6: CC | J6: FLEX CAP (3930) | K6: FL | L6: FLEX CAP | M6: =K6 -> FL | N6: 의류외 | P6: 모자 | R6: C | S6: 2011 | T6: =R6 -> C | V6: 2 | W6: 0 | X6: SS | Y6: =W6 -> 0 | AA6: 003 | AC6: B2 | AE6: Black Leopard | AF6: =AD6 -> 0 | AI6: OSS | AJ6: S | AK6: 1 | AL6: =AI6 -> OSS | AN6: M | AO6: 제조 | AP6: =AN6 -> M | AR6: U | AS6: UNISEX | AT6: =AR6 -> U | AV6: KR | AW6: 한국 | AX6: =AV6 -> KR
A7: BC | C7: COP ORIOLES | D7: =B7 -> 0 | E7: =B7 -> 0 | F7: SPORTS | G7: B | I7: CD | J7: NORMAL FITTED CAP (커브) | K7: FL | L7: FLEX CAP | M7: =K7 -> FL | N7: 의류외 | P7: 모자 | R7: D | S7: 2012 | T7: =R7 -> D | V7: 3 | W7: 0 | X7: SS | Y7: =W7 -> 0 | AA7: 004 | AC7: B3 | AE7: Black/White | AF7: =AD7 -> 0 | AI7: OMM | AJ7: M | AK7: 1 | AL7: =AI7 -> OMM | AR7: K | AS7: KIDS | AT7: =AR7 -> K | AV7: US | AW7: 미국 | AX7: =AV7 -> US
A8: BJ | C8: COP TIGERS | D8: =B8 -> 0 | E8: =B8 -> 0 | F8: SPORTS | G8: B | I8: CE | J8: FLAT BILL FITTED CAP(5950) | K8: FI | L8: FITTED CAP | M8: =K8 -> FI | N8: 의류외 | P8: 모자 | R8: E | S8: 2013 | T8: =R8 -> E | V8: 4 | W8: 0 | X8: SS | Y8: =W8 -> 0 | AA8: 005 | AC8: B4 | AE8: Black/Flann | AF8: =AD8 -> 0 | AI8: OLL | AJ8: L | AK8: 1 | AL8: =AI8 -> OLL | AR8: N | AS8: NEWERA | AT8: =AR8 -> N | AV8: IN | AW8: 인도네시아 | AX8: =AV8 -> IN
A9: KC | B9: KDO | C9: DOOSAN BEARS | D9: KBO | E9: =B9 -> KDO | F9: SPORTS | G9: B | I9: CU | J9: FLAT BILL FLEX CAP(일자) | K9: FI | L9: FITTED CAP | M9: =K9 -> FI | N9: 의류외 | P9: 모자 | R9: F | S9: 2014 | T9: =R9 -> F | V9: 5 | W9: 3 | X9: FW | Y9: =W9 -> 3 | AA9: 006 | AC9: B5 | AE9: Dark Flann | AF9: =AD9 -> 0 | AI9: OXL | AJ9: XL | AK9: 1 | AL9: =AI9 -> OXL | AR9: A | AS9: AUTHENTIC | AT9: =AR9 -> A | AV9: BG | AW9: 방글라데시 | AX9: =AV9 -> BG
A10: CD | B10: ZCD | C10: EUR BARCELONA | D10: =B10 -> ZCD | E10: =B10 -> ZCD | F10: SPORTS | G10: B | I10: DA | J10: FLAT BILL FITTED BASIC (BLANK 5950) | K10: FI | L10: FITTED CAP | M10: =K10 -> FI | N10: 의류외 | P10: 모자 | R10: G | S10: 2015 | T10: =R10 -> G | V10: 6 | W10: 3 | X10: FW | Y10: =W10 -> 3 | AA10: 007 | AC10: B6 | AE10: Loden | AF10: =AD10 -> 0 | AH10: O | AI10: OSM | AJ10: S~M | AK10: 1 | AL10: =AI10 -> OSM | AV10: DE | AW10: 독일 | AX10: =AV10 -> DE
A11: CA | B11: ZCA | C11: EUR MUCHESTER | D11: =B11 -> ZCA | E11: =B11 -> ZCA | F11: SPORTS | G11: B | I11: CB | J11: WASHED CAP (워싱캡) | K11: WC | L11: WASHED CAP | M11: =K11 -> WC | N11: 의류외 | P11: 모자 | R11: H | S11: 2016 | T11: =R11 -> H | V11: 7 | W11: 3 | X11: FW | Y11: =W11 -> 3 | AA11: 008 | AC11: B7 | AE11: Pine X | AF11: =AD11 -> 0 | AH11: P | AI11: OML | AJ11: M~L | AK11: 1 | AL11: =AI11 -> OML | AV11: AT | AW11: 오스트리아 | AX11: =AV11 -> AT
A12: KH | B12: KHA | C12: HANWHA EAGLES | D12: KBO | E12: =B12 -> KHA | F12: SPORTS | G12: B | I12: CF | J12: TRUCKER CAP | K12: TR | L12: TRUCKER CAP | M12: =K12 -> TR | N12: 의류외 | P12: 모자 | R12: I | S12: 2017 | T12: =R12 -> I | V12: 8 | W12: 3 | X12: FW | Y12: =W12 -> 3 | AA12: 009 | AC12: B8 | AE12: Block | AF12: =AD12 -> 0 | AH12: Q | AI12: LXL | AJ12: L~XL | AK12: 1 | AL12: =AI12 -> LXL | AV12: BE | AW12: 벨기에 | AX12: =AV12 -> BE
A13: KA | B13: KKI | C13: KIA TIGERS | D13: KBO | E13: =B13 -> KKI | F13: SPORTS | G13: B | I13: CV | J13: MESH CAP(커브) | K13: TR | L13: TRUCKER CAP | M13: =K13 -> TR | N13: 의류외 | P13: 모자 | R13: J | S13: 2018 | T13: =R13 -> J | V13: 9 | W13: 3 | X13: FW | Y13: =W13 -> 3 | AA13: 010 | AC13: B9 | AD13: BU | AE13: Burgundy | AF13: =AD13 -> BU | AV13: CH | AW13: 스위스 | AX13: =AV13 -> CH
A14: KG | B14: KLG | C14: LG TWINS | D14: KBO | E14: =B14 -> KLG | F14: SPORTS | G14: B | I14: CW | J14: FLAT BILL MESH CAP(일자) | K14: TR | L14: TRUCKER CAP | M14: =K14 -> TR | N14: 의류외 | P14: 모자 | AC14: BA | AE14: PLAID BLACK | AF14: =AD14 -> 0 | AH14: E | AI14: 700 | AJ14: 7(56CM) | AK14: 2 | AL14: =AI14 -> 700 | AV14: ES | AW14: 스페인 | AX14: =AV14 -> ES
A15: KD | B15: KLO | C15: LOTTE GIANTS | D15: KBO | E15: =B15 -> KLO | F15: SPORTS | G15: B | I15: DB | J15: FLAT BILL TRUCKER CAP | K15: TR | L15: TRUCKER CAP | M15: =K15 -> TR | N15: 의류외 | P15: 모자 | AC15: BB | AE15: Black/Red | AF15: =AD15 -> 0 | AH15: F | AI15: 718 | AJ15: 71/8(57CM) | AK15: 2 | AL15: =AI15 -> 718 | AV15: FR | AW15: 프랑스 | AX15: =AV15 -> FR
A16: AO | B16: NAN | C16: MLB ANGELS | D16: MLB | E16: =B16 -> NAN | F16: SPORTS | G16: B | I16: CZ | J16: UMPIRE | K16: UM | L16: UMPIRE | M16: =K16 -> UM | N16: 의류외 | P16: 모자 | AC16: C1 | AD16: BG | AE16: Beige | AF16: =AD16 -> BG | AH16: G | AI16: 714 | AJ16: 71/4(58CM) | AK16: 2 | AL16: =AI16 -> 714 | AV16: GR | AW16: 영국 | AX16: =AV16 -> GR
A17: AU | B17: NAS | C17: MLB A'S | D17: MLB | E17: =B17 -> NAS | F17: SPORTS | G17: B | I17: CG | J17: PERFORMANCE CAP(기능성) | K17: PE | L17: PERFORMANCE CAP | M17: =K17 -> PE | N17: 의류외 | P17: 모자 | AC17: C2 | AE17: Putty | AF17: =AD17 -> 0 | AH17: H | AI17: 738 | AJ17: 73/8(59CM) | AK17: 2 | AL17: =AI17 -> 738 | AV17: IT | AW17: 이탈리아 | AX17: =AV17 -> IT
A18: AM | B18: NAT | C18: MLB ASTROS | D18: MLB | E18: =B18 -> NAT | F18: SPORTS | G18: B | I18: CI | J18: MILITARY CAP | K18: MI | L18: MILITARY CAP | M18: =K18 -> MI | N18: 의류외 | P18: 모자 | AC18: C3 | AE18: Sand | AF18: =AD18 -> 0 | AH18: I | AI18: 712 | AJ18: 71/2(60CM) | AK18: 2 | AL18: =AI18 -> 712 | AV18: PI | AW18: 필리핀 | AX18: =AV18 -> PI
A19: A4 | B19: NBL | C19: MLB BLUEJAYS | D19: MLB | E19: =B19 -> NBL | F19: SPORTS | G19: B | I19: CK | J19: FEDORA | K19: FE | L19: FEDORA | M19: =K19 -> FE | N19: 의류외 | P19: 모자 | AC19: C4 | AD19: KH | AE19: Khaki | AF19: =AD19 -> KH | AH19: J | AI19: 758 | AJ19: 75/8(61CM) | AK19: 2 | AL19: =AI19 -> 758 | AV19: PT | AW19: 포르투갈 | AX19: =AV19 -> PT
A20: AC | B20: NBR | C20: MLB BRAVES | D20: MLB | E20: =B20 -> NBR | F20: SPORTS | G20: B | I20: CL | J20: HUNTING CAP | K20: HU | L20: HUNTING CAP | M20: =K20 -> HU | N20: 의류외 | P20: 모자 | AC20: C5 | AE20: Café | AF20: =AD20 -> 0 | AH20: K | AI20: 734 | AJ20: 73/4(62CM) | AK20: 2 | AL20: =AI20 -> 734 | AV20: TW | AW20: 대만 | AX20: =AV20 -> TW
A21: AQ | B21: NBE | C21: MLB BREWERS | D21: MLB | E21: =B21 -> NBE | F21: SPORTS | G21: B | I21: CT | J21: CASQUETTE | K21: CT | L21: CASQUETTE | M21: =K21 -> CT | N21: 의류외 | P21: 모자 | AC21: C6 | AD21: BW | AE21: Brown | AF21: =AD21 -> BW | AH21: L | AI21: 778 | AJ21: 77/8(63CM) | AK21: 2 | AL21: =AI21 -> 778
A22: A1 | B22: NCA | C22: MLB CARDINALS | D22: MLB | E22: =B22 -> NCA | F22: SPORTS | G22: B | I22: CM | J22: BERET | K22: CM | L22: BERET | M22: =K22 -> CM | N22: 의류외 | P22: 모자 | AC22: C7 | AE22: Dk.Brown | AF22: =AD22 -> 0 | AH22: M | AI22: 800 | AJ22: 8(64CM) | AK22: 2 | AL22: =AI22 -> 800
A23: AF | B23: NCU | C23: MLB CUBS | D23: MLB | E23: =B23 -> NCU | F23: SPORTS | G23: B | I23: CJ | J23: FASHION HAT | K23: FA | L23: FASHION HAT | M23: =K23 -> FA | N23: 의류외 | P23: 모자 | AC23: C8 | AE23: Light.Brown | AF23: =AD23 -> 0
A24: AB | B24: NDB | C24: MLB D'BACKS | D24: MLB | E24: =B24 -> NDB | F24: SPORTS | G24: B | I24: CX | J24: PAPER 소재로 된 것. | K24: FA | L24: FASHION HAT | M24: =K24 -> FA | N24: 의류외 | P24: 모자 | AC24: C9 | AD24: BR | AE24: Metalic Bronze | AF24: =AD24 -> BR | AI24: 600 | AJ24: 6(48CM) | AK24: 3 | AL24: =AI24 -> 600
A25: A2 | B25: NDE | C25: MLB DEVILSRAYS | D25: MLB | E25: =B25 -> NDE | F25: SPORTS | G25: B | I25: CY | J25: Trim이 길고 펄럭임 | K25: FA | L25: FASHION HAT | M25: =K25 -> FA | N25: 의류외 | P25: 모자 | AC25: CA | AE25: Brown Leopard | AF25: =AD25 -> 0 | AI25: 618 | AJ25: 61/8(49CM) | AK25: 3 | AL25: =AI25 -> 618
A26: AP | B26: NDO | C26: MLB DODGERS | D26: MLB | E26: =B26 -> NDO | F26: SPORTS | G26: B | I26: CH | J26: BUCKET | K26: FA | L26: FASHION HAT | M26: =K26 -> FA | N26: 의류외 | P26: 모자 | AC26: CB | AE26: Dk.Khaki | AF26: =AD26 -> 0 | AI26: 614 | AJ26: 61/4(50CM) | AK26: 3 | AL26: =AI26 -> 614
A27: AY | B27: NGI | C27: MLB GIANTS | D27: MLB | E27: =B27 -> NGI | F27: SPORTS | G27: B | I27: CN | J27: NORMAL BEANIE | K27: BE | L27: BEANIE | M27: =K27 -> BE | N27: 의류외 | P27: 모자 | AC27: CC | AD27: CH | AE27: Chocolate | AF27: =AD27 -> CH | AH27: H | AI27: 638 | AJ27: 63/8(51CM) | AK27: 3 | AL27: =AI27 -> 638
A28: AI | B28: NIN | C28: MLB INDIANS | D28: MLB | E28: =B28 -> NIN | F28: SPORTS | G28: B | I28: CO | J28: REVERSABLE BEANIE | K28: BE | L28: BEANIE | M28: =K28 -> BE | N28: 의류외 | P28: 모자 | AC28: CD | AE28: Walnut | AF28: =AD28 -> 0 | AH28: I | AI28: 612 | AJ28: 61/2(52CM) | AK28: 3 | AL28: =AI28 -> 612
A29: AZ | B29: NMR | C29: MLB MARINERS | D29: MLB | E29: =B29 -> NMR | F29: SPORTS | G29: B | I29: CR | J29: CUFF KNIT BEANIE | K29: BE | L29: BEANIE | M29: =K29 -> BE | N29: 의류외 | P29: 모자 | AC29: CE | AD29: CL | AE29: CAMEL | AF29: =AD29 -> CL | AH29: J | AI29: 658 | AJ29: 65/8(53CM) | AK29: 3 | AL29: =AI29 -> 658
A30: AL | B30: NMA | C30: MLB MARLINS | D30: MLB | E30: =B30 -> NMA | F30: SPORTS | G30: B | I30: CP | J30: VISOR BEANIE (챙비니) | K30: VB | L30: VISOR BEANIE | M30: =K30 -> VB | N30: 의류외 | P30: 모자 | AC30: CF | AE30: PLAID BROWN | AF30: =AD30 -> 0 | AH30: K | AI30: 634 | AJ30: 63/4(54CM) | AK30: 3 | AL30: =AI30 -> 634
A31: AS | B31: NME | C31: MLB METS | D31: MLB | E31: =B31 -> NME | F31: SPORTS | G31: B | I31: CQ | J31: EARFLAP BEANIE | K31: EB | L31: EARFLAP BEANIE | M31: =K31 -> EB | N31: 의류외 | P31: 모자 | AC31: E0 | AD31: GY | AE31: Grey | AF31: =AD31 -> GY | AH31: D | AI31: 678 | AJ31: 67/8(55CM) | AK31: 3 | AL31: =AI31 -> 678
A32: A5 | B32: NNA | C32: MLB NATIONALS | D32: MLB | E32: =B32 -> NNA | F32: SPORTS | G32: B | J32: EARCAP | K32: ER | L32: EARCAP | M32: =K32 -> ER | N32: 의류외 | P32: 모자 | AC32: E1 | AE32: Light Grey | AF32: =AD32 -> 0
A33: AD | B33: NOR | C33: MLB ORIOLES | D33: MLB | E33: =B33 -> NOR | F33: SPORTS | G33: B | J33: TROOPER | K33: TP | L33: TROOPER | M33: =K33 -> TP | N33: 의류외 | P33: 모자 | AC33: E2 | AE33: Dk.Grey | AF33: =AD33 -> 0 | AH33: 4 | AI33: 240 | AJ33: 240 | AK33: 4 | AL33: =AI33 -> 240
A34: AX | B34: NPA | C34: MLB PADRES | D34: MLB | E34: =B34 -> NPA | F34: SPORTS | G34: B | I34: EA | J34: KNIT MUFFLER | K34: MU | L34: MUFFLER | M34: =K34 -> MU | N34: 의류외 | O34: ACC | P34: ACC | AC34: E3 | AE34: C.Coal Grey | AF34: =AD34 -> 0 | AH34: 5 | AI34: 250 | AJ34: 250 | AK34: 4 | AL34: =AI34 -> 250
A35: AV | B35: NPH | C35: MLB PHILLIES | D35: MLB | E35: =B35 -> NPH | F35: SPORTS | G35: B | I35: EB | J35: HOOD MUFFLER | K35: MU | L35: MUFFLER | N35: 의류외 | O35: ACC | P35: ACC | AC35: E4 | AE35: Gunmetal | AF35: =AD35 -> 0 | AH35: 7 | AI35: 270 | AJ35: 270 | AK35: 4 | AL35: =AI35 -> 270
A36: AW | B36: NPI | C36: MLB PIRATES | D36: MLB | E36: =B36 -> NPI | F36: SPORTS | G36: B | I36: EC | J36: SCARF | K36: MU | L36: MUFFLER | N36: 의류외 | O36: ACC | P36: ACC | AC36: E5 | AE36: PLAID GREY | AF36: =AD36 -> 0 | AH36: 8 | AI36: 280 | AJ36: 280 | AK36: 4 | AL36: =AI36 -> 280
A37: A3 | B37: NRA | C37: MLB RANGERS | D37: MLB | E37: =B37 -> NRA | F37: SPORTS | G37: B | J37: WARMER | K37: WA | L37: WARMER | M37: =K37 -> WA | N37: 의류외 | O37: ACC | P37: ACC | AC37: E6 | AE37: Light Beige | AF37: =AD37 -> 0
A38: AH | B38: NRD | C38: MLB REDS | D38: MLB | E38: =B38 -> NRD | F38: SPORTS | G38: B | I38: ED | J38: MITTEN(장갑) | K38: ED | L38: MITTEN | M38: =K38 -> ED | N38: 의류외 | O38: ACC | P38: ACC | AC38: G0 | AD38: MT | AE38: Mint | AF38: =AD38 -> MT
A39: AE | B39: NRE | C39: MLB REDSOX | D39: MLB | E39: =B39 -> NRE | F39: SPORTS | G39: B | I39: FA | J39: CAP CARRIER(모자 휴대가방) | K39: CC | L39: CAP CARRIER | M39: =K39 -> CC | N39: 의류외 | O39: ACC | P39: ACC | AC39: G1 | AD39: GR | AE39: Green | AF39: =AD39 -> GR
A40: AJ | B40: NRO | C40: MLB ROCKIES | D40: MLB | E40: =B40 -> NRO | F40: SPORTS | G40: B | I40: FB | J40: CAP SPRAY(모자 세정액) | K40: CS | L40: CAP SPRAY | M40: =K40 -> CS | N40: 의류외 | O40: ACC | P40: ACC | AC40: G2 | AE40: Olive | AF40: =AD40 -> 0
A41: AN | B41: NRY | C41: MLB ROYALS | D41: MLB | E41: =B41 -> NRY | F41: SPORTS | G41: B | I41: FC | J41: DP cap (빅모자) | K41: DC | L41: DP cap | M41: =K41 -> DC | N41: 의류외 | O41: ACC | P41: ACC | AC41: G3 | AE41: New Olive | AF41: =AD41 -> 0
A42: AK | B42: NTI | C42: MLB TIGERS | D42: MLB | E42: =B42 -> NTI | F42: SPORTS | G42: B | J42: 액서사리 | K42: AC | L42: ACC | M42: =K42 -> AC | N42: 의류외 | O42: ACC | P42: ACC | AC42: G4 | AE42: Light Olive | AF42: =AD42 -> 0
A43: AR | B43: NTW | C43: MLB TWINS | D43: MLB | E43: =B43 -> NTW | F43: SPORTS | G43: B | I43: AN | J43: 반팔 | K43: TS | L43: SHOT SLEEVES | M43: =K43 -> TS | N43: 의류 | O43: 의류 | P43: 의류 | AC43: G5 | AE43: P.Green | AF43: =AD43 -> 0
A44: AG | B44: NWS | C44: MLB W'SOX | D44: MLB | E44: =B44 -> NWS | F44: SPORTS | G44: B | J44: 긴팔 | K44: TL | L44: LONG SLEEVES | M44: =K44 -> TL | N44: 의류 | O44: 의류 | P44: 의류 | AC44: G6 | AE44: R.Green | AF44: =AD44 -> 0
A45: AT | B45: NYA | C45: MLB YANKEES | D45: MLB | E45: =B45 -> NYA | F45: SPORTS | G45: B | J45: 후드티 | K45: TH | L45: HOODED T-SHIRTS | M45: =K45 -> TH | N45: 의류 | O45: 의류 | P45: 의류 | AC45: G7 | AE45: Deep Green | AF45: =AD45 -> 0
A46: AA | B46: NEW | C46: NEW ERA | D46: MLB | E46: =B46 -> NEW | F46: SPORTS | G46: B | K46: HP | L46: HOODED JUMPER | M46: =K46 -> HP | N46: 의류 | O46: 의류 | P46: 의류 | AC46: G8 | AE46: Green Checker | AF46: =AD46 -> 0
A47: KF | B47: KNE | C47: NEXEN HEROES | D47: KBO | E47: =B47 -> KNE | F47: SPORTS | G47: B | J47: 야구점퍼 | K47: JP | L47: JUMPER | M47: =K47 -> JP | N47: 의류 | O47: 의류 | P47: 의류 | AC47: G9 | AE47: Dk. Green | AF47: =AD47 -> 0
A48: KE | B48: KSA | C48: SAMSUNG LIONS | D48: KBO | E48: =B48 -> KSA | F48: SPORTS | G48: B | I48: FF | J48: 쪼리 | K48: FF | L48: 쪼리 | M48: =K48 -> FF | N48: 의류외 | O48: 신발 | P48: 신발 | AC48: GA | AE48: Olive Camo | AF48: =AD48 -> 0
A49: KB | B49: KSK | C49: SK WYVERNS | D49: KBO | E49: =B49 -> KSK | F49: SPORTS | G49: B | I49: BP | J49: 백팩 | K49: BP | L49: BACK PACK | M49: =K49 -> BP | N49: 의류외 | O49: 가방 | P49: 가방 | AC49: GB | AD49: AR | AE49: Army | AF49: =AD49 -> AR
B50: BBC | C50: NBA BOSTON CELTICS | D50: NBA | E50: =B50 -> BBC | F50: SPORTS | G50: B | K50: JS | L50: JUMPSUIT | M50: =K50 -> JS | N50: 의류 | O50: 의류 | P50: 의류 | AC50: GC | AE50: Spruce | AF50: =AD50 -> 0
B51: BCB | C51: NBA CHICAGO BULLS | D51: NBA | E51: =B51 -> BCB | F51: SPORTS | G51: B | K51: SB | L51: SHOULDER BAG | M51: SB | N51: 의류외 | O51: 가방 | P51: 가방 | AC51: N0 | AD51: NY | AE51: Navy | AF51: =AD51 -> NY
A52: FA | B52: VOL | C52: VOLCOM | D52: =B52 -> VOL | E52: =B52 -> VOL | F52: SPORTS | G52: B | K52: PT | L52: PANTS | M52: PT | N52: 의류 | O52: 의류 | P52: 의류 | AC52: N1 | AE52: Dk.Navy | AF52: =AD52 -> 0
A53: FB | B53: BIL | C53: BILLABONG | D53: =B53 -> BIL | E53: =B53 -> BIL | F53: STREET | G53: B | K53: RC | L53: RAIN COAT | M53: RC | N53: 의류 | O53: 의류 | P53: 의류 | AC53: N2 | AD53: PP | AE53: Purple | AF53: =AD53 -> PP
A54: FC | B54: QSV | C54: QUIKSILVER | D54: =B54 -> QSV | E54: =B54 -> QSV | F54: STREET | G54: B | K54: BB | L54: BIB | M54: BB | N54: 의류외 | O54: ACC | P54: ACC | AC54: N3 | AE54: Dk.Purple | AF54: =AD54 -> 0
A55: FD | B55: ROX | C55: ROXY | D55: =B55 -> ROX | E55: =B55 -> ROX | F55: STREET | G55: B | K55: BK | L55: BLANKET | M55: BK | N55: 의류외 | O55: ACC | P55: ACC | AC55: N4 | AE55: VIOLET | AF55: =AD55 -> 0
A56: FE | B56: GRA | C56: GRACEHAT | D56: =B56 -> GRA | E56: =B56 -> GRA | F56: F-HAT | G56: B | K56: SL | L56: SLEEVELESS | M56: SL | N56: 의류 | O56: 의류 | P56: 의류 | AC56: N5 | AE56: Magenta Checker | AF56: =AD56 -> 0
B57: GRL | C57: GRACEHAT(LUI MARCHE) | D57: =B57 -> GRL | E57: =B57 -> GRL | F57: F-HAT | G57: B | K57: CR | L57: CARRIER BAG | M57: CR | N57: 의류외 | O57: 가방 | P57: 가방 | AC57: N6 | AE57: Navy Checker | AF57: =AD57 -> 0
B58: GRH | C58: GRACEHAT(DISTRIBUTION) | D58: =B58 -> GRH | E58: =B58 -> GRH | F58: F-HAT | G58: B | K58: RC | L58: RAIN COAT (우비) | M58: RC | N58: 의류 | O58: 의류 | P58: 의류 | AC58: N7 | AE58: Light Purple | AF58: =AD58 -> 0
A59: FF | B59: BUT | C59: BURTON | D59: =B59 -> BUT | E59: =B59 -> BUT | F59: STREET | G59: B | K59: SV | L59: SUN VISOR (썬캡) | M59: SV | N59: 의류외 | P59: 모자 | AC59: N8 | AE59: Navy Stripe | AF59: =AD59 -> 0
A60: FG | B60: ZZZ | C60: FOX RACING | D60: =B60 -> ZZZ | E60: =B60 -> ZZZ | G60: B | K60: BB | L60: BIB (턱받이) | M60: BB | N60: 의류 | O60: 의류 | P60: 의류 | AC60: N9 | AE60: Marine | AF60: =AD60 -> 0
A61: FH | B61: ZZZ | C61: HURLEY | D61: =B61 -> ZZZ | E61: =B61 -> ZZZ | G61: B | K61: BS | L61: BODYSUIT (바디수트) | M61: BS | N61: 의류 | O61: 의류 | P61: 의류 | AC61: NA | AE61: Mage | AF61: =AD61 -> 0
A62: FI | B62: STU | C62: STUSSY | D62: =B62 -> STU | E62: =B62 -> STU | F62: STREET | G62: B | K62: RP | L62: ROMPER (롬퍼) | M62: RP | N62: 의류 | O62: 의류 | P62: 의류 | AC62: NB | AE62: MULTI | AF62: =AD62 -> 0
A63: FJ | B63: NIX | C63: NIXON | D63: =B63 -> NIX | E63: =B63 -> NIX | F63: STREET | G63: B | K63: SP | L63: SLEEPER (우주복) | M63: SP | N63: 의류 | O63: 의류 | P63: 의류 | AC63: R0 | AD63: RE | AE63: Red | AF63: =AD63 -> RE
A64: FK | B64: ZZZ | C64: D.C | D64: =B64 -> ZZZ | E64: =B64 -> ZZZ | G64: B | K64: BK | L64: BLANKET (담요) | M64: BK | N64: 의류외 | O64: ACC | P64: ACC | AC64: R1 | AE64: Maroon | AF64: =AD64 -> 0
A65: FL | B65: ANA | C65: ANALOG | D65: =B65 -> ANA | E65: =B65 -> ANA | F65: STREET | G65: B | K65: CR | L65: CARRIER (캐리어) | M65: CR | N65: 의류외 | O65: 가방 | P65: 가방 | AC65: R2 | AE65: Wine | AF65: =AD65 -> 0
A66: FM | B66: ADA | C66: ADIDAS | D66: =B66 -> ADA | E66: =B66 -> ADA | F66: STREET | G66: B | K66: OP | L66: ONE-PIECE (원피스) | M66: OP | N66: 의류 | O66: 의류 | P66: 의류 | AC66: R3 | AD66: PK | AE66: Pink | AF66: =AD66 -> PK
A67: FN | B67: NKE | C67: NIKE | D67: =B67 -> NKE | E67: =B67 -> NKE | G67: B | K67: VE | L67: VEST(조끼) | M67: VE | N67: 의류 | O67: 의류 | P67: 의류 | AC67: R4 | AE67: Light Pink | AF67: =AD67 -> 0
A68: FO | B68: PUM | C68: PUMA | D68: =B68 -> PUM | E68: =B68 -> PUM | G68: B | K68: SN | L68: SNAPBACK(FLAT VISOR) | M68: =K68 -> SN | N68: 의류외 | P68: 모자 | AC68: R5 | AE68: Hot Pink | AF68: =AD68 -> 0
A69: FP | B69: ZZZ | C69: 7 UNION | D69: =B69 -> ZZZ | E69: =B69 -> ZZZ | G69: B | AC69: R6 | AE69: Metalic Pink | AF69: =AD69 -> 0
A70: FQ | B70: ZZZ | C70: SUPRA | D70: =B70 -> ZZZ | E70: =B70 -> ZZZ | G70: B | AC70: R7 | AE70: Pink Leopard | AF70: =AD70 -> 0
A71: FR | B71: ZZZ | C71: KR3W | D71: =B71 -> ZZZ | E71: =B71 -> ZZZ | G71: B | AC71: R8 | AE71: Pearl Pink | AF71: =AD71 -> 0
A72: FS | B72: ZZZ | C72: C1RCA | D72: =B72 -> ZZZ | E72: =B72 -> ZZZ | G72: B | AC72: R9 | AE72: Fuchsia Pink | AF72: =AD72 -> 0
A73: FY | B73: ZZZ | C73: RIP CURL | D73: =B73 -> ZZZ | E73: =B73 -> ZZZ | G73: B | AC73: RA | AE73: Lava | AF73: =AD73 -> 0
A74: FZ | B74: ZZZ | C74: ES | D74: =B74 -> ZZZ | E74: =B74 -> ZZZ | G74: B | AC74: RB | AE74: PLAID RED | AF74: =AD74 -> 0
A75: F0 | B75: DRA | C75: DRAGON | D75: =B75 -> DRA | E75: =B75 -> DRA | F75: STREET | G75: B | AC75: U0 | AD75: BL | AE75: Blue | AF75: =AD75 -> BL
A76: F1 | B76: HUF | C76: HUF | D76: =B76 -> HUF | E76: =B76 -> HUF | F76: STREET | G76: B | AC76: U1 | AE76: Light.Blue | AF76: =AD76 -> 0
A77: F2 | B77: HUN | C77: HUNDREDS | D77: =B77 -> HUN | E77: =B77 -> HUN | F77: STREET | G77: B | AC77: U2 | AE77: Deep.Blue | AF77: =AD77 -> 0
A78: F3 | B78: ZZZ | C78: TROPICAL SOUND | D78: =B78 -> ZZZ | E78: =B78 -> ZZZ | G78: B | AC78: U3 | AE78: Sky Blue | AF78: =AD78 -> 0
A79: F4 | B79: GOO | C79: GOORIN BROTHERS | D79: =B79 -> GOO | E79: =B79 -> GOO | F79: F-HAT | G79: B | AC79: U4 | AE79: Indigo | AF79: =AD79 -> 0
B80: GOL | C80: GOORIN BROTHERS(LUI MARCHE) | D80: =B80 -> GOL | E80: =B80 -> GOL | F80: F-HAT | G80: B | AC80: U5 | AE80: Royal | AF80: =AD80 -> 0
B81: GOD | C81: GOORIN BROTHERS(DISTRIBUTION) | D81: =B81 -> GOD | E81: =B81 -> GOD | F81: F-HAT | G81: B | AC81: U6 | AE81: Dk Blue | AF81: =AD81 -> 0
A82: F5 | B82: CRO | C82: CROOKS & CASTLE | D82: =B82 -> CRO | E82: =B82 -> CRO | F82: STREET | G82: B | AC82: U7 | AE82: Royal Blue | AF82: =AD82 -> 0
A83: F6 | B83: ZZZ | C83: ELECTRIC | D83: =B83 -> ZZZ | E83: =B83 -> ZZZ | G83: B | AC83: U8 | AE83: Teal | AF83: =AD83 -> 0
A84: F7 | B84: ZZZ | C84: GRAVIS | D84: =B84 -> ZZZ | E84: =B84 -> ZZZ | G84: B | AC84: U9 | AE84: CYPRESS | AF84: =AD84 -> 0
A85: F8 | B85: ZZZ | C85: OFFICIAL | D85: =B85 -> ZZZ | E85: =B85 -> ZZZ | G85: B | AC85: W0 | AD85: WH | AE85: White | AF85: =AD85 -> WH
A86: GA | B86: ZZZ | C86: SHIFT | D86: =B86 -> ZZZ | E86: =B86 -> ZZZ | G86: B | AC86: W1 | AD86: SL | AE86: Silver | AF86: =AD86 -> SL
A87: GB | B87: TRU | C87: TRUE RELIGION | D87: =B87 -> TRU | E87: =B87 -> TRU | F87: F-CAP | G87: B | AC87: W2 | AE87: Metalic Silver | AF87: =AD87 -> 0
B88: TRL | C88: TRUE RELIGION(LUI MARCHE) | D88: =B88 -> TRL | E88: =B88 -> TRL | F88: F-CAP | G88: B | AC88: W3 | AD88: IV | AE88: Ivory | AF88: =AD88 -> IV
A89: GC | B89: DAK | C89: DAKINE | D89: =B89 -> DAK | E89: =B89 -> DAK | F89: STREET | G89: B | AC89: W4 | AE89: White/Grey | AF89: =AD89 -> 0
A90: GD | B90: ZZZ | C90: OAKLEY | D90: =B90 -> ZZZ | E90: =B90 -> ZZZ | G90: B | AC90: W5 | AE90: White/DK.Grey | AF90: =AD90 -> 0
A91: GE | B91: EDH | C91: ED HARDY | D91: =B91 -> EDH | E91: =B91 -> EDH | F91: F-CAP | G91: B | AC91: Y0 | AD91: YE | AE91: Yellow | AF91: =AD91 -> YE
A92: GF | B92: ZZZ | C92: ITALY | D92: =B92 -> ZZZ | E92: =B92 -> ZZZ | G92: B | AC92: Y1 | AE92: Ab.Yellow | AF92: =AD92 -> 0
A93: GG | B93: ZZZ | C93: UNDER AMOUR | D93: =B93 -> ZZZ | E93: =B93 -> ZZZ | G93: B | AC93: Y2 | AD93: GD | AE93: Gold | AF93: =AD93 -> GD
A94: GH | B94: ZZZ | C94: NEW BALANCE | D94: =B94 -> ZZZ | E94: =B94 -> ZZZ | G94: B | AC94: Y3 | AE94: Old Gold | AF94: =AD94 -> 0
A95: GI | B95: ZZZ | C95: O'NEILL | D95: =B95 -> ZZZ | E95: =B95 -> ZZZ | G95: B | AC95: Y4 | AE95: Pumpkin | AF95: =AD95 -> 0
A96: GJ | B96: KAN | C96: KANGOL | D96: =B96 -> KAN | E96: =B96 -> KAN | F96: F-HAT | G96: B | AC96: Y5 | AD96: OR | AE96: Orange | AF96: =AD96 -> OR
A97: GK | B97: ZZZ | C97: A.KURTZ | D97: =B97 -> ZZZ | E97: =B97 -> ZZZ | G97: B | AC97: Y6 | AE97: BT Orange | AF97: =AD97 -> 0
A98: GL | B98: ZZZ | C98: THE NORTH FACE | D98: =B98 -> ZZZ | E98: =B98 -> ZZZ | G98: B | AC98: Y7 | AE98: Mustard | AF98: =AD98 -> 0
A99: GM | B99: ZZZ | C99: OBEY | D99: =B99 -> ZZZ | E99: =B99 -> ZZZ | G99: B
A100: GR | B100: WES | C100: WESC | D100: =B100 -> WES | E100: =B100 -> WES | F100: STREET | G100: B
...
